latitude,longitude,elevation,utc_offset_seconds,timezone,timezone_abbreviation
16.836554,74.58373,547.0,19800,Asia/Kolkata,GMT+5:30

time,relative_humidity_2m (%)
2025-11-07T00:00,94
2025-11-07T01:00,96
2025-11-07T02:00,97
2025-11-07T03:00,94
2025-11-07T04:00,96
2025-11-07T05:00,98
2025-11-07T06:00,98
2025-11-07T07:00,92
2025-11-07T08:00,85
2025-11-07T09:00,76
2025-11-07T10:00,65
2025-11-07T11:00,55
2025-11-07T12:00,51
2025-11-07T13:00,47
2025-11-07T14:00,46
2025-11-07T15:00,46
2025-11-07T16:00,48
2025-11-07T17:00,66
2025-11-07T18:00,73
2025-11-07T19:00,79
2025-11-07T20:00,82
2025-11-07T21:00,82
2025-11-07T22:00,83
2025-11-07T23:00,88
2025-11-08T00:00,89
2025-11-08T01:00,92
2025-11-08T02:00,83
2025-11-08T03:00,75
2025-11-08T04:00,74
2025-11-08T05:00,79
2025-11-08T06:00,80
2025-11-08T07:00,74
2025-11-08T08:00,64
2025-11-08T09:00,55
2025-11-08T10:00,44
2025-11-08T11:00,39
2025-11-08T12:00,38
2025-11-08T13:00,38
2025-11-08T14:00,38
2025-11-08T15:00,39
2025-11-08T16:00,41
2025-11-08T17:00,60
2025-11-08T18:00,55
2025-11-08T19:00,63
2025-11-08T20:00,69
2025-11-08T21:00,72
2025-11-08T22:00,76
2025-11-08T23:00,67
2025-11-09T00:00,64
2025-11-09T01:00,55
2025-11-09T02:00,59
2025-11-09T03:00,65
2025-11-09T04:00,64
2025-11-09T05:00,69
2025-11-09T06:00,72
2025-11-09T07:00,74
2025-11-09T08:00,63
2025-11-09T09:00,53
2025-11-09T10:00,50
2025-11-09T11:00,41
2025-11-09T12:00,39
2025-11-09T13:00,37
2025-11-09T14:00,36
2025-11-09T15:00,36
2025-11-09T16:00,39
2025-11-09T17:00,52
2025-11-09T18:00,54
2025-11-09T19:00,63
2025-11-09T20:00,71
2025-11-09T21:00,69
2025-11-09T22:00,73
2025-11-09T23:00,66
2025-11-10T00:00,68
2025-11-10T01:00,70
2025-11-10T02:00,76
2025-11-10T03:00,78
2025-11-10T04:00,79
2025-11-10T05:00,79
2025-11-10T06:00,80
2025-11-10T07:00,74
2025-11-10T08:00,67
2025-11-10T09:00,58
2025-11-10T10:00,50
2025-11-10T11:00,40
2025-11-10T12:00,38
2025-11-10T13:00,37
2025-11-10T14:00,37
2025-11-10T15:00,37
2025-11-10T16:00,39
2025-11-10T17:00,53
2025-11-10T18:00,52
2025-11-10T19:00,57
2025-11-10T20:00,59
2025-11-10T21:00,68
2025-11-10T22:00,68
2025-11-10T23:00,74
2025-11-11T00:00,76
2025-11-11T01:00,80
2025-11-11T02:00,86
2025-11-11T03:00,87
2025-11-11T04:00,92
2025-11-11T05:00,89
2025-11-11T06:00,84
2025-11-11T07:00,72
2025-11-11T08:00,64
2025-11-11T09:00,58
2025-11-11T10:00,52
2025-11-11T11:00,45
2025-11-11T12:00,42
2025-11-11T13:00,41
2025-11-11T14:00,41
2025-11-11T15:00,40
2025-11-11T16:00,41
2025-11-11T17:00,52
2025-11-11T18:00,54
2025-11-11T19:00,58
2025-11-11T20:00,65
2025-11-11T21:00,64
2025-11-11T22:00,64
2025-11-11T23:00,73
2025-11-12T00:00,83
2025-11-12T01:00,89
2025-11-12T02:00,91
2025-11-12T03:00,86
2025-11-12T04:00,76
2025-11-12T05:00,70
2025-11-12T06:00,72
2025-11-12T07:00,68
2025-11-12T08:00,61
2025-11-12T09:00,53
2025-11-12T10:00,47
2025-11-12T11:00,45
2025-11-12T12:00,43
2025-11-12T13:00,41
2025-11-12T14:00,40
2025-11-12T15:00,40
2025-11-12T16:00,41
2025-11-12T17:00,57
2025-11-12T18:00,60
2025-11-12T19:00,67
2025-11-12T20:00,71
2025-11-12T21:00,71
2025-11-12T22:00,70
2025-11-12T23:00,73
2025-11-13T00:00,72
2025-11-13T01:00,62
2025-11-13T02:00,59
2025-11-13T03:00,61
2025-11-13T04:00,63
2025-11-13T05:00,62
2025-11-13T06:00,63
2025-11-13T07:00,63
2025-11-13T08:00,57
2025-11-13T09:00,50
2025-11-13T10:00,43
2025-11-13T11:00,41
2025-11-13T12:00,39
2025-11-13T13:00,38
2025-11-13T14:00,37
2025-11-13T15:00,37
2025-11-13T16:00,38
2025-11-13T17:00,54
2025-11-13T18:00,56
2025-11-13T19:00,64
2025-11-13T20:00,69
2025-11-13T21:00,71
2025-11-13T22:00,68
2025-11-13T23:00,63
2025-11-14T00:00,64
2025-11-14T01:00,57
2025-11-14T02:00,56
2025-11-14T03:00,57
2025-11-14T04:00,58
2025-11-14T05:00,60
2025-11-14T06:00,63
2025-11-14T07:00,62
2025-11-14T08:00,56
2025-11-14T09:00,50
2025-11-14T10:00,43
2025-11-14T11:00,38
2025-11-14T12:00,36
2025-11-14T13:00,35
2025-11-14T14:00,33
2025-11-14T15:00,32
2025-11-14T16:00,33
2025-11-14T17:00,51
2025-11-14T18:00,48
2025-11-14T19:00,47
2025-11-14T20:00,46
2025-11-14T21:00,44
2025-11-14T22:00,49
2025-11-14T23:00,52
2025-11-15T00:00,59
2025-11-15T01:00,61
2025-11-15T02:00,59
2025-11-15T03:00,62
2025-11-15T04:00,67
2025-11-15T05:00,71
2025-11-15T06:00,73
2025-11-15T07:00,68
2025-11-15T08:00,60
2025-11-15T09:00,51
2025-11-15T10:00,42
2025-11-15T11:00,38
2025-11-15T12:00,36
2025-11-15T13:00,34
2025-11-15T14:00,33
2025-11-15T15:00,32
2025-11-15T16:00,34
2025-11-15T17:00,51
2025-11-15T18:00,52
2025-11-15T19:00,49
2025-11-15T20:00,51
2025-11-15T21:00,45
2025-11-15T22:00,48
2025-11-15T23:00,51
2025-11-16T00:00,55
2025-11-16T01:00,56
2025-11-16T02:00,61
2025-11-16T03:00,66
2025-11-16T04:00,72
2025-11-16T05:00,68
2025-11-16T06:00,69
2025-11-16T07:00,66
2025-11-16T08:00,60
2025-11-16T09:00,52
2025-11-16T10:00,43
2025-11-16T11:00,39
2025-11-16T12:00,36
2025-11-16T13:00,33
2025-11-16T14:00,31
2025-11-16T15:00,29
2025-11-16T16:00,28
2025-11-16T17:00,33
2025-11-16T18:00,35
2025-11-16T19:00,37
2025-11-16T20:00,38
2025-11-16T21:00,43
2025-11-16T22:00,49
2025-11-16T23:00,52
2025-11-17T00:00,50
2025-11-17T01:00,50
2025-11-17T02:00,52
2025-11-17T03:00,55
2025-11-17T04:00,58
2025-11-17T05:00,60
2025-11-17T06:00,60
2025-11-17T07:00,59
2025-11-17T08:00,54
2025-11-17T09:00,46
2025-11-17T10:00,36
2025-11-17T11:00,32
2025-11-17T12:00,31
2025-11-17T13:00,29
2025-11-17T14:00,28
2025-11-17T15:00,28
2025-11-17T16:00,30
2025-11-17T17:00,42
2025-11-17T18:00,38
2025-11-17T19:00,37
2025-11-17T20:00,36
2025-11-17T21:00,38
2025-11-17T22:00,40
2025-11-17T23:00,44
2025-11-18T00:00,46
2025-11-18T01:00,47
2025-11-18T02:00,52
2025-11-18T03:00,59
2025-11-18T04:00,62
2025-11-18T05:00,61
2025-11-18T06:00,65
2025-11-18T07:00,63
2025-11-18T08:00,56
2025-11-18T09:00,48
2025-11-18T10:00,41
2025-11-18T11:00,40
2025-11-18T12:00,39
2025-11-18T13:00,37
2025-11-18T14:00,36
2025-11-18T15:00,35
2025-11-18T16:00,36
2025-11-18T17:00,50
2025-11-18T18:00,49
2025-11-18T19:00,51
2025-11-18T20:00,50
2025-11-18T21:00,49
2025-11-18T22:00,53
2025-11-18T23:00,56
2025-11-19T00:00,58
2025-11-19T01:00,61
2025-11-19T02:00,65
2025-11-19T03:00,67
2025-11-19T04:00,67
2025-11-19T05:00,66
2025-11-19T06:00,67
2025-11-19T07:00,63
2025-11-19T08:00,58
2025-11-19T09:00,54
2025-11-19T10:00,51
2025-11-19T11:00,47
2025-11-19T12:00,46
2025-11-19T13:00,45
2025-11-19T14:00,43
2025-11-19T15:00,42
2025-11-19T16:00,43
2025-11-19T17:00,60
2025-11-19T18:00,66
2025-11-19T19:00,70
2025-11-19T20:00,68
2025-11-19T21:00,55
2025-11-19T22:00,53
2025-11-19T23:00,55
2025-11-20T00:00,57
2025-11-20T01:00,59
2025-11-20T02:00,58
2025-11-20T03:00,56
2025-11-20T04:00,60
2025-11-20T05:00,63
2025-11-20T06:00,66
2025-11-20T07:00,66
2025-11-20T08:00,59
2025-11-20T09:00,49
2025-11-20T10:00,42
2025-11-20T11:00,40
2025-11-20T12:00,37
2025-11-20T13:00,34
2025-11-20T14:00,31
2025-11-20T15:00,29
2025-11-20T16:00,30
2025-11-20T17:00,45
2025-11-20T18:00,43
2025-11-20T19:00,46
2025-11-20T20:00,41
2025-11-20T21:00,43
2025-11-20T22:00,50
2025-11-20T23:00,54
2025-11-21T00:00,59
2025-11-21T01:00,59
2025-11-21T02:00,56
2025-11-21T03:00,57
2025-11-21T04:00,59
2025-11-21T05:00,57
2025-11-21T06:00,58
2025-11-21T07:00,58
2025-11-21T08:00,54
2025-11-21T09:00,50
2025-11-21T10:00,48
2025-11-21T11:00,44
2025-11-21T12:00,42
2025-11-21T13:00,42
2025-11-21T14:00,41
2025-11-21T15:00,41
2025-11-21T16:00,42
2025-11-21T17:00,61
2025-11-21T18:00,61
2025-11-21T19:00,67
2025-11-21T20:00,71
2025-11-21T21:00,69
2025-11-21T22:00,70
2025-11-21T23:00,64
2025-11-22T00:00,65
2025-11-22T01:00,68
2025-11-22T02:00,71
2025-11-22T03:00,77
2025-11-22T04:00,84
2025-11-22T05:00,84
2025-11-22T06:00,86
2025-11-22T07:00,83
2025-11-22T08:00,76
2025-11-22T09:00,68
2025-11-22T10:00,57
2025-11-22T11:00,50
2025-11-22T12:00,46
2025-11-22T13:00,44
2025-11-22T14:00,42
2025-11-22T15:00,41
2025-11-22T16:00,41
2025-11-22T17:00,48
2025-11-22T18:00,52
2025-11-22T19:00,54
2025-11-22T20:00,59
2025-11-22T21:00,63
2025-11-22T22:00,64
2025-11-22T23:00,68
2025-11-23T00:00,71
2025-11-23T01:00,75
2025-11-23T02:00,79
2025-11-23T03:00,82
2025-11-23T04:00,84
2025-11-23T05:00,86
2025-11-23T06:00,86
2025-11-23T07:00,85
2025-11-23T08:00,78
2025-11-23T09:00,71
2025-11-23T10:00,60
2025-11-23T11:00,50
2025-11-23T12:00,46
2025-11-23T13:00,43
2025-11-23T14:00,41
2025-11-23T15:00,41
2025-11-23T16:00,40
2025-11-23T17:00,45
2025-11-23T18:00,59
2025-11-23T19:00,59
2025-11-23T20:00,58
2025-11-23T21:00,64
2025-11-23T22:00,65
2025-11-23T23:00,67
2025-11-24T00:00,68
2025-11-24T01:00,67
2025-11-24T02:00,72
2025-11-24T03:00,78
2025-11-24T04:00,84
2025-11-24T05:00,89
2025-11-24T06:00,90
2025-11-24T07:00,88
2025-11-24T08:00,79
2025-11-24T09:00,70
2025-11-24T10:00,60
2025-11-24T11:00,57
2025-11-24T12:00,52
2025-11-24T13:00,50
2025-11-24T14:00,49
2025-11-24T15:00,48
2025-11-24T16:00,49
2025-11-24T17:00,54
2025-11-24T18:00,59
2025-11-24T19:00,63
2025-11-24T20:00,65
2025-11-24T21:00,67
2025-11-24T22:00,68
2025-11-24T23:00,72
2025-11-25T00:00,73
2025-11-25T01:00,75
2025-11-25T02:00,79
2025-11-25T03:00,84
2025-11-25T04:00,86
2025-11-25T05:00,83
2025-11-25T06:00,81
2025-11-25T07:00,79
2025-11-25T08:00,75
2025-11-25T09:00,67
2025-11-25T10:00,57
2025-11-25T11:00,52
2025-11-25T12:00,49
2025-11-25T13:00,45
2025-11-25T14:00,43
2025-11-25T15:00,42
2025-11-25T16:00,41
2025-11-25T17:00,45
2025-11-25T18:00,49
2025-11-25T19:00,52
2025-11-25T20:00,56
2025-11-25T21:00,60
2025-11-25T22:00,63
2025-11-25T23:00,66
2025-11-26T00:00,68
2025-11-26T01:00,72
2025-11-26T02:00,76
2025-11-26T03:00,79
2025-11-26T04:00,81
2025-11-26T05:00,86
2025-11-26T06:00,86
2025-11-26T07:00,79
2025-11-26T08:00,70
2025-11-26T09:00,63
2025-11-26T10:00,52
2025-11-26T11:00,47
2025-11-26T12:00,42
2025-11-26T13:00,41
2025-11-26T14:00,39
2025-11-26T15:00,43
2025-11-26T16:00,44
2025-11-26T17:00,50
2025-11-26T18:00,54
2025-11-26T19:00,57
2025-11-26T20:00,60
2025-11-26T21:00,64
2025-11-26T22:00,66
2025-11-26T23:00,70
2025-11-27T00:00,73
2025-11-27T01:00,76
2025-11-27T02:00,78
2025-11-27T03:00,78
2025-11-27T04:00,78
2025-11-27T05:00,79
2025-11-27T06:00,82
2025-11-27T07:00,81
2025-11-27T08:00,74
2025-11-27T09:00,67
2025-11-27T10:00,59
2025-11-27T11:00,51
2025-11-27T12:00,46
2025-11-27T13:00,45
2025-11-27T14:00,44
2025-11-27T15:00,43
2025-11-27T16:00,44
2025-11-27T17:00,49
2025-11-27T18:00,54
2025-11-27T19:00,56
2025-11-27T20:00,57
2025-11-27T21:00,58
2025-11-27T22:00,63
2025-11-27T23:00,68
2025-11-28T00:00,72
2025-11-28T01:00,78
2025-11-28T02:00,81
2025-11-28T03:00,83
2025-11-28T04:00,82
2025-11-28T05:00,80
2025-11-28T06:00,81
2025-11-28T07:00,79
2025-11-28T08:00,71
2025-11-28T09:00,60
2025-11-28T10:00,46
2025-11-28T11:00,41
2025-11-28T12:00,37
2025-11-28T13:00,34
2025-11-28T14:00,31
2025-11-28T15:00,30
2025-11-28T16:00,31
2025-11-28T17:00,38
2025-11-28T18:00,44
2025-11-28T19:00,51
2025-11-28T20:00,54
2025-11-28T21:00,55
2025-11-28T22:00,55
2025-11-28T23:00,56
2025-11-29T00:00,57
2025-11-29T01:00,60
2025-11-29T02:00,64
2025-11-29T03:00,66
2025-11-29T04:00,66
2025-11-29T05:00,67
2025-11-29T06:00,67
2025-11-29T07:00,67
2025-11-29T08:00,61
2025-11-29T09:00,52
2025-11-29T10:00,40
2025-11-29T11:00,35
2025-11-29T12:00,31
2025-11-29T13:00,27
2025-11-29T14:00,24
2025-11-29T15:00,23
2025-11-29T16:00,24
2025-11-29T17:00,31
2025-11-29T18:00,36
2025-11-29T19:00,40
2025-11-29T20:00,43
2025-11-29T21:00,48
2025-11-29T22:00,51
2025-11-29T23:00,54
2025-11-30T00:00,57
2025-11-30T01:00,58
2025-11-30T02:00,60
2025-11-30T03:00,62
2025-11-30T04:00,64
2025-11-30T05:00,64
2025-11-30T06:00,66
2025-11-30T07:00,66
2025-11-30T08:00,59
2025-11-30T09:00,52
2025-11-30T10:00,47
2025-11-30T11:00,42
2025-11-30T12:00,40
2025-11-30T13:00,39
2025-11-30T14:00,39
2025-11-30T15:00,39
2025-11-30T16:00,39
2025-11-30T17:00,49
2025-11-30T18:00,53
2025-11-30T19:00,53
2025-11-30T20:00,55
2025-11-30T21:00,52
2025-11-30T22:00,50
2025-11-30T23:00,54
2025-12-01T00:00,56
2025-12-01T01:00,58
2025-12-01T02:00,57
2025-12-01T03:00,64
2025-12-01T04:00,66
2025-12-01T05:00,69
2025-12-01T06:00,75
2025-12-01T07:00,75
2025-12-01T08:00,68
2025-12-01T09:00,63
2025-12-01T10:00,56
2025-12-01T11:00,50
2025-12-01T12:00,46
2025-12-01T13:00,43
2025-12-01T14:00,40
2025-12-01T15:00,38
2025-12-01T16:00,38
2025-12-01T17:00,53
2025-12-01T18:00,51
2025-12-01T19:00,52
2025-12-01T20:00,49
2025-12-01T21:00,51
2025-12-01T22:00,57
2025-12-01T23:00,61
2025-12-02T00:00,65
2025-12-02T01:00,66
2025-12-02T02:00,70
2025-12-02T03:00,75
2025-12-02T04:00,77
2025-12-02T05:00,73
2025-12-02T06:00,76
2025-12-02T07:00,75
2025-12-02T08:00,66
2025-12-02T09:00,56
2025-12-02T10:00,52
2025-12-02T11:00,50
2025-12-02T12:00,49
2025-12-02T13:00,46
2025-12-02T14:00,43
2025-12-02T15:00,42
2025-12-02T16:00,40
2025-12-02T17:00,42
2025-12-02T18:00,50
2025-12-02T19:00,50
2025-12-02T20:00,54
2025-12-02T21:00,55
2025-12-02T22:00,59
2025-12-02T23:00,63
2025-12-03T00:00,66
2025-12-03T01:00,68
2025-12-03T02:00,67
2025-12-03T03:00,72
2025-12-03T04:00,74
2025-12-03T05:00,75
2025-12-03T06:00,77
2025-12-03T07:00,75
2025-12-03T08:00,67
2025-12-03T09:00,61
2025-12-03T10:00,54
2025-12-03T11:00,51
2025-12-03T12:00,48
2025-12-03T13:00,43
2025-12-03T14:00,40
2025-12-03T15:00,40
2025-12-03T16:00,39
2025-12-03T17:00,44
2025-12-03T18:00,47
2025-12-03T19:00,48
2025-12-03T20:00,52
2025-12-03T21:00,54
2025-12-03T22:00,56
2025-12-03T23:00,61
2025-12-04T00:00,65
2025-12-04T01:00,66
2025-12-04T02:00,70
2025-12-04T03:00,74
2025-12-04T04:00,76
2025-12-04T05:00,72
2025-12-04T06:00,72
2025-12-04T07:00,71
2025-12-04T08:00,65
2025-12-04T09:00,62
2025-12-04T10:00,57
2025-12-04T11:00,56
2025-12-04T12:00,57
2025-12-04T13:00,55
2025-12-04T14:00,50
2025-12-04T15:00,49
2025-12-04T16:00,50
2025-12-04T17:00,56
2025-12-04T18:00,61
2025-12-04T19:00,63
2025-12-04T20:00,64
2025-12-04T21:00,65
2025-12-04T22:00,69
2025-12-04T23:00,73
2025-12-05T00:00,75
2025-12-05T01:00,77
2025-12-05T02:00,80
2025-12-05T03:00,84
2025-12-05T04:00,86
2025-12-05T05:00,95
2025-12-05T06:00,95
2025-12-05T07:00,91
2025-12-05T08:00,81
2025-12-05T09:00,71
2025-12-05T10:00,62
2025-12-05T11:00,61
2025-12-05T12:00,58
2025-12-05T13:00,55
2025-12-05T14:00,53
2025-12-05T15:00,54
2025-12-05T16:00,54
2025-12-05T17:00,58
2025-12-05T18:00,64
2025-12-05T19:00,67
2025-12-05T20:00,69
2025-12-05T21:00,68
2025-12-05T22:00,68
2025-12-05T23:00,66
2025-12-06T00:00,66
2025-12-06T01:00,62
2025-12-06T02:00,61
2025-12-06T03:00,63
2025-12-06T04:00,64
2025-12-06T05:00,64
2025-12-06T06:00,65
2025-12-06T07:00,65
2025-12-06T08:00,62
2025-12-06T09:00,57
2025-12-06T10:00,51
2025-12-06T11:00,50
2025-12-06T12:00,46
2025-12-06T13:00,42
2025-12-06T14:00,40
2025-12-06T15:00,40
2025-12-06T16:00,42
2025-12-06T17:00,47
2025-12-06T18:00,51
2025-12-06T19:00,51
2025-12-06T20:00,51
2025-12-06T21:00,49
2025-12-06T22:00,50
2025-12-06T23:00,53
2025-12-07T00:00,57
2025-12-07T01:00,59
2025-12-07T02:00,62
2025-12-07T03:00,64
2025-12-07T04:00,66
2025-12-07T05:00,66
2025-12-07T06:00,69
2025-12-07T07:00,70
2025-12-07T08:00,65
2025-12-07T09:00,60
2025-12-07T10:00,57
2025-12-07T11:00,52
2025-12-07T12:00,49
2025-12-07T13:00,45
2025-12-07T14:00,41
2025-12-07T15:00,40
2025-12-07T16:00,41
2025-12-07T17:00,55
2025-12-07T18:00,51
2025-12-07T19:00,48
2025-12-07T20:00,50
2025-12-07T21:00,53
2025-12-07T22:00,55
2025-12-07T23:00,61
2025-12-08T00:00,69
2025-12-08T01:00,69
2025-12-08T02:00,69
2025-12-08T03:00,72
2025-12-08T04:00,73
2025-12-08T05:00,68
2025-12-08T06:00,72
2025-12-08T07:00,72
2025-12-08T08:00,66
2025-12-08T09:00,58
2025-12-08T10:00,55
2025-12-08T11:00,50
2025-12-08T12:00,46
2025-12-08T13:00,43
2025-12-08T14:00,41
2025-12-08T15:00,40
2025-12-08T16:00,40
2025-12-08T17:00,50
2025-12-08T18:00,48
2025-12-08T19:00,45
2025-12-08T20:00,44
2025-12-08T21:00,47
2025-12-08T22:00,48
2025-12-08T23:00,48
2025-12-09T00:00,48
2025-12-09T01:00,45
2025-12-09T02:00,46
2025-12-09T03:00,48
2025-12-09T04:00,51
2025-12-09T05:00,54
2025-12-09T06:00,55
2025-12-09T07:00,55
2025-12-09T08:00,54
2025-12-09T09:00,46
2025-12-09T10:00,36
2025-12-09T11:00,26
2025-12-09T12:00,22
2025-12-09T13:00,20
2025-12-09T14:00,21
2025-12-09T15:00,21
2025-12-09T16:00,24
2025-12-09T17:00,30
2025-12-09T18:00,31
2025-12-09T19:00,33
2025-12-09T20:00,36
2025-12-09T21:00,39
2025-12-09T22:00,38
2025-12-09T23:00,38
2025-12-10T00:00,43
2025-12-10T01:00,48
2025-12-10T02:00,51
2025-12-10T03:00,54
2025-12-10T04:00,55
2025-12-10T05:00,57
2025-12-10T06:00,58
2025-12-10T07:00,59
2025-12-10T08:00,54
2025-12-10T09:00,47
2025-12-10T10:00,39
2025-12-10T11:00,32
2025-12-10T12:00,29
2025-12-10T13:00,26
2025-12-10T14:00,25
2025-12-10T15:00,24
2025-12-10T16:00,24
2025-12-10T17:00,32
2025-12-10T18:00,32
2025-12-10T19:00,32
2025-12-10T20:00,36
2025-12-10T21:00,39
2025-12-10T22:00,41
2025-12-10T23:00,43
2025-12-11T00:00,42
2025-12-11T01:00,41
2025-12-11T02:00,44
2025-12-11T03:00,48
2025-12-11T04:00,55
2025-12-11T05:00,59
2025-12-11T06:00,62
2025-12-11T07:00,65
2025-12-11T08:00,55
2025-12-11T09:00,48
2025-12-11T10:00,41
2025-12-11T11:00,31
2025-12-11T12:00,27
2025-12-11T13:00,24
2025-12-11T14:00,22
2025-12-11T15:00,22
2025-12-11T16:00,23
2025-12-11T17:00,32
2025-12-11T18:00,31
2025-12-11T19:00,29
2025-12-11T20:00,30
2025-12-11T21:00,33
2025-12-11T22:00,38
2025-12-11T23:00,42
2025-12-12T00:00,45
2025-12-12T01:00,49
2025-12-12T02:00,50
2025-12-12T03:00,50
2025-12-12T04:00,49
2025-12-12T05:00,47
2025-12-12T06:00,47
2025-12-12T07:00,48
2025-12-12T08:00,46
2025-12-12T09:00,41
2025-12-12T10:00,34
2025-12-12T11:00,29
2025-12-12T12:00,28
2025-12-12T13:00,25
2025-12-12T14:00,23
2025-12-12T15:00,21
2025-12-12T16:00,22
2025-12-12T17:00,38
2025-12-12T18:00,36
2025-12-12T19:00,35
2025-12-12T20:00,36
2025-12-12T21:00,36
2025-12-12T22:00,40
2025-12-12T23:00,45
2025-12-13T00:00,48
2025-12-13T01:00,50
2025-12-13T02:00,52
2025-12-13T03:00,54
2025-12-13T04:00,50
2025-12-13T05:00,50
2025-12-13T06:00,52
2025-12-13T07:00,54
2025-12-13T08:00,47
2025-12-13T09:00,41
2025-12-13T10:00,36
2025-12-13T11:00,31
2025-12-13T12:00,29
2025-12-13T13:00,28
2025-12-13T14:00,27
2025-12-13T15:00,25
2025-12-13T16:00,25
2025-12-13T17:00,40
2025-12-13T18:00,37
2025-12-13T19:00,35
2025-12-13T20:00,33
2025-12-13T21:00,35
2025-12-13T22:00,41
2025-12-13T23:00,48
2025-12-14T00:00,54
2025-12-14T01:00,56
2025-12-14T02:00,55
2025-12-14T03:00,55
2025-12-14T04:00,58
2025-12-14T05:00,58
2025-12-14T06:00,57
2025-12-14T07:00,56
2025-12-14T08:00,52
2025-12-14T09:00,46
2025-12-14T10:00,41
2025-12-14T11:00,38
2025-12-14T12:00,35
2025-12-14T13:00,33
2025-12-14T14:00,33
2025-12-14T15:00,33
2025-12-14T16:00,33
2025-12-14T17:00,48
2025-12-14T18:00,46
2025-12-14T19:00,47
2025-12-14T20:00,39
2025-12-14T21:00,41
2025-12-14T22:00,46
2025-12-14T23:00,52
2025-12-15T00:00,53
2025-12-15T01:00,55
2025-12-15T02:00,58
2025-12-15T03:00,59
2025-12-15T04:00,63
2025-12-15T05:00,61
2025-12-15T06:00,60
2025-12-15T07:00,59
2025-12-15T08:00,56
2025-12-15T09:00,50
2025-12-15T10:00,46
2025-12-15T11:00,41
2025-12-15T12:00,40
2025-12-15T13:00,37
2025-12-15T14:00,35
2025-12-15T15:00,33
2025-12-15T16:00,34
2025-12-15T17:00,37
2025-12-15T18:00,42
2025-12-15T19:00,41
2025-12-15T20:00,44
2025-12-15T21:00,48
2025-12-15T22:00,51
2025-12-15T23:00,54
2025-12-16T00:00,54
2025-12-16T01:00,56
2025-12-16T02:00,56
2025-12-16T03:00,56
2025-12-16T04:00,58
2025-12-16T05:00,63
2025-12-16T06:00,67
2025-12-16T07:00,70
2025-12-16T08:00,65
2025-12-16T09:00,59
2025-12-16T10:00,53
2025-12-16T11:00,44
2025-12-16T12:00,37
2025-12-16T13:00,35
2025-12-16T14:00,34
2025-12-16T15:00,34
2025-12-16T16:00,35
2025-12-16T17:00,40
2025-12-16T18:00,46
2025-12-16T19:00,50
2025-12-16T20:00,54
2025-12-16T21:00,57
2025-12-16T22:00,59
2025-12-16T23:00,61
2025-12-17T00:00,61
2025-12-17T01:00,63
2025-12-17T02:00,66
2025-12-17T03:00,70
2025-12-17T04:00,71
2025-12-17T05:00,73
2025-12-17T06:00,75
2025-12-17T07:00,77
2025-12-17T08:00,69
2025-12-17T09:00,61
2025-12-17T10:00,55
2025-12-17T11:00,51
2025-12-17T12:00,47
2025-12-17T13:00,44
2025-12-17T14:00,42
2025-12-17T15:00,41
2025-12-17T16:00,39
2025-12-17T17:00,42
2025-12-17T18:00,46
2025-12-17T19:00,44
2025-12-17T20:00,45
2025-12-17T21:00,49
2025-12-17T22:00,50
2025-12-17T23:00,53
2025-12-18T00:00,56
2025-12-18T01:00,54
2025-12-18T02:00,53
2025-12-18T03:00,55
2025-12-18T04:00,59
2025-12-18T05:00,60
2025-12-18T06:00,63
2025-12-18T07:00,63
2025-12-18T08:00,58
2025-12-18T09:00,49
2025-12-18T10:00,40
2025-12-18T11:00,31
2025-12-18T12:00,27
2025-12-18T13:00,23
2025-12-18T14:00,19
2025-12-18T15:00,17
2025-12-18T16:00,17
2025-12-18T17:00,23
2025-12-18T18:00,26
2025-12-18T19:00,29
2025-12-18T20:00,37
2025-12-18T21:00,41
2025-12-18T22:00,43
2025-12-18T23:00,44
2025-12-19T00:00,47
2025-12-19T01:00,44
2025-12-19T02:00,42
2025-12-19T03:00,46
2025-12-19T04:00,49
2025-12-19T05:00,48
2025-12-19T06:00,52
2025-12-19T07:00,55
2025-12-19T08:00,51
2025-12-19T09:00,43
2025-12-19T10:00,32
2025-12-19T11:00,24
2025-12-19T12:00,23
2025-12-19T13:00,20
2025-12-19T14:00,19
2025-12-19T15:00,18
2025-12-19T16:00,19
2025-12-19T17:00,25
2025-12-19T18:00,30
2025-12-19T19:00,35
2025-12-19T20:00,40
2025-12-19T21:00,46
2025-12-19T22:00,48
2025-12-19T23:00,52
2025-12-20T00:00,53
2025-12-20T01:00,49
2025-12-20T02:00,46
2025-12-20T03:00,50
2025-12-20T04:00,54
2025-12-20T05:00,57
2025-12-20T06:00,59
2025-12-20T07:00,58
2025-12-20T08:00,48
2025-12-20T09:00,40
2025-12-20T10:00,29
2025-12-20T11:00,22
2025-12-20T12:00,21
2025-12-20T13:00,20
2025-12-20T14:00,19
2025-12-20T15:00,19
2025-12-20T16:00,20
2025-12-20T17:00,25
2025-12-20T18:00,29
2025-12-20T19:00,33
2025-12-20T20:00,39
2025-12-20T21:00,45
2025-12-20T22:00,48
2025-12-20T23:00,47
2025-12-21T00:00,49
2025-12-21T01:00,49
2025-12-21T02:00,50
2025-12-21T03:00,53
2025-12-21T04:00,55
2025-12-21T05:00,57
2025-12-21T06:00,58
2025-12-21T07:00,59
2025-12-21T08:00,55
2025-12-21T09:00,46
2025-12-21T10:00,40
2025-12-21T11:00,35
2025-12-21T12:00,32
2025-12-21T13:00,30
2025-12-21T14:00,28
2025-12-21T15:00,28
2025-12-21T16:00,29
2025-12-21T17:00,37
2025-12-21T18:00,44
2025-12-21T19:00,47
2025-12-21T20:00,50
2025-12-21T21:00,49
2025-12-21T22:00,49
2025-12-21T23:00,52
2025-12-22T00:00,54
2025-12-22T01:00,57
2025-12-22T02:00,59
2025-12-22T03:00,64
2025-12-22T04:00,69
2025-12-22T05:00,68
2025-12-22T06:00,68
2025-12-22T07:00,66
2025-12-22T08:00,58
2025-12-22T09:00,50
2025-12-22T10:00,46
2025-12-22T11:00,40
2025-12-22T12:00,34
2025-12-22T13:00,31
2025-12-22T14:00,31
2025-12-22T15:00,30
2025-12-22T16:00,29
2025-12-22T17:00,33
2025-12-22T18:00,37
2025-12-22T19:00,38
2025-12-22T20:00,39
2025-12-22T21:00,40
2025-12-22T22:00,43
2025-12-22T23:00,46
2025-12-23T00:00,53
2025-12-23T01:00,60
2025-12-23T02:00,64
2025-12-23T03:00,64
2025-12-23T04:00,62
2025-12-23T05:00,65
2025-12-23T06:00,71
2025-12-23T07:00,75
2025-12-23T08:00,64
2025-12-23T09:00,55
2025-12-23T10:00,45
2025-12-23T11:00,37
2025-12-23T12:00,32
2025-12-23T13:00,28
2025-12-23T14:00,27
2025-12-23T15:00,27
2025-12-23T16:00,27
2025-12-23T17:00,31
2025-12-23T18:00,35
2025-12-23T19:00,37
2025-12-23T20:00,43
2025-12-23T21:00,45
2025-12-23T22:00,49
2025-12-23T23:00,51
2025-12-24T00:00,54
2025-12-24T01:00,55
2025-12-24T02:00,52
2025-12-24T03:00,52
2025-12-24T04:00,53
2025-12-24T05:00,57
2025-12-24T06:00,59
2025-12-24T07:00,60
2025-12-24T08:00,55
2025-12-24T09:00,47
2025-12-24T10:00,41
2025-12-24T11:00,36
2025-12-24T12:00,33
2025-12-24T13:00,31
2025-12-24T14:00,29
2025-12-24T15:00,28
2025-12-24T16:00,29
2025-12-24T17:00,32
2025-12-24T18:00,36
2025-12-24T19:00,35
2025-12-24T20:00,36
2025-12-24T21:00,38
2025-12-24T22:00,42
2025-12-24T23:00,47
2025-12-25T00:00,50
2025-12-25T01:00,53
2025-12-25T02:00,54
2025-12-25T03:00,59
2025-12-25T04:00,62
2025-12-25T05:00,63
2025-12-25T06:00,65
2025-12-25T07:00,64
2025-12-25T08:00,57
2025-12-25T09:00,48
2025-12-25T10:00,43
2025-12-25T11:00,37
2025-12-25T12:00,35
2025-12-25T13:00,34
2025-12-25T14:00,33
2025-12-25T15:00,33
2025-12-25T16:00,33
2025-12-25T17:00,37
2025-12-25T18:00,45
2025-12-25T19:00,46
2025-12-25T20:00,51
2025-12-25T21:00,53
2025-12-25T22:00,51
2025-12-25T23:00,56
2025-12-26T00:00,60
2025-12-26T01:00,63
2025-12-26T02:00,65
2025-12-26T03:00,70
2025-12-26T04:00,73
2025-12-26T05:00,73
2025-12-26T06:00,76
2025-12-26T07:00,72
2025-12-26T08:00,57
2025-12-26T09:00,46
2025-12-26T10:00,43
2025-12-26T11:00,39
2025-12-26T12:00,37
2025-12-26T13:00,34
2025-12-26T14:00,33
2025-12-26T15:00,32
2025-12-26T16:00,33
2025-12-26T17:00,41
2025-12-26T18:00,45
2025-12-26T19:00,49
2025-12-26T20:00,53
2025-12-26T21:00,48
2025-12-26T22:00,50
2025-12-26T23:00,52
2025-12-27T00:00,54
2025-12-27T01:00,57
2025-12-27T02:00,63
2025-12-27T03:00,68
2025-12-27T04:00,70
2025-12-27T05:00,71
2025-12-27T06:00,71
2025-12-27T07:00,68
2025-12-27T08:00,61
2025-12-27T09:00,54
2025-12-27T10:00,51
2025-12-27T11:00,42
2025-12-27T12:00,38
2025-12-27T13:00,35
2025-12-27T14:00,34
2025-12-27T15:00,33
2025-12-27T16:00,34
2025-12-27T17:00,41
2025-12-27T18:00,44
2025-12-27T19:00,43
2025-12-27T20:00,41
2025-12-27T21:00,42
2025-12-27T22:00,45
2025-12-27T23:00,50
2025-12-28T00:00,55
2025-12-28T01:00,61
2025-12-28T02:00,67
2025-12-28T03:00,72
2025-12-28T04:00,74
2025-12-28T05:00,77
2025-12-28T06:00,80
2025-12-28T07:00,76
2025-12-28T08:00,64
2025-12-28T09:00,53
2025-12-28T10:00,45
2025-12-28T11:00,41
2025-12-28T12:00,36
2025-12-28T13:00,32
2025-12-28T14:00,30
2025-12-28T15:00,29
2025-12-28T16:00,30
2025-12-28T17:00,39
2025-12-28T18:00,45
2025-12-28T19:00,50
2025-12-28T20:00,51
2025-12-28T21:00,45
2025-12-28T22:00,47
2025-12-28T23:00,48
2025-12-29T00:00,52
2025-12-29T01:00,57
2025-12-29T02:00,62
2025-12-29T03:00,66
2025-12-29T04:00,70
2025-12-29T05:00,75
2025-12-29T06:00,80
2025-12-29T07:00,78
2025-12-29T08:00,67
2025-12-29T09:00,57
2025-12-29T10:00,46
2025-12-29T11:00,39
2025-12-29T12:00,35
2025-12-29T13:00,31
2025-12-29T14:00,30
2025-12-29T15:00,29
2025-12-29T16:00,30
2025-12-29T17:00,50
2025-12-29T18:00,41
2025-12-29T19:00,44
2025-12-29T20:00,52
2025-12-29T21:00,52
2025-12-29T22:00,50
2025-12-29T23:00,51
2025-12-30T00:00,54
2025-12-30T01:00,60
2025-12-30T02:00,65
2025-12-30T03:00,69
2025-12-30T04:00,74
2025-12-30T05:00,78
2025-12-30T06:00,82
2025-12-30T07:00,82
2025-12-30T08:00,72
2025-12-30T09:00,61
2025-12-30T10:00,49
2025-12-30T11:00,38
2025-12-30T12:00,32
2025-12-30T13:00,28
2025-12-30T14:00,27
2025-12-30T15:00,27
2025-12-30T16:00,28
2025-12-30T17:00,48
2025-12-30T18:00,38
2025-12-30T19:00,39
2025-12-30T20:00,40
2025-12-30T21:00,42
2025-12-30T22:00,47
2025-12-30T23:00,59
2025-12-31T00:00,72
2025-12-31T01:00,74
2025-12-31T02:00,77
2025-12-31T03:00,79
2025-12-31T04:00,85
2025-12-31T05:00,87
2025-12-31T06:00,89
2025-12-31T07:00,89
2025-12-31T08:00,75
2025-12-31T09:00,58
2025-12-31T10:00,47
2025-12-31T11:00,40
2025-12-31T12:00,33
2025-12-31T13:00,31
2025-12-31T14:00,30
2025-12-31T15:00,30
2025-12-31T16:00,31
2025-12-31T17:00,51
2025-12-31T18:00,42
2025-12-31T19:00,40
2025-12-31T20:00,46
2025-12-31T21:00,52
2025-12-31T22:00,59
2025-12-31T23:00,63
2026-01-01T00:00,67
2026-01-01T01:00,70
2026-01-01T02:00,74
2026-01-01T03:00,79
2026-01-01T04:00,81
2026-01-01T05:00,85
2026-01-01T06:00,84
2026-01-01T07:00,83
2026-01-01T08:00,72
2026-01-01T09:00,56
2026-01-01T10:00,42
2026-01-01T11:00,37
2026-01-01T12:00,34
2026-01-01T13:00,34
2026-01-01T14:00,34
2026-01-01T15:00,35
2026-01-01T16:00,36
2026-01-01T17:00,39
2026-01-01T18:00,42
2026-01-01T19:00,48
2026-01-01T20:00,50
2026-01-01T21:00,52
2026-01-01T22:00,57
2026-01-01T23:00,60
2026-01-02T00:00,77
2026-01-02T01:00,89
2026-01-02T02:00,93
2026-01-02T03:00,93
2026-01-02T04:00,93
2026-01-02T05:00,93
2026-01-02T06:00,97
2026-01-02T07:00,96
2026-01-02T08:00,80
2026-01-02T09:00,62
2026-01-02T10:00,59
2026-01-02T11:00,56
2026-01-02T12:00,50
2026-01-02T13:00,46
2026-01-02T14:00,43
2026-01-02T15:00,42
2026-01-02T16:00,41
2026-01-02T17:00,42
2026-01-02T18:00,49
2026-01-02T19:00,51
2026-01-02T20:00,54
2026-01-02T21:00,57
2026-01-02T22:00,66
2026-01-02T23:00,68
2026-01-03T00:00,70
2026-01-03T01:00,75
2026-01-03T02:00,75
2026-01-03T03:00,76
2026-01-03T04:00,81
2026-01-03T05:00,84
2026-01-03T06:00,81
2026-01-03T07:00,76
2026-01-03T08:00,68
2026-01-03T09:00,62
2026-01-03T10:00,58
2026-01-03T11:00,51
2026-01-03T12:00,45
2026-01-03T13:00,41
2026-01-03T14:00,39
2026-01-03T15:00,38
2026-01-03T16:00,37
2026-01-03T17:00,39
2026-01-03T18:00,48
2026-01-03T19:00,49
2026-01-03T20:00,50
2026-01-03T21:00,50
2026-01-03T22:00,48
2026-01-03T23:00,52
2026-01-04T00:00,55
2026-01-04T01:00,58
2026-01-04T02:00,61
2026-01-04T03:00,65
2026-01-04T04:00,66
2026-01-04T05:00,68
2026-01-04T06:00,72
2026-01-04T07:00,75
2026-01-04T08:00,70
2026-01-04T09:00,64
2026-01-04T10:00,56
2026-01-04T11:00,49
2026-01-04T12:00,42
2026-01-04T13:00,38
2026-01-04T14:00,37
2026-01-04T15:00,37
2026-01-04T16:00,37
2026-01-04T17:00,44
2026-01-04T18:00,47
2026-01-04T19:00,46
2026-01-04T20:00,44
2026-01-04T21:00,42
2026-01-04T22:00,44
2026-01-04T23:00,48
2026-01-05T00:00,51
2026-01-05T01:00,55
2026-01-05T02:00,57
2026-01-05T03:00,60
2026-01-05T04:00,63
2026-01-05T05:00,69
2026-01-05T06:00,73
2026-01-05T07:00,72
2026-01-05T08:00,65
2026-01-05T09:00,58
2026-01-05T10:00,50
2026-01-05T11:00,45
2026-01-05T12:00,39
2026-01-05T13:00,36
2026-01-05T14:00,33
2026-01-05T15:00,31
2026-01-05T16:00,32
2026-01-05T17:00,34
2026-01-05T18:00,38
2026-01-05T19:00,40
2026-01-05T20:00,43
2026-01-05T21:00,45
2026-01-05T22:00,49
2026-01-05T23:00,50
2026-01-06T00:00,51
2026-01-06T01:00,55
2026-01-06T02:00,58
2026-01-06T03:00,62
2026-01-06T04:00,64
2026-01-06T05:00,68
2026-01-06T06:00,70
2026-01-06T07:00,71
2026-01-06T08:00,65
2026-01-06T09:00,56
2026-01-06T10:00,46
2026-01-06T11:00,40
2026-01-06T12:00,36
2026-01-06T13:00,33
2026-01-06T14:00,31
2026-01-06T15:00,29
2026-01-06T16:00,30
2026-01-06T17:00,32
2026-01-06T18:00,38
2026-01-06T19:00,40
2026-01-06T20:00,41
2026-01-06T21:00,43
2026-01-06T22:00,46
2026-01-06T23:00,50
2026-01-07T00:00,51
2026-01-07T01:00,52
2026-01-07T02:00,54
2026-01-07T03:00,56
2026-01-07T04:00,58
2026-01-07T05:00,59
2026-01-07T06:00,61
2026-01-07T07:00,62
2026-01-07T08:00,58
2026-01-07T09:00,54
2026-01-07T10:00,47
2026-01-07T11:00,38
2026-01-07T12:00,30
2026-01-07T13:00,24
2026-01-07T14:00,23
2026-01-07T15:00,23
2026-01-07T16:00,23
2026-01-07T17:00,26
2026-01-07T18:00,28
2026-01-07T19:00,29
2026-01-07T20:00,31
2026-01-07T21:00,32
2026-01-07T22:00,35
2026-01-07T23:00,39
2026-01-08T00:00,46
2026-01-08T01:00,50
2026-01-08T02:00,55
2026-01-08T03:00,58
2026-01-08T04:00,59
2026-01-08T05:00,64
2026-01-08T06:00,68
2026-01-08T07:00,71
2026-01-08T08:00,65
2026-01-08T09:00,58
2026-01-08T10:00,46
2026-01-08T11:00,32
2026-01-08T12:00,26
2026-01-08T13:00,23
2026-01-08T14:00,22
2026-01-08T15:00,22
2026-01-08T16:00,23
2026-01-08T17:00,27
2026-01-08T18:00,31
2026-01-08T19:00,30
2026-01-08T20:00,32
2026-01-08T21:00,33
2026-01-08T22:00,36
2026-01-08T23:00,38
2026-01-09T00:00,40
2026-01-09T01:00,44
2026-01-09T02:00,45
2026-01-09T03:00,47
2026-01-09T04:00,50
2026-01-09T05:00,55
2026-01-09T06:00,59
2026-01-09T07:00,62
2026-01-09T08:00,58
2026-01-09T09:00,51
2026-01-09T10:00,43
2026-01-09T11:00,34
2026-01-09T12:00,30
2026-01-09T13:00,27
2026-01-09T14:00,25
2026-01-09T15:00,24
2026-01-09T16:00,25
2026-01-09T17:00,27
2026-01-09T18:00,29
2026-01-09T19:00,30
2026-01-09T20:00,31
2026-01-09T21:00,32
2026-01-09T22:00,34
2026-01-09T23:00,36
2026-01-10T00:00,39
2026-01-10T01:00,40
2026-01-10T02:00,42
2026-01-10T03:00,47
2026-01-10T04:00,51
2026-01-10T05:00,56
2026-01-10T06:00,60
2026-01-10T07:00,64
2026-01-10T08:00,59
2026-01-10T09:00,50
2026-01-10T10:00,40
2026-01-10T11:00,33
2026-01-10T12:00,30
2026-01-10T13:00,28
2026-01-10T14:00,26
2026-01-10T15:00,26
2026-01-10T16:00,26
2026-01-10T17:00,30
2026-01-10T18:00,36
2026-01-10T19:00,35
2026-01-10T20:00,35
2026-01-10T21:00,35
2026-01-10T22:00,35
2026-01-10T23:00,36
2026-01-11T00:00,38
2026-01-11T01:00,42
2026-01-11T02:00,46
2026-01-11T03:00,51
2026-01-11T04:00,53
2026-01-11T05:00,58
2026-01-11T06:00,63
2026-01-11T07:00,67
2026-01-11T08:00,61
2026-01-11T09:00,54
2026-01-11T10:00,47
2026-01-11T11:00,37
2026-01-11T12:00,33
2026-01-11T13:00,31
2026-01-11T14:00,31
2026-01-11T15:00,34
2026-01-11T16:00,37
2026-01-11T17:00,40
2026-01-11T18:00,43
2026-01-11T19:00,46
2026-01-11T20:00,50
2026-01-11T21:00,56
2026-01-11T22:00,64
2026-01-11T23:00,66
2026-01-12T00:00,64
2026-01-12T01:00,64
2026-01-12T02:00,63
2026-01-12T03:00,61
2026-01-12T04:00,59
2026-01-12T05:00,73
2026-01-12T06:00,70
2026-01-12T07:00,69
2026-01-12T08:00,64
2026-01-12T09:00,57
2026-01-12T10:00,51
2026-01-12T11:00,49
2026-01-12T12:00,47
2026-01-12T13:00,45
2026-01-12T14:00,44
2026-01-12T15:00,42
2026-01-12T16:00,41
2026-01-12T17:00,49
2026-01-12T18:00,48
2026-01-12T19:00,50
2026-01-12T20:00,55
2026-01-12T21:00,62
2026-01-12T22:00,64
2026-01-12T23:00,69
2026-01-13T00:00,64
2026-01-13T01:00,61
2026-01-13T02:00,63
2026-01-13T03:00,64
2026-01-13T04:00,65
2026-01-13T05:00,69
2026-01-13T06:00,72
2026-01-13T07:00,75
2026-01-13T08:00,72
2026-01-13T09:00,67
2026-01-13T10:00,58
2026-01-13T11:00,49
2026-01-13T12:00,46
2026-01-13T13:00,43
2026-01-13T14:00,42
2026-01-13T15:00,42
2026-01-13T16:00,42
2026-01-13T17:00,42
2026-01-13T18:00,50
2026-01-13T19:00,51
2026-01-13T20:00,54
2026-01-13T21:00,57
2026-01-13T22:00,66
2026-01-13T23:00,70
2026-01-14T00:00,79
2026-01-14T01:00,84
2026-01-14T02:00,89
2026-01-14T03:00,90
2026-01-14T04:00,92
2026-01-14T05:00,86
2026-01-14T06:00,86
2026-01-14T07:00,86
2026-01-14T08:00,75
2026-01-14T09:00,64
2026-01-14T10:00,54
2026-01-14T11:00,49
2026-01-14T12:00,45
2026-01-14T13:00,44
2026-01-14T14:00,43
2026-01-14T15:00,44
2026-01-14T16:00,45
2026-01-14T17:00,44
2026-01-14T18:00,51
2026-01-14T19:00,54
2026-01-14T20:00,55
2026-01-14T21:00,56
2026-01-14T22:00,62
2026-01-14T23:00,68
2026-01-15T00:00,71
2026-01-15T01:00,74
2026-01-15T02:00,76
2026-01-15T03:00,79
2026-01-15T04:00,77
2026-01-15T05:00,72
2026-01-15T06:00,74
2026-01-15T07:00,76
2026-01-15T08:00,69
2026-01-15T09:00,61
2026-01-15T10:00,53
2026-01-15T11:00,47
2026-01-15T12:00,42
2026-01-15T13:00,39
2026-01-15T14:00,38
2026-01-15T15:00,37
2026-01-15T16:00,36
2026-01-15T17:00,34
2026-01-15T18:00,48
2026-01-15T19:00,48
2026-01-15T20:00,52
2026-01-15T21:00,53
2026-01-15T22:00,52
2026-01-15T23:00,57
2026-01-16T00:00,63
2026-01-16T01:00,67
2026-01-16T02:00,68
2026-01-16T03:00,70
2026-01-16T04:00,69
2026-01-16T05:00,68
2026-01-16T06:00,66
2026-01-16T07:00,67
2026-01-16T08:00,63
2026-01-16T09:00,59
2026-01-16T10:00,55
2026-01-16T11:00,49
2026-01-16T12:00,43
2026-01-16T13:00,40
2026-01-16T14:00,38
2026-01-16T15:00,36
2026-01-16T16:00,35
2026-01-16T17:00,39
2026-01-16T18:00,48
2026-01-16T19:00,52
2026-01-16T20:00,55
2026-01-16T21:00,55
2026-01-16T22:00,55
2026-01-16T23:00,56
2026-01-17T00:00,57
2026-01-17T01:00,66
2026-01-17T02:00,70
2026-01-17T03:00,72
2026-01-17T04:00,72
2026-01-17T05:00,79
2026-01-17T06:00,80
2026-01-17T07:00,79
2026-01-17T08:00,69
2026-01-17T09:00,55
2026-01-17T10:00,50
2026-01-17T11:00,46
2026-01-17T12:00,42
2026-01-17T13:00,38
2026-01-17T14:00,35
2026-01-17T15:00,33
2026-01-17T16:00,32
2026-01-17T17:00,32
2026-01-17T18:00,48
2026-01-17T19:00,48
2026-01-17T20:00,51
2026-01-17T21:00,56
2026-01-17T22:00,57
2026-01-17T23:00,58
2026-01-18T00:00,64
2026-01-18T01:00,65
2026-01-18T02:00,69
2026-01-18T03:00,71
2026-01-18T04:00,76
2026-01-18T05:00,82
2026-01-18T06:00,84
2026-01-18T07:00,85
2026-01-18T08:00,72
2026-01-18T09:00,58
2026-01-18T10:00,48
2026-01-18T11:00,42
2026-01-18T12:00,36
2026-01-18T13:00,33
2026-01-18T14:00,32
2026-01-18T15:00,30
2026-01-18T16:00,31
2026-01-18T17:00,34
2026-01-18T18:00,37
2026-01-18T19:00,44
2026-01-18T20:00,58
2026-01-18T21:00,69
2026-01-18T22:00,73
2026-01-18T23:00,78
2026-01-19T00:00,80
2026-01-19T01:00,86
2026-01-19T02:00,89
2026-01-19T03:00,93
2026-01-19T04:00,95
2026-01-19T05:00,96
2026-01-19T06:00,97
2026-01-19T07:00,97
2026-01-19T08:00,87
2026-01-19T09:00,71
2026-01-19T10:00,58
2026-01-19T11:00,47
2026-01-19T12:00,41
2026-01-19T13:00,36
2026-01-19T14:00,34
2026-01-19T15:00,34
2026-01-19T16:00,34
2026-01-19T17:00,36
2026-01-19T18:00,42
2026-01-19T19:00,52
2026-01-19T20:00,52
2026-01-19T21:00,60
2026-01-19T22:00,66
2026-01-19T23:00,74
2026-01-20T00:00,79
2026-01-20T01:00,85
2026-01-20T02:00,88
2026-01-20T03:00,90
2026-01-20T04:00,91
2026-01-20T05:00,92
2026-01-20T06:00,94
2026-01-20T07:00,93
2026-01-20T08:00,79
2026-01-20T09:00,64
2026-01-20T10:00,53
2026-01-20T11:00,44
2026-01-20T12:00,39
2026-01-20T13:00,31
2026-01-20T14:00,29
2026-01-20T15:00,28
2026-01-20T16:00,28
2026-01-20T17:00,31
2026-01-20T18:00,35
2026-01-20T19:00,37
2026-01-20T20:00,34
2026-01-20T21:00,36
2026-01-20T22:00,43
2026-01-20T23:00,49
2026-01-21T00:00,52
2026-01-21T01:00,53
2026-01-21T02:00,54
2026-01-21T03:00,56
2026-01-21T04:00,55
2026-01-21T05:00,55
2026-01-21T06:00,57
2026-01-21T07:00,61
2026-01-21T08:00,58
2026-01-21T09:00,51
2026-01-21T10:00,45
2026-01-21T11:00,37
2026-01-21T12:00,32
2026-01-21T13:00,31
2026-01-21T14:00,30
2026-01-21T15:00,30
2026-01-21T16:00,30
2026-01-21T17:00,32
2026-01-21T18:00,40
2026-01-21T19:00,41
2026-01-21T20:00,43
2026-01-21T21:00,43
2026-01-21T22:00,44
2026-01-21T23:00,45
2026-01-22T00:00,47
2026-01-22T01:00,51
2026-01-22T02:00,54
2026-01-22T03:00,56
2026-01-22T04:00,55
2026-01-22T05:00,56
2026-01-22T06:00,60
2026-01-22T07:00,65
2026-01-22T08:00,62
2026-01-22T09:00,53
2026-01-22T10:00,46
2026-01-22T11:00,40
2026-01-22T12:00,35
2026-01-22T13:00,33
2026-01-22T14:00,31
2026-01-22T15:00,31
2026-01-22T16:00,31
2026-01-22T17:00,32
2026-01-22T18:00,39
2026-01-22T19:00,40
2026-01-22T20:00,39
2026-01-22T21:00,39
2026-01-22T22:00,44
2026-01-22T23:00,44
2026-01-23T00:00,45
2026-01-23T01:00,47
2026-01-23T02:00,51
2026-01-23T03:00,56
2026-01-23T04:00,57
2026-01-23T05:00,59
2026-01-23T06:00,62
2026-01-23T07:00,62
2026-01-23T08:00,62
2026-01-23T09:00,57
2026-01-23T10:00,50
2026-01-23T11:00,41
2026-01-23T12:00,34
2026-01-23T13:00,32
2026-01-23T14:00,31
2026-01-23T15:00,30
2026-01-23T16:00,31
2026-01-23T17:00,33
2026-01-23T18:00,44
2026-01-23T19:00,45
2026-01-23T20:00,44
2026-01-23T21:00,48
2026-01-23T22:00,49
2026-01-23T23:00,49
2026-01-24T00:00,47
2026-01-24T01:00,56
2026-01-24T02:00,59
2026-01-24T03:00,65
2026-01-24T04:00,66
2026-01-24T05:00,70
2026-01-24T06:00,69
2026-01-24T07:00,73
2026-01-24T08:00,61
2026-01-24T09:00,51
2026-01-24T10:00,47
2026-01-24T11:00,41
2026-01-24T12:00,36
2026-01-24T13:00,35
2026-01-24T14:00,34
2026-01-24T15:00,34
2026-01-24T16:00,34
2026-01-24T17:00,34
2026-01-24T18:00,44
2026-01-24T19:00,47
2026-01-24T20:00,48
2026-01-24T21:00,50
2026-01-24T22:00,53
2026-01-24T23:00,55
2026-01-25T00:00,54
2026-01-25T01:00,60
2026-01-25T02:00,62
2026-01-25T03:00,66
2026-01-25T04:00,68
2026-01-25T05:00,75
2026-01-25T06:00,84
2026-01-25T07:00,89
2026-01-25T08:00,82
2026-01-25T09:00,73
2026-01-25T10:00,63
2026-01-25T11:00,53
2026-01-25T12:00,46
2026-01-25T13:00,41
2026-01-25T14:00,37
2026-01-25T15:00,36
2026-01-25T16:00,35
2026-01-25T17:00,37
2026-01-25T18:00,46
2026-01-25T19:00,49
2026-01-25T20:00,48
2026-01-25T21:00,51
2026-01-25T22:00,49
2026-01-25T23:00,48
2026-01-26T00:00,50
2026-01-26T01:00,53
2026-01-26T02:00,62
2026-01-26T03:00,66
2026-01-26T04:00,71
2026-01-26T05:00,74
2026-01-26T06:00,78
2026-01-26T07:00,79
2026-01-26T08:00,74
2026-01-26T09:00,67
2026-01-26T10:00,60
2026-01-26T11:00,53
2026-01-26T12:00,46
2026-01-26T13:00,41
2026-01-26T14:00,39
2026-01-26T15:00,37
2026-01-26T16:00,36
2026-01-26T17:00,36
2026-01-26T18:00,46
2026-01-26T19:00,45
2026-01-26T20:00,45
2026-01-26T21:00,50
2026-01-26T22:00,74
2026-01-26T23:00,76
2026-01-27T00:00,76
2026-01-27T01:00,80
2026-01-27T02:00,84
2026-01-27T03:00,84
2026-01-27T04:00,81
2026-01-27T05:00,87
2026-01-27T06:00,83
2026-01-27T07:00,92
2026-01-27T08:00,86
2026-01-27T09:00,80
2026-01-27T10:00,73
2026-01-27T11:00,63
2026-01-27T12:00,58
2026-01-27T13:00,57
2026-01-27T14:00,53
2026-01-27T15:00,53
2026-01-27T16:00,53
2026-01-27T17:00,49
2026-01-27T18:00,61
2026-01-27T19:00,64
2026-01-27T20:00,66
2026-01-27T21:00,64
2026-01-27T22:00,71
2026-01-27T23:00,75
2026-01-28T00:00,75
2026-01-28T01:00,78
2026-01-28T02:00,79
2026-01-28T03:00,79
2026-01-28T04:00,80
2026-01-28T05:00,81
2026-01-28T06:00,82
2026-01-28T07:00,80
2026-01-28T08:00,70
2026-01-28T09:00,61
2026-01-28T10:00,51
2026-01-28T11:00,51
2026-01-28T12:00,49
2026-01-28T13:00,44
2026-01-28T14:00,42
2026-01-28T15:00,40
2026-01-28T16:00,39
2026-01-28T17:00,39
2026-01-28T18:00,48
2026-01-28T19:00,51
2026-01-28T20:00,50
2026-01-28T21:00,54
2026-01-28T22:00,56
2026-01-28T23:00,61
2026-01-29T00:00,63
2026-01-29T01:00,66
2026-01-29T02:00,71
2026-01-29T03:00,72
2026-01-29T04:00,74
2026-01-29T05:00,70
2026-01-29T06:00,75
2026-01-29T07:00,77
2026-01-29T08:00,69
2026-01-29T09:00,57
2026-01-29T10:00,50
2026-01-29T11:00,44
2026-01-29T12:00,39
2026-01-29T13:00,37
2026-01-29T14:00,35
2026-01-29T15:00,35
2026-01-29T16:00,35
2026-01-29T17:00,35
2026-01-29T18:00,46
2026-01-29T19:00,50
2026-01-29T20:00,54
2026-01-29T21:00,53
2026-01-29T22:00,49
2026-01-29T23:00,57
2026-01-30T00:00,60
2026-01-30T01:00,62
2026-01-30T02:00,60
2026-01-30T03:00,62
2026-01-30T04:00,66
2026-01-30T05:00,73
2026-01-30T06:00,69
2026-01-30T07:00,66
2026-01-30T08:00,60
2026-01-30T09:00,53
2026-01-30T10:00,49
2026-01-30T11:00,43
2026-01-30T12:00,38
2026-01-30T13:00,35
2026-01-30T14:00,34
2026-01-30T15:00,32
2026-01-30T16:00,32
2026-01-30T17:00,34
2026-01-30T18:00,41
2026-01-30T19:00,44
2026-01-30T20:00,47
2026-01-30T21:00,51
2026-01-30T22:00,51
2026-01-30T23:00,50
2026-01-31T00:00,55
2026-01-31T01:00,57
2026-01-31T02:00,59
2026-01-31T03:00,61
2026-01-31T04:00,65
2026-01-31T05:00,63
2026-01-31T06:00,62
2026-01-31T07:00,64
2026-01-31T08:00,60
2026-01-31T09:00,54
2026-01-31T10:00,47
2026-01-31T11:00,41
2026-01-31T12:00,38
2026-01-31T13:00,36
2026-01-31T14:00,34
2026-01-31T15:00,33
2026-01-31T16:00,33
2026-01-31T17:00,33
2026-01-31T18:00,38
2026-01-31T19:00,45
2026-01-31T20:00,47
2026-01-31T21:00,46
2026-01-31T22:00,47
2026-01-31T23:00,52
2026-02-01T00:00,53
2026-02-01T01:00,51
2026-02-01T02:00,52
2026-02-01T03:00,53
2026-02-01T04:00,54
2026-02-01T05:00,63
2026-02-01T06:00,67
2026-02-01T07:00,70
2026-02-01T08:00,65
2026-02-01T09:00,59
2026-02-01T10:00,50
2026-02-01T11:00,45
2026-02-01T12:00,40
2026-02-01T13:00,37
2026-02-01T14:00,36
2026-02-01T15:00,34
2026-02-01T16:00,34
2026-02-01T17:00,36
2026-02-01T18:00,43
2026-02-01T19:00,50
2026-02-01T20:00,50
2026-02-01T21:00,49
2026-02-01T22:00,49
2026-02-01T23:00,53
2026-02-02T00:00,56
2026-02-02T01:00,59
2026-02-02T02:00,62
2026-02-02T03:00,64
2026-02-02T04:00,66
2026-02-02T05:00,65
2026-02-02T06:00,66
2026-02-02T07:00,70
2026-02-02T08:00,65
2026-02-02T09:00,59
2026-02-02T10:00,52
2026-02-02T11:00,45
2026-02-02T12:00,40
2026-02-02T13:00,37
2026-02-02T14:00,35
2026-02-02T15:00,35
2026-02-02T16:00,34
2026-02-02T17:00,36
2026-02-02T18:00,47
2026-02-02T19:00,52
2026-02-02T20:00,55
2026-02-02T21:00,49
2026-02-02T22:00,48
2026-02-02T23:00,51
2026-02-03T00:00,52
2026-02-03T01:00,55
2026-02-03T02:00,58
2026-02-03T03:00,61
2026-02-03T04:00,62
2026-02-03T05:00,66
2026-02-03T06:00,68
2026-02-03T07:00,69
2026-02-03T08:00,65
2026-02-03T09:00,60
2026-02-03T10:00,55
2026-02-03T11:00,48
2026-02-03T12:00,43
2026-02-03T13:00,41
2026-02-03T14:00,38
2026-02-03T15:00,37
2026-02-03T16:00,37
2026-02-03T17:00,35
2026-02-03T18:00,42
2026-02-03T19:00,46
2026-02-03T20:00,50
2026-02-03T21:00,50
2026-02-03T22:00,49
2026-02-03T23:00,55
2026-02-04T00:00,58
2026-02-04T01:00,60
2026-02-04T02:00,61
2026-02-04T03:00,61
2026-02-04T04:00,60
2026-02-04T05:00,64
2026-02-04T06:00,68
2026-02-04T07:00,70
2026-02-04T08:00,66
2026-02-04T09:00,58
2026-02-04T10:00,50
2026-02-04T11:00,44
2026-02-04T12:00,39
2026-02-04T13:00,35
2026-02-04T14:00,33
2026-02-04T15:00,32
2026-02-04T16:00,32
2026-02-04T17:00,32
2026-02-04T18:00,40
2026-02-04T19:00,41
2026-02-04T20:00,41
2026-02-04T21:00,41
2026-02-04T22:00,46
2026-02-04T23:00,52
2026-02-05T00:00,55
2026-02-05T01:00,60
2026-02-05T02:00,60
2026-02-05T03:00,60
2026-02-05T04:00,60
2026-02-05T05:00,63
2026-02-05T06:00,66
2026-02-05T07:00,69
2026-02-05T08:00,65
2026-02-05T09:00,57
2026-02-05T10:00,49
2026-02-05T11:00,41
2026-02-05T12:00,36
2026-02-05T13:00,33
2026-02-05T14:00,32
2026-02-05T15:00,31
2026-02-05T16:00,32
2026-02-05T17:00,33
2026-02-05T18:00,43
2026-02-05T19:00,46
2026-02-05T20:00,47
2026-02-05T21:00,44
2026-02-05T22:00,49
2026-02-05T23:00,52
2026-02-06T00:00,53
2026-02-06T01:00,54
2026-02-06T02:00,53
2026-02-06T03:00,54
2026-02-06T04:00,59
2026-02-06T05:00,55
2026-02-06T06:00,57
2026-02-06T07:00,60
2026-02-06T08:00,58
2026-02-06T09:00,51
2026-02-06T10:00,44
2026-02-06T11:00,39
2026-02-06T12:00,37
2026-02-06T13:00,35
2026-02-06T14:00,33
2026-02-06T15:00,32
2026-02-06T16:00,32
2026-02-06T17:00,33
2026-02-06T18:00,39
2026-02-06T19:00,41
2026-02-06T20:00,43
2026-02-06T21:00,47
2026-02-06T22:00,52
2026-02-06T23:00,54
2026-02-07T00:00,58
2026-02-07T01:00,63
2026-02-07T02:00,63
2026-02-07T03:00,63
2026-02-07T04:00,65
2026-02-07T05:00,63
2026-02-07T06:00,66
2026-02-07T07:00,67
2026-02-07T08:00,57
2026-02-07T09:00,48
2026-02-07T10:00,43
2026-02-07T11:00,38
2026-02-07T12:00,35
2026-02-07T13:00,33
2026-02-07T14:00,32
2026-02-07T15:00,31
2026-02-07T16:00,30
2026-02-07T17:00,30
2026-02-07T18:00,40
2026-02-07T19:00,40
2026-02-07T20:00,40
2026-02-07T21:00,42
2026-02-07T22:00,45
2026-02-07T23:00,49
2026-02-08T00:00,52
2026-02-08T01:00,56
2026-02-08T02:00,59
2026-02-08T03:00,61
2026-02-08T04:00,62
2026-02-08T05:00,67
2026-02-08T06:00,69
2026-02-08T07:00,73
2026-02-08T08:00,59
2026-02-08T09:00,44
2026-02-08T10:00,37
2026-02-08T11:00,31
2026-02-08T12:00,29
2026-02-08T13:00,28
2026-02-08T14:00,27
2026-02-08T15:00,26
2026-02-08T16:00,26
2026-02-08T17:00,26
2026-02-08T18:00,36
2026-02-08T19:00,40
2026-02-08T20:00,41
2026-02-08T21:00,35
2026-02-08T22:00,39
2026-02-08T23:00,43
2026-02-09T00:00,44
2026-02-09T01:00,42
2026-02-09T02:00,50
2026-02-09T03:00,54
2026-02-09T04:00,59
2026-02-09T05:00,61
2026-02-09T06:00,64
2026-02-09T07:00,65
2026-02-09T08:00,53
2026-02-09T09:00,42
2026-02-09T10:00,36
2026-02-09T11:00,32
2026-02-09T12:00,29
2026-02-09T13:00,28
2026-02-09T14:00,26
2026-02-09T15:00,25
2026-02-09T16:00,25
2026-02-09T17:00,26
2026-02-09T18:00,39
2026-02-09T19:00,38
2026-02-09T20:00,36
2026-02-09T21:00,43
2026-02-09T22:00,53
2026-02-09T23:00,66
2026-02-10T00:00,73
2026-02-10T01:00,76
2026-02-10T02:00,78
2026-02-10T03:00,80
2026-02-10T04:00,83
2026-02-10T05:00,88
2026-02-10T06:00,88
2026-02-10T07:00,87
2026-02-10T08:00,71
2026-02-10T09:00,53
2026-02-10T10:00,41
2026-02-10T11:00,35
2026-02-10T12:00,29
2026-02-10T13:00,26
2026-02-10T14:00,24
2026-02-10T15:00,23
2026-02-10T16:00,23
2026-02-10T17:00,24
2026-02-10T18:00,31
2026-02-10T19:00,33
2026-02-10T20:00,34
2026-02-10T21:00,38
2026-02-10T22:00,37
2026-02-10T23:00,39
2026-02-11T00:00,48
2026-02-11T01:00,52
2026-02-11T02:00,51
2026-02-11T03:00,54
2026-02-11T04:00,56
2026-02-11T05:00,58
2026-02-11T06:00,60
2026-02-11T07:00,59
2026-02-11T08:00,54
2026-02-11T09:00,48
2026-02-11T10:00,41
2026-02-11T11:00,37
2026-02-11T12:00,33
2026-02-11T13:00,30
2026-02-11T14:00,28
2026-02-11T15:00,26
2026-02-11T16:00,24
2026-02-11T17:00,24
2026-02-11T18:00,29
2026-02-11T19:00,28
2026-02-11T20:00,30
2026-02-11T21:00,36
2026-02-11T22:00,38
2026-02-11T23:00,40
2026-02-12T00:00,42
2026-02-12T01:00,44
2026-02-12T02:00,49
2026-02-12T03:00,50
2026-02-12T04:00,53
2026-02-12T05:00,58
2026-02-12T06:00,61
2026-02-12T07:00,62
2026-02-12T08:00,57
2026-02-12T09:00,47
2026-02-12T10:00,41
2026-02-12T11:00,35
2026-02-12T12:00,29
2026-02-12T13:00,25
2026-02-12T14:00,23
2026-02-12T15:00,22
2026-02-12T16:00,22
2026-02-12T17:00,23
2026-02-12T18:00,31
2026-02-12T19:00,33
2026-02-12T20:00,31
2026-02-12T21:00,32
2026-02-12T22:00,33
2026-02-12T23:00,35
2026-02-13T00:00,38
2026-02-13T01:00,43
2026-02-13T02:00,46
2026-02-13T03:00,47
2026-02-13T04:00,48
2026-02-13T05:00,54
2026-02-13T06:00,54
2026-02-13T07:00,53
2026-02-13T08:00,47
2026-02-13T09:00,41
2026-02-13T10:00,36
2026-02-13T11:00,31
2026-02-13T12:00,28
2026-02-13T13:00,25
2026-02-13T14:00,23
2026-02-13T15:00,23
2026-02-13T16:00,22
2026-02-13T17:00,24
2026-02-13T18:00,32
2026-02-13T19:00,28
2026-02-13T20:00,28
2026-02-13T21:00,32
2026-02-13T22:00,34
2026-02-13T23:00,35
2026-02-14T00:00,34
2026-02-14T01:00,36
2026-02-14T02:00,40
2026-02-14T03:00,44
2026-02-14T04:00,46
2026-02-14T05:00,52
2026-02-14T06:00,55
2026-02-14T07:00,61
2026-02-14T08:00,47
2026-02-14T09:00,42
2026-02-14T10:00,38
2026-02-14T11:00,32
2026-02-14T12:00,28
2026-02-14T13:00,26
2026-02-14T14:00,25
2026-02-14T15:00,24
2026-02-14T16:00,24
2026-02-14T17:00,26
2026-02-14T18:00,33
2026-02-14T19:00,33
2026-02-14T20:00,36
2026-02-14T21:00,37
2026-02-14T22:00,39
2026-02-14T23:00,41
2026-02-15T00:00,45
2026-02-15T01:00,47
2026-02-15T02:00,54
2026-02-15T03:00,58
2026-02-15T04:00,61
2026-02-15T05:00,59
2026-02-15T06:00,62
2026-02-15T07:00,59
2026-02-15T08:00,51
2026-02-15T09:00,41
2026-02-15T10:00,33
2026-02-15T11:00,30
2026-02-15T12:00,29
2026-02-15T13:00,29
2026-02-15T14:00,28
2026-02-15T15:00,28
2026-02-15T16:00,28
2026-02-15T17:00,28
2026-02-15T18:00,34
2026-02-15T19:00,33
2026-02-15T20:00,35
2026-02-15T21:00,38
2026-02-15T22:00,43
2026-02-15T23:00,45
2026-02-16T00:00,48
2026-02-16T01:00,51
2026-02-16T02:00,53
2026-02-16T03:00,56
2026-02-16T04:00,60
2026-02-16T05:00,58
2026-02-16T06:00,59
2026-02-16T07:00,62
2026-02-16T08:00,48
2026-02-16T09:00,40
2026-02-16T10:00,35
2026-02-16T11:00,32
2026-02-16T12:00,31
2026-02-16T13:00,29
2026-02-16T14:00,28
2026-02-16T15:00,27
2026-02-16T16:00,27
2026-02-16T17:00,27
2026-02-16T18:00,36
2026-02-16T19:00,37
2026-02-16T20:00,37
2026-02-16T21:00,36
2026-02-16T22:00,41
2026-02-16T23:00,43
2026-02-17T00:00,52
2026-02-17T01:00,53
2026-02-17T02:00,56
2026-02-17T03:00,62
2026-02-17T04:00,64
2026-02-17T05:00,59
2026-02-17T06:00,61
2026-02-17T07:00,58
2026-02-17T08:00,53
2026-02-17T09:00,42
2026-02-17T10:00,39
2026-02-17T11:00,36
2026-02-17T12:00,32
2026-02-17T13:00,30
2026-02-17T14:00,28
2026-02-17T15:00,27
2026-02-17T16:00,27
2026-02-17T17:00,28
2026-02-17T18:00,37
2026-02-17T19:00,30
2026-02-17T20:00,34
2026-02-17T21:00,32
2026-02-17T22:00,32
2026-02-17T23:00,38
2026-02-18T00:00,45
2026-02-18T01:00,46
2026-02-18T02:00,47
2026-02-18T03:00,49
2026-02-18T04:00,50
2026-02-18T05:00,49
2026-02-18T06:00,49
2026-02-18T07:00,50
2026-02-18T08:00,48
2026-02-18T09:00,45
2026-02-18T10:00,39
2026-02-18T11:00,34
2026-02-18T12:00,30
2026-02-18T13:00,29
2026-02-18T14:00,27
2026-02-18T15:00,27
2026-02-18T16:00,27
2026-02-18T17:00,27
2026-02-18T18:00,36
2026-02-18T19:00,37
2026-02-18T20:00,42
2026-02-18T21:00,62
2026-02-18T22:00,68
2026-02-18T23:00,73
2026-02-19T00:00,78
2026-02-19T01:00,82
2026-02-19T02:00,83
2026-02-19T03:00,87
2026-02-19T04:00,88
2026-02-19T05:00,90
2026-02-19T06:00,92
2026-02-19T07:00,92
2026-02-19T08:00,78
2026-02-19T09:00,62
2026-02-19T10:00,45
2026-02-19T11:00,39
2026-02-19T12:00,32
2026-02-19T13:00,30
2026-02-19T14:00,29
2026-02-19T15:00,29
2026-02-19T16:00,29
2026-02-19T17:00,29
2026-02-19T18:00,32
2026-02-19T19:00,32
2026-02-19T20:00,35
2026-02-19T21:00,35
2026-02-19T22:00,38
2026-02-19T23:00,45
2026-02-20T00:00,49
2026-02-20T01:00,52
2026-02-20T02:00,52
2026-02-20T03:00,50
2026-02-20T04:00,48
2026-02-20T05:00,50
2026-02-20T06:00,50
2026-02-20T07:00,53
2026-02-20T08:00,50
2026-02-20T09:00,44
2026-02-20T10:00,40
2026-02-20T11:00,36
2026-02-20T12:00,32
2026-02-20T13:00,29
2026-02-20T14:00,28
2026-02-20T15:00,28
2026-02-20T16:00,27
2026-02-20T17:00,28
2026-02-20T18:00,36
2026-02-20T19:00,33
2026-02-20T20:00,30
2026-02-20T21:00,32
2026-02-20T22:00,34
2026-02-20T23:00,38
2026-02-21T00:00,40
2026-02-21T01:00,47
2026-02-21T02:00,48
2026-02-21T03:00,49
2026-02-21T04:00,52
2026-02-21T05:00,57
2026-02-21T06:00,60
2026-02-21T07:00,62
2026-02-21T08:00,58
2026-02-21T09:00,54
2026-02-21T10:00,46
2026-02-21T11:00,40
2026-02-21T12:00,33
2026-02-21T13:00,30
2026-02-21T14:00,28
2026-02-21T15:00,26
2026-02-21T16:00,26
2026-02-21T17:00,25
2026-02-21T18:00,34
2026-02-21T19:00,32
2026-02-21T20:00,36
2026-02-21T21:00,32
2026-02-21T22:00,50
2026-02-21T23:00,57
2026-02-22T00:00,60
2026-02-22T01:00,65
2026-02-22T02:00,64
2026-02-22T03:00,65
2026-02-22T04:00,66
2026-02-22T05:00,69
2026-02-22T06:00,67
2026-02-22T07:00,68
2026-02-22T08:00,54
2026-02-22T09:00,42
2026-02-22T10:00,35
2026-02-22T11:00,33
2026-02-22T12:00,31
2026-02-22T13:00,29
2026-02-22T14:00,28
2026-02-22T15:00,25
2026-02-22T16:00,24
2026-02-22T17:00,28
2026-02-22T18:00,37
2026-02-22T19:00,40
2026-02-22T20:00,42
2026-02-22T21:00,44
2026-02-22T22:00,51
2026-02-22T23:00,56
2026-02-23T00:00,63
2026-02-23T01:00,68
2026-02-23T02:00,71
2026-02-23T03:00,73
2026-02-23T04:00,76
2026-02-23T05:00,80
2026-02-23T06:00,81
2026-02-23T07:00,79
2026-02-23T08:00,71
2026-02-23T09:00,59
2026-02-23T10:00,46
2026-02-23T11:00,43
2026-02-23T12:00,40
2026-02-23T13:00,39
2026-02-23T14:00,37
2026-02-23T15:00,36
2026-02-23T16:00,36
2026-02-23T17:00,34
2026-02-23T18:00,45
2026-02-23T19:00,44
2026-02-23T20:00,47
2026-02-23T21:00,51
2026-02-23T22:00,60
2026-02-23T23:00,63
2026-02-24T00:00,65
2026-02-24T01:00,67
2026-02-24T02:00,68
2026-02-24T03:00,69
2026-02-24T04:00,68
2026-02-24T05:00,68
2026-02-24T06:00,70
2026-02-24T07:00,72
2026-02-24T08:00,67
2026-02-24T09:00,58
2026-02-24T10:00,48
2026-02-24T11:00,41
2026-02-24T12:00,35
2026-02-24T13:00,31
2026-02-24T14:00,27
2026-02-24T15:00,27
2026-02-24T16:00,27
2026-02-24T17:00,27
2026-02-24T18:00,39
2026-02-24T19:00,39
2026-02-24T20:00,41
2026-02-24T21:00,45
2026-02-24T22:00,48
2026-02-24T23:00,58
2026-02-25T00:00,62
2026-02-25T01:00,65
2026-02-25T02:00,68
2026-02-25T03:00,70
2026-02-25T04:00,69
2026-02-25T05:00,74
2026-02-25T06:00,69
2026-02-25T07:00,66
2026-02-25T08:00,59
2026-02-25T09:00,46
2026-02-25T10:00,37
2026-02-25T11:00,34
2026-02-25T12:00,28
2026-02-25T13:00,24
2026-02-25T14:00,21
2026-02-25T15:00,21
2026-02-25T16:00,22
2026-02-25T17:00,22
2026-02-25T18:00,24
2026-02-25T19:00,30
2026-02-25T20:00,40
2026-02-25T21:00,45
2026-02-25T22:00,49
2026-02-25T23:00,52
2026-02-26T00:00,53
2026-02-26T01:00,58
2026-02-26T02:00,58
2026-02-26T03:00,63
2026-02-26T04:00,67
2026-02-26T05:00,67
2026-02-26T06:00,70
2026-02-26T07:00,69
2026-02-26T08:00,56
2026-02-26T09:00,40
2026-02-26T10:00,31
2026-02-26T11:00,28
2026-02-26T12:00,26
2026-02-26T13:00,25
2026-02-26T14:00,23
2026-02-26T15:00,22
2026-02-26T16:00,21
2026-02-26T17:00,21
2026-02-26T18:00,31
2026-02-26T19:00,27
2026-02-26T20:00,37
2026-02-26T21:00,45
2026-02-26T22:00,49
2026-02-26T23:00,52
2026-02-27T00:00,53
2026-02-27T01:00,56
2026-02-27T02:00,62
2026-02-27T03:00,64
2026-02-27T04:00,66
2026-02-27T05:00,68
2026-02-27T06:00,70
2026-02-27T07:00,67
2026-02-27T08:00,55
2026-02-27T09:00,44
2026-02-27T10:00,33
2026-02-27T11:00,27
2026-02-27T12:00,24
2026-02-27T13:00,23
2026-02-27T14:00,23
2026-02-27T15:00,23
2026-02-27T16:00,23
2026-02-27T17:00,22
2026-02-27T18:00,28
2026-02-27T19:00,29
2026-02-27T20:00,31
2026-02-27T21:00,34
2026-02-27T22:00,38
2026-02-27T23:00,41
2026-02-28T00:00,43
2026-02-28T01:00,46
2026-02-28T02:00,52
2026-02-28T03:00,52
2026-02-28T04:00,54
2026-02-28T05:00,58
2026-02-28T06:00,60
2026-02-28T07:00,61
2026-02-28T08:00,49
2026-02-28T09:00,40
2026-02-28T10:00,33
2026-02-28T11:00,30
2026-02-28T12:00,27
2026-02-28T13:00,25
2026-02-28T14:00,24
2026-02-28T15:00,23
2026-02-28T16:00,23
2026-02-28T17:00,24
2026-02-28T18:00,29
2026-02-28T19:00,35
2026-02-28T20:00,40
2026-02-28T21:00,44
2026-02-28T22:00,49
2026-02-28T23:00,54
2026-03-01T00:00,56
2026-03-01T01:00,59
2026-03-01T02:00,62
2026-03-01T03:00,65
2026-03-01T04:00,67
2026-03-01T05:00,70
2026-03-01T06:00,74
2026-03-01T07:00,72
2026-03-01T08:00,61
2026-03-01T09:00,51
2026-03-01T10:00,40
2026-03-01T11:00,33
2026-03-01T12:00,29
2026-03-01T13:00,27
2026-03-01T14:00,26
2026-03-01T15:00,26
2026-03-01T16:00,24
2026-03-01T17:00,22
2026-03-01T18:00,30
2026-03-01T19:00,30
2026-03-01T20:00,36
2026-03-01T21:00,43
2026-03-01T22:00,62
2026-03-01T23:00,66
2026-03-02T00:00,68
2026-03-02T01:00,71
2026-03-02T02:00,74
2026-03-02T03:00,78
2026-03-02T04:00,80
2026-03-02T05:00,85
2026-03-02T06:00,87
2026-03-02T07:00,82
2026-03-02T08:00,70
2026-03-02T09:00,52
2026-03-02T10:00,40
2026-03-02T11:00,32
2026-03-02T12:00,29
2026-03-02T13:00,28
2026-03-02T14:00,25
2026-03-02T15:00,26
2026-03-02T16:00,27
2026-03-02T17:00,26
2026-03-02T18:00,35
2026-03-02T19:00,38
2026-03-02T20:00,42
2026-03-02T21:00,35
2026-03-02T22:00,42
2026-03-02T23:00,47
2026-03-03T00:00,51
2026-03-03T01:00,55
2026-03-03T02:00,61
2026-03-03T03:00,63
2026-03-03T04:00,64
2026-03-03T05:00,67
2026-03-03T06:00,65
2026-03-03T07:00,57
2026-03-03T08:00,44
2026-03-03T09:00,38
2026-03-03T10:00,34
2026-03-03T11:00,31
2026-03-03T12:00,29
2026-03-03T13:00,28
2026-03-03T14:00,27
2026-03-03T15:00,27
2026-03-03T16:00,28
2026-03-03T17:00,28
2026-03-03T18:00,38
2026-03-03T19:00,39
2026-03-03T20:00,38
2026-03-03T21:00,39
2026-03-03T22:00,45
2026-03-03T23:00,44
2026-03-04T00:00,52
2026-03-04T01:00,49
2026-03-04T02:00,52
2026-03-04T03:00,54
2026-03-04T04:00,50
2026-03-04T05:00,50
2026-03-04T06:00,47
2026-03-04T07:00,50
2026-03-04T08:00,45
2026-03-04T09:00,37
2026-03-04T10:00,32
2026-03-04T11:00,29
2026-03-04T12:00,26
2026-03-04T13:00,23
2026-03-04T14:00,21
2026-03-04T15:00,20
2026-03-04T16:00,21
2026-03-04T17:00,21
2026-03-04T18:00,23
2026-03-04T19:00,25
2026-03-04T20:00,30
2026-03-04T21:00,34
2026-03-04T22:00,35
2026-03-04T23:00,40
2026-03-05T00:00,42
2026-03-05T01:00,44
2026-03-05T02:00,48
2026-03-05T03:00,51
2026-03-05T04:00,47
2026-03-05T05:00,52
2026-03-05T06:00,49
2026-03-05T07:00,57
2026-03-05T08:00,40
2026-03-05T09:00,32
2026-03-05T10:00,26
2026-03-05T11:00,22
2026-03-05T12:00,21
2026-03-05T13:00,20
2026-03-05T14:00,19
2026-03-05T15:00,18
2026-03-05T16:00,19
2026-03-05T17:00,19
2026-03-05T18:00,25
2026-03-05T19:00,27
2026-03-05T20:00,30
2026-03-05T21:00,31
2026-03-05T22:00,34
2026-03-05T23:00,34
2026-03-06T00:00,38
2026-03-06T01:00,40
2026-03-06T02:00,42
2026-03-06T03:00,44
2026-03-06T04:00,47
2026-03-06T05:00,58
2026-03-06T06:00,57
2026-03-06T07:00,57
2026-03-06T08:00,44
2026-03-06T09:00,31
2026-03-06T10:00,26
2026-03-06T11:00,18
2026-03-06T12:00,17
2026-03-06T13:00,16
2026-03-06T14:00,15
2026-03-06T15:00,15
2026-03-06T16:00,16
2026-03-06T17:00,17
2026-03-06T18:00,24
2026-03-06T19:00,22
2026-03-06T20:00,22
2026-03-06T21:00,25
2026-03-06T22:00,25
2026-03-06T23:00,33
2026-03-07T00:00,34
2026-03-07T01:00,41
2026-03-07T02:00,46
2026-03-07T03:00,49
2026-03-07T04:00,50
2026-03-07T05:00,53
2026-03-07T06:00,55
2026-03-07T07:00,50
2026-03-07T08:00,41
2026-03-07T09:00,30
2026-03-07T10:00,22
2026-03-07T11:00,18
2026-03-07T12:00,17
2026-03-07T13:00,17
2026-03-07T14:00,16
2026-03-07T15:00,16
2026-03-07T16:00,15
2026-03-07T17:00,16
2026-03-07T18:00,20
2026-03-07T19:00,18
2026-03-07T20:00,21
2026-03-07T21:00,24
2026-03-07T22:00,27
2026-03-07T23:00,30
2026-03-08T00:00,40
2026-03-08T01:00,45
2026-03-08T02:00,50
2026-03-08T03:00,52
2026-03-08T04:00,51
2026-03-08T05:00,50
2026-03-08T06:00,45
2026-03-08T07:00,48
2026-03-08T08:00,33
2026-03-08T09:00,27
2026-03-08T10:00,23
2026-03-08T11:00,21
2026-03-08T12:00,18
2026-03-08T13:00,17
2026-03-08T14:00,17
2026-03-08T15:00,15
2026-03-08T16:00,13
2026-03-08T17:00,14
2026-03-08T18:00,16
2026-03-08T19:00,20
2026-03-08T20:00,26
2026-03-08T21:00,28
2026-03-08T22:00,30
2026-03-08T23:00,35
2026-03-09T00:00,36
2026-03-09T01:00,40
2026-03-09T02:00,43
2026-03-09T03:00,45
2026-03-09T04:00,45
2026-03-09T05:00,42
2026-03-09T06:00,48
2026-03-09T07:00,48
2026-03-09T08:00,38
2026-03-09T09:00,35
2026-03-09T10:00,31
2026-03-09T11:00,20
2026-03-09T12:00,20
2026-03-09T13:00,16
2026-03-09T14:00,15
2026-03-09T15:00,15
2026-03-09T16:00,15
2026-03-09T17:00,16
2026-03-09T18:00,22
2026-03-09T19:00,27
2026-03-09T20:00,30
2026-03-09T21:00,29
2026-03-09T22:00,29
2026-03-09T23:00,29
2026-03-10T00:00,32
2026-03-10T01:00,36
2026-03-10T02:00,39
2026-03-10T03:00,42
2026-03-10T04:00,46
2026-03-10T05:00,49
2026-03-10T06:00,52
2026-03-10T07:00,55
2026-03-10T08:00,50
2026-03-10T09:00,45
2026-03-10T10:00,35
2026-03-10T11:00,29
2026-03-10T12:00,27
2026-03-10T13:00,26
2026-03-10T14:00,24
2026-03-10T15:00,23
2026-03-10T16:00,24
2026-03-10T17:00,24
2026-03-10T18:00,28
2026-03-10T19:00,31
2026-03-10T20:00,33
2026-03-10T21:00,34
2026-03-10T22:00,33
2026-03-10T23:00,35
2026-03-11T00:00,37
2026-03-11T01:00,41
2026-03-11T02:00,43
2026-03-11T03:00,44
2026-03-11T04:00,47
2026-03-11T05:00,51
2026-03-11T06:00,54
2026-03-11T07:00,53
2026-03-11T08:00,45
2026-03-11T09:00,36
2026-03-11T10:00,31
2026-03-11T11:00,28
2026-03-11T12:00,25
2026-03-11T13:00,23
2026-03-11T14:00,22
2026-03-11T15:00,20
2026-03-11T16:00,21
2026-03-11T17:00,21
2026-03-11T18:00,22
2026-03-11T19:00,26
2026-03-11T20:00,27
2026-03-11T21:00,31
2026-03-11T22:00,33
2026-03-11T23:00,34
2026-03-12T00:00,38
2026-03-12T01:00,53
2026-03-12T02:00,56
2026-03-12T03:00,59
2026-03-12T04:00,62
2026-03-12T05:00,78
2026-03-12T06:00,82
2026-03-12T07:00,74
2026-03-12T08:00,56
2026-03-12T09:00,35
2026-03-12T10:00,29
2026-03-12T11:00,26
2026-03-12T12:00,22
2026-03-12T13:00,20
2026-03-12T14:00,18
2026-03-12T15:00,17
2026-03-12T16:00,16
2026-03-12T17:00,17
2026-03-12T18:00,28
2026-03-12T19:00,28
2026-03-12T20:00,27
2026-03-12T21:00,27
2026-03-12T22:00,32
2026-03-12T23:00,38
2026-03-13T00:00,52
2026-03-13T01:00,62
2026-03-13T02:00,65
2026-03-13T03:00,67
2026-03-13T04:00,69
2026-03-13T05:00,69
2026-03-13T06:00,70
2026-03-13T07:00,66
2026-03-13T08:00,54
2026-03-13T09:00,44
2026-03-13T10:00,29
2026-03-13T11:00,23
2026-03-13T12:00,21
2026-03-13T13:00,20
2026-03-13T14:00,19
2026-03-13T15:00,18
2026-03-13T16:00,17
2026-03-13T17:00,14
2026-03-13T18:00,23
2026-03-13T19:00,19
2026-03-13T20:00,20
2026-03-13T21:00,47
2026-03-13T22:00,50
2026-03-13T23:00,54
2026-03-14T00:00,62
2026-03-14T01:00,65
2026-03-14T02:00,70
2026-03-14T03:00,76
2026-03-14T04:00,81
2026-03-14T05:00,82
2026-03-14T06:00,84
2026-03-14T07:00,81
2026-03-14T08:00,65
2026-03-14T09:00,44
2026-03-14T10:00,30
2026-03-14T11:00,25
2026-03-14T12:00,21
2026-03-14T13:00,20
2026-03-14T14:00,19
2026-03-14T15:00,17
2026-03-14T16:00,16
2026-03-14T17:00,15
2026-03-14T18:00,25
2026-03-14T19:00,29
2026-03-14T20:00,48
2026-03-14T21:00,61
2026-03-14T22:00,65
2026-03-14T23:00,72
2026-03-15T00:00,72
2026-03-15T01:00,73
2026-03-15T02:00,74
2026-03-15T03:00,76
2026-03-15T04:00,77
2026-03-15T05:00,72
2026-03-15T06:00,73
2026-03-15T07:00,69
2026-03-15T08:00,58
2026-03-15T09:00,45
2026-03-15T10:00,33
2026-03-15T11:00,26
2026-03-15T12:00,22
2026-03-15T13:00,21
2026-03-15T14:00,20
2026-03-15T15:00,19
2026-03-15T16:00,19
2026-03-15T17:00,18
2026-03-15T18:00,19
2026-03-15T19:00,47
2026-03-15T20:00,55
2026-03-15T21:00,59
2026-03-15T22:00,62
2026-03-15T23:00,66
2026-03-16T00:00,70
2026-03-16T01:00,75
2026-03-16T02:00,79
2026-03-16T03:00,85
2026-03-16T04:00,86
2026-03-16T05:00,88
2026-03-16T06:00,89
2026-03-16T07:00,83
2026-03-16T08:00,70
2026-03-16T09:00,53
2026-03-16T10:00,31
2026-03-16T11:00,24
2026-03-16T12:00,21
2026-03-16T13:00,20
2026-03-16T14:00,20
2026-03-16T15:00,20
2026-03-16T16:00,20
2026-03-16T17:00,19
2026-03-16T18:00,22
2026-03-16T19:00,29
2026-03-16T20:00,42
2026-03-16T21:00,55
2026-03-16T22:00,62
2026-03-16T23:00,67
2026-03-17T00:00,70
2026-03-17T01:00,73
2026-03-17T02:00,75
2026-03-17T03:00,75
2026-03-17T04:00,78
2026-03-17T05:00,80
2026-03-17T06:00,81
2026-03-17T07:00,75
2026-03-17T08:00,64
2026-03-17T09:00,51
2026-03-17T10:00,35
2026-03-17T11:00,24
2026-03-17T12:00,20
2026-03-17T13:00,18
2026-03-17T14:00,18
2026-03-17T15:00,17
2026-03-17T16:00,18
2026-03-17T17:00,18
2026-03-17T18:00,21
2026-03-17T19:00,24
2026-03-17T20:00,55
2026-03-17T21:00,53
2026-03-17T22:00,56
2026-03-17T23:00,58
2026-03-18T00:00,65
2026-03-18T01:00,64
2026-03-18T02:00,68
2026-03-18T03:00,73
2026-03-18T04:00,74
2026-03-18T05:00,76
2026-03-18T06:00,77
2026-03-18T07:00,74
2026-03-18T08:00,62
2026-03-18T09:00,47
2026-03-18T10:00,37
2026-03-18T11:00,34
2026-03-18T12:00,29
2026-03-18T13:00,27
2026-03-18T14:00,25
2026-03-18T15:00,24
2026-03-18T16:00,25
2026-03-18T17:00,21
2026-03-18T18:00,29
2026-03-18T19:00,34
2026-03-18T20:00,36
2026-03-18T21:00,52
2026-03-18T22:00,61
2026-03-18T23:00,66
2026-03-19T00:00,70
2026-03-19T01:00,74
2026-03-19T02:00,76
2026-03-19T03:00,79
2026-03-19T04:00,81
2026-03-19T05:00,81
2026-03-19T06:00,83
2026-03-19T07:00,76
2026-03-19T08:00,65
2026-03-19T09:00,49
2026-03-19T10:00,38
2026-03-19T11:00,36
2026-03-19T12:00,32
2026-03-19T13:00,31
2026-03-19T14:00,29
2026-03-19T15:00,48
2026-03-19T16:00,33
2026-03-19T17:00,38
2026-03-19T18:00,40
2026-03-19T19:00,45
2026-03-19T20:00,50
2026-03-19T21:00,53
2026-03-19T22:00,57
2026-03-19T23:00,65
2026-03-20T00:00,72
2026-03-20T01:00,76
2026-03-20T02:00,81
2026-03-20T03:00,81
2026-03-20T04:00,80
2026-03-20T05:00,78
2026-03-20T06:00,79
2026-03-20T07:00,74
2026-03-20T08:00,61
2026-03-20T09:00,50
2026-03-20T10:00,38
2026-03-20T11:00,36
2026-03-20T12:00,30
2026-03-20T13:00,28
2026-03-20T14:00,25
2026-03-20T15:00,23
2026-03-20T16:00,22
2026-03-20T17:00,23
2026-03-20T18:00,30
2026-03-20T19:00,37
2026-03-20T20:00,40
2026-03-20T21:00,49
2026-03-20T22:00,60
2026-03-20T23:00,73
2026-03-21T00:00,75
2026-03-21T01:00,79
2026-03-21T02:00,82
2026-03-21T03:00,85
2026-03-21T04:00,88
2026-03-21T05:00,89
2026-03-21T06:00,89
2026-03-21T07:00,77
2026-03-21T08:00,56
2026-03-21T09:00,41
2026-03-21T10:00,32
2026-03-21T11:00,30
2026-03-21T12:00,28
2026-03-21T13:00,26
2026-03-21T14:00,25
2026-03-21T15:00,24
2026-03-21T16:00,23
2026-03-21T17:00,23
2026-03-21T18:00,27
2026-03-21T19:00,29
2026-03-21T20:00,35
2026-03-21T21:00,42
2026-03-21T22:00,47
2026-03-21T23:00,54
2026-03-22T00:00,54
2026-03-22T01:00,56
2026-03-22T02:00,59
2026-03-22T03:00,64
2026-03-22T04:00,65
2026-03-22T05:00,61
2026-03-22T06:00,55
2026-03-22T07:00,49
2026-03-22T08:00,42
2026-03-22T09:00,34
2026-03-22T10:00,31
2026-03-22T11:00,30
2026-03-22T12:00,27
2026-03-22T13:00,25
2026-03-22T14:00,24
2026-03-22T15:00,24
2026-03-22T16:00,23
2026-03-22T17:00,25
2026-03-22T18:00,35
2026-03-22T19:00,34
2026-03-22T20:00,34
2026-03-22T21:00,43
2026-03-22T22:00,48
2026-03-22T23:00,53
2026-03-23T00:00,57
2026-03-23T01:00,58
2026-03-23T02:00,58
2026-03-23T03:00,58
2026-03-23T04:00,58
2026-03-23T05:00,56
2026-03-23T06:00,53
2026-03-23T07:00,47
2026-03-23T08:00,40
2026-03-23T09:00,36
2026-03-23T10:00,29
2026-03-23T11:00,27
2026-03-23T12:00,26
2026-03-23T13:00,24
2026-03-23T14:00,23
2026-03-23T15:00,23
2026-03-23T16:00,23
2026-03-23T17:00,23
2026-03-23T18:00,34
2026-03-23T19:00,32
2026-03-23T20:00,40
2026-03-23T21:00,44
2026-03-23T22:00,47
2026-03-23T23:00,53
2026-03-24T00:00,57
2026-03-24T01:00,61
2026-03-24T02:00,65
2026-03-24T03:00,67
2026-03-24T04:00,70
2026-03-24T05:00,68
2026-03-24T06:00,70
2026-03-24T07:00,62
2026-03-24T08:00,47
2026-03-24T09:00,35
2026-03-24T10:00,30
2026-03-24T11:00,31
2026-03-24T12:00,29
2026-03-24T13:00,27
2026-03-24T14:00,26
2026-03-24T15:00,25
2026-03-24T16:00,24
2026-03-24T17:00,22
2026-03-24T18:00,27
2026-03-24T19:00,47
2026-03-24T20:00,52
2026-03-24T21:00,58
2026-03-24T22:00,61
2026-03-24T23:00,64
2026-03-25T00:00,70
2026-03-25T01:00,75
2026-03-25T02:00,80
2026-03-25T03:00,83
2026-03-25T04:00,83
2026-03-25T05:00,87
2026-03-25T06:00,87
2026-03-25T07:00,77
2026-03-25T08:00,63
2026-03-25T09:00,52
2026-03-25T10:00,40
2026-03-25T11:00,36
2026-03-25T12:00,32
2026-03-25T13:00,30
2026-03-25T14:00,29
2026-03-25T15:00,32
2026-03-25T16:00,39
2026-03-25T17:00,29
2026-03-25T18:00,38
2026-03-25T19:00,43
2026-03-25T20:00,47
2026-03-25T21:00,54
2026-03-25T22:00,57
2026-03-25T23:00,68
2026-03-26T00:00,67
2026-03-26T01:00,68
2026-03-26T02:00,77
2026-03-26T03:00,78
2026-03-26T04:00,78
2026-03-26T05:00,76
2026-03-26T06:00,77
2026-03-26T07:00,69
2026-03-26T08:00,57
2026-03-26T09:00,42
2026-03-26T10:00,31
2026-03-26T11:00,29
2026-03-26T12:00,28
2026-03-26T13:00,26
2026-03-26T14:00,26
2026-03-26T15:00,26
2026-03-26T16:00,26
2026-03-26T17:00,33
2026-03-26T18:00,38
2026-03-26T19:00,39
2026-03-26T20:00,44
2026-03-26T21:00,48
2026-03-26T22:00,53
2026-03-26T23:00,57
2026-03-27T00:00,56
2026-03-27T01:00,61
2026-03-27T02:00,63
2026-03-27T03:00,63
2026-03-27T04:00,65
2026-03-27T05:00,64
2026-03-27T06:00,68
2026-03-27T07:00,64
2026-03-27T08:00,52
2026-03-27T09:00,39
2026-03-27T10:00,30
2026-03-27T11:00,28
2026-03-27T12:00,27
2026-03-27T13:00,26
2026-03-27T14:00,26
2026-03-27T15:00,25
2026-03-27T16:00,24
2026-03-27T17:00,39
2026-03-27T18:00,34
2026-03-27T19:00,38
2026-03-27T20:00,45
2026-03-27T21:00,53
2026-03-27T22:00,59
2026-03-27T23:00,65
2026-03-28T00:00,70
2026-03-28T01:00,69
2026-03-28T02:00,74
2026-03-28T03:00,78
2026-03-28T04:00,79
2026-03-28T05:00,86
2026-03-28T06:00,89
2026-03-28T07:00,82
2026-03-28T08:00,66
2026-03-28T09:00,42
2026-03-28T10:00,26
2026-03-28T11:00,25
2026-03-28T12:00,24
2026-03-28T13:00,24
2026-03-28T14:00,24
2026-03-28T15:00,23
2026-03-28T16:00,23
2026-03-28T17:00,23
2026-03-28T18:00,25
2026-03-28T19:00,29
2026-03-28T20:00,45
2026-03-28T21:00,58
2026-03-28T22:00,64
2026-03-28T23:00,65
2026-03-29T00:00,65
2026-03-29T01:00,68
2026-03-29T02:00,70
2026-03-29T03:00,73
2026-03-29T04:00,76
2026-03-29T05:00,80
2026-03-29T06:00,80
2026-03-29T07:00,73
2026-03-29T08:00,55
2026-03-29T09:00,39
2026-03-29T10:00,28
2026-03-29T11:00,22
2026-03-29T12:00,18
2026-03-29T13:00,16
2026-03-29T14:00,15
2026-03-29T15:00,15
2026-03-29T16:00,15
2026-03-29T17:00,16
2026-03-29T18:00,25
2026-03-29T19:00,23
2026-03-29T20:00,41
2026-03-29T21:00,57
2026-03-29T22:00,62
2026-03-29T23:00,65
2026-03-30T00:00,67
2026-03-30T01:00,70
2026-03-30T02:00,71
2026-03-30T03:00,72
2026-03-30T04:00,76
2026-03-30T05:00,77
2026-03-30T06:00,76
2026-03-30T07:00,68
2026-03-30T08:00,54
2026-03-30T09:00,46
2026-03-30T10:00,36
2026-03-30T11:00,31
2026-03-30T12:00,26
2026-03-30T13:00,25
2026-03-30T14:00,24
2026-03-30T15:00,30
2026-03-30T16:00,34
2026-03-30T17:00,34
2026-03-30T18:00,35
2026-03-30T19:00,40
2026-03-30T20:00,47
2026-03-30T21:00,58
2026-03-30T22:00,67
2026-03-30T23:00,75
2026-03-31T00:00,80
2026-03-31T01:00,81
2026-03-31T02:00,78
2026-03-31T03:00,81
2026-03-31T04:00,83
2026-03-31T05:00,84
2026-03-31T06:00,81
2026-03-31T07:00,64
2026-03-31T08:00,55
2026-03-31T09:00,47
2026-03-31T10:00,39
2026-03-31T11:00,34
2026-03-31T12:00,31
2026-03-31T13:00,30
2026-03-31T14:00,29
2026-03-31T15:00,29
2026-03-31T16:00,29
2026-03-31T17:00,26
2026-03-31T18:00,37
2026-03-31T19:00,40
2026-03-31T20:00,37
2026-03-31T21:00,38
2026-03-31T22:00,42
2026-03-31T23:00,45
2026-04-01T00:00,52
2026-04-01T01:00,64
2026-04-01T02:00,73
2026-04-01T03:00,76
2026-04-01T04:00,76
2026-04-01T05:00,84
2026-04-01T06:00,86
2026-04-01T07:00,83
2026-04-01T08:00,68
2026-04-01T09:00,52
2026-04-01T10:00,39
2026-04-01T11:00,35
2026-04-01T12:00,32
2026-04-01T13:00,30
2026-04-01T14:00,29
2026-04-01T15:00,44
2026-04-01T16:00,48
2026-04-01T17:00,71
2026-04-01T18:00,59
2026-04-01T19:00,60
2026-04-01T20:00,62
2026-04-01T21:00,63
2026-04-01T22:00,64
2026-04-01T23:00,67
2026-04-02T00:00,70
2026-04-02T01:00,74
2026-04-02T02:00,68
2026-04-02T03:00,68
2026-04-02T04:00,69
2026-04-02T05:00,78
2026-04-02T06:00,73
2026-04-02T07:00,66
2026-04-02T08:00,56
2026-04-02T09:00,45
2026-04-02T10:00,36
2026-04-02T11:00,36
2026-04-02T12:00,35
2026-04-02T13:00,32
2026-04-02T14:00,33
2026-04-02T15:00,38
2026-04-02T16:00,79
2026-04-02T17:00,52
2026-04-02T18:00,50
2026-04-02T19:00,54
2026-04-02T20:00,54
2026-04-02T21:00,62
2026-04-02T22:00,68
2026-04-02T23:00,73
2026-04-03T00:00,75
2026-04-03T01:00,79
2026-04-03T02:00,82
2026-04-03T03:00,85
2026-04-03T04:00,87
2026-04-03T05:00,79
2026-04-03T06:00,77
2026-04-03T07:00,69
2026-04-03T08:00,60
2026-04-03T09:00,50
2026-04-03T10:00,41
2026-04-03T11:00,37
2026-04-03T12:00,33
2026-04-03T13:00,32
2026-04-03T14:00,31
2026-04-03T15:00,30
2026-04-03T16:00,34
2026-04-03T17:00,42
2026-04-03T18:00,43
2026-04-03T19:00,49
2026-04-03T20:00,57
2026-04-03T21:00,62
2026-04-03T22:00,63
2026-04-03T23:00,67
2026-04-04T00:00,69
2026-04-04T01:00,75
2026-04-04T02:00,77
2026-04-04T03:00,78
2026-04-04T04:00,77
2026-04-04T05:00,83
2026-04-04T06:00,83
2026-04-04T07:00,79
2026-04-04T08:00,67
2026-04-04T09:00,51
2026-04-04T10:00,40
2026-04-04T11:00,37
2026-04-04T12:00,33
2026-04-04T13:00,31
2026-04-04T14:00,29
2026-04-04T15:00,28
2026-04-04T16:00,27
2026-04-04T17:00,26
2026-04-04T18:00,31
2026-04-04T19:00,40
2026-04-04T20:00,50
2026-04-04T21:00,55
2026-04-04T22:00,58
2026-04-04T23:00,60
2026-04-05T00:00,61
2026-04-05T01:00,64
2026-04-05T02:00,69
2026-04-05T03:00,73
2026-04-05T04:00,76
2026-04-05T05:00,79
2026-04-05T06:00,77
2026-04-05T07:00,70
2026-04-05T08:00,59
2026-04-05T09:00,45
2026-04-05T10:00,34
2026-04-05T11:00,30
2026-04-05T12:00,27
2026-04-05T13:00,24
2026-04-05T14:00,21
2026-04-05T15:00,21
2026-04-05T16:00,26
2026-04-05T17:00,29
2026-04-05T18:00,31
2026-04-05T19:00,36
2026-04-05T20:00,42
2026-04-05T21:00,49
2026-04-05T22:00,56
2026-04-05T23:00,61
2026-04-06T00:00,64
2026-04-06T01:00,65
2026-04-06T02:00,67
2026-04-06T03:00,70
2026-04-06T04:00,72
2026-04-06T05:00,76
2026-04-06T06:00,73
2026-04-06T07:00,66
2026-04-06T08:00,51
2026-04-06T09:00,37
2026-04-06T10:00,30
2026-04-06T11:00,27
2026-04-06T12:00,25
2026-04-06T13:00,23
2026-04-06T14:00,23
2026-04-06T15:00,23
2026-04-06T16:00,24
2026-04-06T17:00,28
2026-04-06T18:00,33
2026-04-06T19:00,38
2026-04-06T20:00,43
2026-04-06T21:00,53
2026-04-06T22:00,62
2026-04-06T23:00,67
2026-04-07T00:00,72
2026-04-07T01:00,76
2026-04-07T02:00,79
2026-04-07T03:00,82
2026-04-07T04:00,83
2026-04-07T05:00,87
2026-04-07T06:00,86
2026-04-07T07:00,79
2026-04-07T08:00,67
2026-04-07T09:00,54
2026-04-07T10:00,42
2026-04-07T11:00,36
2026-04-07T12:00,28
2026-04-07T13:00,22
2026-04-07T14:00,19
2026-04-07T15:00,17
2026-04-07T16:00,18
2026-04-07T17:00,18
2026-04-07T18:00,31
2026-04-07T19:00,48
2026-04-07T20:00,54
2026-04-07T21:00,59
2026-04-07T22:00,65
2026-04-07T23:00,71
2026-04-08T00:00,76
2026-04-08T01:00,79
2026-04-08T02:00,81
2026-04-08T03:00,84
2026-04-08T04:00,86
2026-04-08T05:00,86
2026-04-08T06:00,85
2026-04-08T07:00,76
2026-04-08T08:00,59
2026-04-08T09:00,44
2026-04-08T10:00,34
2026-04-08T11:00,29
2026-04-08T12:00,25
2026-04-08T13:00,23
2026-04-08T14:00,21
2026-04-08T15:00,19
2026-04-08T16:00,21
2026-04-08T17:00,22
2026-04-08T18:00,25
2026-04-08T19:00,29
2026-04-08T20:00,39
2026-04-08T21:00,52
2026-04-08T22:00,61
2026-04-08T23:00,67
2026-04-09T00:00,68
2026-04-09T01:00,71
2026-04-09T02:00,73
2026-04-09T03:00,76
2026-04-09T04:00,79
2026-04-09T05:00,80
2026-04-09T06:00,80
2026-04-09T07:00,69
2026-04-09T08:00,57
2026-04-09T09:00,44
2026-04-09T10:00,32
2026-04-09T11:00,26
2026-04-09T12:00,23
2026-04-09T13:00,21
2026-04-09T14:00,20
2026-04-09T15:00,21
2026-04-09T16:00,22
2026-04-09T17:00,25
2026-04-09T18:00,28
2026-04-09T19:00,34
2026-04-09T20:00,43
2026-04-09T21:00,52
2026-04-09T22:00,60
2026-04-09T23:00,67
2026-04-10T00:00,71
2026-04-10T01:00,73
2026-04-10T02:00,75
2026-04-10T03:00,77
2026-04-10T04:00,78
2026-04-10T05:00,76
2026-04-10T06:00,70
2026-04-10T07:00,57
2026-04-10T08:00,42
2026-04-10T09:00,32
2026-04-10T10:00,27
2026-04-10T11:00,26
2026-04-10T12:00,24
2026-04-10T13:00,23
2026-04-10T14:00,22
2026-04-10T15:00,21
2026-04-10T16:00,21
2026-04-10T17:00,22
2026-04-10T18:00,26
2026-04-10T19:00,41
2026-04-10T20:00,33
2026-04-10T21:00,34
2026-04-10T22:00,37
2026-04-10T23:00,45
2026-04-11T00:00,50
2026-04-11T01:00,53
2026-04-11T02:00,54
2026-04-11T03:00,54
2026-04-11T04:00,51
2026-04-11T05:00,57
2026-04-11T06:00,54
2026-04-11T07:00,45
2026-04-11T08:00,34
2026-04-11T09:00,26
2026-04-11T10:00,22
2026-04-11T11:00,22
2026-04-11T12:00,21
2026-04-11T13:00,19
2026-04-11T14:00,19
2026-04-11T15:00,18
2026-04-11T16:00,17
2026-04-11T17:00,17
2026-04-11T18:00,22
2026-04-11T19:00,45
2026-04-11T20:00,57
2026-04-11T21:00,65
2026-04-11T22:00,66
2026-04-11T23:00,67
2026-04-12T00:00,68
2026-04-12T01:00,69
2026-04-12T02:00,70
2026-04-12T03:00,72
2026-04-12T04:00,74
2026-04-12T05:00,76
2026-04-12T06:00,69
2026-04-12T07:00,50
2026-04-12T08:00,33
2026-04-12T09:00,27
2026-04-12T10:00,24
2026-04-12T11:00,23
2026-04-12T12:00,20
2026-04-12T13:00,18
2026-04-12T14:00,17
2026-04-12T15:00,17
2026-04-12T16:00,17
2026-04-12T17:00,16
2026-04-12T18:00,17
2026-04-12T19:00,43
2026-04-12T20:00,54
2026-04-12T21:00,59
2026-04-12T22:00,64
2026-04-12T23:00,66
2026-04-13T00:00,71
2026-04-13T01:00,72
2026-04-13T02:00,77
2026-04-13T03:00,82
2026-04-13T04:00,86
2026-04-13T05:00,88
2026-04-13T06:00,86
2026-04-13T07:00,75
2026-04-13T08:00,64
2026-04-13T09:00,51
2026-04-13T10:00,40
2026-04-13T11:00,32
2026-04-13T12:00,24
2026-04-13T13:00,22
2026-04-13T14:00,20
2026-04-13T15:00,18
2026-04-13T16:00,17
2026-04-13T17:00,20
2026-04-13T18:00,25
2026-04-13T19:00,55
2026-04-13T20:00,60
2026-04-13T21:00,67
2026-04-13T22:00,71
2026-04-13T23:00,75
2026-04-14T00:00,77
2026-04-14T01:00,79
2026-04-14T02:00,79
2026-04-14T03:00,82
2026-04-14T04:00,85
2026-04-14T05:00,90
2026-04-14T06:00,90
2026-04-14T07:00,79
2026-04-14T08:00,59
2026-04-14T09:00,41
2026-04-14T10:00,33
2026-04-14T11:00,26
2026-04-14T12:00,20
2026-04-14T13:00,18
2026-04-14T14:00,16
2026-04-14T15:00,15
2026-04-14T16:00,14
2026-04-14T17:00,13
2026-04-14T18:00,22
2026-04-14T19:00,45
2026-04-14T20:00,50
2026-04-14T21:00,53
2026-04-14T22:00,56
2026-04-14T23:00,59
2026-04-15T00:00,58
2026-04-15T01:00,59
2026-04-15T02:00,64
2026-04-15T03:00,67
2026-04-15T04:00,70
2026-04-15T05:00,76
2026-04-15T06:00,75
2026-04-15T07:00,68
2026-04-15T08:00,52
2026-04-15T09:00,27
2026-04-15T10:00,16
2026-04-15T11:00,16
2026-04-15T12:00,15
2026-04-15T13:00,14
2026-04-15T14:00,13
2026-04-15T15:00,12
2026-04-15T16:00,12
2026-04-15T17:00,12
2026-04-15T18:00,21
2026-04-15T19:00,48
2026-04-15T20:00,50
2026-04-15T21:00,55
2026-04-15T22:00,63
2026-04-15T23:00,71
2026-04-16T00:00,75
2026-04-16T01:00,75
2026-04-16T02:00,78
2026-04-16T03:00,82
2026-04-16T04:00,86
2026-04-16T05:00,91
2026-04-16T06:00,91
2026-04-16T07:00,80
2026-04-16T08:00,60
2026-04-16T09:00,43
2026-04-16T10:00,29
2026-04-16T11:00,25
2026-04-16T12:00,21
2026-04-16T13:00,20
2026-04-16T14:00,19
2026-04-16T15:00,17
2026-04-16T16:00,17
2026-04-16T17:00,19
2026-04-16T18:00,24
2026-04-16T19:00,39
2026-04-16T20:00,46
2026-04-16T21:00,50
2026-04-16T22:00,54
2026-04-16T23:00,60
2026-04-17T00:00,63
2026-04-17T01:00,67
2026-04-17T02:00,69
2026-04-17T03:00,74
2026-04-17T04:00,74
2026-04-17T05:00,83
2026-04-17T06:00,84
2026-04-17T07:00,77
2026-04-17T08:00,61
2026-04-17T09:00,39
2026-04-17T10:00,26
2026-04-17T11:00,16
2026-04-17T12:00,11
2026-04-17T13:00,11
2026-04-17T14:00,11
2026-04-17T15:00,11
2026-04-17T16:00,11
2026-04-17T17:00,11
2026-04-17T18:00,14
2026-04-17T19:00,22
2026-04-17T20:00,45
2026-04-17T21:00,48
2026-04-17T22:00,53
2026-04-17T23:00,57
2026-04-18T00:00,58
2026-04-18T01:00,62
2026-04-18T02:00,64
2026-04-18T03:00,62
2026-04-18T04:00,63
2026-04-18T05:00,65
2026-04-18T06:00,69
2026-04-18T07:00,53
2026-04-18T08:00,37
2026-04-18T09:00,27
2026-04-18T10:00,21
2026-04-18T11:00,22
2026-04-18T12:00,20
2026-04-18T13:00,19
2026-04-18T14:00,19
2026-04-18T15:00,18
2026-04-18T16:00,22
2026-04-18T17:00,21
2026-04-18T18:00,33
2026-04-18T19:00,38
2026-04-18T20:00,55
2026-04-18T21:00,62
2026-04-18T22:00,68
2026-04-18T23:00,70
2026-04-19T00:00,71
2026-04-19T01:00,69
2026-04-19T02:00,70
2026-04-19T03:00,74
2026-04-19T04:00,76
2026-04-19T05:00,78
2026-04-19T06:00,79
2026-04-19T07:00,67
2026-04-19T08:00,48
2026-04-19T09:00,33
2026-04-19T10:00,27
2026-04-19T11:00,24
2026-04-19T12:00,20
2026-04-19T13:00,19
2026-04-19T14:00,21
2026-04-19T15:00,21
2026-04-19T16:00,43
2026-04-19T17:00,35
2026-04-19T18:00,39
2026-04-19T19:00,41
2026-04-19T20:00,42
2026-04-19T21:00,54
2026-04-19T22:00,64
2026-04-19T23:00,55
2026-04-20T00:00,54
2026-04-20T01:00,56
2026-04-20T02:00,57
2026-04-20T03:00,54
2026-04-20T04:00,50
2026-04-20T05:00,68
2026-04-20T06:00,63
2026-04-20T07:00,59
2026-04-20T08:00,49
2026-04-20T09:00,40
2026-04-20T10:00,30
2026-04-20T11:00,24
2026-04-20T12:00,20
2026-04-20T13:00,19
2026-04-20T14:00,19
2026-04-20T15:00,19
2026-04-20T16:00,19
2026-04-20T17:00,18
2026-04-20T18:00,24
2026-04-20T19:00,25
2026-04-20T20:00,35
2026-04-20T21:00,46
2026-04-20T22:00,57
2026-04-20T23:00,66
2026-04-21T00:00,70
2026-04-21T01:00,71
2026-04-21T02:00,72
2026-04-21T03:00,73
2026-04-21T04:00,74
2026-04-21T05:00,76
2026-04-21T06:00,78
2026-04-21T07:00,67
2026-04-21T08:00,54
2026-04-21T09:00,38
2026-04-21T10:00,26
2026-04-21T11:00,27
2026-04-21T12:00,23
2026-04-21T13:00,22
2026-04-21T14:00,21
2026-04-21T15:00,21
2026-04-21T16:00,28
2026-04-21T17:00,23
2026-04-21T18:00,30
2026-04-21T19:00,46
2026-04-21T20:00,55
2026-04-21T21:00,63
2026-04-21T22:00,62
2026-04-21T23:00,63
2026-04-22T00:00,62
2026-04-22T01:00,64
2026-04-22T02:00,66
2026-04-22T03:00,68
2026-04-22T04:00,72
2026-04-22T05:00,75
2026-04-22T06:00,73
2026-04-22T07:00,65
2026-04-22T08:00,54
2026-04-22T09:00,41
2026-04-22T10:00,30
2026-04-22T11:00,28
2026-04-22T12:00,25
2026-04-22T13:00,23
2026-04-22T14:00,21
2026-04-22T15:00,20
2026-04-22T16:00,21
2026-04-22T17:00,19
2026-04-22T18:00,29
2026-04-22T19:00,29
2026-04-22T20:00,46
2026-04-22T21:00,53
2026-04-22T22:00,59
2026-04-22T23:00,63
2026-04-23T00:00,65
2026-04-23T01:00,68
2026-04-23T02:00,70
2026-04-23T03:00,73
2026-04-23T04:00,74
2026-04-23T05:00,79
2026-04-23T06:00,76
2026-04-23T07:00,64
2026-04-23T08:00,45
2026-04-23T09:00,29
2026-04-23T10:00,21
2026-04-23T11:00,22
2026-04-23T12:00,20
2026-04-23T13:00,19
2026-04-23T14:00,19
2026-04-23T15:00,18
2026-04-23T16:00,19
2026-04-23T17:00,15
2026-04-23T18:00,36
2026-04-23T19:00,34
2026-04-23T20:00,41
2026-04-23T21:00,44
2026-04-23T22:00,48
2026-04-23T23:00,49
2026-04-24T00:00,52
2026-04-24T01:00,56
2026-04-24T02:00,55
2026-04-24T03:00,59
2026-04-24T04:00,63
2026-04-24T05:00,61
2026-04-24T06:00,63
2026-04-24T07:00,53
2026-04-24T08:00,46
2026-04-24T09:00,34
2026-04-24T10:00,24
2026-04-24T11:00,23
2026-04-24T12:00,19
2026-04-24T13:00,18
2026-04-24T14:00,16
2026-04-24T15:00,16
2026-04-24T16:00,21
2026-04-24T17:00,14
2026-04-24T18:00,19
2026-04-24T19:00,24
2026-04-24T20:00,28
2026-04-24T21:00,33
2026-04-24T22:00,41
2026-04-24T23:00,37
2026-04-25T00:00,41
2026-04-25T01:00,48
2026-04-25T02:00,52
2026-04-25T03:00,54
2026-04-25T04:00,57
2026-04-25T05:00,55
2026-04-25T06:00,52
2026-04-25T07:00,46
2026-04-25T08:00,32
2026-04-25T09:00,25
2026-04-25T10:00,21
2026-04-25T11:00,21
2026-04-25T12:00,20
2026-04-25T13:00,19
2026-04-25T14:00,18
2026-04-25T15:00,18
2026-04-25T16:00,18
2026-04-25T17:00,16
2026-04-25T18:00,19
2026-04-25T19:00,20
2026-04-25T20:00,21
2026-04-25T21:00,27
2026-04-25T22:00,61
2026-04-25T23:00,66
2026-04-26T00:00,68
2026-04-26T01:00,69
2026-04-26T02:00,71
2026-04-26T03:00,71
2026-04-26T04:00,71
2026-04-26T05:00,83
2026-04-26T06:00,80
2026-04-26T07:00,69
2026-04-26T08:00,53
2026-04-26T09:00,34
2026-04-26T10:00,23
2026-04-26T11:00,21
2026-04-26T12:00,19
2026-04-26T13:00,18
2026-04-26T14:00,17
2026-04-26T15:00,17
2026-04-26T16:00,16
2026-04-26T17:00,15
2026-04-26T18:00,34
2026-04-26T19:00,54
2026-04-26T20:00,66
2026-04-26T21:00,73
2026-04-26T22:00,75
2026-04-26T23:00,79
2026-04-27T00:00,82
2026-04-27T01:00,86
2026-04-27T02:00,88
2026-04-27T03:00,90
2026-04-27T04:00,91
2026-04-27T05:00,94
2026-04-27T06:00,92
2026-04-27T07:00,84
2026-04-27T08:00,68
2026-04-27T09:00,49
2026-04-27T10:00,35
2026-04-27T11:00,30
2026-04-27T12:00,25
2026-04-27T13:00,22
2026-04-27T14:00,24
2026-04-27T15:00,22
2026-04-27T16:00,22
2026-04-27T17:00,25
2026-04-27T18:00,44
2026-04-27T19:00,48
2026-04-27T20:00,61
2026-04-27T21:00,65
2026-04-27T22:00,69
2026-04-27T23:00,76
2026-04-28T00:00,78
2026-04-28T01:00,82
2026-04-28T02:00,85
2026-04-28T03:00,87
2026-04-28T04:00,87
2026-04-28T05:00,87
2026-04-28T06:00,85
2026-04-28T07:00,76
2026-04-28T08:00,63
2026-04-28T09:00,50
2026-04-28T10:00,37
2026-04-28T11:00,33
2026-04-28T12:00,27
2026-04-28T13:00,24
2026-04-28T14:00,20
2026-04-28T15:00,18
2026-04-28T16:00,17
2026-04-28T17:00,17
2026-04-28T18:00,21
2026-04-28T19:00,49
2026-04-28T20:00,62
2026-04-28T21:00,72
2026-04-28T22:00,77
2026-04-28T23:00,81
2026-04-29T00:00,84
2026-04-29T01:00,85
2026-04-29T02:00,86
2026-04-29T03:00,88
2026-04-29T04:00,89
2026-04-29T05:00,92
2026-04-29T06:00,91
2026-04-29T07:00,83
2026-04-29T08:00,68
2026-04-29T09:00,51
2026-04-29T10:00,35
2026-04-29T11:00,31
2026-04-29T12:00,24
2026-04-29T13:00,20
2026-04-29T14:00,18
2026-04-29T15:00,17
2026-04-29T16:00,17
2026-04-29T17:00,17
2026-04-29T18:00,18
2026-04-29T19:00,20
2026-04-29T20:00,52
2026-04-29T21:00,62
2026-04-29T22:00,65
2026-04-29T23:00,67
2026-04-30T00:00,69
2026-04-30T01:00,71
2026-04-30T02:00,73
2026-04-30T03:00,74
2026-04-30T04:00,77
2026-04-30T05:00,81
2026-04-30T06:00,81
2026-04-30T07:00,70
2026-04-30T08:00,53
2026-04-30T09:00,38
2026-04-30T10:00,28
2026-04-30T11:00,24
2026-04-30T12:00,20
2026-04-30T13:00,19
2026-04-30T14:00,18
2026-04-30T15:00,19
2026-04-30T16:00,21
2026-04-30T17:00,21
2026-04-30T18:00,25
2026-04-30T19:00,29
2026-04-30T20:00,35
2026-04-30T21:00,44
2026-04-30T22:00,50
2026-04-30T23:00,56
2026-05-01T00:00,62
2026-05-01T01:00,67
2026-05-01T02:00,70
2026-05-01T03:00,76
2026-05-01T04:00,80
2026-05-01T05:00,79
2026-05-01T06:00,76
2026-05-01T07:00,69
2026-05-01T08:00,58
2026-05-01T09:00,42
2026-05-01T10:00,32
2026-05-01T11:00,30
2026-05-01T12:00,25
2026-05-01T13:00,24
2026-05-01T14:00,24
2026-05-01T15:00,25
2026-05-01T16:00,26
2026-05-01T17:00,29
2026-05-01T18:00,33
2026-05-01T19:00,40
2026-05-01T20:00,46
2026-05-01T21:00,51
2026-05-01T22:00,57
2026-05-01T23:00,63
2026-05-02T00:00,63
2026-05-02T01:00,63
2026-05-02T02:00,65
2026-05-02T03:00,66
2026-05-02T04:00,68
2026-05-02T05:00,71
2026-05-02T06:00,65
2026-05-02T07:00,52
2026-05-02T08:00,38
2026-05-02T09:00,28
2026-05-02T10:00,22
2026-05-02T11:00,19
2026-05-02T12:00,16
2026-05-02T13:00,15
2026-05-02T14:00,16
2026-05-02T15:00,19
2026-05-02T16:00,22
2026-05-02T17:00,30
2026-05-02T18:00,39
2026-05-02T19:00,49
2026-05-02T20:00,58
2026-05-02T21:00,66
2026-05-02T22:00,74
2026-05-02T23:00,80
2026-05-03T00:00,81
2026-05-03T01:00,83
2026-05-03T02:00,86
2026-05-03T03:00,89
2026-05-03T04:00,90
2026-05-03T05:00,92
2026-05-03T06:00,85
2026-05-03T07:00,75
2026-05-03T08:00,62
2026-05-03T09:00,47
2026-05-03T10:00,37
2026-05-03T11:00,29
2026-05-03T12:00,21
2026-05-03T13:00,17
2026-05-03T14:00,14
2026-05-03T15:00,15
2026-05-03T16:00,16
2026-05-03T17:00,20
2026-05-03T18:00,27
2026-05-03T19:00,43
2026-05-03T20:00,57
2026-05-03T21:00,67
2026-05-03T22:00,76
2026-05-03T23:00,78
2026-05-04T00:00,79
2026-05-04T01:00,81
2026-05-04T02:00,81
2026-05-04T03:00,83
2026-05-04T04:00,86
2026-05-04T05:00,86
2026-05-04T06:00,84
2026-05-04T07:00,77
2026-05-04T08:00,62
2026-05-04T09:00,44
2026-05-04T10:00,30
2026-05-04T11:00,20
2026-05-04T12:00,17
2026-05-04T13:00,13
2026-05-04T14:00,12
2026-05-04T15:00,13
2026-05-04T16:00,15
2026-05-04T17:00,17
2026-05-04T18:00,22
2026-05-04T19:00,34
2026-05-04T20:00,47
2026-05-04T21:00,60
2026-05-04T22:00,71
2026-05-04T23:00,75
2026-05-05T00:00,79
2026-05-05T01:00,82
2026-05-05T02:00,84
2026-05-05T03:00,86
2026-05-05T04:00,86
2026-05-05T05:00,86
2026-05-05T06:00,81
2026-05-05T07:00,74
2026-05-05T08:00,62
2026-05-05T09:00,47
2026-05-05T10:00,33
2026-05-05T11:00,24
2026-05-05T12:00,19
2026-05-05T13:00,17
2026-05-05T14:00,16
2026-05-05T15:00,16
2026-05-05T16:00,16
2026-05-05T17:00,15
2026-05-05T18:00,32
2026-05-05T19:00,32
2026-05-05T20:00,55
2026-05-05T21:00,73
2026-05-05T22:00,76
2026-05-05T23:00,80
2026-05-06T00:00,83
2026-05-06T01:00,85
2026-05-06T02:00,85
2026-05-06T03:00,85
2026-05-06T04:00,86
2026-05-06T05:00,92
2026-05-06T06:00,86
2026-05-06T07:00,75
2026-05-06T08:00,58
2026-05-06T09:00,42
2026-05-06T10:00,30
2026-05-06T11:00,24
2026-05-06T12:00,19
2026-05-06T13:00,18
2026-05-06T14:00,17
2026-05-06T15:00,16
2026-05-06T16:00,15
2026-05-06T17:00,13
2026-05-06T18:00,19
2026-05-06T19:00,19
2026-05-06T20:00,48
2026-05-06T21:00,52
2026-05-06T22:00,58
2026-05-06T23:00,65
2026-05-07T00:00,68
2026-05-07T01:00,70
2026-05-07T02:00,72
2026-05-07T03:00,69
2026-05-07T04:00,70
2026-05-07T05:00,77
2026-05-07T06:00,73
2026-05-07T07:00,60
2026-05-07T08:00,46
2026-05-07T09:00,39
2026-05-07T10:00,34
2026-05-07T11:00,28
2026-05-07T12:00,25
2026-05-07T13:00,23
2026-05-07T14:00,21
2026-05-07T15:00,22
2026-05-07T16:00,22
2026-05-07T17:00,25
2026-05-07T18:00,39
2026-05-07T19:00,44
2026-05-07T20:00,46
2026-05-07T21:00,50
2026-05-07T22:00,52
2026-05-07T23:00,57
2026-05-08T00:00,63
2026-05-08T01:00,65
2026-05-08T02:00,68
2026-05-08T03:00,68
2026-05-08T04:00,69
2026-05-08T05:00,54
2026-05-08T06:00,51
2026-05-08T07:00,50
2026-05-08T08:00,43
2026-05-08T09:00,38
2026-05-08T10:00,33
2026-05-08T11:00,32
2026-05-08T12:00,29
2026-05-08T13:00,26
2026-05-08T14:00,25
2026-05-08T15:00,24
2026-05-08T16:00,25
2026-05-08T17:00,25
2026-05-08T18:00,24
2026-05-08T19:00,26
2026-05-08T20:00,30
2026-05-08T21:00,36
2026-05-08T22:00,45
2026-05-08T23:00,48
2026-05-09T00:00,47
2026-05-09T01:00,47
2026-05-09T02:00,52
2026-05-09T03:00,56
2026-05-09T04:00,56
2026-05-09T05:00,57
2026-05-09T06:00,55
2026-05-09T07:00,50
2026-05-09T08:00,45
2026-05-09T09:00,39
2026-05-09T10:00,33
2026-05-09T11:00,32
2026-05-09T12:00,29
2026-05-09T13:00,25
2026-05-09T14:00,23
2026-05-09T15:00,23
2026-05-09T16:00,21
2026-05-09T17:00,21
2026-05-09T18:00,27
2026-05-09T19:00,31
2026-05-09T20:00,35
2026-05-09T21:00,37
2026-05-09T22:00,40
2026-05-09T23:00,51
2026-05-10T00:00,55
2026-05-10T01:00,55
2026-05-10T02:00,59
2026-05-10T03:00,60
2026-05-10T04:00,58
2026-05-10T05:00,62
2026-05-10T06:00,66
2026-05-10T07:00,54
2026-05-10T08:00,40
2026-05-10T09:00,28
2026-05-10T10:00,24
2026-05-10T11:00,23
2026-05-10T12:00,21
2026-05-10T13:00,19
2026-05-10T14:00,17
2026-05-10T15:00,18
2026-05-10T16:00,17
2026-05-10T17:00,17
2026-05-10T18:00,21
2026-05-10T19:00,24
2026-05-10T20:00,39
2026-05-10T21:00,54
2026-05-10T22:00,57
2026-05-10T23:00,62
2026-05-11T00:00,65
2026-05-11T01:00,66
2026-05-11T02:00,67
2026-05-11T03:00,67
2026-05-11T04:00,70
2026-05-11T05:00,76
2026-05-11T06:00,73
2026-05-11T07:00,69
2026-05-11T08:00,61
2026-05-11T09:00,49
2026-05-11T10:00,38
2026-05-11T11:00,35
2026-05-11T12:00,26
2026-05-11T13:00,21
2026-05-11T14:00,17
2026-05-11T15:00,16
2026-05-11T16:00,14
2026-05-11T17:00,16
2026-05-11T18:00,42
2026-05-11T19:00,69
2026-05-11T20:00,73
2026-05-11T21:00,73
2026-05-11T22:00,76
2026-05-11T23:00,80
2026-05-12T00:00,79
2026-05-12T01:00,79
2026-05-12T02:00,80
2026-05-12T03:00,83
2026-05-12T04:00,86
2026-05-12T05:00,90
2026-05-12T06:00,87
2026-05-12T07:00,75
2026-05-12T08:00,58
2026-05-12T09:00,43
2026-05-12T10:00,32
2026-05-12T11:00,30
2026-05-12T12:00,26
2026-05-12T13:00,22
2026-05-12T14:00,19
2026-05-12T15:00,16
2026-05-12T16:00,16
2026-05-12T17:00,22
2026-05-12T18:00,44
2026-05-12T19:00,52
2026-05-12T20:00,54
2026-05-12T21:00,58
2026-05-12T22:00,62
2026-05-12T23:00,70
2026-05-13T00:00,74
2026-05-13T01:00,78
2026-05-13T02:00,80
2026-05-13T03:00,81
2026-05-13T04:00,85
2026-05-13T05:00,76
2026-05-13T06:00,76
2026-05-13T07:00,66
2026-05-13T08:00,53
2026-05-13T09:00,43
2026-05-13T10:00,36
2026-05-13T11:00,35
2026-05-13T12:00,32
2026-05-13T13:00,29
2026-05-13T14:00,28
2026-05-13T15:00,40
2026-05-13T16:00,36
2026-05-13T17:00,47
2026-05-13T18:00,64
2026-05-13T19:00,75
2026-05-13T20:00,75
2026-05-13T21:00,74
2026-05-13T22:00,74
2026-05-13T23:00,73
2026-05-14T00:00,75
2026-05-14T01:00,77
2026-05-14T02:00,78
2026-05-14T03:00,77
2026-05-14T04:00,90
2026-05-14T05:00,83
2026-05-14T06:00,82
2026-05-14T07:00,90
2026-05-14T08:00,79
2026-05-14T09:00,69
2026-05-14T10:00,59
2026-05-14T11:00,32
2026-05-14T12:00,29
2026-05-14T13:00,26
2026-05-14T14:00,25
2026-05-14T15:00,27
2026-05-14T16:00,33
2026-05-14T17:00,39
2026-05-14T18:00,66
2026-05-14T19:00,74
2026-05-14T20:00,73
2026-05-14T21:00,77
2026-05-14T22:00,80
2026-05-14T23:00,81
2026-05-15T00:00,82
2026-05-15T01:00,84
2026-05-15T02:00,86
2026-05-15T03:00,87
2026-05-15T04:00,88
2026-05-15T05:00,90
2026-05-15T06:00,86
2026-05-15T07:00,77
2026-05-15T08:00,63
2026-05-15T09:00,48
2026-05-15T10:00,37
2026-05-15T11:00,38
2026-05-15T12:00,30
2026-05-15T13:00,25
2026-05-15T14:00,22
2026-05-15T15:00,21
2026-05-15T16:00,21
2026-05-15T17:00,22
2026-05-15T18:00,34
2026-05-15T19:00,43
2026-05-15T20:00,52
2026-05-15T21:00,60
2026-05-15T22:00,64
2026-05-15T23:00,70
2026-05-16T00:00,73
2026-05-16T01:00,75
2026-05-16T02:00,78
2026-05-16T03:00,79
2026-05-16T04:00,78
2026-05-16T05:00,82
2026-05-16T06:00,82
2026-05-16T07:00,72
2026-05-16T08:00,58
2026-05-16T09:00,44
2026-05-16T10:00,34
2026-05-16T11:00,30
2026-05-16T12:00,24
2026-05-16T13:00,20
2026-05-16T14:00,19
2026-05-16T15:00,19
2026-05-16T16:00,19
2026-05-16T17:00,20
2026-05-16T18:00,26
2026-05-16T19:00,56
2026-05-16T20:00,64
2026-05-16T21:00,69
2026-05-16T22:00,77
2026-05-16T23:00,81
2026-05-17T00:00,85
2026-05-17T01:00,87
2026-05-17T02:00,88
2026-05-17T03:00,87
2026-05-17T04:00,87
2026-05-17T05:00,87
2026-05-17T06:00,87
2026-05-17T07:00,79
2026-05-17T08:00,68
2026-05-17T09:00,51
2026-05-17T10:00,35
2026-05-17T11:00,26
2026-05-17T12:00,22
2026-05-17T13:00,22
2026-05-17T14:00,22
2026-05-17T15:00,21
2026-05-17T16:00,20
2026-05-17T17:00,21
2026-05-17T18:00,24
2026-05-17T19:00,59
2026-05-17T20:00,62
2026-05-17T21:00,68
2026-05-17T22:00,74
2026-05-17T23:00,78
2026-05-18T00:00,79
2026-05-18T01:00,79
2026-05-18T02:00,83
2026-05-18T03:00,87
2026-05-18T04:00,89
2026-05-18T05:00,92
2026-05-18T06:00,89
2026-05-18T07:00,79
2026-05-18T08:00,64
2026-05-18T09:00,48
2026-05-18T10:00,36
2026-05-18T11:00,37
2026-05-18T12:00,33
2026-05-18T13:00,29
2026-05-18T14:00,27
2026-05-18T15:00,24
2026-05-18T16:00,26
2026-05-18T17:00,28
2026-05-18T18:00,64
2026-05-18T19:00,66
2026-05-18T20:00,69
2026-05-18T21:00,74
2026-05-18T22:00,79
2026-05-18T23:00,82
2026-05-19T00:00,84
2026-05-19T01:00,83
2026-05-19T02:00,88
2026-05-19T03:00,91
2026-05-19T04:00,91
2026-05-19T05:00,81
2026-05-19T06:00,80
2026-05-19T07:00,74
2026-05-19T08:00,65
2026-05-19T09:00,57
2026-05-19T10:00,52
2026-05-19T11:00,53
2026-05-19T12:00,46
2026-05-19T13:00,42
2026-05-19T14:00,49
2026-05-19T15:00,52
2026-05-19T16:00,52
2026-05-19T17:00,54
2026-05-19T18:00,60
2026-05-19T19:00,68
2026-05-19T20:00,72
2026-05-19T21:00,75
2026-05-19T22:00,77
2026-05-19T23:00,78
2026-05-20T00:00,81
2026-05-20T01:00,83
2026-05-20T02:00,85
2026-05-20T03:00,86
2026-05-20T04:00,85
2026-05-20T05:00,86
2026-05-20T06:00,85
2026-05-20T07:00,79
2026-05-20T08:00,71
2026-05-20T09:00,66
2026-05-20T10:00,60
2026-05-20T11:00,50
2026-05-20T12:00,43
2026-05-20T13:00,40
2026-05-20T14:00,41
2026-05-20T15:00,44
2026-05-20T16:00,51
2026-05-20T17:00,46
2026-05-20T18:00,50
2026-05-20T19:00,55
2026-05-20T20:00,59
2026-05-20T21:00,63
2026-05-20T22:00,66
2026-05-20T23:00,67
2026-05-21T00:00,69
2026-05-21T01:00,72
2026-05-21T02:00,74
2026-05-21T03:00,76
2026-05-21T04:00,79
2026-05-21T05:00,81
2026-05-21T06:00,81
2026-05-21T07:00,75
2026-05-21T08:00,64
2026-05-21T09:00,52
2026-05-21T10:00,47
2026-05-21T11:00,44
2026-05-21T12:00,39
2026-05-21T13:00,37
2026-05-21T14:00,36
2026-05-21T15:00,36
2026-05-21T16:00,37
2026-05-21T17:00,43
2026-05-21T18:00,53
2026-05-21T19:00,58
2026-05-21T20:00,66
2026-05-21T21:00,71
2026-05-21T22:00,74
2026-05-21T23:00,76
2026-05-22T00:00,78
2026-05-22T01:00,80
2026-05-22T02:00,81
2026-05-22T03:00,80
2026-05-22T04:00,80
2026-05-22T05:00,83
2026-05-22T06:00,82
2026-05-22T07:00,77
2026-05-22T08:00,69
2026-05-22T09:00,60
2026-05-22T10:00,51
2026-05-22T11:00,55
2026-05-22T12:00,49
2026-05-22T13:00,45
2026-05-22T14:00,42
2026-05-22T15:00,41
2026-05-22T16:00,44
2026-05-22T17:00,73
2026-05-22T18:00,74
2026-05-22T19:00,75
2026-05-22T20:00,76
2026-05-22T21:00,77
2026-05-22T22:00,75
2026-05-22T23:00,70
2026-05-23T00:00,75
2026-05-23T01:00,79
2026-05-23T02:00,81
2026-05-23T03:00,82
2026-05-23T04:00,83
2026-05-23T05:00,87
2026-05-23T06:00,86
2026-05-23T07:00,77
2026-05-23T08:00,67
2026-05-23T09:00,53
2026-05-23T10:00,47
2026-05-23T11:00,46
2026-05-23T12:00,44
2026-05-23T13:00,46
2026-05-23T14:00,47
2026-05-23T15:00,53
2026-05-23T16:00,68
2026-05-23T17:00,58
2026-05-23T18:00,61
2026-05-23T19:00,65
2026-05-23T20:00,68
2026-05-23T21:00,74
2026-05-23T22:00,78
2026-05-23T23:00,82
2026-05-24T00:00,84
2026-05-24T01:00,84
2026-05-24T02:00,86
2026-05-24T03:00,86
2026-05-24T04:00,86
2026-05-24T05:00,87
2026-05-24T06:00,86
2026-05-24T07:00,78
2026-05-24T08:00,69
2026-05-24T09:00,62
2026-05-24T10:00,55
2026-05-24T11:00,49
2026-05-24T12:00,48
2026-05-24T13:00,69
2026-05-24T14:00,63
2026-05-24T15:00,64
2026-05-24T16:00,61
2026-05-24T17:00,55
2026-05-24T18:00,63
2026-05-24T19:00,69
2026-05-24T20:00,74
2026-05-24T21:00,77
2026-05-24T22:00,80
2026-05-24T23:00,82
2026-05-25T00:00,85
2026-05-25T01:00,86
2026-05-25T02:00,89
2026-05-25T03:00,91
2026-05-25T04:00,92
2026-05-25T05:00,91
2026-05-25T06:00,89
2026-05-25T07:00,81
2026-05-25T08:00,68
2026-05-25T09:00,60
2026-05-25T10:00,52
2026-05-25T11:00,44
2026-05-25T12:00,41
2026-05-25T13:00,39
2026-05-25T14:00,38
2026-05-25T15:00,37
2026-05-25T16:00,43
2026-05-25T17:00,50
2026-05-25T18:00,57
2026-05-25T19:00,64
2026-05-25T20:00,69
2026-05-25T21:00,74
2026-05-25T22:00,80
2026-05-25T23:00,84
2026-05-26T00:00,86
2026-05-26T01:00,87
2026-05-26T02:00,89
2026-05-26T03:00,90
2026-05-26T04:00,89
2026-05-26T05:00,87
2026-05-26T06:00,86
2026-05-26T07:00,79
2026-05-26T08:00,71
2026-05-26T09:00,61
2026-05-26T10:00,53
2026-05-26T11:00,50
2026-05-26T12:00,47
2026-05-26T13:00,42
2026-05-26T14:00,39
2026-05-26T15:00,37
2026-05-26T16:00,38
2026-05-26T17:00,54
2026-05-26T18:00,52
2026-05-26T19:00,59
2026-05-26T20:00,64
2026-05-26T21:00,68
2026-05-26T22:00,74
2026-05-26T23:00,78
2026-05-27T00:00,81
2026-05-27T01:00,82
2026-05-27T02:00,84
2026-05-27T03:00,85
2026-05-27T04:00,86
2026-05-27T05:00,87
2026-05-27T06:00,87
2026-05-27T07:00,77
2026-05-27T08:00,66
2026-05-27T09:00,58
2026-05-27T10:00,49
2026-05-27T11:00,44
2026-05-27T12:00,45
2026-05-27T13:00,42
2026-05-27T14:00,38
2026-05-27T15:00,37
2026-05-27T16:00,39
2026-05-27T17:00,38
2026-05-27T18:00,43
2026-05-27T19:00,53
2026-05-27T20:00,61
2026-05-27T21:00,69
2026-05-27T22:00,74
2026-05-27T23:00,79
2026-05-28T00:00,83
2026-05-28T01:00,85
2026-05-28T02:00,87
2026-05-28T03:00,89
2026-05-28T04:00,90
2026-05-28T05:00,90
2026-05-28T06:00,87
2026-05-28T07:00,77
2026-05-28T08:00,62
2026-05-28T09:00,50
2026-05-28T10:00,41
2026-05-28T11:00,38
2026-05-28T12:00,35
2026-05-28T13:00,34
2026-05-28T14:00,33
2026-05-28T15:00,32
2026-05-28T16:00,33
2026-05-28T17:00,34
2026-05-28T18:00,38
2026-05-28T19:00,48
2026-05-28T20:00,53
2026-05-28T21:00,59
2026-05-28T22:00,67
2026-05-28T23:00,74
2026-05-29T00:00,78
2026-05-29T01:00,80
2026-05-29T02:00,82
2026-05-29T03:00,84
2026-05-29T04:00,85
2026-05-29T05:00,86
2026-05-29T06:00,84
2026-05-29T07:00,74
2026-05-29T08:00,63
2026-05-29T09:00,54
2026-05-29T10:00,46
2026-05-29T11:00,42
2026-05-29T12:00,37
2026-05-29T13:00,34
2026-05-29T14:00,32
2026-05-29T15:00,32
2026-05-29T16:00,31
2026-05-29T17:00,38
2026-05-29T18:00,49
2026-05-29T19:00,54
2026-05-29T20:00,59
2026-05-29T21:00,65
2026-05-29T22:00,71
2026-05-29T23:00,74
2026-05-30T00:00,77
2026-05-30T01:00,79
2026-05-30T02:00,82
2026-05-30T03:00,84
2026-05-30T04:00,85
2026-05-30T05:00,87
2026-05-30T06:00,83
2026-05-30T07:00,74
2026-05-30T08:00,64
2026-05-30T09:00,54
2026-05-30T10:00,46
2026-05-30T11:00,41
2026-05-30T12:00,37
2026-05-30T13:00,34
2026-05-30T14:00,31
2026-05-30T15:00,28
2026-05-30T16:00,27
2026-05-30T17:00,24
2026-05-30T18:00,30
2026-05-30T19:00,44
2026-05-30T20:00,54
2026-05-30T21:00,68
2026-05-30T22:00,76
2026-05-30T23:00,78
2026-05-31T00:00,80
2026-05-31T01:00,81
2026-05-31T02:00,82
2026-05-31T03:00,83
2026-05-31T04:00,83
2026-05-31T05:00,88
2026-05-31T06:00,87
2026-05-31T07:00,79
2026-05-31T08:00,66
2026-05-31T09:00,53
2026-05-31T10:00,47
2026-05-31T11:00,45
2026-05-31T12:00,40
2026-05-31T13:00,35
2026-05-31T14:00,33
2026-05-31T15:00,33
2026-05-31T16:00,44
2026-05-31T17:00,33
2026-05-31T18:00,38
2026-05-31T19:00,48
2026-05-31T20:00,54
2026-05-31T21:00,62
2026-05-31T22:00,72
2026-05-31T23:00,76
2026-06-01T00:00,78
2026-06-01T01:00,79
2026-06-01T02:00,81
2026-06-01T03:00,82
2026-06-01T04:00,83
2026-06-01T05:00,85
2026-06-01T06:00,84
2026-06-01T07:00,75
2026-06-01T08:00,63
2026-06-01T09:00,49
2026-06-01T10:00,40
2026-06-01T11:00,38
2026-06-01T12:00,33
2026-06-01T13:00,31
2026-06-01T14:00,30
2026-06-01T15:00,33
2026-06-01T16:00,62
2026-06-01T17:00,45
2026-06-01T18:00,46
2026-06-01T19:00,54
2026-06-01T20:00,58
2026-06-01T21:00,64
2026-06-01T22:00,66
2026-06-01T23:00,67
2026-06-02T00:00,73
2026-06-02T01:00,76
2026-06-02T02:00,78
2026-06-02T03:00,78
2026-06-02T04:00,78
2026-06-02T05:00,78
2026-06-02T06:00,76
2026-06-02T07:00,68
2026-06-02T08:00,60
2026-06-02T09:00,52
2026-06-02T10:00,43
2026-06-02T11:00,39
2026-06-02T12:00,33
2026-06-02T13:00,30
2026-06-02T14:00,30
2026-06-02T15:00,35
2026-06-02T16:00,50
2026-06-02T17:00,48
2026-06-02T18:00,46
2026-06-02T19:00,51
2026-06-02T20:00,57
2026-06-02T21:00,63
2026-06-02T22:00,67
2026-06-02T23:00,69
2026-06-03T00:00,71
2026-06-03T01:00,75
2026-06-03T02:00,77
2026-06-03T03:00,79
2026-06-03T04:00,80
2026-06-03T05:00,83
2026-06-03T06:00,81
2026-06-03T07:00,77
2026-06-03T08:00,70
2026-06-03T09:00,64
2026-06-03T10:00,59
2026-06-03T11:00,61
2026-06-03T12:00,64
2026-06-03T13:00,58
2026-06-03T14:00,62
2026-06-03T15:00,58
2026-06-03T16:00,55
2026-06-03T17:00,43
2026-06-03T18:00,53
2026-06-03T19:00,64
2026-06-03T20:00,68
2026-06-03T21:00,68
2026-06-03T22:00,70
2026-06-03T23:00,75
2026-06-04T00:00,77
2026-06-04T01:00,77
2026-06-04T02:00,77
2026-06-04T03:00,77
2026-06-04T04:00,78
2026-06-04T05:00,83
2026-06-04T06:00,82
2026-06-04T07:00,76
2026-06-04T08:00,66
2026-06-04T09:00,57
2026-06-04T10:00,50
2026-06-04T11:00,48
2026-06-04T12:00,45
2026-06-04T13:00,42
2026-06-04T14:00,39
2026-06-04T15:00,39
2026-06-04T16:00,61
2026-06-04T17:00,85
2026-06-04T18:00,87
2026-06-04T19:00,85
2026-06-04T20:00,84
2026-06-04T21:00,83
2026-06-04T22:00,85
2026-06-04T23:00,86
2026-06-05T00:00,88
2026-06-05T01:00,89
2026-06-05T02:00,89
2026-06-05T03:00,90
2026-06-05T04:00,92
2026-06-05T05:00,89
2026-06-05T06:00,86
2026-06-05T07:00,79
2026-06-05T08:00,72
2026-06-05T09:00,60
2026-06-05T10:00,51
2026-06-05T11:00,49
2026-06-05T12:00,46
2026-06-05T13:00,43
2026-06-05T14:00,43
2026-06-05T15:00,43
2026-06-05T16:00,74
2026-06-05T17:00,55
2026-06-05T18:00,61
2026-06-05T19:00,69
2026-06-05T20:00,75
2026-06-05T21:00,80
2026-06-05T22:00,83
2026-06-05T23:00,78
2026-06-06T00:00,79
2026-06-06T01:00,82
2026-06-06T02:00,84
2026-06-06T03:00,85
2026-06-06T04:00,87
2026-06-06T05:00,85
2026-06-06T06:00,85
2026-06-06T07:00,79
2026-06-06T08:00,71
2026-06-06T09:00,68
2026-06-06T10:00,65
2026-06-06T11:00,56
2026-06-06T12:00,48
2026-06-06T13:00,44
2026-06-06T14:00,42
2026-06-06T15:00,65
2026-06-06T16:00,61
2026-06-06T17:00,59
2026-06-06T18:00,64
2026-06-06T19:00,73
2026-06-06T20:00,78
2026-06-06T21:00,83
2026-06-06T22:00,87
2026-06-06T23:00,84
2026-06-07T00:00,83
2026-06-07T01:00,81
2026-06-07T02:00,81
2026-06-07T03:00,81
2026-06-07T04:00,85
2026-06-07T05:00,87
2026-06-07T06:00,87
2026-06-07T07:00,81
2026-06-07T08:00,74
2026-06-07T09:00,67
2026-06-07T10:00,59
2026-06-07T11:00,55
2026-06-07T12:00,47
2026-06-07T13:00,41
2026-06-07T14:00,50
2026-06-07T15:00,48
2026-06-07T16:00,48
2026-06-07T17:00,66
2026-06-07T18:00,68
2026-06-07T19:00,73
2026-06-07T20:00,78
2026-06-07T21:00,81
2026-06-07T22:00,84
2026-06-07T23:00,87
2026-06-08T00:00,94
2026-06-08T01:00,95
2026-06-08T02:00,96
2026-06-08T03:00,96
2026-06-08T04:00,96
2026-06-08T05:00,97
2026-06-08T06:00,96
2026-06-08T07:00,92
2026-06-08T08:00,85
2026-06-08T09:00,78
2026-06-08T10:00,67
2026-06-08T11:00,66
2026-06-08T12:00,62
2026-06-08T13:00,57
2026-06-08T14:00,54
2026-06-08T15:00,57
2026-06-08T16:00,59
2026-06-08T17:00,60
2026-06-08T18:00,72
2026-06-08T19:00,78
2026-06-08T20:00,82
2026-06-08T21:00,84
2026-06-08T22:00,85
2026-06-08T23:00,88
2026-06-09T00:00,88
2026-06-09T01:00,89
2026-06-09T02:00,85
2026-06-09T03:00,85
2026-06-09T04:00,85
2026-06-09T05:00,88
2026-06-09T06:00,88
2026-06-09T07:00,81
2026-06-09T08:00,77
2026-06-09T09:00,70
2026-06-09T10:00,71
2026-06-09T11:00,65
2026-06-09T12:00,68
2026-06-09T13:00,62
2026-06-09T14:00,67
2026-06-09T15:00,72
2026-06-09T16:00,67
2026-06-09T17:00,79
2026-06-09T18:00,79
2026-06-09T19:00,82
2026-06-09T20:00,86
2026-06-09T21:00,88
2026-06-09T22:00,88
2026-06-09T23:00,87
2026-06-10T00:00,88
2026-06-10T01:00,86
2026-06-10T02:00,87
2026-06-10T03:00,87
2026-06-10T04:00,88
2026-06-10T05:00,91
2026-06-10T06:00,89
2026-06-10T07:00,83
2026-06-10T08:00,76
2026-06-10T09:00,72
2026-06-10T10:00,63
2026-06-10T11:00,58
2026-06-10T12:00,54
2026-06-10T13:00,51
2026-06-10T14:00,48
2026-06-10T15:00,68
2026-06-10T16:00,63
2026-06-10T17:00,62
2026-06-10T18:00,68
2026-06-10T19:00,76
2026-06-10T20:00,80
2026-06-10T21:00,85
2026-06-10T22:00,88
2026-06-10T23:00,87
2026-06-11T00:00,85
2026-06-11T01:00,89
2026-06-11T02:00,91
2026-06-11T03:00,90
2026-06-11T04:00,88
2026-06-11T05:00,90
2026-06-11T06:00,89
2026-06-11T07:00,81
2026-06-11T08:00,70
2026-06-11T09:00,61
2026-06-11T10:00,53
2026-06-11T11:00,46
2026-06-11T12:00,38
2026-06-11T13:00,38
2026-06-11T14:00,39
2026-06-11T15:00,40
2026-06-11T16:00,42
2026-06-11T17:00,42
2026-06-11T18:00,52
2026-06-11T19:00,60
2026-06-11T20:00,73
2026-06-11T21:00,79
2026-06-11T22:00,82
2026-06-11T23:00,83
2026-06-12T00:00,85
2026-06-12T01:00,87
2026-06-12T02:00,89
2026-06-12T03:00,90
2026-06-12T04:00,91
2026-06-12T05:00,92
2026-06-12T06:00,89
2026-06-12T07:00,77
2026-06-12T08:00,63
2026-06-12T09:00,55
2026-06-12T10:00,47
2026-06-12T11:00,42
2026-06-12T12:00,39
2026-06-12T13:00,39
2026-06-12T14:00,37
2026-06-12T15:00,50
2026-06-12T16:00,60
2026-06-12T17:00,60
2026-06-12T18:00,59
2026-06-12T19:00,66
2026-06-12T20:00,71
2026-06-12T21:00,76
2026-06-12T22:00,80
2026-06-12T23:00,83
2026-06-13T00:00,85
2026-06-13T01:00,87
2026-06-13T02:00,88
2026-06-13T03:00,89
2026-06-13T04:00,89
2026-06-13T05:00,89
2026-06-13T06:00,89
2026-06-13T07:00,81
2026-06-13T08:00,71
2026-06-13T09:00,62
2026-06-13T10:00,54
2026-06-13T11:00,42
2026-06-13T12:00,39
2026-06-13T13:00,37
2026-06-13T14:00,37
2026-06-13T15:00,44
2026-06-13T16:00,56
2026-06-13T17:00,51
2026-06-13T18:00,57
2026-06-13T19:00,62
2026-06-13T20:00,66
2026-06-13T21:00,73
2026-06-13T22:00,78
2026-06-13T23:00,81
2026-06-14T00:00,83
2026-06-14T01:00,85
2026-06-14T02:00,87
2026-06-14T03:00,88
2026-06-14T04:00,89
2026-06-14T05:00,86
2026-06-14T06:00,84
2026-06-14T07:00,76
2026-06-14T08:00,66
2026-06-14T09:00,56
2026-06-14T10:00,46
2026-06-14T11:00,37
2026-06-14T12:00,33
2026-06-14T13:00,32
2026-06-14T14:00,30
2026-06-14T15:00,44
2026-06-14T16:00,44
2026-06-14T17:00,53
2026-06-14T18:00,58
2026-06-14T19:00,65
2026-06-14T20:00,70
2026-06-14T21:00,74
2026-06-14T22:00,77
2026-06-14T23:00,80
2026-06-15T00:00,83
2026-06-15T01:00,85
2026-06-15T02:00,86
2026-06-15T03:00,87
2026-06-15T04:00,88
2026-06-15T05:00,88
2026-06-15T06:00,87
2026-06-15T07:00,76
2026-06-15T08:00,65
2026-06-15T09:00,56
2026-06-15T10:00,46
2026-06-15T11:00,36
2026-06-15T12:00,32
2026-06-15T13:00,34
2026-06-15T14:00,33
2026-06-15T15:00,28
2026-06-15T16:00,42
2026-06-15T17:00,44
2026-06-15T18:00,49
2026-06-15T19:00,58
2026-06-15T20:00,65
2026-06-15T21:00,71
2026-06-15T22:00,75
2026-06-15T23:00,80
2026-06-16T00:00,83
2026-06-16T01:00,86
2026-06-16T02:00,88
2026-06-16T03:00,89
2026-06-16T04:00,89
2026-06-16T05:00,93
2026-06-16T06:00,91
2026-06-16T07:00,78
2026-06-16T08:00,65
2026-06-16T09:00,53
2026-06-16T10:00,42
2026-06-16T11:00,36
2026-06-16T12:00,28
2026-06-16T13:00,24
2026-06-16T14:00,20
2026-06-16T15:00,21
2026-06-16T16:00,29
2026-06-16T17:00,44
2026-06-16T18:00,52
2026-06-16T19:00,60
2026-06-16T20:00,67
2026-06-16T21:00,73
2026-06-16T22:00,77
2026-06-16T23:00,80
2026-06-17T00:00,84
2026-06-17T01:00,86
2026-06-17T02:00,87
2026-06-17T03:00,88
2026-06-17T04:00,88
2026-06-17T05:00,91
2026-06-17T06:00,89
2026-06-17T07:00,80
2026-06-17T08:00,67
2026-06-17T09:00,55
2026-06-17T10:00,46
2026-06-17T11:00,39
2026-06-17T12:00,37
2026-06-17T13:00,30
2026-06-17T14:00,33
2026-06-17T15:00,42
2026-06-17T16:00,41
2026-06-17T17:00,36
2026-06-17T18:00,45
2026-06-17T19:00,53
2026-06-17T20:00,62
2026-06-17T21:00,67
2026-06-17T22:00,71
2026-06-17T23:00,75
2026-06-18T00:00,78
2026-06-18T01:00,78
2026-06-18T02:00,79
2026-06-18T03:00,80
2026-06-18T04:00,81
2026-06-18T05:00,83
2026-06-18T06:00,82
2026-06-18T07:00,75
2026-06-18T08:00,64
2026-06-18T09:00,53
2026-06-18T10:00,45
2026-06-18T11:00,38
2026-06-18T12:00,33
2026-06-18T13:00,30
2026-06-18T14:00,29
2026-06-18T15:00,30
2026-06-18T16:00,31
2026-06-18T17:00,33
2026-06-18T18:00,38
2026-06-18T19:00,45
2026-06-18T20:00,49
2026-06-18T21:00,55
2026-06-18T22:00,61
2026-06-18T23:00,67
2026-06-19T00:00,73
2026-06-19T01:00,79
2026-06-19T02:00,81
2026-06-19T03:00,81
2026-06-19T04:00,81
2026-06-19T05:00,84
2026-06-19T06:00,83
2026-06-19T07:00,76
2026-06-19T08:00,66
2026-06-19T09:00,55
2026-06-19T10:00,47
2026-06-19T11:00,40
2026-06-19T12:00,37
2026-06-19T13:00,32
2026-06-19T14:00,31
2026-06-19T15:00,34
2026-06-19T16:00,36
2026-06-19T17:00,39
2026-06-19T18:00,49
2026-06-19T19:00,53
2026-06-19T20:00,59
2026-06-19T21:00,63
2026-06-19T22:00,68
2026-06-19T23:00,71
2026-06-20T00:00,74
2026-06-20T01:00,77
2026-06-20T02:00,80
2026-06-20T03:00,82
2026-06-20T04:00,84
2026-06-20T05:00,86
2026-06-20T06:00,85
2026-06-20T07:00,77
2026-06-20T08:00,66
2026-06-20T09:00,56
2026-06-20T10:00,46
2026-06-20T11:00,41
2026-06-20T12:00,36
2026-06-20T13:00,36
2026-06-20T14:00,36
2026-06-20T15:00,36
2026-06-20T16:00,36
2026-06-20T17:00,36
2026-06-20T18:00,39
2026-06-20T19:00,48
2026-06-20T20:00,58
2026-06-20T21:00,62
2026-06-20T22:00,66
2026-06-20T23:00,70
2026-06-21T00:00,73
2026-06-21T01:00,76
2026-06-21T02:00,77
2026-06-21T03:00,79
2026-06-21T04:00,80
2026-06-21T05:00,83
2026-06-21T06:00,82
2026-06-21T07:00,76
2026-06-21T08:00,66
2026-06-21T09:00,56
2026-06-21T10:00,54
2026-06-21T11:00,51
2026-06-21T12:00,43
2026-06-21T13:00,40
2026-06-21T14:00,42
2026-06-21T15:00,54
2026-06-21T16:00,54
2026-06-21T17:00,48
2026-06-21T18:00,61
2026-06-21T19:00,65
2026-06-21T20:00,67
2026-06-21T21:00,72
2026-06-21T22:00,76
2026-06-21T23:00,79
2026-06-22T00:00,80
2026-06-22T01:00,78
2026-06-22T02:00,81
2026-06-22T03:00,82
2026-06-22T04:00,83
2026-06-22T05:00,89
2026-06-22T06:00,86
2026-06-22T07:00,78
2026-06-22T08:00,69
2026-06-22T09:00,62
2026-06-22T10:00,52
2026-06-22T11:00,56
2026-06-22T12:00,68
2026-06-22T13:00,62
2026-06-22T14:00,72
2026-06-22T15:00,65
2026-06-22T16:00,59
2026-06-22T17:00,69
2026-06-22T18:00,69
2026-06-22T19:00,74
2026-06-22T20:00,77
2026-06-22T21:00,79
2026-06-22T22:00,80
2026-06-22T23:00,80
2026-06-23T00:00,81
2026-06-23T01:00,81
2026-06-23T02:00,83
2026-06-23T03:00,86
2026-06-23T04:00,90
2026-06-23T05:00,94
2026-06-23T06:00,92
2026-06-23T07:00,89
2026-06-23T08:00,81
2026-06-23T09:00,68
2026-06-23T10:00,64
2026-06-23T11:00,65
2026-06-23T12:00,68
2026-06-23T13:00,62
2026-06-23T14:00,55
2026-06-23T15:00,57
2026-06-23T16:00,67
2026-06-23T17:00,75
2026-06-23T18:00,85
2026-06-23T19:00,92
2026-06-23T20:00,94
2026-06-23T21:00,94
2026-06-23T22:00,95
2026-06-23T23:00,94
2026-06-24T00:00,95
2026-06-24T01:00,95
2026-06-24T02:00,93
2026-06-24T03:00,93
2026-06-24T04:00,94
2026-06-24T05:00,93
2026-06-24T06:00,96
2026-06-24T07:00,94
2026-06-24T08:00,87
2026-06-24T09:00,79
2026-06-24T10:00,70
2026-06-24T11:00,64
2026-06-24T12:00,61
2026-06-24T13:00,59
2026-06-24T14:00,59
2026-06-24T15:00,59
2026-06-24T16:00,77
2026-06-24T17:00,79
2026-06-24T18:00,79
2026-06-24T19:00,86
2026-06-24T20:00,89
2026-06-24T21:00,90
2026-06-24T22:00,90
2026-06-24T23:00,89
2026-06-25T00:00,90
2026-06-25T01:00,91
2026-06-25T02:00,91
2026-06-25T03:00,91
2026-06-25T04:00,91
2026-06-25T05:00,95
2026-06-25T06:00,95
2026-06-25T07:00,91
2026-06-25T08:00,84
2026-06-25T09:00,74
2026-06-25T10:00,69
2026-06-25T11:00,64
2026-06-25T12:00,64
2026-06-25T13:00,60
2026-06-25T14:00,63
2026-06-25T15:00,63
2026-06-25T16:00,65
2026-06-25T17:00,67
2026-06-25T18:00,73
2026-06-25T19:00,78
2026-06-25T20:00,83
2026-06-25T21:00,86
2026-06-25T22:00,89
2026-06-25T23:00,88
2026-06-26T00:00,89
2026-06-26T01:00,90
2026-06-26T02:00,91
2026-06-26T03:00,91
2026-06-26T04:00,91
2026-06-26T05:00,93
2026-06-26T06:00,91
2026-06-26T07:00,85
2026-06-26T08:00,78
2026-06-26T09:00,72
2026-06-26T10:00,65
2026-06-26T11:00,74
2026-06-26T12:00,69
2026-06-26T13:00,63
2026-06-26T14:00,62
2026-06-26T15:00,61
2026-06-26T16:00,62
2026-06-26T17:00,68
2026-06-26T18:00,73
2026-06-26T19:00,76
2026-06-26T20:00,79
2026-06-26T21:00,81
2026-06-26T22:00,84
2026-06-26T23:00,87
2026-06-27T00:00,88
2026-06-27T01:00,89
2026-06-27T02:00,91
2026-06-27T03:00,92
2026-06-27T04:00,92
2026-06-27T05:00,90
2026-06-27T06:00,90
2026-06-27T07:00,85
2026-06-27T08:00,76
2026-06-27T09:00,68
2026-06-27T10:00,64
2026-06-27T11:00,59
2026-06-27T12:00,57
2026-06-27T13:00,68
2026-06-27T14:00,90
2026-06-27T15:00,88
2026-06-27T16:00,91
2026-06-27T17:00,67
2026-06-27T18:00,71
2026-06-27T19:00,74
2026-06-27T20:00,78
2026-06-27T21:00,82
2026-06-27T22:00,85
2026-06-27T23:00,83
2026-06-28T00:00,86
2026-06-28T01:00,88
2026-06-28T02:00,90
2026-06-28T03:00,90
2026-06-28T04:00,89
2026-06-28T05:00,93
2026-06-28T06:00,92
2026-06-28T07:00,87
2026-06-28T08:00,81
2026-06-28T09:00,76
2026-06-28T10:00,72
2026-06-28T11:00,65
2026-06-28T12:00,59
2026-06-28T13:00,61
2026-06-28T14:00,90
2026-06-28T15:00,90
2026-06-28T16:00,89
2026-06-28T17:00,92
2026-06-28T18:00,92
2026-06-28T19:00,94
2026-06-28T20:00,95
2026-06-28T21:00,95
2026-06-28T22:00,95
2026-06-28T23:00,95
2026-06-29T00:00,96
2026-06-29T01:00,97
2026-06-29T02:00,96
2026-06-29T03:00,97
2026-06-29T04:00,96
2026-06-29T05:00,96
2026-06-29T06:00,95
2026-06-29T07:00,92
2026-06-29T08:00,83
2026-06-29T09:00,80
2026-06-29T10:00,74
2026-06-29T11:00,72
2026-06-29T12:00,76
2026-06-29T13:00,87
2026-06-29T14:00,85
2026-06-29T15:00,92
2026-06-29T16:00,90
2026-06-29T17:00,82
2026-06-29T18:00,82
2026-06-29T19:00,85
2026-06-29T20:00,88
2026-06-29T21:00,90
2026-06-29T22:00,96
2026-06-29T23:00,94
2026-06-30T00:00,96
2026-06-30T01:00,96
2026-06-30T02:00,96
2026-06-30T03:00,96
2026-06-30T04:00,95
2026-06-30T05:00,96
2026-06-30T06:00,95
2026-06-30T07:00,95
2026-06-30T08:00,95
2026-06-30T09:00,90
2026-06-30T10:00,81
2026-06-30T11:00,73
2026-06-30T12:00,71
2026-06-30T13:00,77
2026-06-30T14:00,79
2026-06-30T15:00,76
2026-06-30T16:00,79
2026-06-30T17:00,81
2026-06-30T18:00,88
2026-06-30T19:00,93
2026-06-30T20:00,94
2026-06-30T21:00,94
2026-06-30T22:00,96
2026-06-30T23:00,94
2026-07-01T00:00,95
2026-07-01T01:00,95
2026-07-01T02:00,95
2026-07-01T03:00,96
2026-07-01T04:00,95
2026-07-01T05:00,95
2026-07-01T06:00,94
2026-07-01T07:00,94
2026-07-01T08:00,87
2026-07-01T09:00,85
2026-07-01T10:00,84
2026-07-01T11:00,71
2026-07-01T12:00,87
2026-07-01T13:00,89
2026-07-01T14:00,90
2026-07-01T15:00,92
2026-07-01T16:00,93
2026-07-01T17:00,92
2026-07-01T18:00,93
2026-07-01T19:00,94
2026-07-01T20:00,95
2026-07-01T21:00,95
2026-07-01T22:00,95
2026-07-01T23:00,95
2026-07-02T00:00,95
2026-07-02T01:00,96
2026-07-02T02:00,96
2026-07-02T03:00,95
2026-07-02T04:00,95
2026-07-02T05:00,94
2026-07-02T06:00,94
2026-07-02T07:00,91
2026-07-02T08:00,87
2026-07-02T09:00,83
2026-07-02T10:00,80
2026-07-02T11:00,76
2026-07-02T12:00,81
2026-07-02T13:00,85
2026-07-02T14:00,77
2026-07-02T15:00,75
2026-07-02T16:00,82
2026-07-02T17:00,87
2026-07-02T18:00,91
2026-07-02T19:00,93
2026-07-02T20:00,94
2026-07-02T21:00,95
2026-07-02T22:00,96
2026-07-02T23:00,95
2026-07-03T00:00,95
2026-07-03T01:00,94
2026-07-03T02:00,95
2026-07-03T03:00,96
2026-07-03T04:00,96
2026-07-03T05:00,96
2026-07-03T06:00,95
2026-07-03T07:00,93
2026-07-03T08:00,91
2026-07-03T09:00,86
2026-07-03T10:00,79
2026-07-03T11:00,77
2026-07-03T12:00,75
2026-07-03T13:00,80
2026-07-03T14:00,82
2026-07-03T15:00,79
2026-07-03T16:00,80
2026-07-03T17:00,83
2026-07-03T18:00,86
2026-07-03T19:00,89
2026-07-03T20:00,94
2026-07-03T21:00,95
2026-07-03T22:00,95
2026-07-03T23:00,95
2026-07-04T00:00,96
2026-07-04T01:00,94
2026-07-04T02:00,95
2026-07-04T03:00,95
2026-07-04T04:00,94
2026-07-04T05:00,95
2026-07-04T06:00,94
2026-07-04T07:00,94
2026-07-04T08:00,94
2026-07-04T09:00,94
2026-07-04T10:00,94
2026-07-04T11:00,90
2026-07-04T12:00,89
2026-07-04T13:00,86
2026-07-04T14:00,92
2026-07-04T15:00,85
2026-07-04T16:00,92
2026-07-04T17:00,90
2026-07-04T18:00,90
2026-07-04T19:00,92
2026-07-04T20:00,93
2026-07-04T21:00,93
2026-07-04T22:00,94
2026-07-04T23:00,94
2026-07-05T00:00,94
2026-07-05T01:00,94
2026-07-05T02:00,94
2026-07-05T03:00,94
2026-07-05T04:00,93
2026-07-05T05:00,93
2026-07-05T06:00,92
2026-07-05T07:00,91
2026-07-05T08:00,90
2026-07-05T09:00,87
2026-07-05T10:00,88
2026-07-05T11:00,88
2026-07-05T12:00,92
2026-07-05T13:00,92
2026-07-05T14:00,91
2026-07-05T15:00,89
2026-07-05T16:00,90
2026-07-05T17:00,91
2026-07-05T18:00,91
2026-07-05T19:00,92
2026-07-05T20:00,93
2026-07-05T21:00,93
2026-07-05T22:00,92
2026-07-05T23:00,92
2026-07-06T00:00,91
2026-07-06T01:00,89
2026-07-06T02:00,90
2026-07-06T03:00,89
2026-07-06T04:00,91
2026-07-06T05:00,91
2026-07-06T06:00,90
2026-07-06T07:00,89
2026-07-06T08:00,87
2026-07-06T09:00,81
2026-07-06T10:00,80
2026-07-06T11:00,85
2026-07-06T12:00,89
2026-07-06T13:00,83
2026-07-06T14:00,77
2026-07-06T15:00,85
2026-07-06T16:00,88
2026-07-06T17:00,89
2026-07-06T18:00,91
2026-07-06T19:00,90
2026-07-06T20:00,90
2026-07-06T21:00,90
2026-07-06T22:00,92
2026-07-06T23:00,90
2026-07-07T00:00,91
2026-07-07T01:00,95
2026-07-07T02:00,93
2026-07-07T03:00,94
2026-07-07T04:00,94
2026-07-07T05:00,93
2026-07-07T06:00,93
2026-07-07T07:00,92
2026-07-07T08:00,92
2026-07-07T09:00,84
2026-07-07T10:00,81
2026-07-07T11:00,80
2026-07-07T12:00,81
2026-07-07T13:00,87
2026-07-07T14:00,90
2026-07-07T15:00,85
2026-07-07T16:00,87
2026-07-07T17:00,88
2026-07-07T18:00,86
2026-07-07T19:00,90
2026-07-07T20:00,90
2026-07-07T21:00,88
2026-07-07T22:00,90
2026-07-07T23:00,91
2026-07-08T00:00,92
2026-07-08T01:00,95
2026-07-08T02:00,94
2026-07-08T03:00,92
2026-07-08T04:00,94
2026-07-08T05:00,94
2026-07-08T06:00,95
2026-07-08T07:00,92
2026-07-08T08:00,86
2026-07-08T09:00,81
2026-07-08T10:00,80
2026-07-08T11:00,80
2026-07-08T12:00,80
2026-07-08T13:00,80
2026-07-08T14:00,84
2026-07-08T15:00,83
2026-07-08T16:00,85
2026-07-08T17:00,91
2026-07-08T18:00,94
2026-07-08T19:00,94
2026-07-08T20:00,95
2026-07-08T21:00,95
2026-07-08T22:00,96
2026-07-08T23:00,95
2026-07-09T00:00,95
2026-07-09T01:00,95
2026-07-09T02:00,93
2026-07-09T03:00,94
2026-07-09T04:00,95
2026-07-09T05:00,91
2026-07-09T06:00,90
2026-07-09T07:00,89
2026-07-09T08:00,84
2026-07-09T09:00,77
2026-07-09T10:00,71
2026-07-09T11:00,71
2026-07-09T12:00,71
2026-07-09T13:00,70
2026-07-09T14:00,68
2026-07-09T15:00,68
2026-07-09T16:00,71
2026-07-09T17:00,73
2026-07-09T18:00,79
2026-07-09T19:00,82
2026-07-09T20:00,86
2026-07-09T21:00,89
2026-07-09T22:00,89
2026-07-09T23:00,90
2026-07-10T00:00,90
2026-07-10T01:00,93
2026-07-10T02:00,94
2026-07-10T03:00,93
2026-07-10T04:00,92
2026-07-10T05:00,90
2026-07-10T06:00,88
2026-07-10T07:00,87
2026-07-10T08:00,82
2026-07-10T09:00,74
2026-07-10T10:00,70
2026-07-10T11:00,67
2026-07-10T12:00,64
2026-07-10T13:00,64
2026-07-10T14:00,63
2026-07-10T15:00,65
2026-07-10T16:00,68
2026-07-10T17:00,71
2026-07-10T18:00,74
2026-07-10T19:00,77
2026-07-10T20:00,81
2026-07-10T21:00,84
2026-07-10T22:00,87
2026-07-10T23:00,89
2026-07-11T00:00,91
2026-07-11T01:00,91
2026-07-11T02:00,91
2026-07-11T03:00,92
2026-07-11T04:00,90
2026-07-11T05:00,92
2026-07-11T06:00,90
2026-07-11T07:00,87
2026-07-11T08:00,81
2026-07-11T09:00,74
2026-07-11T10:00,69
2026-07-11T11:00,64
2026-07-11T12:00,62
2026-07-11T13:00,60
2026-07-11T14:00,61
2026-07-11T15:00,61
2026-07-11T16:00,65
2026-07-11T17:00,69
2026-07-11T18:00,74
2026-07-11T19:00,78
2026-07-11T20:00,82
2026-07-11T21:00,85
2026-07-11T22:00,89
2026-07-11T23:00,89
2026-07-12T00:00,89
2026-07-12T01:00,91
2026-07-12T02:00,92
2026-07-12T03:00,93
2026-07-12T04:00,91
2026-07-12T05:00,90
2026-07-12T06:00,89
2026-07-12T07:00,85
2026-07-12T08:00,82
2026-07-12T09:00,75
2026-07-12T10:00,69
2026-07-12T11:00,65
2026-07-12T12:00,62
2026-07-12T13:00,60
2026-07-12T14:00,57
2026-07-12T15:00,58
2026-07-12T16:00,60
2026-07-12T17:00,68
2026-07-12T18:00,74
2026-07-12T19:00,79
2026-07-12T20:00,82
2026-07-12T21:00,86
2026-07-12T22:00,90
2026-07-12T23:00,90
2026-07-13T00:00,91
2026-07-13T01:00,92
2026-07-13T02:00,91
2026-07-13T03:00,93
2026-07-13T04:00,90
2026-07-13T05:00,92
2026-07-13T06:00,89
2026-07-13T07:00,84
2026-07-13T08:00,77
2026-07-13T09:00,70
2026-07-13T10:00,66
2026-07-13T11:00,62
2026-07-13T12:00,59
2026-07-13T13:00,57
2026-07-13T14:00,55
2026-07-13T15:00,55
2026-07-13T16:00,59
2026-07-13T17:00,62
2026-07-13T18:00,67
2026-07-13T19:00,73
2026-07-13T20:00,78
2026-07-13T21:00,84
2026-07-13T22:00,89
2026-07-13T23:00,90
2026-07-14T00:00,91
2026-07-14T01:00,90
2026-07-14T02:00,89
2026-07-14T03:00,92
2026-07-14T04:00,94
2026-07-14T05:00,93
2026-07-14T06:00,93
2026-07-14T07:00,87
2026-07-14T08:00,80
2026-07-14T09:00,72
2026-07-14T10:00,65
2026-07-14T11:00,58
2026-07-14T12:00,56
2026-07-14T13:00,55
2026-07-14T14:00,58
2026-07-14T15:00,58
2026-07-14T16:00,58
2026-07-14T17:00,60
2026-07-14T18:00,65
2026-07-14T19:00,71
2026-07-14T20:00,79
2026-07-14T21:00,85
2026-07-14T22:00,89
2026-07-14T23:00,90
2026-07-15T00:00,91
2026-07-15T01:00,92
2026-07-15T02:00,92
2026-07-15T03:00,91
2026-07-15T04:00,91
2026-07-15T05:00,93
2026-07-15T06:00,91
2026-07-15T07:00,85
2026-07-15T08:00,77
2026-07-15T09:00,71
2026-07-15T10:00,69
2026-07-15T11:00,59
2026-07-15T12:00,60
2026-07-15T13:00,60
2026-07-15T14:00,62
2026-07-15T15:00,65
2026-07-15T16:00,65
2026-07-15T17:00,68
2026-07-15T18:00,76
2026-07-15T19:00,80
2026-07-15T20:00,82
2026-07-15T21:00,84
2026-07-15T22:00,87
2026-07-15T23:00,86
2026-07-16T00:00,88
2026-07-16T01:00,90
2026-07-16T02:00,90
2026-07-16T03:00,90
2026-07-16T04:00,89
2026-07-16T05:00,93
2026-07-16T06:00,92
2026-07-16T07:00,87
2026-07-16T08:00,78
2026-07-16T09:00,73
2026-07-16T10:00,66
2026-07-16T11:00,59
2026-07-16T12:00,56
2026-07-16T13:00,64
2026-07-16T14:00,60
2026-07-16T15:00,65
2026-07-16T16:00,78
2026-07-16T17:00,72
2026-07-16T18:00,75
2026-07-16T19:00,79
2026-07-16T20:00,81
2026-07-16T21:00,84
2026-07-16T22:00,86
2026-07-16T23:00,84
2026-07-17T00:00,85
2026-07-17T01:00,87
2026-07-17T02:00,89
2026-07-17T03:00,89
2026-07-17T04:00,89
2026-07-17T05:00,92
2026-07-17T06:00,90
2026-07-17T07:00,87
2026-07-17T08:00,82
2026-07-17T09:00,78
2026-07-17T10:00,72
2026-07-17T11:00,73
2026-07-17T12:00,69
2026-07-17T13:00,67
2026-07-17T14:00,75
2026-07-17T15:00,87
2026-07-17T16:00,91
2026-07-17T17:00,73
2026-07-17T18:00,75
2026-07-17T19:00,80
2026-07-17T20:00,84
2026-07-17T21:00,85
2026-07-17T22:00,87
2026-07-17T23:00,85
2026-07-18T00:00,87
2026-07-18T01:00,88
2026-07-18T02:00,89
2026-07-18T03:00,88
2026-07-18T04:00,88
2026-07-18T05:00,87
2026-07-18T06:00,87
2026-07-18T07:00,83
2026-07-18T08:00,78
2026-07-18T09:00,74
2026-07-18T10:00,72
2026-07-18T11:00,70
2026-07-18T12:00,75
2026-07-18T13:00,72
2026-07-18T14:00,80
2026-07-18T15:00,70
2026-07-18T16:00,87
2026-07-18T17:00,88
2026-07-18T18:00,93
2026-07-18T19:00,94
2026-07-18T20:00,94
2026-07-18T21:00,95
2026-07-18T22:00,95
2026-07-18T23:00,95
2026-07-19T00:00,96
2026-07-19T01:00,96
2026-07-19T02:00,96
2026-07-19T03:00,97
2026-07-19T04:00,96
2026-07-19T05:00,95
2026-07-19T06:00,95
2026-07-19T07:00,92
2026-07-19T08:00,85
2026-07-19T09:00,76
2026-07-19T10:00,70
2026-07-19T11:00,62
2026-07-19T12:00,63
2026-07-19T13:00,79
2026-07-19T14:00,88
2026-07-19T15:00,74
2026-07-19T16:00,70
2026-07-19T17:00,70
2026-07-19T18:00,81
2026-07-19T19:00,85
2026-07-19T20:00,86
2026-07-19T21:00,85
2026-07-19T22:00,86
2026-07-19T23:00,87
2026-07-20T00:00,92
2026-07-20T01:00,94
2026-07-20T02:00,95
2026-07-20T03:00,95
2026-07-20T04:00,94
2026-07-20T05:00,92
2026-07-20T06:00,94
2026-07-20T07:00,94
2026-07-20T08:00,89
2026-07-20T09:00,81
2026-07-20T10:00,72
2026-07-20T11:00,72
2026-07-20T12:00,64
2026-07-20T13:00,69
2026-07-20T14:00,83
2026-07-20T15:00,82
2026-07-20T16:00,77
2026-07-20T17:00,78
2026-07-20T18:00,84
2026-07-20T19:00,86
2026-07-20T20:00,86
2026-07-20T21:00,89
2026-07-20T22:00,90
2026-07-20T23:00,87
2026-07-21T00:00,87
2026-07-21T01:00,87
2026-07-21T02:00,89
2026-07-21T03:00,89
2026-07-21T04:00,90
2026-07-21T05:00,89
2026-07-21T06:00,88
2026-07-21T07:00,86
2026-07-21T08:00,82
2026-07-21T09:00,76
2026-07-21T10:00,71
2026-07-21T11:00,67
2026-07-21T12:00,68
2026-07-21T13:00,71
2026-07-21T14:00,78
2026-07-21T15:00,88
2026-07-21T16:00,88
2026-07-21T17:00,84
2026-07-21T18:00,89
2026-07-21T19:00,92
2026-07-21T20:00,93
2026-07-21T21:00,93
2026-07-21T22:00,94
2026-07-21T23:00,93
2026-07-22T00:00,93
2026-07-22T01:00,93
2026-07-22T02:00,93
2026-07-22T03:00,92
2026-07-22T04:00,90
2026-07-22T05:00,91
2026-07-22T06:00,90
2026-07-22T07:00,87
2026-07-22T08:00,84
2026-07-22T09:00,84
2026-07-22T10:00,76
2026-07-22T11:00,76
2026-07-22T12:00,74
2026-07-22T13:00,78
2026-07-22T14:00,77
2026-07-22T15:00,83
2026-07-22T16:00,84
2026-07-22T17:00,92
2026-07-22T18:00,94
2026-07-22T19:00,92
2026-07-22T20:00,92
2026-07-22T21:00,90
2026-07-22T22:00,94
2026-07-22T23:00,92
2026-07-23T00:00,93
2026-07-23T01:00,92
2026-07-23T02:00,92
2026-07-23T03:00,91
2026-07-23T04:00,90
2026-07-23T05:00,86
2026-07-23T06:00,86
2026-07-23T07:00,83
2026-07-23T08:00,83
2026-07-23T09:00,80
2026-07-23T10:00,73
2026-07-23T11:00,78
2026-07-23T12:00,78
2026-07-23T13:00,75
2026-07-23T14:00,81
2026-07-23T15:00,80
2026-07-23T16:00,86
2026-07-23T17:00,88
2026-07-23T18:00,90
2026-07-23T19:00,92
2026-07-23T20:00,91
2026-07-23T21:00,90
2026-07-23T22:00,90
2026-07-23T23:00,89
2026-07-24T00:00,90
2026-07-24T01:00,91
2026-07-24T02:00,90
2026-07-24T03:00,91
2026-07-24T04:00,90
2026-07-24T05:00,89
2026-07-24T06:00,89
2026-07-24T07:00,88
2026-07-24T08:00,81
2026-07-24T09:00,78
2026-07-24T10:00,71
2026-07-24T11:00,70
2026-07-24T12:00,68
2026-07-24T13:00,72
2026-07-24T14:00,75
2026-07-24T15:00,77
2026-07-24T16:00,72
2026-07-24T17:00,80
2026-07-24T18:00,83
2026-07-24T19:00,87
2026-07-24T20:00,87
2026-07-24T21:00,88
2026-07-24T22:00,87
2026-07-24T23:00,88
2026-07-25T00:00,86
2026-07-25T01:00,86
2026-07-25T02:00,87
2026-07-25T03:00,88
2026-07-25T04:00,89
2026-07-25T05:00,90
2026-07-25T06:00,90
2026-07-25T07:00,87
2026-07-25T08:00,82
2026-07-25T09:00,76
2026-07-25T10:00,70
2026-07-25T11:00,67
2026-07-25T12:00,67
2026-07-25T13:00,65
2026-07-25T14:00,66
2026-07-25T15:00,68
2026-07-25T16:00,71
2026-07-25T17:00,74
2026-07-25T18:00,78
2026-07-25T19:00,84
2026-07-25T20:00,87
2026-07-25T21:00,88
2026-07-25T22:00,89
2026-07-25T23:00,89
2026-07-26T00:00,90
2026-07-26T01:00,89
2026-07-26T02:00,89
2026-07-26T03:00,90
2026-07-26T04:00,90
2026-07-26T05:00,90
2026-07-26T06:00,89
2026-07-26T07:00,86
2026-07-26T08:00,81
2026-07-26T09:00,76
2026-07-26T10:00,72
2026-07-26T11:00,68
2026-07-26T12:00,65
2026-07-26T13:00,64
2026-07-26T14:00,65
2026-07-26T15:00,63
2026-07-26T16:00,71
2026-07-26T17:00,70
2026-07-26T18:00,79
2026-07-26T19:00,84
2026-07-26T20:00,86
2026-07-26T21:00,88
2026-07-26T22:00,88
2026-07-26T23:00,88
2026-07-27T00:00,89
2026-07-27T01:00,90
2026-07-27T02:00,90
2026-07-27T03:00,89
2026-07-27T04:00,89
2026-07-27T05:00,95
2026-07-27T06:00,95
2026-07-27T07:00,94
2026-07-27T08:00,87
2026-07-27T09:00,80
2026-07-27T10:00,72
2026-07-27T11:00,66
2026-07-27T12:00,74
2026-07-27T13:00,85
2026-07-27T14:00,88
2026-07-27T15:00,81
2026-07-27T16:00,78
2026-07-27T17:00,79
2026-07-27T18:00,82
2026-07-27T19:00,90
2026-07-27T20:00,92
2026-07-27T21:00,90
2026-07-27T22:00,90
2026-07-27T23:00,89
2026-07-28T00:00,90
2026-07-28T01:00,94
2026-07-28T02:00,92
2026-07-28T03:00,96
2026-07-28T04:00,96
2026-07-28T05:00,92
2026-07-28T06:00,92
2026-07-28T07:00,89
2026-07-28T08:00,85
2026-07-28T09:00,77
2026-07-28T10:00,76
2026-07-28T11:00,72
2026-07-28T12:00,69
2026-07-28T13:00,88
2026-07-28T14:00,92
2026-07-28T15:00,84
2026-07-28T16:00,87
2026-07-28T17:00,83
2026-07-28T18:00,88
2026-07-28T19:00,89
2026-07-28T20:00,88
2026-07-28T21:00,90
2026-07-28T22:00,91
2026-07-28T23:00,91
2026-07-29T00:00,92
2026-07-29T01:00,91
2026-07-29T02:00,89
2026-07-29T03:00,89
2026-07-29T04:00,89
2026-07-29T05:00,93
2026-07-29T06:00,93
2026-07-29T07:00,91
2026-07-29T08:00,89
2026-07-29T09:00,82
2026-07-29T10:00,88
2026-07-29T11:00,81
2026-07-29T12:00,80
2026-07-29T13:00,73
2026-07-29T14:00,78
2026-07-29T15:00,81
2026-07-29T16:00,80
2026-07-29T17:00,81
2026-07-29T18:00,85
2026-07-29T19:00,89
2026-07-29T20:00,87
2026-07-29T21:00,88
2026-07-29T22:00,88
2026-07-29T23:00,88
2026-07-30T00:00,88
2026-07-30T01:00,89
2026-07-30T02:00,90
2026-07-30T03:00,91
2026-07-30T04:00,90
2026-07-30T05:00,89
2026-07-30T06:00,89
2026-07-30T07:00,88
2026-07-30T08:00,83
2026-07-30T09:00,82
2026-07-30T10:00,85
2026-07-30T11:00,80
2026-07-30T12:00,74
2026-07-30T13:00,77
2026-07-30T14:00,86
2026-07-30T15:00,88
2026-07-30T16:00,86
2026-07-30T17:00,89
2026-07-30T18:00,89
2026-07-30T19:00,89
2026-07-30T20:00,90
2026-07-30T21:00,90
2026-07-30T22:00,90
2026-07-30T23:00,89
2026-07-31T00:00,92
2026-07-31T01:00,91
2026-07-31T02:00,92
2026-07-31T03:00,94
2026-07-31T04:00,95
2026-07-31T05:00,91
2026-07-31T06:00,95
2026-07-31T07:00,94
2026-07-31T08:00,93
2026-07-31T09:00,88
2026-07-31T10:00,82
2026-07-31T11:00,79
2026-07-31T12:00,84
2026-07-31T13:00,91
2026-07-31T14:00,92
2026-07-31T15:00,87
2026-07-31T16:00,89
2026-07-31T17:00,84
2026-07-31T18:00,85
2026-07-31T19:00,87
2026-07-31T20:00,89
2026-07-31T21:00,88
2026-07-31T22:00,90
2026-07-31T23:00,94
2026-08-01T00:00,93
2026-08-01T01:00,93
2026-08-01T02:00,93
2026-08-01T03:00,94
2026-08-01T04:00,96
2026-08-01T05:00,88
2026-08-01T06:00,86
2026-08-01T07:00,86
2026-08-01T08:00,85
2026-08-01T09:00,76
2026-08-01T10:00,71
2026-08-01T11:00,64
2026-08-01T12:00,72
2026-08-01T13:00,69
2026-08-01T14:00,75
2026-08-01T15:00,71
2026-08-01T16:00,80
2026-08-01T17:00,87
2026-08-01T18:00,88
2026-08-01T19:00,87
2026-08-01T20:00,88
2026-08-01T21:00,90
2026-08-01T22:00,89
2026-08-01T23:00,90
2026-08-02T00:00,92
2026-08-02T01:00,91
2026-08-02T02:00,92
2026-08-02T03:00,92
2026-08-02T04:00,93
2026-08-02T05:00,93
2026-08-02T06:00,93
2026-08-02T07:00,91
2026-08-02T08:00,86
2026-08-02T09:00,80
2026-08-02T10:00,75
2026-08-02T11:00,68
2026-08-02T12:00,69
2026-08-02T13:00,69
2026-08-02T14:00,73
2026-08-02T15:00,71
2026-08-02T16:00,78
2026-08-02T17:00,82
2026-08-02T18:00,83
2026-08-02T19:00,86
2026-08-02T20:00,88
2026-08-02T21:00,88
2026-08-02T22:00,89
2026-08-02T23:00,88
2026-08-03T00:00,90
2026-08-03T01:00,92
2026-08-03T02:00,92
2026-08-03T03:00,91
2026-08-03T04:00,92
2026-08-03T05:00,90
2026-08-03T06:00,90
2026-08-03T07:00,86
2026-08-03T08:00,85
2026-08-03T09:00,80
2026-08-03T10:00,76
2026-08-03T11:00,89
2026-08-03T12:00,80
2026-08-03T13:00,85
2026-08-03T14:00,79
2026-08-03T15:00,78
2026-08-03T16:00,77
2026-08-03T17:00,84
2026-08-03T18:00,85
2026-08-03T19:00,88
2026-08-03T20:00,87
2026-08-03T21:00,90
2026-08-03T22:00,89
2026-08-03T23:00,88
2026-08-04T00:00,89
2026-08-04T01:00,90
2026-08-04T02:00,92
2026-08-04T03:00,90
2026-08-04T04:00,91
2026-08-04T05:00,91
2026-08-04T06:00,93
2026-08-04T07:00,90
2026-08-04T08:00,86
2026-08-04T09:00,82
2026-08-04T10:00,75
2026-08-04T11:00,65
2026-08-04T12:00,74
2026-08-04T13:00,74
2026-08-04T14:00,74
2026-08-04T15:00,75
2026-08-04T16:00,82
2026-08-04T17:00,78
2026-08-04T18:00,79
2026-08-04T19:00,85
2026-08-04T20:00,88
2026-08-04T21:00,91
2026-08-04T22:00,94
2026-08-04T23:00,92
2026-08-05T00:00,94
2026-08-05T01:00,95
2026-08-05T02:00,95
2026-08-05T03:00,95
2026-08-05T04:00,94
2026-08-05T05:00,92
2026-08-05T06:00,93
2026-08-05T07:00,92
2026-08-05T08:00,88
2026-08-05T09:00,87
2026-08-05T10:00,83
2026-08-05T11:00,75
2026-08-05T12:00,69
2026-08-05T13:00,68
2026-08-05T14:00,80
2026-08-05T15:00,75
2026-08-05T16:00,85
2026-08-05T17:00,81
2026-08-05T18:00,87
2026-08-05T19:00,89
2026-08-05T20:00,91
2026-08-05T21:00,91
2026-08-05T22:00,92
2026-08-05T23:00,91
2026-08-06T00:00,91
2026-08-06T01:00,92
2026-08-06T02:00,92
2026-08-06T03:00,93
2026-08-06T04:00,94
2026-08-06T05:00,91
2026-08-06T06:00,92
2026-08-06T07:00,91
2026-08-06T08:00,85
2026-08-06T09:00,80
2026-08-06T10:00,72
2026-08-06T11:00,81
2026-08-06T12:00,66
2026-08-06T13:00,70
2026-08-06T14:00,71
2026-08-06T15:00,78
2026-08-06T16:00,84
2026-08-06T17:00,87
2026-08-06T18:00,87
2026-08-06T19:00,89
2026-08-06T20:00,90
2026-08-06T21:00,91
2026-08-06T22:00,91
2026-08-06T23:00,91
2026-08-07T00:00,91
2026-08-07T01:00,90
2026-08-07T02:00,90
2026-08-07T03:00,89
2026-08-07T04:00,88
2026-08-07T05:00,92
2026-08-07T06:00,91
2026-08-07T07:00,89
2026-08-07T08:00,85
2026-08-07T09:00,77
2026-08-07T10:00,72
2026-08-07T11:00,69
2026-08-07T12:00,67
2026-08-07T13:00,66
2026-08-07T14:00,67
2026-08-07T15:00,74
2026-08-07T16:00,74
2026-08-07T17:00,76
2026-08-07T18:00,81
2026-08-07T19:00,85
2026-08-07T20:00,88
2026-08-07T21:00,89
2026-08-07T22:00,88
2026-08-07T23:00,85
2026-08-08T00:00,86
2026-08-08T01:00,87
2026-08-08T02:00,87
2026-08-08T03:00,89
2026-08-08T04:00,87
2026-08-08T05:00,91
2026-08-08T06:00,89
2026-08-08T07:00,90
2026-08-08T08:00,92
2026-08-08T09:00,81
2026-08-08T10:00,73
2026-08-08T11:00,69
2026-08-08T12:00,65
2026-08-08T13:00,66
2026-08-08T14:00,64
2026-08-08T15:00,69
2026-08-08T16:00,68
2026-08-08T17:00,71
2026-08-08T18:00,80
2026-08-08T19:00,84
2026-08-08T20:00,86
2026-08-08T21:00,88
2026-08-08T22:00,89
2026-08-08T23:00,89
2026-08-09T00:00,91
2026-08-09T01:00,91
2026-08-09T02:00,90
2026-08-09T03:00,90
2026-08-09T04:00,91
2026-08-09T05:00,93
2026-08-09T06:00,90
2026-08-09T07:00,88
2026-08-09T08:00,85
2026-08-09T09:00,77
2026-08-09T10:00,73
2026-08-09T11:00,65
2026-08-09T12:00,64
2026-08-09T13:00,60
2026-08-09T14:00,62
2026-08-09T15:00,64
2026-08-09T16:00,69
2026-08-09T17:00,72
2026-08-09T18:00,78
2026-08-09T19:00,83
2026-08-09T20:00,86
2026-08-09T21:00,88
2026-08-09T22:00,90
2026-08-09T23:00,89
2026-08-10T00:00,89
2026-08-10T01:00,91
2026-08-10T02:00,90
2026-08-10T03:00,91
2026-08-10T04:00,91
2026-08-10T05:00,91
2026-08-10T06:00,91
2026-08-10T07:00,91
2026-08-10T08:00,89
2026-08-10T09:00,81
2026-08-10T10:00,78
2026-08-10T11:00,74
2026-08-10T12:00,80
2026-08-10T13:00,81
2026-08-10T14:00,73
2026-08-10T15:00,71
2026-08-10T16:00,72
2026-08-10T17:00,71
2026-08-10T18:00,78
2026-08-10T19:00,84
2026-08-10T20:00,87
2026-08-10T21:00,89
2026-08-10T22:00,91
2026-08-10T23:00,90
2026-08-11T00:00,91
2026-08-11T01:00,93
2026-08-11T02:00,92
2026-08-11T03:00,92
2026-08-11T04:00,91
2026-08-11T05:00,90
2026-08-11T06:00,91
2026-08-11T07:00,88
2026-08-11T08:00,83
2026-08-11T09:00,78
2026-08-11T10:00,73
2026-08-11T11:00,66
2026-08-11T12:00,65
2026-08-11T13:00,66
2026-08-11T14:00,69
2026-08-11T15:00,72
2026-08-11T16:00,72
2026-08-11T17:00,85
2026-08-11T18:00,88
2026-08-11T19:00,92
2026-08-11T20:00,91
2026-08-11T21:00,92
2026-08-11T22:00,91
2026-08-11T23:00,92
2026-08-12T00:00,92
2026-08-12T01:00,93
2026-08-12T02:00,93
2026-08-12T03:00,93
2026-08-12T04:00,92
2026-08-12T05:00,93
2026-08-12T06:00,93
2026-08-12T07:00,89
2026-08-12T08:00,85
2026-08-12T09:00,80
2026-08-12T10:00,75
2026-08-12T11:00,68
2026-08-12T12:00,70
2026-08-12T13:00,72
2026-08-12T14:00,73
2026-08-12T15:00,69
2026-08-12T16:00,73
2026-08-12T17:00,75
2026-08-12T18:00,78
2026-08-12T19:00,83
2026-08-12T20:00,86
2026-08-12T21:00,89
2026-08-12T22:00,91
2026-08-12T23:00,91
2026-08-13T00:00,92
2026-08-13T01:00,92
2026-08-13T02:00,93
2026-08-13T03:00,91
2026-08-13T04:00,91
2026-08-13T05:00,90
2026-08-13T06:00,91
2026-08-13T07:00,89
2026-08-13T08:00,83
2026-08-13T09:00,76
2026-08-13T10:00,73
2026-08-13T11:00,69
2026-08-13T12:00,68
2026-08-13T13:00,70
2026-08-13T14:00,68
2026-08-13T15:00,66
2026-08-13T16:00,76
2026-08-13T17:00,77
2026-08-13T18:00,81
2026-08-13T19:00,85
2026-08-13T20:00,87
2026-08-13T21:00,88
2026-08-13T22:00,89
2026-08-13T23:00,88
2026-08-14T00:00,89
2026-08-14T01:00,90
2026-08-14T02:00,90
2026-08-14T03:00,92
2026-08-14T04:00,91
2026-08-14T05:00,90
2026-08-14T06:00,90
2026-08-14T07:00,88
2026-08-14T08:00,82
2026-08-14T09:00,78
2026-08-14T10:00,72
2026-08-14T11:00,74
2026-08-14T12:00,65
2026-08-14T13:00,69
2026-08-14T14:00,69
2026-08-14T15:00,70
2026-08-14T16:00,77
2026-08-14T17:00,76
2026-08-14T18:00,82
2026-08-14T19:00,86
2026-08-14T20:00,87
2026-08-14T21:00,88
2026-08-14T22:00,88
2026-08-14T23:00,92
2026-08-15T00:00,93
2026-08-15T01:00,90
2026-08-15T02:00,93
2026-08-15T03:00,95
2026-08-15T04:00,95
2026-08-15T05:00,93
2026-08-15T06:00,90
2026-08-15T07:00,88
2026-08-15T08:00,83
2026-08-15T09:00,76
2026-08-15T10:00,73
2026-08-15T11:00,66
2026-08-15T12:00,72
2026-08-15T13:00,75
2026-08-15T14:00,75
2026-08-15T15:00,68
2026-08-15T16:00,76
2026-08-15T17:00,83
2026-08-15T18:00,88
2026-08-15T19:00,89
2026-08-15T20:00,89
2026-08-15T21:00,90
2026-08-15T22:00,91
2026-08-15T23:00,90
2026-08-16T00:00,92
2026-08-16T01:00,92
2026-08-16T02:00,93
2026-08-16T03:00,91
2026-08-16T04:00,91
2026-08-16T05:00,95
2026-08-16T06:00,93
2026-08-16T07:00,90
2026-08-16T08:00,85
2026-08-16T09:00,75
2026-08-16T10:00,71
2026-08-16T11:00,67
2026-08-16T12:00,64
2026-08-16T13:00,69
2026-08-16T14:00,66
2026-08-16T15:00,68
2026-08-16T16:00,68
2026-08-16T17:00,72
2026-08-16T18:00,80
2026-08-16T19:00,86
2026-08-16T20:00,88
2026-08-16T21:00,89
2026-08-16T22:00,89
2026-08-16T23:00,88
2026-08-17T00:00,89
2026-08-17T01:00,89
2026-08-17T02:00,90
2026-08-17T03:00,90
2026-08-17T04:00,90
2026-08-17T05:00,90
2026-08-17T06:00,90
2026-08-17T07:00,91
2026-08-17T08:00,84
2026-08-17T09:00,82
2026-08-17T10:00,79
2026-08-17T11:00,76
2026-08-17T12:00,76
2026-08-17T13:00,80
2026-08-17T14:00,77
2026-08-17T15:00,79
2026-08-17T16:00,78
2026-08-17T17:00,81
2026-08-17T18:00,90
2026-08-17T19:00,94
2026-08-17T20:00,95
2026-08-17T21:00,94
2026-08-17T22:00,95
2026-08-17T23:00,94
2026-08-18T00:00,95
2026-08-18T01:00,95
2026-08-18T02:00,94
2026-08-18T03:00,93
2026-08-18T04:00,94
2026-08-18T05:00,93
2026-08-18T06:00,91
2026-08-18T07:00,89
2026-08-18T08:00,84
2026-08-18T09:00,77
2026-08-18T10:00,73
2026-08-18T11:00,73
2026-08-18T12:00,73
2026-08-18T13:00,68
2026-08-18T14:00,74
2026-08-18T15:00,76
2026-08-18T16:00,74
2026-08-18T17:00,80
2026-08-18T18:00,83
2026-08-18T19:00,86
2026-08-18T20:00,88
2026-08-18T21:00,90
2026-08-18T22:00,89
2026-08-18T23:00,88
2026-08-19T00:00,89
2026-08-19T01:00,89
2026-08-19T02:00,90
2026-08-19T03:00,90
2026-08-19T04:00,91
2026-08-19T05:00,90
2026-08-19T06:00,89
2026-08-19T07:00,87
2026-08-19T08:00,85
2026-08-19T09:00,79
2026-08-19T10:00,72
2026-08-19T11:00,68
2026-08-19T12:00,67
2026-08-19T13:00,65
2026-08-19T14:00,67
2026-08-19T15:00,68
2026-08-19T16:00,69
2026-08-19T17:00,72
2026-08-19T18:00,79
2026-08-19T19:00,84
2026-08-19T20:00,86
2026-08-19T21:00,88
2026-08-19T22:00,89
2026-08-19T23:00,88
2026-08-20T00:00,89
2026-08-20T01:00,90
2026-08-20T02:00,89
2026-08-20T03:00,92
2026-08-20T04:00,94
2026-08-20T05:00,88
2026-08-20T06:00,88
2026-08-20T07:00,86
2026-08-20T08:00,80
2026-08-20T09:00,75
2026-08-20T10:00,71
2026-08-20T11:00,67
2026-08-20T12:00,64
2026-08-20T13:00,61
2026-08-20T14:00,61
2026-08-20T15:00,62
2026-08-20T16:00,66
2026-08-20T17:00,69
2026-08-20T18:00,76
2026-08-20T19:00,81
2026-08-20T20:00,85
2026-08-20T21:00,88
2026-08-20T22:00,89
2026-08-20T23:00,87
2026-08-21T00:00,88
2026-08-21T01:00,89
2026-08-21T02:00,90
2026-08-21T03:00,91
2026-08-21T04:00,92
2026-08-21T05:00,92
2026-08-21T06:00,91
2026-08-21T07:00,87
2026-08-21T08:00,83
2026-08-21T09:00,79
2026-08-21T10:00,74
2026-08-21T11:00,67
2026-08-21T12:00,62
2026-08-21T13:00,60
2026-08-21T14:00,58
2026-08-21T15:00,60
2026-08-21T16:00,64
2026-08-21T17:00,69
2026-08-21T18:00,76
2026-08-21T19:00,81
2026-08-21T20:00,86
2026-08-21T21:00,89
2026-08-21T22:00,89
2026-08-21T23:00,89
2026-08-22T00:00,90
2026-08-22T01:00,91
2026-08-22T02:00,90
2026-08-22T03:00,89
2026-08-22T04:00,91
2026-08-22T05:00,92
2026-08-22T06:00,93
2026-08-22T07:00,87
2026-08-22T08:00,79
2026-08-22T09:00,75
2026-08-22T10:00,71
2026-08-22T11:00,70
2026-08-22T12:00,65
2026-08-22T13:00,67
2026-08-22T14:00,69
2026-08-22T15:00,66
2026-08-22T16:00,74
2026-08-22T17:00,73
2026-08-22T18:00,79
2026-08-22T19:00,85
2026-08-22T20:00,86
2026-08-22T21:00,86
2026-08-22T22:00,88
2026-08-22T23:00,88
2026-08-23T00:00,89
2026-08-23T01:00,89
2026-08-23T02:00,91
2026-08-23T03:00,93
2026-08-23T04:00,93
2026-08-23T05:00,94
2026-08-23T06:00,94
2026-08-23T07:00,91
2026-08-23T08:00,86
2026-08-23T09:00,78
2026-08-23T10:00,86
2026-08-23T11:00,73
2026-08-23T12:00,70
2026-08-23T13:00,64
2026-08-23T14:00,71
2026-08-23T15:00,73
2026-08-23T16:00,81
2026-08-23T17:00,77
2026-08-23T18:00,79
2026-08-23T19:00,84
2026-08-23T20:00,88
2026-08-23T21:00,89
2026-08-23T22:00,89
2026-08-23T23:00,88
2026-08-24T00:00,87
2026-08-24T01:00,90
2026-08-24T02:00,91
2026-08-24T03:00,92
2026-08-24T04:00,92
2026-08-24T05:00,92
2026-08-24T06:00,90
2026-08-24T07:00,87
2026-08-24T08:00,80
2026-08-24T09:00,77
2026-08-24T10:00,70
2026-08-24T11:00,69
2026-08-24T12:00,68
2026-08-24T13:00,66
2026-08-24T14:00,65
2026-08-24T15:00,63
2026-08-24T16:00,70
2026-08-24T17:00,73
2026-08-24T18:00,80
2026-08-24T19:00,83
2026-08-24T20:00,85
2026-08-24T21:00,88
2026-08-24T22:00,89
2026-08-24T23:00,90
2026-08-25T00:00,90
2026-08-25T01:00,89
2026-08-25T02:00,92
2026-08-25T03:00,92
2026-08-25T04:00,90
2026-08-25T05:00,91
2026-08-25T06:00,87
2026-08-25T07:00,85
2026-08-25T08:00,80
2026-08-25T09:00,74
2026-08-25T10:00,72
2026-08-25T11:00,68
2026-08-25T12:00,66
2026-08-25T13:00,62
2026-08-25T14:00,59
2026-08-25T15:00,64
2026-08-25T16:00,65
2026-08-25T17:00,72
2026-08-25T18:00,80
2026-08-25T19:00,83
2026-08-25T20:00,85
2026-08-25T21:00,87
2026-08-25T22:00,88
2026-08-25T23:00,88
2026-08-26T00:00,90
2026-08-26T01:00,91
2026-08-26T02:00,90
2026-08-26T03:00,90
2026-08-26T04:00,89
2026-08-26T05:00,90
2026-08-26T06:00,88
2026-08-26T07:00,86
2026-08-26T08:00,80
2026-08-26T09:00,72
2026-08-26T10:00,66
2026-08-26T11:00,64
2026-08-26T12:00,62
2026-08-26T13:00,59
2026-08-26T14:00,62
2026-08-26T15:00,64
2026-08-26T16:00,67
2026-08-26T17:00,71
2026-08-26T18:00,75
2026-08-26T19:00,80
2026-08-26T20:00,83
2026-08-26T21:00,87
2026-08-26T22:00,89
2026-08-26T23:00,89
2026-08-27T00:00,90
2026-08-27T01:00,91
2026-08-27T02:00,90
2026-08-27T03:00,89
2026-08-27T04:00,89
2026-08-27T05:00,92
2026-08-27T06:00,89
2026-08-27T07:00,86
2026-08-27T08:00,78
2026-08-27T09:00,72
2026-08-27T10:00,66
2026-08-27T11:00,62
2026-08-27T12:00,62
2026-08-27T13:00,59
2026-08-27T14:00,60
2026-08-27T15:00,62
2026-08-27T16:00,66
2026-08-27T17:00,72
2026-08-27T18:00,77
2026-08-27T19:00,83
2026-08-27T20:00,85
2026-08-27T21:00,87
2026-08-27T22:00,88
2026-08-27T23:00,87
2026-08-28T00:00,89
2026-08-28T01:00,89
2026-08-28T02:00,90
2026-08-28T03:00,90
2026-08-28T04:00,90
2026-08-28T05:00,92
2026-08-28T06:00,90
2026-08-28T07:00,89
2026-08-28T08:00,83
2026-08-28T09:00,76
2026-08-28T10:00,67
2026-08-28T11:00,62
2026-08-28T12:00,60
2026-08-28T13:00,59
2026-08-28T14:00,60
2026-08-28T15:00,60
2026-08-28T16:00,63
2026-08-28T17:00,71
2026-08-28T18:00,76
2026-08-28T19:00,82
2026-08-28T20:00,85
2026-08-28T21:00,86
2026-08-28T22:00,89
2026-08-28T23:00,87
2026-08-29T00:00,88
2026-08-29T01:00,90
2026-08-29T02:00,89
2026-08-29T03:00,90
2026-08-29T04:00,90
2026-08-29T05:00,96
2026-08-29T06:00,94
2026-08-29T07:00,92
2026-08-29T08:00,85
2026-08-29T09:00,78
2026-08-29T10:00,70
2026-08-29T11:00,65
2026-08-29T12:00,61
2026-08-29T13:00,64
2026-08-29T14:00,60
2026-08-29T15:00,65
2026-08-29T16:00,67
2026-08-29T17:00,74
2026-08-29T18:00,81
2026-08-29T19:00,85
2026-08-29T20:00,86
2026-08-29T21:00,87
2026-08-29T22:00,89
2026-08-29T23:00,90
2026-08-30T00:00,90
2026-08-30T01:00,90
2026-08-30T02:00,90
2026-08-30T03:00,90
2026-08-30T04:00,90
2026-08-30T05:00,90
2026-08-30T06:00,91
2026-08-30T07:00,88
2026-08-30T08:00,79
2026-08-30T09:00,69
2026-08-30T10:00,62
2026-08-30T11:00,61
2026-08-30T12:00,62
2026-08-30T13:00,58
2026-08-30T14:00,58
2026-08-30T15:00,58
2026-08-30T16:00,63
2026-08-30T17:00,68
2026-08-30T18:00,75
2026-08-30T19:00,81
2026-08-30T20:00,86
2026-08-30T21:00,88
2026-08-30T22:00,89
2026-08-30T23:00,89
2026-08-31T00:00,89
2026-08-31T01:00,89
2026-08-31T02:00,89
2026-08-31T03:00,89
2026-08-31T04:00,90
2026-08-31T05:00,90
2026-08-31T06:00,88
2026-08-31T07:00,86
2026-08-31T08:00,79
2026-08-31T09:00,74
2026-08-31T10:00,65
2026-08-31T11:00,63
2026-08-31T12:00,59
2026-08-31T13:00,60
2026-08-31T14:00,60
2026-08-31T15:00,61
2026-08-31T16:00,67
2026-08-31T17:00,70
2026-08-31T18:00,75
2026-08-31T19:00,81
2026-08-31T20:00,85
2026-08-31T21:00,87
2026-08-31T22:00,88
2026-08-31T23:00,89
2026-09-01T00:00,91
2026-09-01T01:00,89
2026-09-01T02:00,90
2026-09-01T03:00,89
2026-09-01T04:00,89
2026-09-01T05:00,87
2026-09-01T06:00,88
2026-09-01T07:00,84
2026-09-01T08:00,82
2026-09-01T09:00,80
2026-09-01T10:00,71
2026-09-01T11:00,62
2026-09-01T12:00,58
2026-09-01T13:00,59
2026-09-01T14:00,61
2026-09-01T15:00,60
2026-09-01T16:00,62
2026-09-01T17:00,69
2026-09-01T18:00,74
2026-09-01T19:00,79
2026-09-01T20:00,84
2026-09-01T21:00,87
2026-09-01T22:00,89
2026-09-01T23:00,88
2026-09-02T00:00,90
2026-09-02T01:00,92
2026-09-02T02:00,93
2026-09-02T03:00,93
2026-09-02T04:00,92
2026-09-02T05:00,91
2026-09-02T06:00,92
2026-09-02T07:00,84
2026-09-02T08:00,78
2026-09-02T09:00,72
2026-09-02T10:00,70
2026-09-02T11:00,80
2026-09-02T12:00,70
2026-09-02T13:00,65
2026-09-02T14:00,76
2026-09-02T15:00,87
2026-09-02T16:00,77
2026-09-02T17:00,75
2026-09-02T18:00,79
2026-09-02T19:00,85
2026-09-02T20:00,86
2026-09-02T21:00,88
2026-09-02T22:00,90
2026-09-02T23:00,89
2026-09-03T00:00,89
2026-09-03T01:00,92
2026-09-03T02:00,92
2026-09-03T03:00,92
2026-09-03T04:00,92
2026-09-03T05:00,93
2026-09-03T06:00,94
2026-09-03T07:00,86
2026-09-03T08:00,81
2026-09-03T09:00,76
2026-09-03T10:00,74
2026-09-03T11:00,74
2026-09-03T12:00,67
2026-09-03T13:00,67
2026-09-03T14:00,71
2026-09-03T15:00,68
2026-09-03T16:00,68
2026-09-03T17:00,70
2026-09-03T18:00,76
2026-09-03T19:00,82
2026-09-03T20:00,87
2026-09-03T21:00,89
2026-09-03T22:00,90
2026-09-03T23:00,90
2026-09-04T00:00,92
2026-09-04T01:00,92
2026-09-04T02:00,91
2026-09-04T03:00,92
2026-09-04T04:00,91
2026-09-04T05:00,90
2026-09-04T06:00,92
2026-09-04T07:00,87
2026-09-04T08:00,80
2026-09-04T09:00,72
2026-09-04T10:00,67
2026-09-04T11:00,72
2026-09-04T12:00,67
2026-09-04T13:00,67
2026-09-04T14:00,64
2026-09-04T15:00,62
2026-09-04T16:00,65
2026-09-04T17:00,71
2026-09-04T18:00,77
2026-09-04T19:00,81
2026-09-04T20:00,85
2026-09-04T21:00,88
2026-09-04T22:00,91
2026-09-04T23:00,89
2026-09-05T00:00,90
2026-09-05T01:00,92
2026-09-05T02:00,94
2026-09-05T03:00,94
2026-09-05T04:00,95
2026-09-05T05:00,89
2026-09-05T06:00,90
2026-09-05T07:00,86
2026-09-05T08:00,81
2026-09-05T09:00,75
2026-09-05T10:00,68
2026-09-05T11:00,66
2026-09-05T12:00,62
2026-09-05T13:00,61
2026-09-05T14:00,58
2026-09-05T15:00,57
2026-09-05T16:00,59
2026-09-05T17:00,71
2026-09-05T18:00,75
2026-09-05T19:00,79
2026-09-05T20:00,83
2026-09-05T21:00,85
2026-09-05T22:00,88
2026-09-05T23:00,88
2026-09-06T00:00,89
2026-09-06T01:00,89
2026-09-06T02:00,91
2026-09-06T03:00,93
2026-09-06T04:00,94
2026-09-06T05:00,92
2026-09-06T06:00,91
2026-09-06T07:00,85
2026-09-06T08:00,79
2026-09-06T09:00,73
2026-09-06T10:00,69
2026-09-06T11:00,66
2026-09-06T12:00,66
2026-09-06T13:00,66
2026-09-06T14:00,67
2026-09-06T15:00,66
2026-09-06T16:00,65
2026-09-06T17:00,71
2026-09-06T18:00,77
2026-09-06T19:00,82
2026-09-06T20:00,84
2026-09-06T21:00,85
2026-09-06T22:00,86
2026-09-06T23:00,85
2026-09-07T00:00,87
2026-09-07T01:00,89
2026-09-07T02:00,91
2026-09-07T03:00,92
2026-09-07T04:00,94
2026-09-07T05:00,91
2026-09-07T06:00,95
2026-09-07T07:00,91
2026-09-07T08:00,83
2026-09-07T09:00,74
2026-09-07T10:00,69
2026-09-07T11:00,62
2026-09-07T12:00,61
2026-09-07T13:00,60
2026-09-07T14:00,66
2026-09-07T15:00,63
2026-09-07T16:00,61
2026-09-07T17:00,70
2026-09-07T18:00,75
2026-09-07T19:00,79
2026-09-07T20:00,84
2026-09-07T21:00,86
2026-09-07T22:00,89
2026-09-07T23:00,90
2026-09-08T00:00,90
2026-09-08T01:00,92
2026-09-08T02:00,93
2026-09-08T03:00,93
2026-09-08T04:00,93
2026-09-08T05:00,90
2026-09-08T06:00,91
2026-09-08T07:00,90
2026-09-08T08:00,83
2026-09-08T09:00,75
2026-09-08T10:00,67
2026-09-08T11:00,62
2026-09-08T12:00,60
2026-09-08T13:00,62
2026-09-08T14:00,59
2026-09-08T15:00,63
2026-09-08T16:00,63
2026-09-08T17:00,69
2026-09-08T18:00,74
2026-09-08T19:00,78
2026-09-08T20:00,82
2026-09-08T21:00,86
2026-09-08T22:00,88
2026-09-08T23:00,88
2026-09-09T00:00,90
2026-09-09T01:00,91
2026-09-09T02:00,92
2026-09-09T03:00,93
2026-09-09T04:00,95
2026-09-09T05:00,95
2026-09-09T06:00,96
2026-09-09T07:00,86
2026-09-09T08:00,77
2026-09-09T09:00,66
2026-09-09T10:00,62
2026-09-09T11:00,56
2026-09-09T12:00,51
2026-09-09T13:00,48
2026-09-09T14:00,45
2026-09-09T15:00,46
2026-09-09T16:00,50
2026-09-09T17:00,58
2026-09-09T18:00,71
2026-09-09T19:00,78
2026-09-09T20:00,82
2026-09-09T21:00,85
2026-09-09T22:00,87
2026-09-09T23:00,86
2026-09-10T00:00,88
2026-09-10T01:00,90
2026-09-10T02:00,91
2026-09-10T03:00,92
2026-09-10T04:00,93
2026-09-10T05:00,93
2026-09-10T06:00,94
2026-09-10T07:00,85
2026-09-10T08:00,74
2026-09-10T09:00,65
2026-09-10T10:00,53
2026-09-10T11:00,45
2026-09-10T12:00,40
2026-09-10T13:00,38
2026-09-10T14:00,36
2026-09-10T15:00,38
2026-09-10T16:00,41
2026-09-10T17:00,49
2026-09-10T18:00,63
2026-09-10T19:00,71
2026-09-10T20:00,75
2026-09-10T21:00,78
2026-09-10T22:00,81
2026-09-10T23:00,83
2026-09-11T00:00,85
2026-09-11T01:00,85
2026-09-11T02:00,86
2026-09-11T03:00,87
2026-09-11T04:00,87
2026-09-11T05:00,87
2026-09-11T06:00,88
2026-09-11T07:00,82
2026-09-11T08:00,72
2026-09-11T09:00,62
2026-09-11T10:00,52
2026-09-11T11:00,46
2026-09-11T12:00,41
2026-09-11T13:00,39
2026-09-11T14:00,37
2026-09-11T15:00,38
2026-09-11T16:00,40
2026-09-11T17:00,43
2026-09-11T18:00,64
2026-09-11T19:00,71
2026-09-11T20:00,75
2026-09-11T21:00,79
2026-09-11T22:00,82
2026-09-11T23:00,84
2026-09-12T00:00,85
2026-09-12T01:00,86
2026-09-12T02:00,87
2026-09-12T03:00,88
2026-09-12T04:00,89
2026-09-12T05:00,88
2026-09-12T06:00,91
2026-09-12T07:00,84
2026-09-12T08:00,72
2026-09-12T09:00,60
2026-09-12T10:00,49
2026-09-12T11:00,43
2026-09-12T12:00,43
2026-09-12T13:00,42
2026-09-12T14:00,40
2026-09-12T15:00,42
2026-09-12T16:00,47
2026-09-12T17:00,57
2026-09-12T18:00,65
2026-09-12T19:00,71
2026-09-12T20:00,76
2026-09-12T21:00,80
2026-09-12T22:00,83
2026-09-12T23:00,84
2026-09-13T00:00,85
2026-09-13T01:00,86
2026-09-13T02:00,87
2026-09-13T03:00,89
2026-09-13T04:00,90
2026-09-13T05:00,88
2026-09-13T06:00,88
2026-09-13T07:00,83
2026-09-13T08:00,70
2026-09-13T09:00,60
2026-09-13T10:00,50
2026-09-13T11:00,46
2026-09-13T12:00,44
2026-09-13T13:00,45
2026-09-13T14:00,46
2026-09-13T15:00,48
2026-09-13T16:00,52
2026-09-13T17:00,57
2026-09-13T18:00,66
2026-09-13T19:00,75
2026-09-13T20:00,80
2026-09-13T21:00,83
2026-09-13T22:00,85
2026-09-13T23:00,86
2026-09-14T00:00,86
2026-09-14T01:00,88
2026-09-14T02:00,89
2026-09-14T03:00,91
2026-09-14T04:00,90
2026-09-14T05:00,89
2026-09-14T06:00,90
2026-09-14T07:00,82
2026-09-14T08:00,71
2026-09-14T09:00,62
2026-09-14T10:00,54
2026-09-14T11:00,46
2026-09-14T12:00,44
2026-09-14T13:00,42
2026-09-14T14:00,43
2026-09-14T15:00,45
2026-09-14T16:00,51
2026-09-14T17:00,55
2026-09-14T18:00,64
2026-09-14T19:00,71
2026-09-14T20:00,78
2026-09-14T21:00,82
2026-09-14T22:00,84
2026-09-14T23:00,85
2026-09-15T00:00,88
2026-09-15T01:00,89
2026-09-15T02:00,90
2026-09-15T03:00,92
2026-09-15T04:00,93
2026-09-15T05:00,92
2026-09-15T06:00,94
2026-09-15T07:00,86
2026-09-15T08:00,72
2026-09-15T09:00,60
2026-09-15T10:00,51
2026-09-15T11:00,43
2026-09-15T12:00,40
2026-09-15T13:00,37
2026-09-15T14:00,36
2026-09-15T15:00,42
2026-09-15T16:00,51
2026-09-15T17:00,63
2026-09-15T18:00,62
2026-09-15T19:00,67
2026-09-15T20:00,72
2026-09-15T21:00,75
2026-09-15T22:00,78
2026-09-15T23:00,79
2026-09-16T00:00,82
2026-09-16T01:00,84
2026-09-16T02:00,85
2026-09-16T03:00,86
2026-09-16T04:00,86
2026-09-16T05:00,85
2026-09-16T06:00,86
2026-09-16T07:00,79
2026-09-16T08:00,67
2026-09-16T09:00,54
2026-09-16T10:00,45
2026-09-16T11:00,48
2026-09-16T12:00,44
2026-09-16T13:00,43
2026-09-16T14:00,48
2026-09-16T15:00,74
2026-09-16T16:00,63
2026-09-16T17:00,67
2026-09-16T18:00,83
2026-09-16T19:00,83
2026-09-16T20:00,85
2026-09-16T21:00,87
2026-09-16T22:00,88
2026-09-16T23:00,88
2026-09-17T00:00,89
2026-09-17T01:00,90
2026-09-17T02:00,91
2026-09-17T03:00,91
2026-09-17T04:00,90
2026-09-17T05:00,90
2026-09-17T06:00,88
2026-09-17T07:00,83
2026-09-17T08:00,74
2026-09-17T09:00,66
2026-09-17T10:00,57
2026-09-17T11:00,52
2026-09-17T12:00,48
2026-09-17T13:00,46
2026-09-17T14:00,46
2026-09-17T15:00,64
2026-09-17T16:00,64
2026-09-17T17:00,68
2026-09-17T18:00,74
2026-09-17T19:00,78
2026-09-17T20:00,80
2026-09-17T21:00,82
2026-09-17T22:00,84
2026-09-17T23:00,84
2026-09-18T00:00,86
2026-09-18T01:00,87
2026-09-18T02:00,88
2026-09-18T03:00,89
2026-09-18T04:00,92
2026-09-18T05:00,90
2026-09-18T06:00,91
2026-09-18T07:00,83
2026-09-18T08:00,73
2026-09-18T09:00,62
2026-09-18T10:00,53
2026-09-18T11:00,49
2026-09-18T12:00,42
2026-09-18T13:00,41
2026-09-18T14:00,42
2026-09-18T15:00,45
2026-09-18T16:00,49
2026-09-18T17:00,55
2026-09-18T18:00,66
2026-09-18T19:00,72
2026-09-18T20:00,76
2026-09-18T21:00,80
2026-09-18T22:00,81
2026-09-18T23:00,82
2026-09-19T00:00,84
2026-09-19T01:00,86
2026-09-19T02:00,88
2026-09-19T03:00,90
2026-09-19T04:00,91
2026-09-19T05:00,90
2026-09-19T06:00,91
2026-09-19T07:00,83
2026-09-19T08:00,71
2026-09-19T09:00,62
2026-09-19T10:00,56
2026-09-19T11:00,50
2026-09-19T12:00,48
2026-09-19T13:00,46
2026-09-19T14:00,68
2026-09-19T15:00,56
2026-09-19T16:00,61
2026-09-19T17:00,63
2026-09-19T18:00,70
2026-09-19T19:00,75
2026-09-19T20:00,77
2026-09-19T21:00,81
2026-09-19T22:00,84
2026-09-19T23:00,85
2026-09-20T00:00,88
2026-09-20T01:00,91
2026-09-20T02:00,92
2026-09-20T03:00,93
2026-09-20T04:00,93
2026-09-20T05:00,90
2026-09-20T06:00,91
2026-09-20T07:00,84
2026-09-20T08:00,75
2026-09-20T09:00,65
2026-09-20T10:00,56
2026-09-20T11:00,53
2026-09-20T12:00,47
2026-09-20T13:00,43
2026-09-20T14:00,42
2026-09-20T15:00,44
2026-09-20T16:00,77
2026-09-20T17:00,66
2026-09-20T18:00,74
2026-09-20T19:00,80
2026-09-20T20:00,85
2026-09-20T21:00,87
2026-09-20T22:00,90
2026-09-20T23:00,90
2026-09-21T00:00,90
2026-09-21T01:00,92
2026-09-21T02:00,93
2026-09-21T03:00,96
2026-09-21T04:00,97
2026-09-21T05:00,93
2026-09-21T06:00,93
2026-09-21T07:00,90
2026-09-21T08:00,86
2026-09-21T09:00,76
2026-09-21T10:00,71
2026-09-21T11:00,67
2026-09-21T12:00,62
2026-09-21T13:00,58
2026-09-21T14:00,59
2026-09-21T15:00,60
2026-09-21T16:00,68
2026-09-21T17:00,82
2026-09-21T18:00,90
2026-09-21T19:00,89
2026-09-21T20:00,92
2026-09-21T21:00,91
2026-09-21T22:00,92
2026-09-21T23:00,89
2026-09-22T00:00,90
2026-09-22T01:00,91
2026-09-22T02:00,92
2026-09-22T03:00,92
2026-09-22T04:00,93
2026-09-22T05:00,91
2026-09-22T06:00,91
2026-09-22T07:00,86
2026-09-22T08:00,80
2026-09-22T09:00,74
2026-09-22T10:00,69
2026-09-22T11:00,63
2026-09-22T12:00,61
2026-09-22T13:00,59
2026-09-22T14:00,89
2026-09-22T15:00,89
2026-09-22T16:00,87
2026-09-22T17:00,86
2026-09-22T18:00,87
2026-09-22T19:00,88
2026-09-22T20:00,89
2026-09-22T21:00,89
2026-09-22T22:00,90
2026-09-22T23:00,91
2026-09-23T00:00,94
2026-09-23T01:00,95
2026-09-23T02:00,95
2026-09-23T03:00,97
2026-09-23T04:00,96
2026-09-23T05:00,94
2026-09-23T06:00,94
2026-09-23T07:00,90
2026-09-23T08:00,83
2026-09-23T09:00,78
2026-09-23T10:00,69
2026-09-23T11:00,63
2026-09-23T12:00,61
2026-09-23T13:00,61
2026-09-23T14:00,78
2026-09-23T15:00,91
2026-09-23T16:00,82
2026-09-23T17:00,79
2026-09-23T18:00,84
2026-09-23T19:00,85
2026-09-23T20:00,86
2026-09-23T21:00,89
2026-09-23T22:00,90
2026-09-23T23:00,88
2026-09-24T00:00,90
2026-09-24T01:00,93
2026-09-24T02:00,94
2026-09-24T03:00,94
2026-09-24T04:00,94
2026-09-24T05:00,93
2026-09-24T06:00,93
2026-09-24T07:00,88
2026-09-24T08:00,81
2026-09-24T09:00,75
2026-09-24T10:00,71
2026-09-24T11:00,64
2026-09-24T12:00,57
2026-09-24T13:00,56
2026-09-24T14:00,68
2026-09-24T15:00,67
2026-09-24T16:00,70
2026-09-24T17:00,73
2026-09-24T18:00,77
2026-09-24T19:00,82
2026-09-24T20:00,85
2026-09-24T21:00,86
2026-09-24T22:00,88
2026-09-24T23:00,89
2026-09-25T00:00,90
2026-09-25T01:00,91
2026-09-25T02:00,92
2026-09-25T03:00,92
2026-09-25T04:00,92
2026-09-25T05:00,92
2026-09-25T06:00,92
2026-09-25T07:00,85
2026-09-25T08:00,78
2026-09-25T09:00,71
2026-09-25T10:00,61
2026-09-25T11:00,51
2026-09-25T12:00,46
2026-09-25T13:00,47
2026-09-25T14:00,48
2026-09-25T15:00,51
2026-09-25T16:00,59
2026-09-25T17:00,69
2026-09-25T18:00,75
2026-09-25T19:00,78
2026-09-25T20:00,83
2026-09-25T21:00,86
2026-09-25T22:00,87
2026-09-25T23:00,85
2026-09-26T00:00,84
2026-09-26T01:00,84
2026-09-26T02:00,86
2026-09-26T03:00,87
2026-09-26T04:00,87
2026-09-26T05:00,87
2026-09-26T06:00,88
2026-09-26T07:00,82
2026-09-26T08:00,75
2026-09-26T09:00,66
2026-09-26T10:00,58
2026-09-26T11:00,54
2026-09-26T12:00,51
2026-09-26T13:00,49
2026-09-26T14:00,49
2026-09-26T15:00,54
2026-09-26T16:00,67
2026-09-26T17:00,73
2026-09-26T18:00,79
2026-09-26T19:00,82
2026-09-26T20:00,85
2026-09-26T21:00,89
2026-09-26T22:00,92
2026-09-26T23:00,93
2026-09-27T00:00,95
2026-09-27T01:00,95
2026-09-27T02:00,97
2026-09-27T03:00,97
2026-09-27T04:00,96
2026-09-27T05:00,97
2026-09-27T06:00,98
2026-09-27T07:00,91
2026-09-27T08:00,81
2026-09-27T09:00,72
2026-09-27T10:00,62
2026-09-27T11:00,50
2026-09-27T12:00,45
2026-09-27T13:00,43
2026-09-27T14:00,43
2026-09-27T15:00,43
2026-09-27T16:00,45
2026-09-27T17:00,44
2026-09-27T18:00,61
2026-09-27T19:00,74
2026-09-27T20:00,77
2026-09-27T21:00,80
2026-09-27T22:00,82
2026-09-27T23:00,82
2026-09-28T00:00,86
2026-09-28T01:00,88
2026-09-28T02:00,91
2026-09-28T03:00,93
2026-09-28T04:00,95
2026-09-28T05:00,96
2026-09-28T06:00,97
2026-09-28T07:00,89
2026-09-28T08:00,77
2026-09-28T09:00,64
2026-09-28T10:00,54
2026-09-28T11:00,52
2026-09-28T12:00,48
2026-09-28T13:00,45
2026-09-28T14:00,43
2026-09-28T15:00,42
2026-09-28T16:00,42
2026-09-28T17:00,61
2026-09-28T18:00,68
2026-09-28T19:00,71
2026-09-28T20:00,76
2026-09-28T21:00,79
2026-09-28T22:00,82
2026-09-28T23:00,85
2026-09-29T00:00,88
2026-09-29T01:00,89
2026-09-29T02:00,91
2026-09-29T03:00,91
2026-09-29T04:00,91
2026-09-29T05:00,85
2026-09-29T06:00,81
2026-09-29T07:00,76
2026-09-29T08:00,67
2026-09-29T09:00,59
2026-09-29T10:00,54
2026-09-29T11:00,51
2026-09-29T12:00,50
2026-09-29T13:00,47
2026-09-29T14:00,48
2026-09-29T15:00,46
2026-09-29T16:00,54
2026-09-29T17:00,87
2026-09-29T18:00,89
2026-09-29T19:00,92
2026-09-29T20:00,96
2026-09-29T21:00,97
2026-09-29T22:00,94
2026-09-29T23:00,96

time,temperature_2m_mean (°C),temperature_2m_max (°C),temperature_2m_min (°C),precipitation_sum (mm),rain_sum (mm),precipitation_hours (h),et0_fao_evapotranspiration (mm),weather_code (wmo code),soil_moisture_0_to_100cm_mean (m³/m³),soil_moisture_0_to_7cm_mean (m³/m³),soil_moisture_28_to_100cm_mean (m³/m³),soil_moisture_7_to_28cm_mean (m³/m³)
2025-11-07,24.0,29.2,20.0,0.60,0.60,5.0,3.59,51,0.354,0.298,0.356,0.366
2025-11-08,23.4,29.0,18.4,0.00,0.00,0.0,4.36,0,0.349,0.271,0.355,0.351
2025-11-09,21.9,28.2,17.0,0.00,0.00,0.0,4.35,0,0.344,0.250,0.354,0.342
2025-11-10,21.0,27.6,14.9,0.00,0.00,0.0,4.28,1,0.340,0.234,0.352,0.335
2025-11-11,21.5,28.0,14.9,0.00,0.00,0.0,4.22,3,0.338,0.221,0.351,0.331
2025-11-12,22.6,29.0,16.7,0.00,0.00,0.0,4.17,0,0.335,0.212,0.349,0.326
2025-11-13,23.4,29.6,18.8,0.00,0.00,0.0,4.44,0,0.333,0.208,0.348,0.322
2025-11-14,22.5,28.8,17.4,0.00,0.00,0.0,4.73,0,0.334,0.210,0.349,0.325
2025-11-15,21.7,28.3,15.5,0.00,0.00,0.0,4.60,0,0.333,0.207,0.349,0.323
2025-11-16,21.8,28.6,15.6,0.00,0.00,0.0,4.91,3,0.329,0.201,0.345,0.316
2025-11-17,21.7,28.0,16.4,0.00,0.00,0.0,5.10,1,0.328,0.200,0.345,0.312
2025-11-18,21.5,28.4,15.2,0.00,0.00,0.0,4.68,0,0.328,0.202,0.345,0.311
2025-11-19,22.4,29.1,15.8,0.00,0.00,0.0,4.31,0,0.325,0.203,0.342,0.306
2025-11-20,23.0,29.7,17.7,0.00,0.00,0.0,4.59,3,0.325,0.208,0.342,0.307
2025-11-21,23.4,29.9,18.0,0.00,0.00,0.0,4.24,3,0.326,0.210,0.343,0.307
2025-11-22,24.9,30.7,18.8,0.00,0.00,0.0,4.45,3,0.323,0.203,0.341,0.304
2025-11-23,24.9,30.6,20.4,0.00,0.00,0.0,4.06,3,0.322,0.203,0.339,0.302
2025-11-24,24.8,29.6,20.2,0.40,0.40,4.0,3.98,51,0.320,0.206,0.337,0.299
2025-11-25,25.0,29.9,20.6,0.00,0.00,0.0,4.41,3,0.322,0.204,0.338,0.303
2025-11-26,23.6,29.0,18.1,0.00,0.00,0.0,4.26,3,0.323,0.207,0.339,0.305
2025-11-27,23.0,28.3,18.6,0.00,0.00,0.0,4.42,3,0.324,0.206,0.341,0.307
2025-11-28,23.0,29.1,18.3,0.00,0.00,0.0,4.61,3,0.322,0.200,0.339,0.304
2025-11-29,21.9,28.0,17.3,0.00,0.00,0.0,4.93,3,0.324,0.191,0.341,0.310
2025-11-30,22.0,28.2,16.5,0.00,0.00,0.0,4.42,3,0.324,0.194,0.341,0.310
2025-12-01,22.6,28.9,16.8,0.00,0.00,0.0,3.98,3,0.322,0.197,0.339,0.305
2025-12-02,22.6,28.7,16.4,0.00,0.00,0.0,3.75,3,0.321,0.195,0.338,0.303
2025-12-03,24.0,29.7,18.6,0.00,0.00,0.0,4.49,3,0.319,0.198,0.337,0.301
2025-12-04,24.0,28.7,19.8,0.10,0.10,1.0,3.68,51,0.318,0.199,0.336,0.299
2025-12-05,24.0,28.2,20.2,0.20,0.20,2.0,3.33,51,0.320,0.209,0.336,0.300
2025-12-06,23.1,27.6,19.5,0.00,0.00,0.0,3.91,3,0.328,0.214,0.343,0.316
2025-12-07,22.7,28.2,18.2,0.00,0.00,0.0,4.33,3,0.340,0.219,0.352,0.337
2025-12-08,22.3,28.5,16.7,0.00,0.00,0.0,4.05,3,0.339,0.213,0.352,0.335
2025-12-09,21.8,27.9,16.2,0.00,0.00,0.0,5.32,0,0.336,0.212,0.350,0.328
2025-12-10,21.3,28.2,15.3,0.00,0.00,0.0,4.96,3,0.334,0.204,0.350,0.326
2025-12-11,20.9,28.1,14.4,0.00,0.00,0.0,4.83,2,0.333,0.202,0.349,0.322
2025-12-12,20.3,28.0,13.8,0.00,0.00,0.0,4.48,0,0.331,0.202,0.347,0.318
2025-12-13,20.6,28.5,13.1,0.00,0.00,0.0,4.28,0,0.329,0.201,0.346,0.314
2025-12-14,20.9,27.7,15.0,0.00,0.00,0.0,4.30,3,0.327,0.201,0.345,0.311
2025-12-15,21.4,28.0,15.4,0.00,0.00,0.0,4.59,2,0.326,0.201,0.344,0.308
2025-12-16,21.8,28.3,16.1,0.00,0.00,0.0,4.73,0,0.325,0.201,0.343,0.306
2025-12-17,23.3,29.5,18.5,0.00,0.00,0.0,4.56,0,0.324,0.201,0.342,0.303
2025-12-18,22.0,29.8,16.1,0.00,0.00,0.0,4.83,3,0.322,0.201,0.340,0.301
2025-12-19,21.5,29.2,16.0,0.00,0.00,0.0,5.07,3,0.329,0.201,0.350,0.299
2025-12-20,20.8,28.8,13.7,0.00,0.00,0.0,4.80,3,0.331,0.200,0.354,0.297
2025-12-21,20.9,28.0,15.0,0.00,0.00,0.0,4.58,3,0.335,0.200,0.360,0.296
2025-12-22,21.3,28.2,14.5,0.00,0.00,0.0,4.69,3,0.336,0.200,0.361,0.295
2025-12-23,21.2,28.4,14.5,0.00,0.00,0.0,4.44,3,0.335,0.200,0.361,0.293
2025-12-24,21.4,27.7,16.3,0.00,0.00,0.0,4.80,3,0.335,0.200,0.361,0.292
2025-12-25,20.6,27.1,14.1,0.00,0.00,0.0,4.34,1,0.337,0.200,0.363,0.291
2025-12-26,20.8,27.6,13.5,0.00,0.00,0.0,4.25,0,0.340,0.200,0.368,0.291
2025-12-27,21.3,27.8,15.5,0.00,0.00,0.0,4.43,0,0.351,0.200,0.383,0.290
2025-12-28,20.8,27.6,14.1,0.00,0.00,0.0,4.27,0,0.358,0.200,0.393,0.290
2025-12-29,20.6,27.4,13.9,0.00,0.00,0.0,4.09,2,0.365,0.200,0.403,0.290
2025-12-30,20.8,27.8,14.0,0.00,0.00,0.0,3.82,3,0.369,0.200,0.409,0.290
2025-12-31,20.3,28.4,12.2,0.00,0.00,0.0,4.00,3,0.371,0.200,0.410,0.291
2026-01-01,21.4,28.2,14.8,0.00,0.00,0.0,3.79,3,0.375,0.200,0.416,0.292
2026-01-02,22.3,28.7,15.3,0.00,0.00,0.0,3.50,3,0.376,0.200,0.418,0.293
2026-01-03,23.5,29.0,18.2,0.00,0.00,0.0,3.87,3,0.375,0.200,0.416,0.294
2026-01-04,23.5,28.2,18.6,0.00,0.00,0.0,3.92,3,0.377,0.200,0.418,0.294
2026-01-05,22.4,28.0,17.3,0.00,0.00,0.0,4.66,1,0.376,0.200,0.417,0.295
2026-01-06,21.6,27.8,16.4,0.00,0.00,0.0,4.73,0,0.378,0.200,0.419,0.295
2026-01-07,21.4,27.7,15.9,0.00,0.00,0.0,5.11,3,0.384,0.200,0.427,0.296
2026-01-08,21.1,27.3,15.8,0.00,0.00,0.0,4.89,3,0.388,0.200,0.432,0.298
2026-01-09,21.0,27.5,15.7,0.00,0.00,0.0,4.99,3,0.398,0.200,0.446,0.300
2026-01-10,21.3,27.8,15.8,0.00,0.00,0.0,4.76,2,0.399,0.201,0.446,0.302
2026-01-11,21.9,27.9,15.7,0.00,0.00,0.0,4.67,3,0.402,0.201,0.450,0.305
2026-01-12,23.9,28.9,18.9,0.00,0.00,0.0,3.88,3,0.402,0.212,0.448,0.308
2026-01-13,24.4,29.8,19.5,0.00,0.00,0.0,4.01,2,0.401,0.203,0.447,0.310
2026-01-14,23.9,29.2,18.6,0.00,0.00,0.0,3.71,1,0.400,0.199,0.446,0.312
2026-01-15,24.5,30.0,19.4,0.00,0.00,0.0,3.89,3,0.398,0.202,0.442,0.313
2026-01-16,24.0,29.8,18.9,0.00,0.00,0.0,4.22,3,0.396,0.201,0.439,0.314
2026-01-17,23.2,28.9,17.7,0.00,0.00,0.0,3.74,3,0.394,0.201,0.436,0.315
2026-01-18,22.2,29.5,15.3,0.00,0.00,0.0,4.19,2,0.391,0.201,0.432,0.315
2026-01-19,21.7,28.3,15.8,0.00,0.00,0.0,4.05,0,0.390,0.201,0.430,0.315
2026-01-20,21.4,28.9,14.4,0.00,0.00,0.0,4.33,0,0.389,0.201,0.428,0.315
2026-01-21,21.9,28.1,16.7,0.00,0.00,0.0,4.87,0,0.393,0.201,0.434,0.315
2026-01-22,21.8,27.4,16.9,0.00,0.00,0.0,4.87,0,0.393,0.201,0.435,0.315
2026-01-23,21.2,27.3,15.4,0.00,0.00,0.0,4.58,0,0.394,0.201,0.436,0.316
2026-01-24,21.5,27.7,15.7,0.00,0.00,0.0,4.19,0,0.398,0.201,0.441,0.316
2026-01-25,22.8,29.1,17.1,0.00,0.00,0.0,4.29,3,0.397,0.201,0.440,0.317
2026-01-26,24.4,29.8,19.3,0.00,0.00,0.0,4.16,3,0.398,0.201,0.441,0.318
2026-01-27,23.9,28.4,20.3,2.00,2.00,9.0,3.45,53,0.402,0.208,0.445,0.320
2026-01-28,24.4,29.8,19.3,0.00,0.00,0.0,4.00,3,0.401,0.208,0.443,0.321
2026-01-29,24.7,30.1,19.9,0.00,0.00,0.0,4.48,1,0.398,0.202,0.439,0.321
2026-01-30,23.6,29.3,18.5,0.00,0.00,0.0,4.40,3,0.396,0.202,0.437,0.321
2026-01-31,23.1,29.2,17.9,0.00,0.00,0.0,4.96,2,0.394,0.201,0.434,0.321
2026-02-01,23.3,29.1,17.9,0.00,0.00,0.0,5.04,1,0.398,0.201,0.440,0.321
2026-02-02,23.3,29.4,18.2,0.00,0.00,0.0,4.72,0,0.399,0.201,0.441,0.321
2026-02-03,23.5,29.1,18.3,0.00,0.00,0.0,4.58,1,0.402,0.201,0.444,0.322
2026-02-04,24.1,29.9,19.2,0.00,0.00,0.0,5.16,1,0.401,0.202,0.443,0.322
2026-02-05,23.8,29.7,19.1,0.00,0.00,0.0,4.97,1,0.399,0.205,0.440,0.323
2026-02-06,23.8,29.9,18.3,0.00,0.00,0.0,5.24,0,0.398,0.202,0.439,0.323
2026-02-07,23.5,30.2,17.4,0.00,0.00,0.0,4.98,0,0.395,0.202,0.435,0.322
2026-02-08,23.8,30.6,17.4,0.00,0.00,0.0,4.84,3,0.397,0.201,0.438,0.322
2026-02-09,23.7,30.7,16.5,0.00,0.00,0.0,4.77,3,0.402,0.201,0.444,0.322
2026-02-10,23.8,30.9,16.8,0.00,0.00,0.0,4.87,2,0.399,0.201,0.441,0.322
2026-02-11,23.8,30.9,17.2,0.00,0.00,0.0,5.33,0,0.404,0.201,0.448,0.322
2026-02-12,23.7,30.4,18.4,0.00,0.00,0.0,5.54,3,0.404,0.201,0.448,0.323
2026-02-13,23.7,31.2,17.0,0.00,0.00,0.0,5.44,3,0.404,0.201,0.447,0.323
2026-02-14,23.9,31.0,16.6,0.00,0.00,0.0,5.23,3,0.405,0.201,0.448,0.323
2026-02-15,24.4,31.4,16.6,0.00,0.00,0.0,4.94,3,0.405,0.201,0.448,0.324
2026-02-16,24.9,31.3,18.2,0.00,0.00,0.0,5.26,0,0.402,0.201,0.444,0.324
2026-02-17,24.6,30.9,18.2,0.00,0.00,0.0,5.17,0,0.399,0.201,0.441,0.324
2026-02-18,24.9,31.6,19.7,0.00,0.00,0.0,5.12,2,0.397,0.201,0.438,0.324
2026-02-19,25.2,32.1,18.3,0.00,0.00,0.0,5.19,1,0.395,0.201,0.435,0.323
2026-02-20,26.4,33.0,20.8,0.00,0.00,0.0,5.85,2,0.392,0.201,0.432,0.323
2026-02-21,26.9,33.3,21.1,0.00,0.00,0.0,5.28,3,0.390,0.201,0.428,0.321
2026-02-22,27.5,32.9,22.4,0.00,0.00,0.0,4.59,3,0.388,0.200,0.426,0.320
2026-02-23,26.4,31.7,21.2,0.20,0.20,1.0,4.46,51,0.386,0.210,0.423,0.319
2026-02-24,25.7,31.9,20.7,0.00,0.00,0.0,4.81,3,0.385,0.222,0.420,0.317
2026-02-25,26.1,32.3,20.1,0.00,0.00,0.0,4.89,3,0.381,0.207,0.417,0.316
2026-02-26,25.3,32.2,18.5,0.00,0.00,0.0,5.61,0,0.379,0.203,0.415,0.314
2026-02-27,25.2,32.5,18.1,0.00,0.00,0.0,5.75,0,0.376,0.201,0.412,0.313
2026-02-28,25.0,32.2,18.3,0.00,0.00,0.0,5.54,3,0.374,0.198,0.409,0.311
2026-03-01,25.6,32.9,18.1,0.00,0.00,0.0,5.33,3,0.371,0.191,0.407,0.309
2026-03-02,27.1,34.4,19.4,0.00,0.00,0.0,5.44,3,0.369,0.196,0.404,0.308
2026-03-03,28.3,34.7,20.9,0.00,0.00,0.0,5.72,3,0.367,0.196,0.401,0.306
2026-03-04,28.5,34.8,23.0,0.00,0.00,0.0,6.37,1,0.364,0.196,0.398,0.304
2026-03-05,27.7,35.2,21.3,0.00,0.00,0.0,6.04,0,0.362,0.196,0.396,0.302
2026-03-06,27.4,35.2,19.2,0.00,0.00,0.0,5.85,0,0.360,0.197,0.393,0.301
2026-03-07,27.4,35.8,18.6,0.00,0.00,0.0,6.26,0,0.357,0.197,0.390,0.299
2026-03-08,28.2,36.7,20.4,0.00,0.00,0.0,6.32,0,0.355,0.197,0.387,0.297
2026-03-09,28.4,36.2,21.2,0.00,0.00,0.0,6.69,0,0.352,0.197,0.384,0.296
2026-03-10,29.0,35.2,23.6,0.00,0.00,0.0,7.39,0,0.350,0.197,0.381,0.294
2026-03-11,28.8,35.4,22.4,0.00,0.00,0.0,6.79,0,0.348,0.197,0.379,0.293
2026-03-12,28.7,36.5,21.0,0.00,0.00,0.0,6.14,0,0.346,0.200,0.376,0.292
2026-03-13,28.6,36.1,21.7,0.00,0.00,0.0,5.68,1,0.344,0.200,0.374,0.291
2026-03-14,28.7,35.9,21.8,0.00,0.00,0.0,5.41,2,0.342,0.197,0.371,0.290
2026-03-15,28.4,35.2,22.0,0.00,0.00,0.0,6.03,3,0.340,0.197,0.369,0.289
2026-03-16,27.5,34.8,21.0,0.00,0.00,0.0,5.79,2,0.338,0.199,0.366,0.288
2026-03-17,27.2,34.5,21.3,0.80,0.80,1.0,5.63,53,0.336,0.199,0.364,0.287
2026-03-18,26.4,33.6,20.0,0.00,0.00,0.0,5.46,3,0.335,0.199,0.362,0.286
2026-03-19,25.6,32.9,20.7,1.50,1.50,1.0,4.96,61,0.334,0.210,0.360,0.286
2026-03-20,25.5,32.8,19.5,0.00,0.00,0.0,5.49,1,0.334,0.236,0.358,0.285
2026-03-21,26.3,33.2,19.1,0.00,0.00,0.0,5.74,0,0.331,0.216,0.356,0.285
2026-03-22,27.5,34.7,20.4,0.00,0.00,0.0,5.67,3,0.330,0.220,0.354,0.284
2026-03-23,28.3,35.6,21.3,0.00,0.00,0.0,6.05,1,0.328,0.213,0.352,0.284
2026-03-24,28.4,35.2,21.4,0.00,0.00,0.0,5.72,1,0.325,0.202,0.349,0.283
2026-03-25,28.1,35.3,22.4,0.50,0.50,2.0,5.27,51,0.324,0.205,0.347,0.282
2026-03-26,28.5,35.8,22.0,0.00,0.00,0.0,5.54,3,0.322,0.209,0.345,0.282
2026-03-27,28.7,36.3,22.7,0.00,0.00,0.0,5.82,2,0.321,0.213,0.343,0.282
2026-03-28,28.7,35.2,22.4,0.00,0.00,0.0,6.11,3,0.321,0.224,0.341,0.285
2026-03-29,28.0,35.4,20.4,0.00,0.00,0.0,6.03,3,0.318,0.207,0.338,0.285
2026-03-30,29.2,36.3,24.1,0.60,0.60,3.0,5.71,51,0.316,0.202,0.337,0.284
2026-03-31,28.9,35.0,23.4,0.00,0.00,0.0,5.02,3,0.315,0.201,0.335,0.284
2026-04-01,27.8,36.1,23.0,2.00,2.00,3.0,4.84,61,0.314,0.203,0.334,0.283
2026-04-02,27.4,34.8,23.3,12.30,12.30,2.0,5.18,65,0.314,0.216,0.332,0.286
2026-04-03,27.3,33.9,21.4,0.10,0.10,1.0,5.67,51,0.315,0.209,0.330,0.295
2026-04-04,27.6,34.5,21.9,0.00,0.00,0.0,6.04,3,0.317,0.208,0.329,0.312
2026-04-05,27.1,34.8,21.0,0.00,0.00,0.0,6.88,3,0.317,0.200,0.330,0.309
2026-04-06,26.2,33.2,19.6,0.00,0.00,0.0,6.95,0,0.313,0.185,0.330,0.300
2026-04-07,26.6,35.4,19.2,0.00,0.00,0.0,6.46,2,0.309,0.167,0.328,0.288
2026-04-08,28.0,36.8,20.5,0.00,0.00,0.0,6.96,0,0.304,0.150,0.327,0.278
2026-04-09,28.6,36.6,21.7,0.00,0.00,0.0,6.94,0,0.304,0.150,0.325,0.281
2026-04-10,29.9,37.0,22.7,0.00,0.00,0.0,6.16,2,0.302,0.153,0.323,0.281
2026-04-11,31.0,38.6,23.9,0.00,0.00,0.0,7.10,0,0.301,0.153,0.321,0.281
2026-04-12,31.3,39.9,23.4,0.00,0.00,0.0,7.19,3,0.299,0.152,0.319,0.280
2026-04-13,30.2,38.5,23.8,0.00,0.00,0.0,6.41,1,0.298,0.153,0.317,0.280
2026-04-14,30.9,40.0,23.1,0.00,0.00,0.0,6.77,1,0.297,0.153,0.316,0.280
2026-04-15,31.5,39.9,24.2,0.00,0.00,0.0,7.10,1,0.295,0.153,0.314,0.279
2026-04-16,30.2,39.1,22.3,0.00,0.00,0.0,6.70,2,0.294,0.152,0.312,0.279
2026-04-17,31.1,39.8,23.0,0.00,0.00,0.0,6.94,3,0.293,0.152,0.311,0.279
2026-04-18,31.9,39.6,25.7,0.00,0.00,0.0,6.24,3,0.292,0.154,0.309,0.280
2026-04-19,31.3,39.2,25.8,0.10,0.10,1.0,5.42,51,0.291,0.155,0.308,0.279
2026-04-20,31.4,38.6,24.8,0.00,0.00,0.0,6.66,3,0.291,0.161,0.306,0.279
2026-04-21,30.5,38.4,24.2,0.20,0.20,1.0,5.98,51,0.288,0.152,0.305,0.277
2026-04-22,30.8,38.0,23.4,0.00,0.00,0.0,6.20,2,0.288,0.159,0.304,0.276
2026-04-23,31.3,39.3,24.7,0.60,0.60,1.0,6.63,53,0.287,0.164,0.303,0.277
2026-04-24,31.4,39.5,24.0,0.00,0.00,0.0,6.01,3,0.286,0.160,0.302,0.276
2026-04-25,32.4,38.9,24.6,0.00,0.00,0.0,6.68,3,0.286,0.163,0.300,0.276
2026-04-26,31.9,40.0,25.0,0.00,0.00,0.0,6.03,3,0.285,0.162,0.299,0.276
2026-04-27,30.8,39.2,24.5,0.00,0.00,0.0,6.31,3,0.284,0.161,0.298,0.276
2026-04-28,31.0,39.6,24.2,0.00,0.00,0.0,6.18,2,0.284,0.168,0.297,0.276
2026-04-29,31.2,39.4,24.2,0.00,0.00,0.0,6.80,1,0.284,0.185,0.296,0.276
2026-04-30,30.7,38.9,24.2,0.00,0.00,0.0,7.75,1,0.284,0.188,0.295,0.276
2026-05-01,29.4,36.8,22.8,0.00,0.00,0.0,7.69,0,0.283,0.188,0.294,0.276
2026-05-02,29.9,39.2,22.5,0.00,0.00,0.0,7.93,1,0.282,0.187,0.294,0.276
2026-05-03,29.8,39.3,22.5,0.00,0.00,0.0,7.59,3,0.282,0.187,0.293,0.275
2026-05-04,29.7,38.7,22.5,0.00,0.00,0.0,8.00,0,0.281,0.180,0.292,0.275
2026-05-05,29.5,37.9,22.6,0.00,0.00,0.0,6.91,2,0.281,0.187,0.292,0.275
2026-05-06,30.2,38.2,23.1,0.00,0.00,0.0,6.55,1,0.280,0.187,0.291,0.275
2026-05-07,30.7,37.7,24.8,0.00,0.00,0.0,6.42,3,0.280,0.186,0.290,0.275
2026-05-08,31.6,37.8,25.3,0.30,0.30,2.0,6.67,51,0.279,0.188,0.290,0.275
2026-05-09,32.0,38.1,25.6,0.00,0.00,0.0,6.37,3,0.280,0.198,0.289,0.275
2026-05-10,32.2,39.4,25.8,0.00,0.00,0.0,6.67,3,0.281,0.218,0.289,0.275
2026-05-11,31.5,40.4,25.9,0.00,0.00,0.0,6.64,3,0.280,0.209,0.288,0.275
2026-05-12,31.6,40.7,24.6,0.00,0.00,0.0,6.49,3,0.280,0.200,0.289,0.279
2026-05-13,30.0,38.0,24.9,2.10,2.10,9.0,5.84,55,0.280,0.199,0.289,0.279
2026-05-14,29.5,37.1,24.3,2.60,2.60,6.0,4.22,53,0.283,0.240,0.288,0.280
2026-05-15,30.3,37.7,24.5,0.00,0.00,0.0,6.27,3,0.284,0.249,0.288,0.280
2026-05-16,31.3,39.4,24.9,0.00,0.00,0.0,6.55,3,0.281,0.221,0.287,0.278
2026-05-17,31.6,39.1,25.6,0.10,0.10,1.0,6.87,51,0.279,0.204,0.287,0.278
2026-05-18,30.7,39.0,25.1,0.80,0.80,5.0,6.14,51,0.278,0.211,0.285,0.276
2026-05-19,28.6,34.2,24.3,1.90,1.90,6.0,4.82,53,0.278,0.215,0.285,0.276
2026-05-20,28.4,34.1,24.3,0.30,0.30,1.0,5.01,51,0.280,0.221,0.285,0.281
2026-05-21,29.7,36.7,24.2,0.30,0.30,1.0,6.35,51,0.278,0.195,0.286,0.281
2026-05-22,28.6,34.8,25.2,4.10,4.10,3.0,5.17,63,0.278,0.183,0.287,0.280
2026-05-23,28.8,33.5,25.1,2.60,2.60,6.0,5.44,53,0.276,0.180,0.286,0.274
2026-05-24,27.9,32.3,24.0,4.50,4.50,4.0,5.37,61,0.278,0.213,0.286,0.272
2026-05-25,29.0,35.4,23.9,0.10,0.10,1.0,6.22,51,0.278,0.214,0.286,0.272
2026-05-26,29.5,35.4,25.2,0.30,0.30,2.0,6.06,51,0.272,0.205,0.279,0.273
2026-05-27,29.4,35.3,24.5,0.00,0.00,0.0,6.15,3,0.274,0.189,0.280,0.282
2026-05-28,29.8,36.4,24.4,0.00,0.00,0.0,6.84,3,0.285,0.201,0.291,0.294
2026-05-29,30.1,37.5,24.8,0.40,0.40,1.0,7.31,51,0.279,0.182,0.287,0.284
2026-05-30,30.6,37.4,25.2,0.00,0.00,0.0,7.12,3,0.266,0.172,0.273,0.272
2026-05-31,30.1,37.0,25.3,1.30,1.30,5.0,6.82,53,0.264,0.186,0.269,0.274
2026-06-01,29.9,37.8,25.0,2.30,2.30,2.0,6.48,61,0.264,0.193,0.269,0.269
2026-06-02,29.5,37.3,25.1,0.70,0.70,2.0,6.63,51,0.261,0.187,0.269,0.260
2026-06-03,27.4,31.6,24.8,0.70,0.70,2.0,3.29,51,0.262,0.203,0.269,0.260
2026-06-04,27.7,34.8,24.5,6.20,6.20,3.0,5.30,63,0.264,0.225,0.269,0.260
2026-06-05,28.0,34.7,23.9,1.20,1.20,2.0,5.53,55,0.264,0.246,0.265,0.267
2026-06-06,28.0,35.1,24.8,1.60,1.60,7.0,4.83,53,0.265,0.253,0.266,0.264
2026-06-07,27.7,33.0,24.7,2.20,2.20,5.0,5.16,61,0.270,0.285,0.268,0.271
2026-06-08,26.4,30.7,23.1,4.20,4.20,8.0,4.24,53,0.278,0.338,0.272,0.277
2026-06-09,26.0,29.0,24.1,1.70,1.70,10.0,3.62,51,0.279,0.339,0.273,0.279
2026-06-10,26.9,33.2,24.0,2.40,2.40,8.0,5.16,55,0.275,0.299,0.271,0.281
2026-06-11,28.4,34.6,23.6,0.00,0.00,0.0,6.58,3,0.276,0.242,0.276,0.285
2026-06-12,28.5,35.2,23.8,1.40,1.40,3.0,6.33,55,0.275,0.217,0.278,0.282
2026-06-13,28.6,34.7,24.3,3.40,3.40,9.0,6.34,61,0.273,0.210,0.278,0.277
2026-06-14,28.5,35.0,24.2,0.40,0.40,3.0,6.60,51,0.267,0.198,0.270,0.278
2026-06-15,28.5,34.9,23.8,0.20,0.20,2.0,6.77,51,0.268,0.192,0.273,0.278
2026-06-16,29.0,36.6,23.7,0.10,0.10,1.0,6.81,51,0.269,0.190,0.274,0.278
2026-06-17,28.5,35.7,23.8,1.30,1.30,7.0,6.40,51,0.268,0.183,0.274,0.278
2026-06-18,28.8,34.6,23.8,0.10,0.10,1.0,6.84,51,0.268,0.173,0.274,0.278
2026-06-19,28.4,35.1,23.8,1.30,1.30,5.0,5.85,53,0.268,0.176,0.274,0.278
2026-06-20,28.8,34.6,23.7,1.10,1.10,4.0,6.30,51,0.269,0.184,0.274,0.278
2026-06-21,28.3,34.5,23.9,4.60,4.60,7.0,5.56,61,0.269,0.187,0.274,0.278
2026-06-22,26.8,31.3,24.4,6.40,6.40,10.0,4.83,61,0.270,0.203,0.274,0.278
2026-06-23,25.1,29.4,22.8,8.20,8.20,18.0,4.11,61,0.273,0.243,0.274,0.278
2026-06-24,24.7,29.5,21.5,3.90,3.90,13.0,3.89,55,0.279,0.309,0.275,0.285
2026-06-25,25.3,29.0,22.5,1.90,1.90,8.0,4.28,53,0.285,0.368,0.275,0.295
2026-06-26,25.6,29.1,22.7,0.80,0.80,2.0,4.44,53,0.286,0.341,0.277,0.296
2026-06-27,25.6,30.7,22.7,15.60,15.60,5.0,4.09,65,0.288,0.350,0.278,0.303
2026-06-28,25.2,30.8,23.2,14.90,14.90,12.0,3.50,63,0.295,0.399,0.280,0.315
2026-06-29,24.2,27.6,22.8,24.10,24.10,18.0,2.61,63,0.313,0.483,0.278,0.377
2026-06-30,24.0,27.1,22.4,9.80,9.80,21.0,2.59,61,0.325,0.484,0.278,0.433
2026-07-01,23.5,27.7,22.5,13.70,13.70,21.0,1.83,63,0.326,0.483,0.279,0.435
2026-07-02,23.8,26.1,22.2,6.30,6.30,17.0,2.24,53,0.324,0.459,0.278,0.434
2026-07-03,23.7,26.5,22.1,6.90,6.90,22.0,2.52,55,0.321,0.451,0.278,0.424
2026-07-04,23.1,24.7,22.2,21.60,21.60,24.0,1.89,61,0.331,0.503,0.279,0.454
2026-07-05,23.5,24.9,22.4,17.00,17.00,24.0,2.08,63,0.345,0.506,0.286,0.493
2026-07-06,24.2,26.4,23.0,7.60,7.60,18.0,3.08,61,0.351,0.493,0.298,0.485
2026-07-07,24.0,26.3,22.5,8.00,8.00,22.0,2.82,61,0.353,0.495,0.304,0.474
2026-07-08,24.4,27.1,22.5,16.40,16.40,22.0,3.38,63,0.355,0.493,0.307,0.471
2026-07-09,25.2,28.6,22.7,1.70,1.70,9.0,4.44,53,0.353,0.472,0.310,0.463
2026-07-10,25.6,29.3,22.5,1.20,1.20,6.0,4.74,51,0.348,0.437,0.310,0.445
2026-07-11,25.4,29.3,22.8,0.00,0.00,0.0,4.41,3,0.343,0.403,0.311,0.430
2026-07-12,25.4,29.5,22.6,0.00,0.00,0.0,4.97,3,0.338,0.370,0.312,0.416
2026-07-13,25.4,29.5,22.6,0.00,0.00,0.0,5.18,3,0.330,0.336,0.310,0.399
2026-07-14,25.5,30.0,22.1,0.00,0.00,0.0,4.97,3,0.325,0.305,0.309,0.384
2026-07-15,24.8,28.6,22.3,1.50,1.50,7.0,4.24,51,0.320,0.285,0.308,0.373
2026-07-16,25.3,29.2,22.4,4.90,4.90,8.0,4.73,61,0.315,0.265,0.307,0.360
2026-07-17,24.7,28.3,23.2,8.10,8.10,10.0,2.99,63,0.309,0.255,0.304,0.347
2026-07-18,24.5,27.5,22.6,12.10,12.10,15.0,3.15,63,0.307,0.260,0.303,0.339
2026-07-19,24.7,28.5,22.4,4.80,4.80,12.0,3.79,55,0.309,0.279,0.303,0.339
2026-07-20,24.3,28.4,22.4,8.20,8.20,20.0,3.89,61,0.310,0.301,0.303,0.338
2026-07-21,24.1,27.4,22.4,4.70,4.70,17.0,2.83,53,0.310,0.327,0.301,0.336
2026-07-22,23.5,25.7,22.4,4.40,4.40,15.0,2.82,55,0.316,0.405,0.301,0.337
2026-07-23,23.6,25.8,21.8,2.50,2.50,13.0,2.33,51,0.320,0.425,0.302,0.345
2026-07-24,24.4,27.7,22.4,3.10,3.10,13.0,4.38,53,0.319,0.416,0.302,0.347
2026-07-25,25.0,28.7,22.3,1.50,1.50,5.0,4.66,53,0.319,0.389,0.303,0.347
2026-07-26,25.2,29.3,22.8,2.60,2.60,11.0,4.85,53,0.317,0.367,0.304,0.345
2026-07-27,24.6,27.8,22.8,12.10,12.10,13.0,3.90,63,0.320,0.393,0.305,0.346
2026-07-28,24.3,28.2,22.0,17.70,17.70,14.0,3.39,63,0.322,0.435,0.303,0.348
2026-07-29,24.7,27.1,23.3,4.60,4.60,11.0,3.46,61,0.325,0.449,0.303,0.358
2026-07-30,24.5,27.2,23.5,5.60,5.60,15.0,2.86,61,0.327,0.447,0.304,0.368
2026-07-31,24.1,26.0,22.9,9.50,9.50,20.0,2.37,61,0.330,0.452,0.304,0.377
2026-08-01,24.5,28.0,21.8,5.70,5.70,14.0,4.15,61,0.329,0.427,0.305,0.377
2026-08-02,24.8,27.7,22.3,2.90,2.90,11.0,4.40,53,0.328,0.417,0.305,0.376
2026-08-03,24.5,27.1,22.7,8.70,8.70,10.0,3.85,63,0.328,0.437,0.304,0.375
2026-08-04,24.7,28.1,23.0,5.70,5.70,15.0,3.78,55,0.327,0.430,0.302,0.376
2026-08-05,24.4,27.8,22.5,7.20,7.20,15.0,3.67,61,0.326,0.424,0.302,0.376
2026-08-06,24.4,28.0,22.5,4.60,4.60,15.0,3.91,61,0.330,0.440,0.304,0.380
2026-08-07,25.0,28.1,23.1,1.90,1.90,9.0,4.50,53,0.331,0.440,0.304,0.387
2026-08-08,25.1,28.4,23.2,2.90,2.90,12.0,4.81,53,0.328,0.415,0.303,0.383
2026-08-09,25.1,29.1,22.7,1.90,1.90,11.0,4.81,51,0.325,0.397,0.302,0.378
2026-08-10,24.4,27.6,22.7,5.10,5.10,9.0,4.08,55,0.322,0.390,0.301,0.372
2026-08-11,24.5,28.6,22.2,4.10,4.10,11.0,4.27,61,0.322,0.394,0.301,0.368
2026-08-12,24.6,27.8,22.3,1.00,1.00,7.0,3.77,51,0.323,0.416,0.302,0.367
2026-08-13,24.7,27.8,22.4,2.90,2.90,9.0,4.51,53,0.323,0.415,0.301,0.368
2026-08-14,24.6,28.4,22.6,2.60,2.60,9.0,4.09,53,0.323,0.404,0.302,0.367
2026-08-15,24.3,27.9,22.1,4.60,4.60,10.0,4.14,55,0.322,0.403,0.302,0.366
2026-08-16,24.8,28.6,22.1,2.40,2.40,9.0,4.62,53,0.319,0.386,0.300,0.360
2026-08-17,23.7,25.8,22.1,2.60,2.60,13.0,2.63,53,0.316,0.371,0.300,0.356
2026-08-18,24.4,27.5,21.9,4.00,4.00,10.0,4.05,53,0.316,0.371,0.300,0.354
2026-08-19,25.0,28.7,22.8,2.30,2.30,9.0,4.44,53,0.315,0.371,0.300,0.350
2026-08-20,25.2,28.9,22.9,1.90,1.90,11.0,4.73,51,0.312,0.350,0.299,0.345
2026-08-21,24.9,29.0,22.5,1.50,1.50,10.0,4.79,51,0.312,0.342,0.300,0.343
2026-08-22,24.6,28.1,22.1,2.50,2.50,8.0,4.43,53,0.309,0.329,0.299,0.337
2026-08-23,24.6,28.4,22.6,5.40,5.40,13.0,3.81,55,0.312,0.369,0.299,0.338
2026-08-24,25.3,28.9,23.0,2.20,2.20,9.0,4.57,53,0.313,0.395,0.298,0.337
2026-08-25,25.0,28.8,22.6,1.70,1.70,8.0,4.56,51,0.312,0.385,0.297,0.336
2026-08-26,25.3,29.3,22.6,0.80,0.80,3.0,4.90,51,0.310,0.367,0.297,0.338
2026-08-27,24.9,28.7,22.8,2.10,2.10,9.0,4.85,53,0.307,0.347,0.295,0.335
2026-08-28,24.8,28.9,22.3,1.80,1.80,11.0,4.95,53,0.302,0.323,0.292,0.326
2026-08-29,24.4,27.9,22.4,2.60,2.60,14.0,4.40,51,0.302,0.320,0.294,0.324
2026-08-30,24.8,28.8,22.2,0.80,0.80,6.0,4.85,51,0.308,0.331,0.299,0.330
2026-08-31,24.9,28.9,22.5,1.80,1.80,6.0,4.74,55,0.309,0.324,0.301,0.331
2026-09-01,25.0,29.3,22.2,2.30,2.30,10.0,4.77,51,0.305,0.305,0.299,0.325
2026-09-02,24.4,28.4,22.1,6.70,6.70,7.0,3.89,63,0.305,0.326,0.298,0.321
2026-09-03,24.5,28.4,22.2,2.80,2.80,10.0,3.93,53,0.312,0.376,0.302,0.325
2026-09-04,24.8,28.8,22.2,1.50,1.50,8.0,4.33,51,0.313,0.373,0.304,0.326
2026-09-05,25.0,29.4,21.7,1.10,1.10,9.0,4.93,51,0.312,0.358,0.304,0.324
2026-09-06,25.1,28.9,22.0,2.40,2.40,9.0,4.48,53,0.309,0.332,0.304,0.320
2026-09-07,25.2,29.5,22.5,4.20,4.20,14.0,4.67,55,0.307,0.320,0.303,0.317
2026-09-08,24.9,28.7,21.9,4.20,4.20,10.0,4.66,55,0.307,0.327,0.303,0.314
2026-09-09,25.5,30.9,21.5,0.70,0.70,6.0,5.13,51,0.297,0.293,0.296,0.302
2026-09-10,26.1,32.5,21.3,0.20,0.20,2.0,5.65,51,0.288,0.249,0.291,0.292
2026-09-11,26.5,32.4,22.2,1.40,1.40,6.0,5.66,51,0.284,0.227,0.289,0.286
2026-09-12,26.4,32.2,22.3,1.80,1.80,6.0,5.61,53,0.280,0.215,0.287,0.279
2026-09-13,26.0,31.2,22.4,1.70,1.70,5.0,5.34,53,0.280,0.211,0.287,0.278
2026-09-14,26.1,32.0,22.2,0.90,0.90,6.0,5.29,51,0.281,0.208,0.289,0.278
2026-09-15,26.3,33.0,21.6,0.90,0.90,3.0,5.55,53,0.279,0.201,0.286,0.278
2026-09-16,26.4,33.4,23.1,3.80,3.80,8.0,5.06,61,0.276,0.202,0.283,0.277
2026-09-17,26.5,33.0,23.0,3.40,3.40,9.0,5.14,61,0.274,0.219,0.279,0.278
2026-09-18,26.9,33.0,22.9,0.00,0.00,0.0,5.46,3,0.276,0.227,0.281,0.278
2026-09-19,26.5,33.0,23.0,3.80,3.80,8.0,4.84,55,0.277,0.220,0.282,0.277
2026-09-20,26.7,33.7,22.7,3.30,3.30,12.0,4.57,55,0.278,0.230,0.282,0.277
2026-09-21,25.5,30.9,22.1,2.00,2.00,7.0,4.22,53,0.289,0.339,0.285,0.284
2026-09-22,25.0,30.5,22.9,12.80,12.80,10.0,3.83,63,0.292,0.351,0.286,0.295
2026-09-23,25.1,30.0,22.3,13.60,13.60,13.0,3.90,63,0.300,0.401,0.287,0.313
2026-09-24,25.7,30.8,22.9,1.30,1.30,5.0,4.32,53,0.299,0.377,0.286,0.317
2026-09-25,25.7,30.9,22.0,0.90,0.90,4.0,5.27,53,0.293,0.325,0.283,0.314
2026-09-26,25.3,30.9,22.2,2.20,2.20,4.0,4.90,53,0.286,0.296,0.280,0.305
2026-09-27,25.5,30.9,21.1,0.60,0.60,4.0,5.06,51,0.286,0.297,0.280,0.302
2026-09-28,26.0,32.2,21.3,0.90,0.90,3.0,4.49,53,0.282,0.275,0.279,0.292
2026-09-29,25.7,31.4,22.6,7.10,7.10,10.0,4.35,63,0.285,0.300,0.281,0.294
