,,,,All Type of Report (All Grades) for 01-Jan-2021 to 09-Sep-2026,,,,
State/UT,District,Commodity Group,Commodity,Date,Arrival Quantity 01-01-2021 to 09-09-2026,Arrival Unit,Modal Price 01-01-2021 to 09-09-2026,Price Unit
Maharashtra,Kolhapur,Vegetables,Tomato,01-01-2021,9.00,Metric Tonnes,650.00,Rs./Quintal
Maharashtra,Kolhapur,Vegetables,Tomato,02-01-2021,65.00,Metric Tonnes,718.46,Rs./Quintal
Maharashtra,Kolhapur,Vegetables,Tomato,03-01-2021,36.00,Metric Tonnes,550.00,Rs./Quintal
Maharashtra,Kolhapur,Vegetables,Tomato,04-01-2021,72.00,Metric Tonnes,568.75,Rs./Quintal
Maharashtra,Kolhapur,Vegetables,Tomato,05-01-2021,49.00,Metric Tonnes,450.00,Rs./Quintal
Maharashtra,Kolhapur,Vegetables,Tomato,06-01-2021,57.00,Metric Tonnes,478.07,Rs./Quintal
Maharashtra,Kolhapur,Vegetables,Tomato,11-01-2021,6.00,Metric Tonnes,450.00,Rs./Quintal
Maharashtra,Kolhapur,Vegetables,Tomato,12-01-2021,5.00,Metric Tonnes,1800.00,Rs./Quintal
Maharashtra,Kolhapur,Vegetables,Tomato,13-01-2021,9.00,Metric Tonnes,450.00,Rs./Quintal
Maharashtra,Kolhapur,Vegetables,Tomato,14-01-2021,34.00,Metric Tonnes,488.24,Rs./Quintal
Maharashtra,Kolhapur,Vegetables,Tomato,16-01-2021,47.00,Metric Tonnes,426.60,Rs./Quintal
Maharashtra,Kolhapur,Vegetables,Tomato,17-01-2021,39.00,Metric Tonnes,350.00,Rs./Quintal
Maharashtra,Kolhapur,Vegetables,Tomato,18-01-2021,63.00,Metric Tonnes,354.76,Rs./Quintal
Maharashtra,Kolhapur,Vegetables,Tomato,19-01-2021,37.00,Metric Tonnes,368.92,Rs./Quintal
Maharashtra,Kolhapur,Vegetables,Tomato,20-01-2021,45.00,Metric Tonnes,363.33,Rs./Quintal
Maharashtra,Kolhapur,Vegetables,Tomato,21-01-2021,43.00,Metric Tonnes,350.00,Rs./Quintal
Maharashtra,Kolhapur,Vegetables,Tomato,22-01-2021,5.00,Metric Tonnes,450.00,Rs./Quintal
Maharashtra,Kolhapur,Vegetables,Tomato,23-01-2021,61.00,Metric Tonnes,300.00,Rs./Quintal
Maharashtra,Kolhapur,Vegetables,Tomato,24-01-2021,27.00,Metric Tonnes,400.00,Rs./Quintal
Maharashtra,Kolhapur,Vegetables,Tomato,25-01-2021,47.00,Metric Tonnes,362.77,Rs./Quintal
Maharashtra,Kolhapur,Vegetables,Tomato,27-01-2021,50.00,Metric Tonnes,360.00,Rs./Quintal
Maharashtra,Kolhapur,Vegetables,Tomato,28-01-2021,35.00,Metric Tonnes,400.00,Rs./Quintal
Maharashtra,Kolhapur,Vegetables,Tomato,29-01-2021,9.00,Metric Tonnes,300.00,Rs./Quintal
Maharashtra,Kolhapur,Vegetables,Tomato,30-01-2021,66.00,Metric Tonnes,481.82,Rs./Quintal
Maharashtra,Kolhapur,Vegetables,Tomato,31-01-2021,33.00,Metric Tonnes,500.00,Rs./Quintal
Maharashtra,Kolhapur,Vegetables,Tomato,01-02-2021,57.00,Metric Tonnes,442.98,Rs./Quintal
Maharashtra,Kolhapur,Vegetables,Tomato,02-02-2021,19.00,Metric Tonnes,550.00,Rs./Quintal
Maharashtra,Kolhapur,Vegetables,Tomato,03-02-2021,59.00,Metric Tonnes,522.88,Rs./Quintal
Maharashtra,Kolhapur,Vegetables,Tomato,04-02-2021,33.00,Metric Tonnes,531.82,Rs./Quintal
Maharashtra,Kolhapur,Vegetables,Tomato,05-02-2021,5.00,Metric Tonnes,450.00,Rs./Quintal
Maharashtra,Kolhapur,Vegetables,Tomato,06-02-2021,67.00,Metric Tonnes,564.93,Rs./Quintal
Maharashtra,Kolhapur,Vegetables,Tomato,07-02-2021,26.00,Metric Tonnes,500.00,Rs./Quintal
Maharashtra,Kolhapur,Vegetables,Tomato,09-02-2021,32.00,Metric Tonnes,593.75,Rs./Quintal
Maharashtra,Kolhapur,Vegetables,Tomato,10-02-2021,49.00,Metric Tonnes,692.86,Rs./Quintal
Maharashtra,Kolhapur,Vegetables,Tomato,11-02-2021,40.00,Metric Tonnes,761.50,Rs./Quintal
Maharashtra,Kolhapur,Vegetables,Tomato,12-02-2021,6.00,Metric Tonnes,450.00,Rs./Quintal
Maharashtra,Kolhapur,Vegetables,Tomato,13-02-2021,61.00,Metric Tonnes,804.10,Rs./Quintal
Maharashtra,Kolhapur,Vegetables,Tomato,14-02-2021,19.00,Metric Tonnes,1000.00,Rs./Quintal
Maharashtra,Kolhapur,Vegetables,Tomato,15-02-2021,67.00,Metric Tonnes,817.91,Rs./Quintal
Maharashtra,Kolhapur,Vegetables,Tomato,16-02-2021,37.00,Metric Tonnes,900.00,Rs./Quintal
Maharashtra,Kolhapur,Vegetables,Tomato,17-02-2021,65.00,Metric Tonnes,799.23,Rs./Quintal
Maharashtra,Kolhapur,Vegetables,Tomato,18-02-2021,59.00,Metric Tonnes,681.36,Rs./Quintal
Maharashtra,Kolhapur,Vegetables,Tomato,20-02-2021,79.00,Metric Tonnes,635.95,Rs./Quintal
Maharashtra,Kolhapur,Vegetables,Tomato,21-02-2021,30.00,Metric Tonnes,500.00,Rs./Quintal
Maharashtra,Kolhapur,Vegetables,Tomato,22-02-2021,92.00,Metric Tonnes,465.22,Rs./Quintal
Maharashtra,Kolhapur,Vegetables,Tomato,23-02-2021,6.00,Metric Tonnes,300.00,Rs./Quintal
Maharashtra,Kolhapur,Vegetables,Tomato,24-02-2021,61.00,Metric Tonnes,393.44,Rs./Quintal
Maharashtra,Kolhapur,Vegetables,Tomato,25-02-2021,27.00,Metric Tonnes,583.33,Rs./Quintal
Maharashtra,Kolhapur,Vegetables,Tomato,26-02-2021,10.00,Metric Tonnes,400.00,Rs./Quintal
Maharashtra,Kolhapur,Vegetables,Tomato,27-02-2021,56.00,Metric Tonnes,550.00,Rs./Quintal
Maharashtra,Kolhapur,Vegetables,Tomato,28-02-2021,29.00,Metric Tonnes,750.00,Rs./Quintal
Maharashtra,Kolhapur,Vegetables,Tomato,01-03-2021,52.00,Metric Tonnes,666.35,Rs./Quintal
Maharashtra,Kolhapur,Vegetables,Tomato,02-03-2021,24.00,Metric Tonnes,650.00,Rs./Quintal
Maharashtra,Kolhapur,Vegetables,Tomato,03-03-2021,75.00,Metric Tonnes,576.00,Rs./Quintal
Maharashtra,Kolhapur,Vegetables,Tomato,04-03-2021,37.00,Metric Tonnes,595.95,Rs./Quintal
Maharashtra,Kolhapur,Vegetables,Tomato,05-03-2021,9.00,Metric Tonnes,450.00,Rs./Quintal
Maharashtra,Kolhapur,Vegetables,Tomato,06-03-2021,72.00,Metric Tonnes,600.00,Rs./Quintal
Maharashtra,Kolhapur,Vegetables,Tomato,07-03-2021,40.00,Metric Tonnes,550.00,Rs./Quintal
Maharashtra,Kolhapur,Vegetables,Tomato,08-03-2021,52.00,Metric Tonnes,626.92,Rs./Quintal
Maharashtra,Kolhapur,Vegetables,Tomato,09-03-2021,45.00,Metric Tonnes,618.89,Rs./Quintal
Maharashtra,Kolhapur,Vegetables,Tomato,10-03-2021,52.00,Metric Tonnes,548.08,Rs./Quintal
Maharashtra,Kolhapur,Vegetables,Tomato,11-03-2021,51.00,Metric Tonnes,500.00,Rs./Quintal
Maharashtra,Kolhapur,Vegetables,Tomato,12-03-2021,10.00,Metric Tonnes,400.00,Rs./Quintal
Maharashtra,Kolhapur,Vegetables,Tomato,13-03-2021,54.00,Metric Tonnes,600.00,Rs./Quintal
Maharashtra,Kolhapur,Vegetables,Tomato,14-03-2021,29.00,Metric Tonnes,650.00,Rs./Quintal
Maharashtra,Kolhapur,Vegetables,Tomato,15-03-2021,40.00,Metric Tonnes,700.00,Rs./Quintal
Maharashtra,Kolhapur,Vegetables,Tomato,16-03-2021,27.00,Metric Tonnes,750.00,Rs./Quintal
Maharashtra,Kolhapur,Vegetables,Tomato,19-03-2021,6.00,Metric Tonnes,450.00,Rs./Quintal
Maharashtra,Kolhapur,Vegetables,Tomato,20-03-2021,9.00,Metric Tonnes,450.00,Rs./Quintal
Maharashtra,Kolhapur,Vegetables,Tomato,21-03-2021,29.00,Metric Tonnes,850.00,Rs./Quintal
Maharashtra,Kolhapur,Vegetables,Tomato,22-03-2021,46.00,Metric Tonnes,750.00,Rs./Quintal
Maharashtra,Kolhapur,Vegetables,Tomato,23-03-2021,30.00,Metric Tonnes,603.33,Rs./Quintal
Maharashtra,Kolhapur,Vegetables,Tomato,24-03-2021,48.00,Metric Tonnes,650.00,Rs./Quintal
Maharashtra,Kolhapur,Vegetables,Tomato,25-03-2021,47.00,Metric Tonnes,624.47,Rs./Quintal
Maharashtra,Kolhapur,Vegetables,Tomato,26-03-2021,9.00,Metric Tonnes,450.00,Rs./Quintal
Maharashtra,Kolhapur,Vegetables,Tomato,27-03-2021,47.00,Metric Tonnes,700.00,Rs./Quintal
Maharashtra,Kolhapur,Vegetables,Tomato,28-03-2021,32.00,Metric Tonnes,500.00,Rs./Quintal
Maharashtra,Kolhapur,Vegetables,Tomato,29-03-2021,47.00,Metric Tonnes,618.09,Rs./Quintal
Maharashtra,Kolhapur,Vegetables,Tomato,31-03-2021,42.00,Metric Tonnes,596.43,Rs./Quintal
Maharashtra,Kolhapur,Vegetables,Tomato,01-04-2021,53.00,Metric Tonnes,566.04,Rs./Quintal
Maharashtra,Kolhapur,Vegetables,Tomato,02-04-2021,9.00,Metric Tonnes,650.00,Rs./Quintal
Maharashtra,Kolhapur,Vegetables,Tomato,03-04-2021,58.00,Metric Tonnes,606.03,Rs./Quintal
Maharashtra,Kolhapur,Vegetables,Tomato,04-04-2021,17.00,Metric Tonnes,700.00,Rs./Quintal
Maharashtra,Kolhapur,Vegetables,Tomato,05-04-2021,39.00,Metric Tonnes,619.23,Rs./Quintal
Maharashtra,Kolhapur,Vegetables,Tomato,06-04-2021,41.00,Metric Tonnes,720.73,Rs./Quintal
Maharashtra,Kolhapur,Vegetables,Tomato,07-04-2021,6.00,Metric Tonnes,450.00,Rs./Quintal
Maharashtra,Kolhapur,Vegetables,Tomato,08-04-2021,59.00,Metric Tonnes,574.58,Rs./Quintal
Maharashtra,Kolhapur,Vegetables,Tomato,09-04-2021,9.00,Metric Tonnes,450.00,Rs./Quintal
Maharashtra,Kolhapur,Vegetables,Tomato,10-04-2021,18.00,Metric Tonnes,350.00,Rs./Quintal
Maharashtra,Kolhapur,Vegetables,Tomato,11-04-2021,1.00,Metric Tonnes,250.00,Rs./Quintal
Maharashtra,Kolhapur,Vegetables,Tomato,12-04-2021,61.00,Metric Tonnes,750.00,Rs./Quintal
Maharashtra,Kolhapur,Vegetables,Tomato,13-04-2021,46.00,Metric Tonnes,550.00,Rs./Quintal
Maharashtra,Kolhapur,Vegetables,Tomato,14-04-2021,34.00,Metric Tonnes,750.00,Rs./Quintal
Maharashtra,Kolhapur,Vegetables,Tomato,15-04-2021,67.00,Metric Tonnes,670.15,Rs./Quintal
Maharashtra,Kolhapur,Vegetables,Tomato,16-04-2021,13.00,Metric Tonnes,450.00,Rs./Quintal
Maharashtra,Kolhapur,Vegetables,Tomato,17-04-2021,52.00,Metric Tonnes,632.69,Rs./Quintal
Maharashtra,Kolhapur,Vegetables,Tomato,18-04-2021,4.00,Metric Tonnes,600.00,Rs./Quintal
Maharashtra,Kolhapur,Vegetables,Tomato,19-04-2021,61.00,Metric Tonnes,710.66,Rs./Quintal
Maharashtra,Kolhapur,Vegetables,Tomato,20-04-2021,25.00,Metric Tonnes,642.00,Rs./Quintal
Maharashtra,Kolhapur,Vegetables,Tomato,21-04-2021,43.00,Metric Tonnes,650.00,Rs./Quintal
Maharashtra,Kolhapur,Vegetables,Tomato,22-04-2021,46.00,Metric Tonnes,615.22,Rs./Quintal
Maharashtra,Kolhapur,Vegetables,Tomato,23-04-2021,5.00,Metric Tonnes,400.00,Rs./Quintal
Maharashtra,Kolhapur,Vegetables,Tomato,24-04-2021,40.00,Metric Tonnes,690.00,Rs./Quintal
Maharashtra,Kolhapur,Vegetables,Tomato,25-04-2021,23.00,Metric Tonnes,800.00,Rs./Quintal
Maharashtra,Kolhapur,Vegetables,Tomato,26-04-2021,50.00,Metric Tonnes,780.00,Rs./Quintal
Maharashtra,Kolhapur,Vegetables,Tomato,27-04-2021,35.00,Metric Tonnes,707.14,Rs./Quintal
Maharashtra,Kolhapur,Vegetables,Tomato,28-04-2021,33.00,Metric Tonnes,818.18,Rs./Quintal
Maharashtra,Kolhapur,Vegetables,Tomato,29-04-2021,50.00,Metric Tonnes,770.00,Rs./Quintal
Maharashtra,Kolhapur,Vegetables,Tomato,30-04-2021,9.00,Metric Tonnes,400.00,Rs./Quintal
Maharashtra,Kolhapur,Vegetables,Tomato,02-05-2021,52.00,Metric Tonnes,800.00,Rs./Quintal
Maharashtra,Kolhapur,Vegetables,Tomato,03-05-2021,48.00,Metric Tonnes,850.00,Rs./Quintal
Maharashtra,Kolhapur,Vegetables,Tomato,04-05-2021,32.00,Metric Tonnes,750.00,Rs./Quintal
Maharashtra,Kolhapur,Vegetables,Tomato,05-05-2021,38.00,Metric Tonnes,765.79,Rs./Quintal
Maharashtra,Kolhapur,Vegetables,Tomato,06-05-2021,32.00,Metric Tonnes,850.00,Rs./Quintal
Maharashtra,Kolhapur,Vegetables,Tomato,07-05-2021,9.00,Metric Tonnes,450.00,Rs./Quintal
Maharashtra,Kolhapur,Vegetables,Tomato,08-05-2021,63.00,Metric Tonnes,707.14,Rs./Quintal
Maharashtra,Kolhapur,Vegetables,Tomato,09-05-2021,25.00,Metric Tonnes,800.00,Rs./Quintal
Maharashtra,Kolhapur,Vegetables,Tomato,10-05-2021,52.00,Metric Tonnes,715.38,Rs./Quintal
Maharashtra,Kolhapur,Vegetables,Tomato,11-05-2021,42.00,Metric Tonnes,685.71,Rs./Quintal
Maharashtra,Kolhapur,Vegetables,Tomato,12-05-2021,40.00,Metric Tonnes,1000.00,Rs./Quintal
Maharashtra,Kolhapur,Vegetables,Tomato,13-05-2021,73.00,Metric Tonnes,950.68,Rs./Quintal
Maharashtra,Kolhapur,Vegetables,Tomato,15-05-2021,94.00,Metric Tonnes,618.51,Rs./Quintal
Maharashtra,Kolhapur,Vegetables,Tomato,25-05-2021,59.00,Metric Tonnes,904.24,Rs./Quintal
Maharashtra,Kolhapur,Vegetables,Tomato,26-05-2021,37.00,Metric Tonnes,1050.00,Rs./Quintal
Maharashtra,Kolhapur,Vegetables,Tomato,27-05-2021,70.00,Metric Tonnes,953.57,Rs./Quintal
Maharashtra,Kolhapur,Vegetables,Tomato,28-05-2021,5.00,Metric Tonnes,350.00,Rs./Quintal
Maharashtra,Kolhapur,Vegetables,Tomato,29-05-2021,105.00,Metric Tonnes,685.71,Rs./Quintal
Maharashtra,Kolhapur,Vegetables,Tomato,30-05-2021,24.00,Metric Tonnes,700.00,Rs./Quintal
Maharashtra,Kolhapur,Vegetables,Tomato,31-05-2021,49.00,Metric Tonnes,721.43,Rs./Quintal
Maharashtra,Kolhapur,Vegetables,Tomato,01-06-2021,47.00,Metric Tonnes,827.66,Rs./Quintal
Maharashtra,Kolhapur,Vegetables,Tomato,02-06-2021,49.00,Metric Tonnes,798.98,Rs./Quintal
Maharashtra,Kolhapur,Vegetables,Tomato,03-06-2021,50.00,Metric Tonnes,770.00,Rs./Quintal
Maharashtra,Kolhapur,Vegetables,Tomato,04-06-2021,7.00,Metric Tonnes,600.00,Rs./Quintal
Maharashtra,Kolhapur,Vegetables,Tomato,05-06-2021,71.00,Metric Tonnes,833.10,Rs./Quintal
Maharashtra,Kolhapur,Vegetables,Tomato,06-06-2021,41.00,Metric Tonnes,750.00,Rs./Quintal
Maharashtra,Kolhapur,Vegetables,Tomato,07-06-2021,75.00,Metric Tonnes,844.00,Rs./Quintal
Maharashtra,Kolhapur,Vegetables,Tomato,08-06-2021,64.00,Metric Tonnes,657.81,Rs./Quintal
Maharashtra,Kolhapur,Vegetables,Tomato,09-06-2021,68.00,Metric Tonnes,691.91,Rs./Quintal
Maharashtra,Kolhapur,Vegetables,Tomato,10-06-2021,66.00,Metric Tonnes,754.55,Rs./Quintal
Maharashtra,Kolhapur,Vegetables,Tomato,11-06-2021,12.00,Metric Tonnes,800.00,Rs./Quintal
Maharashtra,Kolhapur,Vegetables,Tomato,12-06-2021,106.00,Metric Tonnes,694.81,Rs./Quintal
Maharashtra,Kolhapur,Vegetables,Tomato,13-06-2021,28.00,Metric Tonnes,650.00,Rs./Quintal
Maharashtra,Kolhapur,Vegetables,Tomato,14-06-2021,65.00,Metric Tonnes,713.85,Rs./Quintal
Maharashtra,Kolhapur,Vegetables,Tomato,15-06-2021,33.00,Metric Tonnes,734.85,Rs./Quintal
Maharashtra,Kolhapur,Vegetables,Tomato,16-06-2021,74.00,Metric Tonnes,772.30,Rs./Quintal
Maharashtra,Kolhapur,Vegetables,Tomato,17-06-2021,41.00,Metric Tonnes,786.59,Rs./Quintal
Maharashtra,Kolhapur,Vegetables,Tomato,18-06-2021,11.00,Metric Tonnes,900.00,Rs./Quintal
Maharashtra,Kolhapur,Vegetables,Tomato,19-06-2021,67.00,Metric Tonnes,770.15,Rs./Quintal
Maharashtra,Kolhapur,Vegetables,Tomato,20-06-2021,26.00,Metric Tonnes,750.00,Rs./Quintal
Maharashtra,Kolhapur,Vegetables,Tomato,21-06-2021,66.00,Metric Tonnes,859.09,Rs./Quintal
Maharashtra,Kolhapur,Vegetables,Tomato,22-06-2021,68.00,Metric Tonnes,783.09,Rs./Quintal
Maharashtra,Kolhapur,Vegetables,Tomato,23-06-2021,86.00,Metric Tonnes,765.70,Rs./Quintal
Maharashtra,Kolhapur,Vegetables,Tomato,24-06-2021,62.00,Metric Tonnes,771.77,Rs./Quintal
Maharashtra,Kolhapur,Vegetables,Tomato,25-06-2021,9.00,Metric Tonnes,900.00,Rs./Quintal
Maharashtra,Kolhapur,Vegetables,Tomato,26-06-2021,91.00,Metric Tonnes,750.00,Rs./Quintal
Maharashtra,Kolhapur,Vegetables,Tomato,27-06-2021,24.00,Metric Tonnes,700.00,Rs./Quintal
Maharashtra,Kolhapur,Vegetables,Tomato,28-06-2021,65.00,Metric Tonnes,727.69,Rs./Quintal
Maharashtra,Kolhapur,Vegetables,Tomato,29-06-2021,35.00,Metric Tonnes,750.00,Rs./Quintal
Maharashtra,Kolhapur,Vegetables,Tomato,30-06-2021,69.00,Metric Tonnes,750.00,Rs./Quintal
Maharashtra,Kolhapur,Vegetables,Tomato,01-07-2021,69.00,Metric Tonnes,793.48,Rs./Quintal
Maharashtra,Kolhapur,Vegetables,Tomato,02-07-2021,21.00,Metric Tonnes,800.00,Rs./Quintal
Maharashtra,Kolhapur,Vegetables,Tomato,03-07-2021,115.00,Metric Tonnes,766.09,Rs./Quintal
Maharashtra,Kolhapur,Vegetables,Tomato,04-07-2021,40.00,Metric Tonnes,750.00,Rs./Quintal
Maharashtra,Kolhapur,Vegetables,Tomato,05-07-2021,83.00,Metric Tonnes,600.00,Rs./Quintal
Maharashtra,Kolhapur,Vegetables,Tomato,06-07-2021,74.00,Metric Tonnes,750.00,Rs./Quintal
Maharashtra,Kolhapur,Vegetables,Tomato,07-07-2021,56.00,Metric Tonnes,600.00,Rs./Quintal
Maharashtra,Kolhapur,Vegetables,Tomato,08-07-2021,55.00,Metric Tonnes,880.00,Rs./Quintal
Maharashtra,Kolhapur,Vegetables,Tomato,09-07-2021,21.00,Metric Tonnes,800.00,Rs./Quintal
Maharashtra,Kolhapur,Vegetables,Tomato,10-07-2021,78.00,Metric Tonnes,584.62,Rs./Quintal
Maharashtra,Kolhapur,Vegetables,Tomato,11-07-2021,21.00,Metric Tonnes,750.00,Rs./Quintal
Maharashtra,Kolhapur,Vegetables,Tomato,12-07-2021,57.00,Metric Tonnes,600.00,Rs./Quintal
Maharashtra,Kolhapur,Vegetables,Tomato,13-07-2021,46.00,Metric Tonnes,740.22,Rs./Quintal
Maharashtra,Kolhapur,Vegetables,Tomato,14-07-2021,57.00,Metric Tonnes,781.58,Rs./Quintal
Maharashtra,Kolhapur,Vegetables,Tomato,15-07-2021,37.00,Metric Tonnes,700.00,Rs./Quintal
Maharashtra,Kolhapur,Vegetables,Tomato,16-07-2021,9.00,Metric Tonnes,700.00,Rs./Quintal
Maharashtra,Kolhapur,Vegetables,Tomato,17-07-2021,53.00,Metric Tonnes,850.00,Rs./Quintal
Maharashtra,Kolhapur,Vegetables,Tomato,18-07-2021,22.00,Metric Tonnes,850.00,Rs./Quintal
Maharashtra,Kolhapur,Vegetables,Tomato,19-07-2021,80.00,Metric Tonnes,1000.00,Rs./Quintal
Maharashtra,Kolhapur,Vegetables,Tomato,20-07-2021,52.00,Metric Tonnes,965.38,Rs./Quintal
Maharashtra,Kolhapur,Vegetables,Tomato,22-07-2021,70.00,Metric Tonnes,700.00,Rs./Quintal
Maharashtra,Kolhapur,Vegetables,Tomato,23-07-2021,6.00,Metric Tonnes,700.00,Rs./Quintal
Maharashtra,Kolhapur,Vegetables,Tomato,24-07-2021,1.00,Metric Tonnes,1500.00,Rs./Quintal
Maharashtra,Kolhapur,Vegetables,Tomato,25-07-2021,3.00,Metric Tonnes,3000.00,Rs./Quintal
Maharashtra,Kolhapur,Vegetables,Tomato,26-07-2021,16.00,Metric Tonnes,2500.00,Rs./Quintal
Maharashtra,Kolhapur,Vegetables,Tomato,27-07-2021,63.00,Metric Tonnes,1250.00,Rs./Quintal
Maharashtra,Kolhapur,Vegetables,Tomato,28-07-2021,50.00,Metric Tonnes,1250.00,Rs./Quintal
Maharashtra,Kolhapur,Vegetables,Tomato,29-07-2021,87.00,Metric Tonnes,857.47,Rs./Quintal
Maharashtra,Kolhapur,Vegetables,Tomato,31-07-2021,90.00,Metric Tonnes,700.00,Rs./Quintal
Maharashtra,Kolhapur,Vegetables,Tomato,01-08-2021,22.00,Metric Tonnes,750.00,Rs./Quintal
Maharashtra,Kolhapur,Vegetables,Tomato,02-08-2021,71.00,Metric Tonnes,830.99,Rs./Quintal
Maharashtra,Kolhapur,Vegetables,Tomato,03-08-2021,56.00,Metric Tonnes,816.07,Rs./Quintal
Maharashtra,Kolhapur,Vegetables,Tomato,04-08-2021,76.00,Metric Tonnes,855.92,Rs./Quintal
Maharashtra,Kolhapur,Vegetables,Tomato,05-08-2021,11.00,Metric Tonnes,900.00,Rs./Quintal
Maharashtra,Kolhapur,Vegetables,Tomato,06-08-2021,9.00,Metric Tonnes,900.00,Rs./Quintal
Maharashtra,Kolhapur,Vegetables,Tomato,07-08-2021,69.00,Metric Tonnes,900.72,Rs./Quintal
Maharashtra,Kolhapur,Vegetables,Tomato,08-08-2021,36.00,Metric Tonnes,850.00,Rs./Quintal
Maharashtra,Kolhapur,Vegetables,Tomato,09-08-2021,88.00,Metric Tonnes,872.16,Rs./Quintal
Maharashtra,Kolhapur,Vegetables,Tomato,10-08-2021,57.00,Metric Tonnes,781.58,Rs./Quintal
Maharashtra,Kolhapur,Vegetables,Tomato,11-08-2021,77.00,Metric Tonnes,757.14,Rs./Quintal
Maharashtra,Kolhapur,Vegetables,Tomato,12-08-2021,25.00,Metric Tonnes,760.00,Rs./Quintal
Maharashtra,Kolhapur,Vegetables,Tomato,13-08-2021,12.00,Metric Tonnes,900.00,Rs./Quintal
Maharashtra,Kolhapur,Vegetables,Tomato,14-08-2021,93.00,Metric Tonnes,674.19,Rs./Quintal
Maharashtra,Kolhapur,Vegetables,Tomato,16-08-2021,83.00,Metric Tonnes,536.14,Rs./Quintal
Maharashtra,Kolhapur,Vegetables,Tomato,17-08-2021,49.00,Metric Tonnes,663.27,Rs./Quintal
Maharashtra,Kolhapur,Vegetables,Tomato,18-08-2021,56.00,Metric Tonnes,570.54,Rs./Quintal
Maharashtra,Kolhapur,Vegetables,Tomato,19-08-2021,49.00,Metric Tonnes,536.73,Rs./Quintal
Maharashtra,Kolhapur,Vegetables,Tomato,20-08-2021,7.00,Metric Tonnes,450.00,Rs./Quintal
Maharashtra,Kolhapur,Vegetables,Tomato,21-08-2021,72.00,Metric Tonnes,606.25,Rs./Quintal
Maharashtra,Kolhapur,Vegetables,Tomato,22-08-2021,40.00,Metric Tonnes,750.00,Rs./Quintal
Maharashtra,Kolhapur,Vegetables,Tomato,23-08-2021,70.00,Metric Tonnes,657.86,Rs./Quintal
Maharashtra,Kolhapur,Vegetables,Tomato,24-08-2021,64.00,Metric Tonnes,573.44,Rs./Quintal
Maharashtra,Kolhapur,Vegetables,Tomato,25-08-2021,70.00,Metric Tonnes,428.57,Rs./Quintal
Maharashtra,Kolhapur,Vegetables,Tomato,26-08-2021,51.00,Metric Tonnes,600.00,Rs./Quintal
Maharashtra,Kolhapur,Vegetables,Tomato,28-08-2021,60.00,Metric Tonnes,642.50,Rs./Quintal
Maharashtra,Kolhapur,Vegetables,Tomato,29-08-2021,38.00,Metric Tonnes,550.00,Rs./Quintal
Maharashtra,Kolhapur,Vegetables,Tomato,30-08-2021,64.00,Metric Tonnes,600.00,Rs./Quintal
Maharashtra,Kolhapur,Vegetables,Tomato,31-08-2021,47.00,Metric Tonnes,600.00,Rs./Quintal
Maharashtra,Kolhapur,Vegetables,Tomato,01-09-2021,68.00,Metric Tonnes,650.00,Rs./Quintal
Maharashtra,Kolhapur,Vegetables,Tomato,02-09-2021,56.00,Metric Tonnes,532.14,Rs./Quintal
Maharashtra,Kolhapur,Vegetables,Tomato,03-09-2021,10.00,Metric Tonnes,800.00,Rs./Quintal
Maharashtra,Kolhapur,Vegetables,Tomato,04-09-2021,85.00,Metric Tonnes,600.00,Rs./Quintal
Maharashtra,Kolhapur,Vegetables,Tomato,05-09-2021,39.00,Metric Tonnes,550.00,Rs./Quintal
Maharashtra,Kolhapur,Vegetables,Tomato,06-09-2021,65.00,Metric Tonnes,540.77,Rs./Quintal
Maharashtra,Kolhapur,Vegetables,Tomato,07-09-2021,37.00,Metric Tonnes,660.81,Rs./Quintal
Maharashtra,Kolhapur,Vegetables,Tomato,08-09-2021,51.00,Metric Tonnes,897.06,Rs./Quintal
Maharashtra,Kolhapur,Vegetables,Tomato,09-09-2021,62.00,Metric Tonnes,845.16,Rs./Quintal
Maharashtra,Kolhapur,Vegetables,Tomato,11-09-2021,92.00,Metric Tonnes,672.83,Rs./Quintal
Maharashtra,Kolhapur,Vegetables,Tomato,12-09-2021,44.00,Metric Tonnes,700.00,Rs./Quintal
Maharashtra,Kolhapur,Vegetables,Tomato,13-09-2021,61.00,Metric Tonnes,482.79,Rs./Quintal
Maharashtra,Kolhapur,Vegetables,Tomato,14-09-2021,15.00,Metric Tonnes,400.00,Rs./Quintal
Maharashtra,Kolhapur,Vegetables,Tomato,15-09-2021,36.00,Metric Tonnes,705.56,Rs./Quintal
Maharashtra,Kolhapur,Vegetables,Tomato,16-09-2021,55.00,Metric Tonnes,824.55,Rs./Quintal
Maharashtra,Kolhapur,Vegetables,Tomato,18-09-2021,69.00,Metric Tonnes,850.00,Rs./Quintal
Maharashtra,Kolhapur,Vegetables,Tomato,19-09-2021,58.00,Metric Tonnes,750.00,Rs./Quintal
Maharashtra,Kolhapur,Vegetables,Tomato,20-09-2021,8.00,Metric Tonnes,750.00,Rs./Quintal
Maharashtra,Kolhapur,Vegetables,Tomato,21-09-2021,49.00,Metric Tonnes,800.00,Rs./Quintal
Maharashtra,Kolhapur,Vegetables,Tomato,22-09-2021,45.00,Metric Tonnes,916.67,Rs./Quintal
Maharashtra,Kolhapur,Vegetables,Tomato,23-09-2021,46.00,Metric Tonnes,811.96,Rs./Quintal
Maharashtra,Kolhapur,Vegetables,Tomato,24-09-2021,10.00,Metric Tonnes,900.00,Rs./Quintal
Maharashtra,Kolhapur,Vegetables,Tomato,25-09-2021,66.00,Metric Tonnes,929.55,Rs./Quintal
Maharashtra,Kolhapur,Vegetables,Tomato,26-09-2021,36.00,Metric Tonnes,900.00,Rs./Quintal
Maharashtra,Kolhapur,Vegetables,Tomato,27-09-2021,40.00,Metric Tonnes,1137.50,Rs./Quintal
Maharashtra,Kolhapur,Vegetables,Tomato,28-09-2021,30.00,Metric Tonnes,1141.67,Rs./Quintal
Maharashtra,Kolhapur,Vegetables,Tomato,29-09-2021,56.00,Metric Tonnes,1187.50,Rs./Quintal
Maharashtra,Kolhapur,Vegetables,Tomato,30-09-2021,25.00,Metric Tonnes,1600.00,Rs./Quintal
Maharashtra,Kolhapur,Vegetables,Tomato,02-10-2021,59.00,Metric Tonnes,1600.00,Rs./Quintal
Maharashtra,Kolhapur,Vegetables,Tomato,03-10-2021,20.00,Metric Tonnes,1600.00,Rs./Quintal
Maharashtra,Kolhapur,Vegetables,Tomato,04-10-2021,31.00,Metric Tonnes,1880.65,Rs./Quintal
Maharashtra,Kolhapur,Vegetables,Tomato,05-10-2021,26.00,Metric Tonnes,1692.31,Rs./Quintal
Maharashtra,Kolhapur,Vegetables,Tomato,06-10-2021,44.00,Metric Tonnes,2013.64,Rs./Quintal
Maharashtra,Kolhapur,Vegetables,Tomato,07-10-2021,30.00,Metric Tonnes,2250.00,Rs./Quintal
Maharashtra,Kolhapur,Vegetables,Tomato,08-10-2021,6.00,Metric Tonnes,1800.00,Rs./Quintal
Maharashtra,Kolhapur,Vegetables,Tomato,09-10-2021,59.00,Metric Tonnes,2000.00,Rs./Quintal
Maharashtra,Kolhapur,Vegetables,Tomato,10-10-2021,29.00,Metric Tonnes,1750.00,Rs./Quintal
Maharashtra,Kolhapur,Vegetables,Tomato,11-10-2021,9.00,Metric Tonnes,1800.00,Rs./Quintal
Maharashtra,Kolhapur,Vegetables,Tomato,12-10-2021,28.00,Metric Tonnes,1957.14,Rs./Quintal
Maharashtra,Kolhapur,Vegetables,Tomato,13-10-2021,56.00,Metric Tonnes,1967.86,Rs./Quintal
Maharashtra,Kolhapur,Vegetables,Tomato,14-10-2021,30.00,Metric Tonnes,1926.67,Rs./Quintal
Maharashtra,Kolhapur,Vegetables,Tomato,17-10-2021,41.00,Metric Tonnes,2250.00,Rs./Quintal
Maharashtra,Kolhapur,Vegetables,Tomato,18-10-2021,45.00,Metric Tonnes,2250.00,Rs./Quintal
Maharashtra,Kolhapur,Vegetables,Tomato,19-10-2021,20.00,Metric Tonnes,2500.00,Rs./Quintal
Maharashtra,Kolhapur,Vegetables,Tomato,20-10-2021,52.00,Metric Tonnes,2351.92,Rs./Quintal
Maharashtra,Kolhapur,Vegetables,Tomato,21-10-2021,31.00,Metric Tonnes,2230.65,Rs./Quintal
Maharashtra,Kolhapur,Vegetables,Tomato,22-10-2021,6.00,Metric Tonnes,2100.00,Rs./Quintal
Maharashtra,Kolhapur,Vegetables,Tomato,23-10-2021,53.00,Metric Tonnes,2000.00,Rs./Quintal
Maharashtra,Kolhapur,Vegetables,Tomato,24-10-2021,28.00,Metric Tonnes,2000.00,Rs./Quintal
Maharashtra,Kolhapur,Vegetables,Tomato,25-10-2021,47.00,Metric Tonnes,1682.98,Rs./Quintal
Maharashtra,Kolhapur,Vegetables,Tomato,26-10-2021,27.00,Metric Tonnes,1755.56,Rs./Quintal
Maharashtra,Kolhapur,Vegetables,Tomato,27-10-2021,34.00,Metric Tonnes,2050.00,Rs./Quintal
Maharashtra,Kolhapur,Vegetables,Tomato,28-10-2021,38.00,Metric Tonnes,2071.05,Rs./Quintal
Maharashtra,Kolhapur,Vegetables,Tomato,29-10-2021,7.00,Metric Tonnes,1600.00,Rs./Quintal
Maharashtra,Kolhapur,Vegetables,Tomato,30-10-2021,17.00,Metric Tonnes,2000.00,Rs./Quintal
Maharashtra,Kolhapur,Vegetables,Tomato,31-10-2021,17.00,Metric Tonnes,2000.00,Rs./Quintal
Maharashtra,Kolhapur,Vegetables,Tomato,01-11-2021,43.00,Metric Tonnes,1958.14,Rs./Quintal
Maharashtra,Kolhapur,Vegetables,Tomato,02-11-2021,22.00,Metric Tonnes,2000.00,Rs./Quintal
Maharashtra,Kolhapur,Vegetables,Tomato,03-11-2021,42.00,Metric Tonnes,2250.00,Rs./Quintal
Maharashtra,Kolhapur,Vegetables,Tomato,05-11-2021,16.00,Metric Tonnes,2500.00,Rs./Quintal
Maharashtra,Kolhapur,Vegetables,Tomato,06-11-2021,41.00,Metric Tonnes,2250.00,Rs./Quintal
Maharashtra,Kolhapur,Vegetables,Tomato,07-11-2021,20.00,Metric Tonnes,2000.00,Rs./Quintal
Maharashtra,Kolhapur,Vegetables,Tomato,08-11-2021,47.00,Metric Tonnes,2250.00,Rs./Quintal
Maharashtra,Kolhapur,Vegetables,Tomato,09-11-2021,27.00,Metric Tonnes,2105.56,Rs./Quintal
Maharashtra,Kolhapur,Vegetables,Tomato,10-11-2021,57.00,Metric Tonnes,1971.93,Rs./Quintal
Maharashtra,Kolhapur,Vegetables,Tomato,11-11-2021,43.00,Metric Tonnes,2187.21,Rs./Quintal
Maharashtra,Kolhapur,Vegetables,Tomato,12-11-2021,10.00,Metric Tonnes,2400.00,Rs./Quintal
Maharashtra,Kolhapur,Vegetables,Tomato,13-11-2021,71.00,Metric Tonnes,2192.96,Rs./Quintal
Maharashtra,Kolhapur,Vegetables,Tomato,14-11-2021,25.00,Metric Tonnes,2250.00,Rs./Quintal
Maharashtra,Kolhapur,Vegetables,Tomato,15-11-2021,39.00,Metric Tonnes,2100.00,Rs./Quintal
Maharashtra,Kolhapur,Vegetables,Tomato,16-11-2021,39.00,Metric Tonnes,2338.46,Rs./Quintal
Maharashtra,Kolhapur,Vegetables,Tomato,17-11-2021,58.00,Metric Tonnes,2500.00,Rs./Quintal
Maharashtra,Kolhapur,Vegetables,Tomato,18-11-2021,35.00,Metric Tonnes,2500.00,Rs./Quintal
Maharashtra,Kolhapur,Vegetables,Tomato,20-11-2021,62.00,Metric Tonnes,2806.45,Rs./Quintal
Maharashtra,Kolhapur,Vegetables,Tomato,21-11-2021,28.00,Metric Tonnes,2500.00,Rs./Quintal
Maharashtra,Kolhapur,Vegetables,Tomato,22-11-2021,44.00,Metric Tonnes,2909.09,Rs./Quintal
Maharashtra,Kolhapur,Vegetables,Tomato,23-11-2021,40.00,Metric Tonnes,2727.50,Rs./Quintal
Maharashtra,Kolhapur,Vegetables,Tomato,24-11-2021,9.00,Metric Tonnes,3600.00,Rs./Quintal
Maharashtra,Kolhapur,Vegetables,Tomato,25-11-2021,42.00,Metric Tonnes,2514.29,Rs./Quintal
Maharashtra,Kolhapur,Vegetables,Tomato,26-11-2021,9.00,Metric Tonnes,3500.00,Rs./Quintal
Maharashtra,Kolhapur,Vegetables,Tomato,27-11-2021,36.00,Metric Tonnes,2875.00,Rs./Quintal
Maharashtra,Kolhapur,Vegetables,Tomato,28-11-2021,33.00,Metric Tonnes,2750.00,Rs./Quintal
Maharashtra,Kolhapur,Vegetables,Tomato,29-11-2021,23.00,Metric Tonnes,2500.00,Rs./Quintal
Maharashtra,Kolhapur,Vegetables,Tomato,30-11-2021,33.00,Metric Tonnes,3121.21,Rs./Quintal
Maharashtra,Kolhapur,Vegetables,Tomato,01-12-2021,44.00,Metric Tonnes,3000.00,Rs./Quintal
Maharashtra,Kolhapur,Vegetables,Tomato,02-12-2021,31.00,Metric Tonnes,3016.13,Rs./Quintal
Maharashtra,Kolhapur,Vegetables,Tomato,03-12-2021,9.00,Metric Tonnes,4800.00,Rs./Quintal
Maharashtra,Kolhapur,Vegetables,Tomato,04-12-2021,34.00,Metric Tonnes,2750.00,Rs./Quintal
Maharashtra,Kolhapur,Vegetables,Tomato,05-12-2021,21.00,Metric Tonnes,3400.00,Rs./Quintal
Maharashtra,Kolhapur,Vegetables,Tomato,06-12-2021,31.00,Metric Tonnes,3000.00,Rs./Quintal
Maharashtra,Kolhapur,Vegetables,Tomato,08-12-2021,53.00,Metric Tonnes,3216.98,Rs./Quintal
Maharashtra,Kolhapur,Vegetables,Tomato,09-12-2021,43.00,Metric Tonnes,3284.88,Rs./Quintal
Maharashtra,Kolhapur,Vegetables,Tomato,10-12-2021,7.00,Metric Tonnes,3600.00,Rs./Quintal
Maharashtra,Kolhapur,Vegetables,Tomato,11-12-2021,53.00,Metric Tonnes,2877.36,Rs./Quintal
Maharashtra,Kolhapur,Vegetables,Tomato,12-12-2021,23.00,Metric Tonnes,2250.00,Rs./Quintal
Maharashtra,Kolhapur,Vegetables,Tomato,13-12-2021,38.00,Metric Tonnes,2617.11,Rs./Quintal
Maharashtra,Kolhapur,Vegetables,Tomato,14-12-2021,28.00,Metric Tonnes,3732.14,Rs./Quintal
Maharashtra,Kolhapur,Vegetables,Tomato,15-12-2021,39.00,Metric Tonnes,2969.23,Rs./Quintal
Maharashtra,Kolhapur,Vegetables,Tomato,16-12-2021,38.00,Metric Tonnes,2000.00,Rs./Quintal
Maharashtra,Kolhapur,Vegetables,Tomato,17-12-2021,11.00,Metric Tonnes,3600.00,Rs./Quintal
Maharashtra,Kolhapur,Vegetables,Tomato,18-12-2021,36.00,Metric Tonnes,2250.00,Rs./Quintal
Maharashtra,Kolhapur,Vegetables,Tomato,19-12-2021,8.00,Metric Tonnes,2000.00,Rs./Quintal
Maharashtra,Kolhapur,Vegetables,Tomato,20-12-2021,29.00,Metric Tonnes,2750.00,Rs./Quintal
Maharashtra,Kolhapur,Vegetables,Tomato,21-12-2021,12.00,Metric Tonnes,2500.00,Rs./Quintal
Maharashtra,Kolhapur,Vegetables,Tomato,22-12-2021,31.00,Metric Tonnes,2427.42,Rs./Quintal
Maharashtra,Kolhapur,Vegetables,Tomato,23-12-2021,28.00,Metric Tonnes,2385.71,Rs./Quintal
Maharashtra,Kolhapur,Vegetables,Tomato,25-12-2021,36.00,Metric Tonnes,2250.00,Rs./Quintal
Maharashtra,Kolhapur,Vegetables,Tomato,26-12-2021,17.00,Metric Tonnes,2250.00,Rs./Quintal
Maharashtra,Kolhapur,Vegetables,Tomato,27-12-2021,32.00,Metric Tonnes,2565.63,Rs./Quintal
Maharashtra,Kolhapur,Vegetables,Tomato,28-12-2021,9.00,Metric Tonnes,2500.00,Rs./Quintal
Maharashtra,Kolhapur,Vegetables,Tomato,29-12-2021,50.00,Metric Tonnes,2529.00,Rs./Quintal
Maharashtra,Kolhapur,Vegetables,Tomato,30-12-2021,42.00,Metric Tonnes,2321.43,Rs./Quintal
Maharashtra,Kolhapur,Vegetables,Tomato,01-01-2022,32.00,Metric Tonnes,1750.00,Rs./Quintal
Maharashtra,Kolhapur,Vegetables,Tomato,02-01-2022,20.00,Metric Tonnes,2000.00,Rs./Quintal
Maharashtra,Kolhapur,Vegetables,Tomato,03-01-2022,34.00,Metric Tonnes,2130.88,Rs./Quintal
Maharashtra,Kolhapur,Vegetables,Tomato,04-01-2022,22.00,Metric Tonnes,1500.00,Rs./Quintal
Maharashtra,Kolhapur,Vegetables,Tomato,05-01-2022,24.00,Metric Tonnes,1500.00,Rs./Quintal
Maharashtra,Kolhapur,Vegetables,Tomato,06-01-2022,9.00,Metric Tonnes,3000.00,Rs./Quintal
Maharashtra,Kolhapur,Vegetables,Tomato,08-01-2022,27.00,Metric Tonnes,1250.00,Rs./Quintal
Maharashtra,Kolhapur,Vegetables,Tomato,09-01-2022,15.00,Metric Tonnes,1300.00,Rs./Quintal
Maharashtra,Kolhapur,Vegetables,Tomato,10-01-2022,30.00,Metric Tonnes,1600.00,Rs./Quintal
Maharashtra,Kolhapur,Vegetables,Tomato,11-01-2022,24.00,Metric Tonnes,1850.00,Rs./Quintal
Maharashtra,Kolhapur,Vegetables,Tomato,12-01-2022,40.00,Metric Tonnes,1907.50,Rs./Quintal
Maharashtra,Kolhapur,Vegetables,Tomato,13-01-2022,9.00,Metric Tonnes,2100.00,Rs./Quintal
Maharashtra,Kolhapur,Vegetables,Tomato,14-01-2022,7.00,Metric Tonnes,2800.00,Rs./Quintal
Maharashtra,Kolhapur,Vegetables,Tomato,15-01-2022,11.00,Metric Tonnes,1600.00,Rs./Quintal
Maharashtra,Kolhapur,Vegetables,Tomato,16-01-2022,24.00,Metric Tonnes,1750.00,Rs./Quintal
Maharashtra,Kolhapur,Vegetables,Tomato,17-01-2022,38.00,Metric Tonnes,1498.68,Rs./Quintal
Maharashtra,Kolhapur,Vegetables,Tomato,18-01-2022,37.00,Metric Tonnes,1283.78,Rs./Quintal
Maharashtra,Kolhapur,Vegetables,Tomato,20-01-2022,27.00,Metric Tonnes,1250.00,Rs./Quintal
Maharashtra,Kolhapur,Vegetables,Tomato,22-01-2022,35.00,Metric Tonnes,1344.29,Rs./Quintal
Maharashtra,Kolhapur,Vegetables,Tomato,23-01-2022,14.00,Metric Tonnes,1500.00,Rs./Quintal
Maharashtra,Kolhapur,Vegetables,Tomato,24-01-2022,25.00,Metric Tonnes,1750.00,Rs./Quintal
Maharashtra,Kolhapur,Vegetables,Tomato,25-01-2022,35.00,Metric Tonnes,1851.43,Rs./Quintal
Maharashtra,Kolhapur,Vegetables,Tomato,27-01-2022,41.00,Metric Tonnes,1250.00,Rs./Quintal
Maharashtra,Kolhapur,Vegetables,Tomato,28-01-2022,9.00,Metric Tonnes,1900.00,Rs./Quintal
Maharashtra,Kolhapur,Vegetables,Tomato,29-01-2022,34.00,Metric Tonnes,1350.00,Rs./Quintal
Maharashtra,Kolhapur,Vegetables,Tomato,30-01-2022,23.00,Metric Tonnes,1250.00,Rs./Quintal
Maharashtra,Kolhapur,Vegetables,Tomato,31-01-2022,23.00,Metric Tonnes,1250.00,Rs./Quintal
Maharashtra,Kolhapur,Vegetables,Tomato,01-02-2022,10.00,Metric Tonnes,900.00,Rs./Quintal
Maharashtra,Kolhapur,Vegetables,Tomato,02-02-2022,27.00,Metric Tonnes,1412.96,Rs./Quintal
Maharashtra,Kolhapur,Vegetables,Tomato,03-02-2022,18.00,Metric Tonnes,1500.00,Rs./Quintal
Maharashtra,Kolhapur,Vegetables,Tomato,05-02-2022,41.00,Metric Tonnes,1750.00,Rs./Quintal
Maharashtra,Kolhapur,Vegetables,Tomato,06-02-2022,15.00,Metric Tonnes,1750.00,Rs./Quintal
Maharashtra,Kolhapur,Vegetables,Tomato,07-02-2022,25.00,Metric Tonnes,2000.00,Rs./Quintal
Maharashtra,Kolhapur,Vegetables,Tomato,08-02-2022,30.00,Metric Tonnes,1473.33,Rs./Quintal
Maharashtra,Kolhapur,Vegetables,Tomato,09-02-2022,34.00,Metric Tonnes,1500.00,Rs./Quintal
Maharashtra,Kolhapur,Vegetables,Tomato,10-02-2022,43.00,Metric Tonnes,1369.77,Rs./Quintal
Maharashtra,Kolhapur,Vegetables,Tomato,11-02-2022,6.00,Metric Tonnes,1600.00,Rs./Quintal
Maharashtra,Kolhapur,Vegetables,Tomato,12-02-2022,40.00,Metric Tonnes,1238.75,Rs./Quintal
Maharashtra,Kolhapur,Vegetables,Tomato,13-02-2022,27.00,Metric Tonnes,1000.00,Rs./Quintal
Maharashtra,Kolhapur,Vegetables,Tomato,14-02-2022,38.00,Metric Tonnes,981.58,Rs./Quintal
Maharashtra,Kolhapur,Vegetables,Tomato,15-02-2022,20.00,Metric Tonnes,1200.00,Rs./Quintal
Maharashtra,Kolhapur,Vegetables,Tomato,16-02-2022,48.00,Metric Tonnes,1150.00,Rs./Quintal
Maharashtra,Kolhapur,Vegetables,Tomato,17-02-2022,38.00,Metric Tonnes,1209.21,Rs./Quintal
Maharashtra,Kolhapur,Vegetables,Tomato,19-02-2022,39.00,Metric Tonnes,1000.00,Rs./Quintal
Maharashtra,Kolhapur,Vegetables,Tomato,20-02-2022,15.00,Metric Tonnes,1000.00,Rs./Quintal
Maharashtra,Kolhapur,Vegetables,Tomato,21-02-2022,35.00,Metric Tonnes,1028.57,Rs./Quintal
Maharashtra,Kolhapur,Vegetables,Tomato,22-02-2022,35.00,Metric Tonnes,1011.43,Rs./Quintal
Maharashtra,Kolhapur,Vegetables,Tomato,23-02-2022,38.00,Metric Tonnes,1100.00,Rs./Quintal
Maharashtra,Kolhapur,Vegetables,Tomato,24-02-2022,43.00,Metric Tonnes,986.05,Rs./Quintal
Maharashtra,Kolhapur,Vegetables,Tomato,26-02-2022,33.00,Metric Tonnes,1050.00,Rs./Quintal
Maharashtra,Kolhapur,Vegetables,Tomato,27-02-2022,16.00,Metric Tonnes,850.00,Rs./Quintal
Maharashtra,Kolhapur,Vegetables,Tomato,28-02-2022,36.00,Metric Tonnes,975.00,Rs./Quintal
Maharashtra,Kolhapur,Vegetables,Tomato,01-03-2022,30.00,Metric Tonnes,866.67,Rs./Quintal
Maharashtra,Kolhapur,Vegetables,Tomato,02-03-2022,38.00,Metric Tonnes,836.84,Rs./Quintal
Maharashtra,Kolhapur,Vegetables,Tomato,03-03-2022,29.00,Metric Tonnes,843.10,Rs./Quintal
Maharashtra,Kolhapur,Vegetables,Tomato,04-03-2022,9.00,Metric Tonnes,1200.00,Rs./Quintal
Maharashtra,Kolhapur,Vegetables,Tomato,05-03-2022,46.00,Metric Tonnes,900.00,Rs./Quintal
Maharashtra,Kolhapur,Vegetables,Tomato,06-03-2022,27.00,Metric Tonnes,850.00,Rs./Quintal
Maharashtra,Kolhapur,Vegetables,Tomato,07-03-2022,44.00,Metric Tonnes,813.64,Rs./Quintal
Maharashtra,Kolhapur,Vegetables,Tomato,08-03-2022,26.00,Metric Tonnes,867.31,Rs./Quintal
Maharashtra,Kolhapur,Vegetables,Tomato,09-03-2022,43.00,Metric Tonnes,809.30,Rs./Quintal
Maharashtra,Kolhapur,Vegetables,Tomato,10-03-2022,46.00,Metric Tonnes,539.13,Rs./Quintal
Maharashtra,Kolhapur,Vegetables,Tomato,11-03-2022,10.00,Metric Tonnes,600.00,Rs./Quintal
Maharashtra,Kolhapur,Vegetables,Tomato,12-03-2022,42.00,Metric Tonnes,450.00,Rs./Quintal
Maharashtra,Kolhapur,Vegetables,Tomato,13-03-2022,29.00,Metric Tonnes,550.00,Rs./Quintal
Maharashtra,Kolhapur,Vegetables,Tomato,14-03-2022,35.00,Metric Tonnes,550.00,Rs./Quintal
Maharashtra,Kolhapur,Vegetables,Tomato,15-03-2022,30.00,Metric Tonnes,761.67,Rs./Quintal
Maharashtra,Kolhapur,Vegetables,Tomato,16-03-2022,38.00,Metric Tonnes,734.21,Rs./Quintal
Maharashtra,Kolhapur,Vegetables,Tomato,17-03-2022,20.00,Metric Tonnes,700.00,Rs./Quintal
Maharashtra,Kolhapur,Vegetables,Tomato,19-03-2022,15.00,Metric Tonnes,900.00,Rs./Quintal
Maharashtra,Kolhapur,Vegetables,Tomato,20-03-2022,32.00,Metric Tonnes,700.00,Rs./Quintal
Maharashtra,Kolhapur,Vegetables,Tomato,21-03-2022,42.00,Metric Tonnes,696.43,Rs./Quintal
Maharashtra,Kolhapur,Vegetables,Tomato,22-03-2022,35.00,Metric Tonnes,650.00,Rs./Quintal
Maharashtra,Kolhapur,Vegetables,Tomato,23-03-2022,48.00,Metric Tonnes,575.00,Rs./Quintal
Maharashtra,Kolhapur,Vegetables,Tomato,24-03-2022,37.00,Metric Tonnes,575.68,Rs./Quintal
Maharashtra,Kolhapur,Vegetables,Tomato,25-03-2022,18.00,Metric Tonnes,800.00,Rs./Quintal
Maharashtra,Kolhapur,Vegetables,Tomato,26-03-2022,29.00,Metric Tonnes,450.00,Rs./Quintal
Maharashtra,Kolhapur,Vegetables,Tomato,27-03-2022,17.00,Metric Tonnes,550.00,Rs./Quintal
Maharashtra,Kolhapur,Vegetables,Tomato,28-03-2022,41.00,Metric Tonnes,652.44,Rs./Quintal
Maharashtra,Kolhapur,Vegetables,Tomato,29-03-2022,41.00,Metric Tonnes,478.05,Rs./Quintal
Maharashtra,Kolhapur,Vegetables,Tomato,30-03-2022,52.00,Metric Tonnes,570.19,Rs./Quintal
Maharashtra,Kolhapur,Vegetables,Tomato,31-03-2022,45.00,Metric Tonnes,588.89,Rs./Quintal
Maharashtra,Kolhapur,Vegetables,Tomato,02-04-2022,21.00,Metric Tonnes,500.00,Rs./Quintal
Maharashtra,Kolhapur,Vegetables,Tomato,03-04-2022,5.00,Metric Tonnes,750.00,Rs./Quintal
Maharashtra,Kolhapur,Vegetables,Tomato,04-04-2022,21.00,Metric Tonnes,950.00,Rs./Quintal
Maharashtra,Kolhapur,Vegetables,Tomato,05-04-2022,51.00,Metric Tonnes,626.47,Rs./Quintal
Maharashtra,Kolhapur,Vegetables,Tomato,06-04-2022,32.00,Metric Tonnes,500.00,Rs./Quintal
Maharashtra,Kolhapur,Vegetables,Tomato,07-04-2022,22.00,Metric Tonnes,500.00,Rs./Quintal
Maharashtra,Kolhapur,Vegetables,Tomato,08-04-2022,24.00,Metric Tonnes,500.00,Rs./Quintal
Maharashtra,Kolhapur,Vegetables,Tomato,09-04-2022,48.00,Metric Tonnes,654.17,Rs./Quintal
Maharashtra,Kolhapur,Vegetables,Tomato,10-04-2022,14.00,Metric Tonnes,550.00,Rs./Quintal
Maharashtra,Kolhapur,Vegetables,Tomato,11-04-2022,54.00,Metric Tonnes,572.22,Rs./Quintal
Maharashtra,Kolhapur,Vegetables,Tomato,12-04-2022,23.00,Metric Tonnes,671.74,Rs./Quintal
Maharashtra,Kolhapur,Vegetables,Tomato,13-04-2022,32.00,Metric Tonnes,715.63,Rs./Quintal
Maharashtra,Kolhapur,Vegetables,Tomato,14-04-2022,28.00,Metric Tonnes,1000.00,Rs./Quintal
Maharashtra,Kolhapur,Vegetables,Tomato,16-04-2022,47.00,Metric Tonnes,929.79,Rs./Quintal
Maharashtra,Kolhapur,Vegetables,Tomato,17-04-2022,22.00,Metric Tonnes,1150.00,Rs./Quintal
Maharashtra,Kolhapur,Vegetables,Tomato,18-04-2022,41.00,Metric Tonnes,1097.56,Rs./Quintal
Maharashtra,Kolhapur,Vegetables,Tomato,19-04-2022,22.00,Metric Tonnes,1250.00,Rs./Quintal
Maharashtra,Kolhapur,Vegetables,Tomato,20-04-2022,49.00,Metric Tonnes,1048.98,Rs./Quintal
Maharashtra,Kolhapur,Vegetables,Tomato,21-04-2022,25.00,Metric Tonnes,1000.00,Rs./Quintal
Maharashtra,Kolhapur,Vegetables,Tomato,22-04-2022,10.00,Metric Tonnes,650.00,Rs./Quintal
Maharashtra,Kolhapur,Vegetables,Tomato,23-04-2022,55.00,Metric Tonnes,1140.00,Rs./Quintal
Maharashtra,Kolhapur,Vegetables,Tomato,24-04-2022,16.00,Metric Tonnes,1100.00,Rs./Quintal
Maharashtra,Kolhapur,Vegetables,Tomato,25-04-2022,36.00,Metric Tonnes,1037.50,Rs./Quintal
Maharashtra,Kolhapur,Vegetables,Tomato,26-04-2022,29.00,Metric Tonnes,1168.97,Rs./Quintal
Maharashtra,Kolhapur,Vegetables,Tomato,27-04-2022,37.00,Metric Tonnes,1605.41,Rs./Quintal
Maharashtra,Kolhapur,Vegetables,Tomato,28-04-2022,39.00,Metric Tonnes,1384.62,Rs./Quintal
Maharashtra,Kolhapur,Vegetables,Tomato,30-04-2022,25.00,Metric Tonnes,2000.00,Rs./Quintal
Maharashtra,Kolhapur,Vegetables,Tomato,02-05-2022,25.00,Metric Tonnes,2500.00,Rs./Quintal
Maharashtra,Kolhapur,Vegetables,Tomato,04-05-2022,18.00,Metric Tonnes,3100.00,Rs./Quintal
Maharashtra,Kolhapur,Vegetables,Tomato,05-05-2022,26.00,Metric Tonnes,2750.00,Rs./Quintal
Maharashtra,Kolhapur,Vegetables,Tomato,08-05-2022,17.00,Metric Tonnes,2250.00,Rs./Quintal
Maharashtra,Kolhapur,Vegetables,Tomato,09-05-2022,48.00,Metric Tonnes,2643.75,Rs./Quintal
Maharashtra,Kolhapur,Vegetables,Tomato,10-05-2022,14.00,Metric Tonnes,3000.00,Rs./Quintal
Maharashtra,Kolhapur,Vegetables,Tomato,11-05-2022,24.00,Metric Tonnes,2100.00,Rs./Quintal
Maharashtra,Kolhapur,Vegetables,Tomato,14-05-2022,43.00,Metric Tonnes,2267.44,Rs./Quintal
Maharashtra,Kolhapur,Vegetables,Tomato,15-05-2022,16.00,Metric Tonnes,2750.00,Rs./Quintal
Maharashtra,Kolhapur,Vegetables,Tomato,16-05-2022,25.00,Metric Tonnes,3000.00,Rs./Quintal
Maharashtra,Kolhapur,Vegetables,Tomato,17-05-2022,34.00,Metric Tonnes,4500.00,Rs./Quintal
Maharashtra,Kolhapur,Vegetables,Tomato,18-05-2022,52.00,Metric Tonnes,3384.62,Rs./Quintal
Maharashtra,Kolhapur,Vegetables,Tomato,19-05-2022,43.00,Metric Tonnes,3500.00,Rs./Quintal
Maharashtra,Kolhapur,Vegetables,Tomato,21-05-2022,34.00,Metric Tonnes,5382.35,Rs./Quintal
Maharashtra,Kolhapur,Vegetables,Tomato,22-05-2022,20.00,Metric Tonnes,6500.00,Rs./Quintal
Maharashtra,Kolhapur,Vegetables,Tomato,23-05-2022,53.00,Metric Tonnes,4841.51,Rs./Quintal
Maharashtra,Kolhapur,Vegetables,Tomato,24-05-2022,40.00,Metric Tonnes,4150.00,Rs./Quintal
Maharashtra,Kolhapur,Vegetables,Tomato,25-05-2022,33.00,Metric Tonnes,3000.00,Rs./Quintal
Maharashtra,Kolhapur,Vegetables,Tomato,26-05-2022,24.00,Metric Tonnes,3000.00,Rs./Quintal
Maharashtra,Kolhapur,Vegetables,Tomato,28-05-2022,38.00,Metric Tonnes,3848.68,Rs./Quintal
Maharashtra,Kolhapur,Vegetables,Tomato,29-05-2022,12.00,Metric Tonnes,3500.00,Rs./Quintal
Maharashtra,Kolhapur,Vegetables,Tomato,30-05-2022,26.00,Metric Tonnes,4413.46,Rs./Quintal
Maharashtra,Kolhapur,Vegetables,Tomato,31-05-2022,21.00,Metric Tonnes,4500.00,Rs./Quintal
Maharashtra,Kolhapur,Vegetables,Tomato,01-06-2022,27.00,Metric Tonnes,4527.78,Rs./Quintal
Maharashtra,Kolhapur,Vegetables,Tomato,03-06-2022,14.00,Metric Tonnes,3800.00,Rs./Quintal
Maharashtra,Kolhapur,Vegetables,Tomato,04-06-2022,28.00,Metric Tonnes,3250.00,Rs./Quintal
Maharashtra,Kolhapur,Vegetables,Tomato,05-06-2022,17.00,Metric Tonnes,3000.00,Rs./Quintal
Maharashtra,Kolhapur,Vegetables,Tomato,06-06-2022,14.00,Metric Tonnes,2800.00,Rs./Quintal
Maharashtra,Kolhapur,Vegetables,Tomato,07-06-2022,28.00,Metric Tonnes,5553.57,Rs./Quintal
Maharashtra,Kolhapur,Vegetables,Tomato,08-06-2022,47.00,Metric Tonnes,4274.47,Rs./Quintal
Maharashtra,Kolhapur,Vegetables,Tomato,09-06-2022,48.00,Metric Tonnes,3091.67,Rs./Quintal
Maharashtra,Kolhapur,Vegetables,Tomato,10-06-2022,21.00,Metric Tonnes,3800.00,Rs./Quintal
Maharashtra,Kolhapur,Vegetables,Tomato,11-06-2022,27.00,Metric Tonnes,3250.00,Rs./Quintal
Maharashtra,Kolhapur,Vegetables,Tomato,12-06-2022,21.00,Metric Tonnes,3000.00,Rs./Quintal
Maharashtra,Kolhapur,Vegetables,Tomato,13-06-2022,23.00,Metric Tonnes,2500.00,Rs./Quintal
Maharashtra,Kolhapur,Vegetables,Tomato,14-06-2022,38.00,Metric Tonnes,3206.58,Rs./Quintal
Maharashtra,Kolhapur,Vegetables,Tomato,15-06-2022,49.00,Metric Tonnes,2821.43,Rs./Quintal
Maharashtra,Kolhapur,Vegetables,Tomato,16-06-2022,9.00,Metric Tonnes,4500.00,Rs./Quintal
Maharashtra,Kolhapur,Vegetables,Tomato,17-06-2022,21.00,Metric Tonnes,2600.00,Rs./Quintal
Maharashtra,Kolhapur,Vegetables,Tomato,18-06-2022,26.00,Metric Tonnes,2250.00,Rs./Quintal
Maharashtra,Kolhapur,Vegetables,Tomato,19-06-2022,6.00,Metric Tonnes,2500.00,Rs./Quintal
Maharashtra,Kolhapur,Vegetables,Tomato,20-06-2022,11.00,Metric Tonnes,2500.00,Rs./Quintal
Maharashtra,Kolhapur,Vegetables,Tomato,21-06-2022,18.00,Metric Tonnes,2661.11,Rs./Quintal
Maharashtra,Kolhapur,Vegetables,Tomato,22-06-2022,32.00,Metric Tonnes,3053.13,Rs./Quintal
Maharashtra,Kolhapur,Vegetables,Tomato,23-06-2022,34.00,Metric Tonnes,2129.41,Rs./Quintal
Maharashtra,Kolhapur,Vegetables,Tomato,24-06-2022,22.00,Metric Tonnes,2100.00,Rs./Quintal
Maharashtra,Kolhapur,Vegetables,Tomato,25-06-2022,50.00,Metric Tonnes,2172.00,Rs./Quintal
Maharashtra,Kolhapur,Vegetables,Tomato,26-06-2022,8.00,Metric Tonnes,2500.00,Rs./Quintal
Maharashtra,Kolhapur,Vegetables,Tomato,27-06-2022,28.00,Metric Tonnes,2500.00,Rs./Quintal
Maharashtra,Kolhapur,Vegetables,Tomato,28-06-2022,35.00,Metric Tonnes,2060.00,Rs./Quintal
Maharashtra,Kolhapur,Vegetables,Tomato,29-06-2022,53.00,Metric Tonnes,2543.40,Rs./Quintal
Maharashtra,Kolhapur,Vegetables,Tomato,30-06-2022,17.00,Metric Tonnes,2500.00,Rs./Quintal
Maharashtra,Kolhapur,Vegetables,Tomato,02-07-2022,23.00,Metric Tonnes,2000.00,Rs./Quintal
Maharashtra,Kolhapur,Vegetables,Tomato,03-07-2022,31.00,Metric Tonnes,1250.00,Rs./Quintal
Maharashtra,Kolhapur,Vegetables,Tomato,04-07-2022,35.00,Metric Tonnes,1464.29,Rs./Quintal
Maharashtra,Kolhapur,Vegetables,Tomato,05-07-2022,18.00,Metric Tonnes,1050.00,Rs./Quintal
Maharashtra,Kolhapur,Vegetables,Tomato,06-07-2022,48.00,Metric Tonnes,1376.04,Rs./Quintal
Maharashtra,Kolhapur,Vegetables,Tomato,07-07-2022,43.00,Metric Tonnes,1390.70,Rs./Quintal
Maharashtra,Kolhapur,Vegetables,Tomato,08-07-2022,22.00,Metric Tonnes,1800.00,Rs./Quintal
Maharashtra,Kolhapur,Vegetables,Tomato,09-07-2022,42.00,Metric Tonnes,850.00,Rs./Quintal
Maharashtra,Kolhapur,Vegetables,Tomato,11-07-2022,25.00,Metric Tonnes,1000.00,Rs./Quintal
Maharashtra,Kolhapur,Vegetables,Tomato,12-07-2022,19.00,Metric Tonnes,1050.00,Rs./Quintal
Maharashtra,Kolhapur,Vegetables,Tomato,13-07-2022,29.00,Metric Tonnes,1250.00,Rs./Quintal
Maharashtra,Kolhapur,Vegetables,Tomato,14-07-2022,44.00,Metric Tonnes,1164.77,Rs./Quintal
Maharashtra,Kolhapur,Vegetables,Tomato,15-07-2022,22.00,Metric Tonnes,900.00,Rs./Quintal
Maharashtra,Kolhapur,Vegetables,Tomato,16-07-2022,69.00,Metric Tonnes,1118.12,Rs./Quintal
Maharashtra,Kolhapur,Vegetables,Tomato,17-07-2022,22.00,Metric Tonnes,1000.00,Rs./Quintal
Maharashtra,Kolhapur,Vegetables,Tomato,18-07-2022,52.00,Metric Tonnes,1090.38,Rs./Quintal
Maharashtra,Kolhapur,Vegetables,Tomato,19-07-2022,18.00,Metric Tonnes,1000.00,Rs./Quintal
Maharashtra,Kolhapur,Vegetables,Tomato,20-07-2022,27.00,Metric Tonnes,1000.00,Rs./Quintal
Maharashtra,Kolhapur,Vegetables,Tomato,21-07-2022,47.00,Metric Tonnes,895.74,Rs./Quintal
Maharashtra,Kolhapur,Vegetables,Tomato,23-07-2022,36.00,Metric Tonnes,1050.00,Rs./Quintal
Maharashtra,Kolhapur,Vegetables,Tomato,24-07-2022,21.00,Metric Tonnes,900.00,Rs./Quintal
Maharashtra,Kolhapur,Vegetables,Tomato,25-07-2022,20.00,Metric Tonnes,1050.00,Rs./Quintal
Maharashtra,Kolhapur,Vegetables,Tomato,26-07-2022,17.00,Metric Tonnes,900.00,Rs./Quintal
Maharashtra,Kolhapur,Vegetables,Tomato,27-07-2022,31.00,Metric Tonnes,850.00,Rs./Quintal
Maharashtra,Kolhapur,Vegetables,Tomato,28-07-2022,21.00,Metric Tonnes,900.00,Rs./Quintal
Maharashtra,Kolhapur,Vegetables,Tomato,30-07-2022,27.00,Metric Tonnes,950.00,Rs./Quintal
Maharashtra,Kolhapur,Vegetables,Tomato,31-07-2022,18.00,Metric Tonnes,1000.00,Rs./Quintal
Maharashtra,Kolhapur,Vegetables,Tomato,01-08-2022,21.00,Metric Tonnes,1500.00,Rs./Quintal
Maharashtra,Kolhapur,Vegetables,Tomato,02-08-2022,20.00,Metric Tonnes,900.00,Rs./Quintal
Maharashtra,Kolhapur,Vegetables,Tomato,03-08-2022,49.00,Metric Tonnes,1000.00,Rs./Quintal
Maharashtra,Kolhapur,Vegetables,Tomato,04-08-2022,72.00,Metric Tonnes,900.00,Rs./Quintal
Maharashtra,Kolhapur,Vegetables,Tomato,05-08-2022,23.00,Metric Tonnes,1000.00,Rs./Quintal
Maharashtra,Kolhapur,Vegetables,Tomato,06-08-2022,45.00,Metric Tonnes,800.00,Rs./Quintal
Maharashtra,Kolhapur,Vegetables,Tomato,07-08-2022,16.00,Metric Tonnes,750.00,Rs./Quintal
Maharashtra,Kolhapur,Vegetables,Tomato,08-08-2022,50.00,Metric Tonnes,975.00,Rs./Quintal
Maharashtra,Kolhapur,Vegetables,Tomato,09-08-2022,10.00,Metric Tonnes,650.00,Rs./Quintal
Maharashtra,Kolhapur,Vegetables,Tomato,10-08-2022,41.00,Metric Tonnes,879.27,Rs./Quintal
Maharashtra,Kolhapur,Vegetables,Tomato,11-08-2022,24.00,Metric Tonnes,900.00,Rs./Quintal
Maharashtra,Kolhapur,Vegetables,Tomato,12-08-2022,24.00,Metric Tonnes,1000.00,Rs./Quintal
Maharashtra,Kolhapur,Vegetables,Tomato,13-08-2022,59.00,Metric Tonnes,1000.00,Rs./Quintal
Maharashtra,Kolhapur,Vegetables,Tomato,14-08-2022,36.00,Metric Tonnes,950.00,Rs./Quintal
Maharashtra,Kolhapur,Vegetables,Tomato,16-08-2022,23.00,Metric Tonnes,950.00,Rs./Quintal
Maharashtra,Kolhapur,Vegetables,Tomato,17-08-2022,48.00,Metric Tonnes,964.58,Rs./Quintal
Maharashtra,Kolhapur,Vegetables,Tomato,18-08-2022,20.00,Metric Tonnes,850.00,Rs./Quintal
Maharashtra,Kolhapur,Vegetables,Tomato,19-08-2022,20.00,Metric Tonnes,800.00,Rs./Quintal
Maharashtra,Kolhapur,Vegetables,Tomato,20-08-2022,45.00,Metric Tonnes,1188.89,Rs./Quintal
Maharashtra,Kolhapur,Vegetables,Tomato,21-08-2022,21.00,Metric Tonnes,1000.00,Rs./Quintal
Maharashtra,Kolhapur,Vegetables,Tomato,22-08-2022,53.00,Metric Tonnes,1200.00,Rs./Quintal
Maharashtra,Kolhapur,Vegetables,Tomato,23-08-2022,45.00,Metric Tonnes,924.44,Rs./Quintal
Maharashtra,Kolhapur,Vegetables,Tomato,24-08-2022,53.00,Metric Tonnes,920.75,Rs./Quintal
Maharashtra,Kolhapur,Vegetables,Tomato,25-08-2022,43.00,Metric Tonnes,902.33,Rs./Quintal
Maharashtra,Kolhapur,Vegetables,Tomato,26-08-2022,23.00,Metric Tonnes,1000.00,Rs./Quintal
Maharashtra,Kolhapur,Vegetables,Tomato,27-08-2022,65.00,Metric Tonnes,963.08,Rs./Quintal
Maharashtra,Kolhapur,Vegetables,Tomato,28-08-2022,26.00,Metric Tonnes,900.00,Rs./Quintal
Maharashtra,Kolhapur,Vegetables,Tomato,29-08-2022,25.00,Metric Tonnes,1000.00,Rs./Quintal
Maharashtra,Kolhapur,Vegetables,Tomato,30-08-2022,49.00,Metric Tonnes,900.00,Rs./Quintal
Maharashtra,Kolhapur,Vegetables,Tomato,31-08-2022,37.00,Metric Tonnes,750.00,Rs./Quintal
Maharashtra,Kolhapur,Vegetables,Tomato,01-09-2022,25.00,Metric Tonnes,900.00,Rs./Quintal
Maharashtra,Kolhapur,Vegetables,Tomato,02-09-2022,24.00,Metric Tonnes,900.00,Rs./Quintal
Maharashtra,Kolhapur,Vegetables,Tomato,03-09-2022,76.00,Metric Tonnes,964.47,Rs./Quintal
Maharashtra,Kolhapur,Vegetables,Tomato,04-09-2022,9.00,Metric Tonnes,1000.00,Rs./Quintal
Maharashtra,Kolhapur,Vegetables,Tomato,05-09-2022,33.00,Metric Tonnes,916.67,Rs./Quintal
Maharashtra,Kolhapur,Vegetables,Tomato,07-09-2022,46.00,Metric Tonnes,1054.35,Rs./Quintal
Maharashtra,Kolhapur,Vegetables,Tomato,08-09-2022,45.00,Metric Tonnes,1000.00,Rs./Quintal
Maharashtra,Kolhapur,Vegetables,Tomato,11-09-2022,25.00,Metric Tonnes,1300.00,Rs./Quintal
Maharashtra,Kolhapur,Vegetables,Tomato,13-09-2022,19.00,Metric Tonnes,1800.00,Rs./Quintal
Maharashtra,Kolhapur,Vegetables,Tomato,14-09-2022,29.00,Metric Tonnes,1700.00,Rs./Quintal
Maharashtra,Kolhapur,Vegetables,Tomato,15-09-2022,57.00,Metric Tonnes,1668.42,Rs./Quintal
Maharashtra,Kolhapur,Vegetables,Tomato,16-09-2022,33.00,Metric Tonnes,1600.00,Rs./Quintal
Maharashtra,Kolhapur,Vegetables,Tomato,17-09-2022,73.00,Metric Tonnes,1500.00,Rs./Quintal
Maharashtra,Kolhapur,Vegetables,Tomato,19-09-2022,24.00,Metric Tonnes,1500.00,Rs./Quintal
Maharashtra,Kolhapur,Vegetables,Tomato,20-09-2022,22.00,Metric Tonnes,1700.00,Rs./Quintal
Maharashtra,Kolhapur,Vegetables,Tomato,22-09-2022,21.00,Metric Tonnes,1500.00,Rs./Quintal
Maharashtra,Kolhapur,Vegetables,Tomato,23-09-2022,21.00,Metric Tonnes,1200.00,Rs./Quintal
Maharashtra,Kolhapur,Vegetables,Tomato,24-09-2022,25.00,Metric Tonnes,2000.00,Rs./Quintal
Maharashtra,Kolhapur,Vegetables,Tomato,25-09-2022,20.00,Metric Tonnes,1700.00,Rs./Quintal
Maharashtra,Kolhapur,Vegetables,Tomato,26-09-2022,12.00,Metric Tonnes,2500.00,Rs./Quintal
Maharashtra,Kolhapur,Vegetables,Tomato,27-09-2022,25.00,Metric Tonnes,1000.00,Rs./Quintal
Maharashtra,Kolhapur,Vegetables,Tomato,28-09-2022,42.00,Metric Tonnes,1735.71,Rs./Quintal
Maharashtra,Kolhapur,Vegetables,Tomato,29-09-2022,44.00,Metric Tonnes,1450.00,Rs./Quintal
Maharashtra,Kolhapur,Vegetables,Tomato,30-09-2022,23.00,Metric Tonnes,1400.00,Rs./Quintal
Maharashtra,Kolhapur,Vegetables,Tomato,01-10-2022,33.00,Metric Tonnes,1809.09,Rs./Quintal
Maharashtra,Kolhapur,Vegetables,Tomato,02-10-2022,11.00,Metric Tonnes,2200.00,Rs./Quintal
Maharashtra,Kolhapur,Vegetables,Tomato,03-10-2022,25.00,Metric Tonnes,2400.00,Rs./Quintal
Maharashtra,Kolhapur,Vegetables,Tomato,04-10-2022,42.00,Metric Tonnes,1614.29,Rs./Quintal
Maharashtra,Kolhapur,Vegetables,Tomato,05-10-2022,18.00,Metric Tonnes,2500.00,Rs./Quintal
Maharashtra,Kolhapur,Vegetables,Tomato,07-10-2022,21.00,Metric Tonnes,1800.00,Rs./Quintal
Maharashtra,Kolhapur,Vegetables,Tomato,08-10-2022,38.00,Metric Tonnes,1800.00,Rs./Quintal
Maharashtra,Kolhapur,Vegetables,Tomato,09-10-2022,26.00,Metric Tonnes,1500.00,Rs./Quintal
Maharashtra,Kolhapur,Vegetables,Tomato,10-10-2022,45.00,Metric Tonnes,2193.33,Rs./Quintal
Maharashtra,Kolhapur,Vegetables,Tomato,11-10-2022,22.00,Metric Tonnes,1600.00,Rs./Quintal
Maharashtra,Kolhapur,Vegetables,Tomato,12-10-2022,50.00,Metric Tonnes,1844.00,Rs./Quintal
Maharashtra,Kolhapur,Vegetables,Tomato,13-10-2022,45.00,Metric Tonnes,1626.67,Rs./Quintal
Maharashtra,Kolhapur,Vegetables,Tomato,14-10-2022,25.00,Metric Tonnes,1400.00,Rs./Quintal
Maharashtra,Kolhapur,Vegetables,Tomato,15-10-2022,26.00,Metric Tonnes,2500.00,Rs./Quintal
Maharashtra,Kolhapur,Vegetables,Tomato,16-10-2022,11.00,Metric Tonnes,3000.00,Rs./Quintal
Maharashtra,Kolhapur,Vegetables,Tomato,17-10-2022,53.00,Metric Tonnes,1820.75,Rs./Quintal
Maharashtra,Kolhapur,Vegetables,Tomato,18-10-2022,44.00,Metric Tonnes,1672.73,Rs./Quintal
Maharashtra,Kolhapur,Vegetables,Tomato,19-10-2022,63.00,Metric Tonnes,1553.97,Rs./Quintal
Maharashtra,Kolhapur,Vegetables,Tomato,20-10-2022,47.00,Metric Tonnes,1146.81,Rs./Quintal
Maharashtra,Kolhapur,Vegetables,Tomato,21-10-2022,28.00,Metric Tonnes,1300.00,Rs./Quintal
Maharashtra,Kolhapur,Vegetables,Tomato,22-10-2022,68.00,Metric Tonnes,1461.76,Rs./Quintal
Maharashtra,Kolhapur,Vegetables,Tomato,23-10-2022,21.00,Metric Tonnes,2000.00,Rs./Quintal
Maharashtra,Kolhapur,Vegetables,Tomato,25-10-2022,25.00,Metric Tonnes,2000.00,Rs./Quintal
Maharashtra,Kolhapur,Vegetables,Tomato,26-10-2022,38.00,Metric Tonnes,2000.00,Rs./Quintal
Maharashtra,Kolhapur,Vegetables,Tomato,27-10-2022,42.00,Metric Tonnes,1580.95,Rs./Quintal
Maharashtra,Kolhapur,Vegetables,Tomato,29-10-2022,56.00,Metric Tonnes,1525.00,Rs./Quintal
Maharashtra,Kolhapur,Vegetables,Tomato,30-10-2022,31.00,Metric Tonnes,1300.00,Rs./Quintal
Maharashtra,Kolhapur,Vegetables,Tomato,31-10-2022,64.00,Metric Tonnes,1103.13,Rs./Quintal
Maharashtra,Kolhapur,Vegetables,Tomato,01-11-2022,16.00,Metric Tonnes,1000.00,Rs./Quintal
Maharashtra,Kolhapur,Vegetables,Tomato,02-11-2022,47.00,Metric Tonnes,1153.19,Rs./Quintal
Maharashtra,Kolhapur,Vegetables,Tomato,03-11-2022,47.00,Metric Tonnes,1140.43,Rs./Quintal
Maharashtra,Kolhapur,Vegetables,Tomato,04-11-2022,23.00,Metric Tonnes,1200.00,Rs./Quintal
Maharashtra,Kolhapur,Vegetables,Tomato,05-11-2022,63.00,Metric Tonnes,1000.00,Rs./Quintal
Maharashtra,Kolhapur,Vegetables,Tomato,06-11-2022,18.00,Metric Tonnes,1000.00,Rs./Quintal
Maharashtra,Kolhapur,Vegetables,Tomato,07-11-2022,63.00,Metric Tonnes,960.32,Rs./Quintal
Maharashtra,Kolhapur,Vegetables,Tomato,08-11-2022,40.00,Metric Tonnes,900.00,Rs./Quintal
Maharashtra,Kolhapur,Vegetables,Tomato,09-11-2022,53.00,Metric Tonnes,869.81,Rs./Quintal
Maharashtra,Kolhapur,Vegetables,Tomato,10-11-2022,58.00,Metric Tonnes,920.69,Rs./Quintal
Maharashtra,Kolhapur,Vegetables,Tomato,11-11-2022,23.00,Metric Tonnes,900.00,Rs./Quintal
Maharashtra,Kolhapur,Vegetables,Tomato,12-11-2022,59.00,Metric Tonnes,737.29,Rs./Quintal
Maharashtra,Kolhapur,Vegetables,Tomato,13-11-2022,23.00,Metric Tonnes,800.00,Rs./Quintal
Maharashtra,Kolhapur,Vegetables,Tomato,15-11-2022,44.00,Metric Tonnes,647.73,Rs./Quintal
Maharashtra,Kolhapur,Vegetables,Tomato,16-11-2022,52.00,Metric Tonnes,700.00,Rs./Quintal
Maharashtra,Kolhapur,Vegetables,Tomato,17-11-2022,56.00,Metric Tonnes,751.79,Rs./Quintal
Maharashtra,Kolhapur,Vegetables,Tomato,18-11-2022,25.00,Metric Tonnes,800.00,Rs./Quintal
Maharashtra,Kolhapur,Vegetables,Tomato,19-11-2022,53.00,Metric Tonnes,630.19,Rs./Quintal
Maharashtra,Kolhapur,Vegetables,Tomato,20-11-2022,24.00,Metric Tonnes,500.00,Rs./Quintal
Maharashtra,Kolhapur,Vegetables,Tomato,21-11-2022,47.00,Metric Tonnes,595.74,Rs./Quintal
Maharashtra,Kolhapur,Vegetables,Tomato,22-11-2022,39.00,Metric Tonnes,746.15,Rs./Quintal
Maharashtra,Kolhapur,Vegetables,Tomato,23-11-2022,44.00,Metric Tonnes,613.64,Rs./Quintal
Maharashtra,Kolhapur,Vegetables,Tomato,24-11-2022,18.00,Metric Tonnes,800.00,Rs./Quintal
Maharashtra,Kolhapur,Vegetables,Tomato,25-11-2022,24.00,Metric Tonnes,700.00,Rs./Quintal
Maharashtra,Kolhapur,Vegetables,Tomato,26-11-2022,33.00,Metric Tonnes,700.00,Rs./Quintal
Maharashtra,Kolhapur,Vegetables,Tomato,27-11-2022,14.00,Metric Tonnes,600.00,Rs./Quintal
Maharashtra,Kolhapur,Vegetables,Tomato,28-11-2022,31.00,Metric Tonnes,500.00,Rs./Quintal
Maharashtra,Kolhapur,Vegetables,Tomato,30-11-2022,41.00,Metric Tonnes,700.00,Rs./Quintal
Maharashtra,Kolhapur,Vegetables,Tomato,01-12-2022,24.00,Metric Tonnes,550.00,Rs./Quintal
Maharashtra,Kolhapur,Vegetables,Tomato,02-12-2022,20.00,Metric Tonnes,700.00,Rs./Quintal
Maharashtra,Kolhapur,Vegetables,Tomato,03-12-2022,48.00,Metric Tonnes,643.75,Rs./Quintal
Maharashtra,Kolhapur,Vegetables,Tomato,04-12-2022,24.00,Metric Tonnes,500.00,Rs./Quintal
Maharashtra,Kolhapur,Vegetables,Tomato,06-12-2022,13.00,Metric Tonnes,500.00,Rs./Quintal
Maharashtra,Kolhapur,Vegetables,Tomato,08-12-2022,47.00,Metric Tonnes,651.06,Rs./Quintal
Maharashtra,Kolhapur,Vegetables,Tomato,09-12-2022,6.00,Metric Tonnes,500.00,Rs./Quintal
Maharashtra,Kolhapur,Vegetables,Tomato,10-12-2022,31.00,Metric Tonnes,595.16,Rs./Quintal
Maharashtra,Kolhapur,Vegetables,Tomato,11-12-2022,21.00,Metric Tonnes,500.00,Rs./Quintal
Maharashtra,Kolhapur,Vegetables,Tomato,12-12-2022,44.00,Metric Tonnes,700.00,Rs./Quintal
Maharashtra,Kolhapur,Vegetables,Tomato,13-12-2022,47.00,Metric Tonnes,726.60,Rs./Quintal
Maharashtra,Kolhapur,Vegetables,Tomato,14-12-2022,60.00,Metric Tonnes,680.83,Rs./Quintal
Maharashtra,Kolhapur,Vegetables,Tomato,15-12-2022,33.00,Metric Tonnes,622.73,Rs./Quintal
Maharashtra,Kolhapur,Vegetables,Tomato,17-12-2022,33.00,Metric Tonnes,700.00,Rs./Quintal
Maharashtra,Kolhapur,Vegetables,Tomato,18-12-2022,20.00,Metric Tonnes,500.00,Rs./Quintal
Maharashtra,Kolhapur,Vegetables,Tomato,19-12-2022,44.00,Metric Tonnes,578.41,Rs./Quintal
Maharashtra,Kolhapur,Vegetables,Tomato,20-12-2022,37.00,Metric Tonnes,631.08,Rs./Quintal
Maharashtra,Kolhapur,Vegetables,Tomato,21-12-2022,42.00,Metric Tonnes,600.00,Rs./Quintal
Maharashtra,Kolhapur,Vegetables,Tomato,22-12-2022,22.00,Metric Tonnes,550.00,Rs./Quintal
Maharashtra,Kolhapur,Vegetables,Tomato,24-12-2022,63.00,Metric Tonnes,852.38,Rs./Quintal
Maharashtra,Kolhapur,Vegetables,Tomato,25-12-2022,21.00,Metric Tonnes,800.00,Rs./Quintal
Maharashtra,Kolhapur,Vegetables,Tomato,26-12-2022,53.00,Metric Tonnes,881.13,Rs./Quintal
Maharashtra,Kolhapur,Vegetables,Tomato,27-12-2022,15.00,Metric Tonnes,700.00,Rs./Quintal
Maharashtra,Kolhapur,Vegetables,Tomato,28-12-2022,54.00,Metric Tonnes,857.41,Rs./Quintal
Maharashtra,Kolhapur,Vegetables,Tomato,29-12-2022,29.00,Metric Tonnes,700.00,Rs./Quintal
Maharashtra,Kolhapur,Vegetables,Tomato,31-12-2022,54.00,Metric Tonnes,700.00,Rs./Quintal
Maharashtra,Kolhapur,Vegetables,Tomato,01-01-2023,17.00,Metric Tonnes,700.00,Rs./Quintal
Maharashtra,Kolhapur,Vegetables,Tomato,02-01-2023,26.00,Metric Tonnes,700.00,Rs./Quintal
Maharashtra,Kolhapur,Vegetables,Tomato,03-01-2023,14.00,Metric Tonnes,700.00,Rs./Quintal
Maharashtra,Kolhapur,Vegetables,Tomato,04-01-2023,35.00,Metric Tonnes,700.00,Rs./Quintal
Maharashtra,Kolhapur,Vegetables,Tomato,07-01-2023,52.00,Metric Tonnes,500.00,Rs./Quintal
Maharashtra,Kolhapur,Vegetables,Tomato,08-01-2023,18.00,Metric Tonnes,800.00,Rs./Quintal
Maharashtra,Kolhapur,Vegetables,Tomato,11-01-2023,51.00,Metric Tonnes,745.10,Rs./Quintal
Maharashtra,Kolhapur,Vegetables,Tomato,12-01-2023,20.00,Metric Tonnes,700.00,Rs./Quintal
Maharashtra,Kolhapur,Vegetables,Tomato,13-01-2023,24.00,Metric Tonnes,600.00,Rs./Quintal
Maharashtra,Kolhapur,Vegetables,Tomato,14-01-2023,14.00,Metric Tonnes,1200.00,Rs./Quintal
Maharashtra,Kolhapur,Vegetables,Tomato,15-01-2023,20.00,Metric Tonnes,1000.00,Rs./Quintal
Maharashtra,Kolhapur,Vegetables,Tomato,17-01-2023,24.00,Metric Tonnes,1100.00,Rs./Quintal
Maharashtra,Kolhapur,Vegetables,Tomato,18-01-2023,22.00,Metric Tonnes,800.00,Rs./Quintal
Maharashtra,Kolhapur,Vegetables,Tomato,20-01-2023,23.00,Metric Tonnes,900.00,Rs./Quintal
Maharashtra,Kolhapur,Vegetables,Tomato,21-01-2023,26.00,Metric Tonnes,1000.00,Rs./Quintal
Maharashtra,Kolhapur,Vegetables,Tomato,22-01-2023,24.00,Metric Tonnes,900.00,Rs./Quintal
Maharashtra,Kolhapur,Vegetables,Tomato,23-01-2023,57.00,Metric Tonnes,859.65,Rs./Quintal
Maharashtra,Kolhapur,Vegetables,Tomato,24-01-2023,41.00,Metric Tonnes,1060.98,Rs./Quintal
Maharashtra,Kolhapur,Vegetables,Tomato,25-01-2023,51.00,Metric Tonnes,917.65,Rs./Quintal
Maharashtra,Kolhapur,Vegetables,Tomato,27-01-2023,8.00,Metric Tonnes,800.00,Rs./Quintal
Maharashtra,Kolhapur,Vegetables,Tomato,28-01-2023,60.00,Metric Tonnes,825.00,Rs./Quintal
Maharashtra,Kolhapur,Vegetables,Tomato,29-01-2023,22.00,Metric Tonnes,900.00,Rs./Quintal
Maharashtra,Kolhapur,Vegetables,Tomato,30-01-2023,36.00,Metric Tonnes,800.00,Rs./Quintal
Maharashtra,Kolhapur,Vegetables,Tomato,31-01-2023,18.00,Metric Tonnes,800.00,Rs./Quintal
Maharashtra,Kolhapur,Vegetables,Tomato,01-02-2023,52.00,Metric Tonnes,792.31,Rs./Quintal
Maharashtra,Kolhapur,Vegetables,Tomato,02-02-2023,49.00,Metric Tonnes,789.80,Rs./Quintal
Maharashtra,Kolhapur,Vegetables,Tomato,03-02-2023,29.00,Metric Tonnes,600.00,Rs./Quintal
Maharashtra,Kolhapur,Vegetables,Tomato,04-02-2023,50.00,Metric Tonnes,700.00,Rs./Quintal
Maharashtra,Kolhapur,Vegetables,Tomato,05-02-2023,19.00,Metric Tonnes,700.00,Rs./Quintal
Maharashtra,Kolhapur,Vegetables,Tomato,06-02-2023,24.00,Metric Tonnes,700.00,Rs./Quintal
Maharashtra,Kolhapur,Vegetables,Tomato,07-02-2023,25.00,Metric Tonnes,700.00,Rs./Quintal
Maharashtra,Kolhapur,Vegetables,Tomato,08-02-2023,32.00,Metric Tonnes,715.63,Rs./Quintal
Maharashtra,Kolhapur,Vegetables,Tomato,09-02-2023,44.00,Metric Tonnes,786.36,Rs./Quintal
Maharashtra,Kolhapur,Vegetables,Tomato,10-02-2023,22.00,Metric Tonnes,700.00,Rs./Quintal
Maharashtra,Kolhapur,Vegetables,Tomato,11-02-2023,49.00,Metric Tonnes,751.02,Rs./Quintal
Maharashtra,Kolhapur,Vegetables,Tomato,12-02-2023,13.00,Metric Tonnes,800.00,Rs./Quintal
Maharashtra,Kolhapur,Vegetables,Tomato,13-02-2023,42.00,Metric Tonnes,847.62,Rs./Quintal
Maharashtra,Kolhapur,Vegetables,Tomato,14-02-2023,37.00,Metric Tonnes,759.46,Rs./Quintal
Maharashtra,Kolhapur,Vegetables,Tomato,15-02-2023,38.00,Metric Tonnes,1010.53,Rs./Quintal
Maharashtra,Kolhapur,Vegetables,Tomato,16-02-2023,49.00,Metric Tonnes,995.92,Rs./Quintal
Maharashtra,Kolhapur,Vegetables,Tomato,17-02-2023,22.00,Metric Tonnes,800.00,Rs./Quintal
Maharashtra,Kolhapur,Vegetables,Tomato,18-02-2023,24.00,Metric Tonnes,1100.00,Rs./Quintal
Maharashtra,Kolhapur,Vegetables,Tomato,19-02-2023,10.00,Metric Tonnes,1000.00,Rs./Quintal
Maharashtra,Kolhapur,Vegetables,Tomato,20-02-2023,34.00,Metric Tonnes,976.47,Rs./Quintal
Maharashtra,Kolhapur,Vegetables,Tomato,21-02-2023,34.00,Metric Tonnes,1394.12,Rs./Quintal
Maharashtra,Kolhapur,Vegetables,Tomato,22-02-2023,45.00,Metric Tonnes,1520.00,Rs./Quintal
Maharashtra,Kolhapur,Vegetables,Tomato,23-02-2023,49.00,Metric Tonnes,1457.14,Rs./Quintal
Maharashtra,Kolhapur,Vegetables,Tomato,25-02-2023,28.00,Metric Tonnes,800.00,Rs./Quintal
Maharashtra,Kolhapur,Vegetables,Tomato,26-02-2023,13.00,Metric Tonnes,1000.00,Rs./Quintal
Maharashtra,Kolhapur,Vegetables,Tomato,27-02-2023,45.00,Metric Tonnes,1800.00,Rs./Quintal
Maharashtra,Kolhapur,Vegetables,Tomato,28-02-2023,36.00,Metric Tonnes,1466.67,Rs./Quintal
Maharashtra,Kolhapur,Vegetables,Tomato,01-03-2023,49.00,Metric Tonnes,1465.31,Rs./Quintal
Maharashtra,Kolhapur,Vegetables,Tomato,02-03-2023,43.00,Metric Tonnes,1211.63,Rs./Quintal
Maharashtra,Kolhapur,Vegetables,Tomato,04-03-2023,41.00,Metric Tonnes,1243.90,Rs./Quintal
Maharashtra,Kolhapur,Vegetables,Tomato,05-03-2023,9.00,Metric Tonnes,900.00,Rs./Quintal
Maharashtra,Kolhapur,Vegetables,Tomato,06-03-2023,45.00,Metric Tonnes,1313.33,Rs./Quintal
Maharashtra,Kolhapur,Vegetables,Tomato,07-03-2023,27.00,Metric Tonnes,900.00,Rs./Quintal
Maharashtra,Kolhapur,Vegetables,Tomato,09-03-2023,39.00,Metric Tonnes,1269.23,Rs./Quintal
Maharashtra,Kolhapur,Vegetables,Tomato,10-03-2023,11.00,Metric Tonnes,1200.00,Rs./Quintal
Maharashtra,Kolhapur,Vegetables,Tomato,11-03-2023,51.00,Metric Tonnes,1119.61,Rs./Quintal
Maharashtra,Kolhapur,Vegetables,Tomato,12-03-2023,7.00,Metric Tonnes,1200.00,Rs./Quintal
Maharashtra,Kolhapur,Vegetables,Tomato,13-03-2023,41.00,Metric Tonnes,1000.00,Rs./Quintal
Maharashtra,Kolhapur,Vegetables,Tomato,14-03-2023,19.00,Metric Tonnes,1447.37,Rs./Quintal
Maharashtra,Kolhapur,Vegetables,Tomato,15-03-2023,16.00,Metric Tonnes,1300.00,Rs./Quintal
Maharashtra,Kolhapur,Vegetables,Tomato,16-03-2023,22.00,Metric Tonnes,1100.00,Rs./Quintal
Maharashtra,Kolhapur,Vegetables,Tomato,17-03-2023,21.00,Metric Tonnes,1200.00,Rs./Quintal
Maharashtra,Kolhapur,Vegetables,Tomato,18-03-2023,51.00,Metric Tonnes,1154.90,Rs./Quintal
Maharashtra,Kolhapur,Vegetables,Tomato,19-03-2023,22.00,Metric Tonnes,1200.00,Rs./Quintal
Maharashtra,Kolhapur,Vegetables,Tomato,20-03-2023,25.00,Metric Tonnes,1200.00,Rs./Quintal
Maharashtra,Kolhapur,Vegetables,Tomato,21-03-2023,20.00,Metric Tonnes,1000.00,Rs./Quintal
Maharashtra,Kolhapur,Vegetables,Tomato,22-03-2023,23.00,Metric Tonnes,1065.22,Rs./Quintal
Maharashtra,Kolhapur,Vegetables,Tomato,23-03-2023,22.00,Metric Tonnes,1190.91,Rs./Quintal
Maharashtra,Kolhapur,Vegetables,Tomato,24-03-2023,10.00,Metric Tonnes,1300.00,Rs./Quintal
Maharashtra,Kolhapur,Vegetables,Tomato,25-03-2023,38.00,Metric Tonnes,1278.95,Rs./Quintal
Maharashtra,Kolhapur,Vegetables,Tomato,26-03-2023,24.00,Metric Tonnes,1100.00,Rs./Quintal
Maharashtra,Kolhapur,Vegetables,Tomato,27-03-2023,28.00,Metric Tonnes,1032.14,Rs./Quintal
Maharashtra,Kolhapur,Vegetables,Tomato,28-03-2023,26.00,Metric Tonnes,1030.77,Rs./Quintal
Maharashtra,Kolhapur,Vegetables,Tomato,29-03-2023,26.00,Metric Tonnes,1053.85,Rs./Quintal
Maharashtra,Kolhapur,Vegetables,Tomato,30-03-2023,27.00,Metric Tonnes,1059.26,Rs./Quintal
Maharashtra,Kolhapur,Vegetables,Tomato,31-03-2023,13.00,Metric Tonnes,1200.00,Rs./Quintal
Maharashtra,Kolhapur,Vegetables,Tomato,01-04-2023,33.00,Metric Tonnes,1030.30,Rs./Quintal
Maharashtra,Kolhapur,Vegetables,Tomato,02-04-2023,10.00,Metric Tonnes,900.00,Rs./Quintal
Maharashtra,Kolhapur,Vegetables,Tomato,03-04-2023,31.00,Metric Tonnes,1212.90,Rs./Quintal
Maharashtra,Kolhapur,Vegetables,Tomato,04-04-2023,26.00,Metric Tonnes,1069.23,Rs./Quintal
Maharashtra,Kolhapur,Vegetables,Tomato,05-04-2023,36.00,Metric Tonnes,1050.00,Rs./Quintal
Maharashtra,Kolhapur,Vegetables,Tomato,06-04-2023,28.00,Metric Tonnes,875.00,Rs./Quintal
Maharashtra,Kolhapur,Vegetables,Tomato,07-04-2023,11.00,Metric Tonnes,1100.00,Rs./Quintal
Maharashtra,Kolhapur,Vegetables,Tomato,08-04-2023,48.00,Metric Tonnes,691.67,Rs./Quintal
Maharashtra,Kolhapur,Vegetables,Tomato,09-04-2023,10.00,Metric Tonnes,700.00,Rs./Quintal
Maharashtra,Kolhapur,Vegetables,Tomato,10-04-2023,45.00,Metric Tonnes,751.11,Rs./Quintal
Maharashtra,Kolhapur,Vegetables,Tomato,11-04-2023,35.00,Metric Tonnes,922.86,Rs./Quintal
Maharashtra,Kolhapur,Vegetables,Tomato,12-04-2023,43.00,Metric Tonnes,748.84,Rs./Quintal
Maharashtra,Kolhapur,Vegetables,Tomato,13-04-2023,42.00,Metric Tonnes,900.00,Rs./Quintal
Maharashtra,Kolhapur,Vegetables,Tomato,15-04-2023,54.00,Metric Tonnes,822.22,Rs./Quintal
Maharashtra,Kolhapur,Vegetables,Tomato,16-04-2023,16.00,Metric Tonnes,600.00,Rs./Quintal
Maharashtra,Kolhapur,Vegetables,Tomato,17-04-2023,38.00,Metric Tonnes,915.79,Rs./Quintal
Maharashtra,Kolhapur,Vegetables,Tomato,18-04-2023,33.00,Metric Tonnes,854.55,Rs./Quintal
Maharashtra,Kolhapur,Vegetables,Tomato,19-04-2023,49.00,Metric Tonnes,797.96,Rs./Quintal
Maharashtra,Kolhapur,Vegetables,Tomato,20-04-2023,41.00,Metric Tonnes,907.32,Rs./Quintal
Maharashtra,Kolhapur,Vegetables,Tomato,21-04-2023,23.00,Metric Tonnes,1200.00,Rs./Quintal
Maharashtra,Kolhapur,Vegetables,Tomato,23-04-2023,28.00,Metric Tonnes,800.00,Rs./Quintal
Maharashtra,Kolhapur,Vegetables,Tomato,24-04-2023,47.00,Metric Tonnes,731.91,Rs./Quintal
Maharashtra,Kolhapur,Vegetables,Tomato,25-04-2023,45.00,Metric Tonnes,788.89,Rs./Quintal
Maharashtra,Kolhapur,Vegetables,Tomato,26-04-2023,54.00,Metric Tonnes,848.15,Rs./Quintal
Maharashtra,Kolhapur,Vegetables,Tomato,27-04-2023,42.00,Metric Tonnes,761.90,Rs./Quintal
Maharashtra,Kolhapur,Vegetables,Tomato,28-04-2023,24.00,Metric Tonnes,800.00,Rs./Quintal
Maharashtra,Kolhapur,Vegetables,Tomato,29-04-2023,34.00,Metric Tonnes,900.00,Rs./Quintal
Maharashtra,Kolhapur,Vegetables,Tomato,30-04-2023,21.00,Metric Tonnes,800.00,Rs./Quintal
Maharashtra,Kolhapur,Vegetables,Tomato,02-05-2023,50.00,Metric Tonnes,880.00,Rs./Quintal
Maharashtra,Kolhapur,Vegetables,Tomato,03-05-2023,23.00,Metric Tonnes,800.00,Rs./Quintal
Maharashtra,Kolhapur,Vegetables,Tomato,04-05-2023,48.00,Metric Tonnes,939.58,Rs./Quintal
Maharashtra,Kolhapur,Vegetables,Tomato,06-05-2023,56.00,Metric Tonnes,800.00,Rs./Quintal
Maharashtra,Kolhapur,Vegetables,Tomato,07-05-2023,21.00,Metric Tonnes,500.00,Rs./Quintal
Maharashtra,Kolhapur,Vegetables,Tomato,08-05-2023,53.00,Metric Tonnes,747.17,Rs./Quintal
Maharashtra,Kolhapur,Vegetables,Tomato,09-05-2023,52.00,Metric Tonnes,853.85,Rs./Quintal
Maharashtra,Kolhapur,Vegetables,Tomato,10-05-2023,67.00,Metric Tonnes,825.37,Rs./Quintal
Maharashtra,Kolhapur,Vegetables,Tomato,11-05-2023,48.00,Metric Tonnes,900.00,Rs./Quintal
Maharashtra,Kolhapur,Vegetables,Tomato,12-05-2023,25.00,Metric Tonnes,900.00,Rs./Quintal
Maharashtra,Kolhapur,Vegetables,Tomato,13-05-2023,21.00,Metric Tonnes,900.00,Rs./Quintal
Maharashtra,Kolhapur,Vegetables,Tomato,14-05-2023,25.00,Metric Tonnes,1000.00,Rs./Quintal
Maharashtra,Kolhapur,Vegetables,Tomato,15-05-2023,54.00,Metric Tonnes,1103.70,Rs./Quintal
Maharashtra,Kolhapur,Vegetables,Tomato,16-05-2023,64.00,Metric Tonnes,1087.50,Rs./Quintal
Maharashtra,Kolhapur,Vegetables,Tomato,17-05-2023,98.00,Metric Tonnes,1012.24,Rs./Quintal
Maharashtra,Kolhapur,Vegetables,Tomato,18-05-2023,45.00,Metric Tonnes,1060.00,Rs./Quintal
Maharashtra,Kolhapur,Vegetables,Tomato,20-05-2023,89.00,Metric Tonnes,1185.39,Rs./Quintal
Maharashtra,Kolhapur,Vegetables,Tomato,21-05-2023,29.00,Metric Tonnes,900.00,Rs./Quintal
Maharashtra,Kolhapur,Vegetables,Tomato,22-05-2023,23.00,Metric Tonnes,800.00,Rs./Quintal
Maharashtra,Kolhapur,Vegetables,Tomato,23-05-2023,62.00,Metric Tonnes,764.52,Rs./Quintal
Maharashtra,Kolhapur,Vegetables,Tomato,24-05-2023,76.00,Metric Tonnes,847.37,Rs./Quintal
Maharashtra,Kolhapur,Vegetables,Tomato,25-05-2023,60.00,Metric Tonnes,866.67,Rs./Quintal
Maharashtra,Kolhapur,Vegetables,Tomato,27-05-2023,27.00,Metric Tonnes,900.00,Rs./Quintal
Maharashtra,Kolhapur,Vegetables,Tomato,28-05-2023,47.00,Metric Tonnes,800.00,Rs./Quintal
Maharashtra,Kolhapur,Vegetables,Tomato,29-05-2023,27.00,Metric Tonnes,1000.00,Rs./Quintal
Maharashtra,Kolhapur,Vegetables,Tomato,30-05-2023,35.00,Metric Tonnes,800.00,Rs./Quintal
Maharashtra,Kolhapur,Vegetables,Tomato,31-05-2023,60.00,Metric Tonnes,716.67,Rs./Quintal
Maharashtra,Kolhapur,Vegetables,Tomato,01-06-2023,46.00,Metric Tonnes,1000.00,Rs./Quintal
Maharashtra,Kolhapur,Vegetables,Tomato,03-06-2023,61.00,Metric Tonnes,1142.62,Rs./Quintal
Maharashtra,Kolhapur,Vegetables,Tomato,04-06-2023,34.00,Metric Tonnes,1041.18,Rs./Quintal
Maharashtra,Kolhapur,Vegetables,Tomato,05-06-2023,34.00,Metric Tonnes,1300.00,Rs./Quintal
Maharashtra,Kolhapur,Vegetables,Tomato,06-06-2023,15.00,Metric Tonnes,1200.00,Rs./Quintal
Maharashtra,Kolhapur,Vegetables,Tomato,07-06-2023,51.00,Metric Tonnes,1186.27,Rs./Quintal
Maharashtra,Kolhapur,Vegetables,Tomato,08-06-2023,32.00,Metric Tonnes,1168.75,Rs./Quintal
Maharashtra,Kolhapur,Vegetables,Tomato,09-06-2023,29.00,Metric Tonnes,1000.00,Rs./Quintal
Maharashtra,Kolhapur,Vegetables,Tomato,10-06-2023,69.00,Metric Tonnes,1669.57,Rs./Quintal
Maharashtra,Kolhapur,Vegetables,Tomato,11-06-2023,13.00,Metric Tonnes,2000.00,Rs./Quintal
Maharashtra,Kolhapur,Vegetables,Tomato,12-06-2023,25.00,Metric Tonnes,1800.00,Rs./Quintal
Maharashtra,Kolhapur,Vegetables,Tomato,13-06-2023,6.00,Metric Tonnes,1900.00,Rs./Quintal
Maharashtra,Kolhapur,Vegetables,Tomato,14-06-2023,20.00,Metric Tonnes,1800.00,Rs./Quintal
Maharashtra,Kolhapur,Vegetables,Tomato,15-06-2023,52.00,Metric Tonnes,1923.08,Rs./Quintal
Maharashtra,Kolhapur,Vegetables,Tomato,16-06-2023,28.00,Metric Tonnes,2000.00,Rs./Quintal
Maharashtra,Kolhapur,Vegetables,Tomato,17-06-2023,17.00,Metric Tonnes,2000.00,Rs./Quintal
Maharashtra,Kolhapur,Vegetables,Tomato,18-06-2023,13.00,Metric Tonnes,2000.00,Rs./Quintal
Maharashtra,Kolhapur,Vegetables,Tomato,19-06-2023,12.00,Metric Tonnes,2500.00,Rs./Quintal
Maharashtra,Kolhapur,Vegetables,Tomato,20-06-2023,29.00,Metric Tonnes,2055.17,Rs./Quintal
Maharashtra,Kolhapur,Vegetables,Tomato,21-06-2023,19.00,Metric Tonnes,2500.00,Rs./Quintal
Maharashtra,Kolhapur,Vegetables,Tomato,22-06-2023,29.00,Metric Tonnes,3441.38,Rs./Quintal
Maharashtra,Kolhapur,Vegetables,Tomato,23-06-2023,25.00,Metric Tonnes,2800.00,Rs./Quintal
Maharashtra,Kolhapur,Vegetables,Tomato,24-06-2023,41.00,Metric Tonnes,2800.00,Rs./Quintal
Maharashtra,Kolhapur,Vegetables,Tomato,25-06-2023,17.00,Metric Tonnes,3000.00,Rs./Quintal
Maharashtra,Kolhapur,Vegetables,Tomato,26-06-2023,22.00,Metric Tonnes,3200.00,Rs./Quintal
Maharashtra,Kolhapur,Vegetables,Tomato,27-06-2023,32.00,Metric Tonnes,3593.75,Rs./Quintal
Maharashtra,Kolhapur,Vegetables,Tomato,28-06-2023,40.00,Metric Tonnes,3200.00,Rs./Quintal
Maharashtra,Kolhapur,Vegetables,Tomato,01-07-2023,39.00,Metric Tonnes,3320.51,Rs./Quintal
Maharashtra,Kolhapur,Vegetables,Tomato,02-07-2023,37.00,Metric Tonnes,3702.70,Rs./Quintal
Maharashtra,Kolhapur,Vegetables,Tomato,03-07-2023,5.00,Metric Tonnes,4600.00,Rs./Quintal
Maharashtra,Kolhapur,Vegetables,Tomato,04-07-2023,8.00,Metric Tonnes,4700.00,Rs./Quintal
Maharashtra,Kolhapur,Vegetables,Tomato,05-07-2023,42.00,Metric Tonnes,4500.00,Rs./Quintal
Maharashtra,Kolhapur,Vegetables,Tomato,06-07-2023,22.00,Metric Tonnes,3818.18,Rs./Quintal
Maharashtra,Kolhapur,Vegetables,Tomato,07-07-2023,8.00,Metric Tonnes,5600.00,Rs./Quintal
Maharashtra,Kolhapur,Vegetables,Tomato,08-07-2023,33.00,Metric Tonnes,4893.94,Rs./Quintal
Maharashtra,Kolhapur,Vegetables,Tomato,09-07-2023,8.00,Metric Tonnes,4000.00,Rs./Quintal
Maharashtra,Kolhapur,Vegetables,Tomato,10-07-2023,12.00,Metric Tonnes,4500.00,Rs./Quintal
Maharashtra,Kolhapur,Vegetables,Tomato,11-07-2023,24.00,Metric Tonnes,4937.50,Rs./Quintal
Maharashtra,Kolhapur,Vegetables,Tomato,12-07-2023,34.00,Metric Tonnes,5382.35,Rs./Quintal
Maharashtra,Kolhapur,Vegetables,Tomato,13-07-2023,17.00,Metric Tonnes,4705.88,Rs./Quintal
Maharashtra,Kolhapur,Vegetables,Tomato,14-07-2023,6.00,Metric Tonnes,8000.00,Rs./Quintal
Maharashtra,Kolhapur,Vegetables,Tomato,15-07-2023,35.00,Metric Tonnes,5177.14,Rs./Quintal
Maharashtra,Kolhapur,Vegetables,Tomato,16-07-2023,7.00,Metric Tonnes,5000.00,Rs./Quintal
Maharashtra,Kolhapur,Vegetables,Tomato,17-07-2023,16.00,Metric Tonnes,4500.00,Rs./Quintal
Maharashtra,Kolhapur,Vegetables,Tomato,18-07-2023,27.00,Metric Tonnes,5055.56,Rs./Quintal
Maharashtra,Kolhapur,Vegetables,Tomato,19-07-2023,40.00,Metric Tonnes,5812.50,Rs./Quintal
Maharashtra,Kolhapur,Vegetables,Tomato,20-07-2023,24.00,Metric Tonnes,4750.00,Rs./Quintal
Maharashtra,Kolhapur,Vegetables,Tomato,22-07-2023,24.00,Metric Tonnes,5291.67,Rs./Quintal
Maharashtra,Kolhapur,Vegetables,Tomato,23-07-2023,6.00,Metric Tonnes,6000.00,Rs./Quintal
Maharashtra,Kolhapur,Vegetables,Tomato,24-07-2023,19.00,Metric Tonnes,6000.00,Rs./Quintal
Maharashtra,Kolhapur,Vegetables,Tomato,25-07-2023,19.00,Metric Tonnes,5336.84,Rs./Quintal
Maharashtra,Kolhapur,Vegetables,Tomato,26-07-2023,13.00,Metric Tonnes,5000.00,Rs./Quintal
Maharashtra,Kolhapur,Vegetables,Tomato,27-07-2023,27.00,Metric Tonnes,5888.89,Rs./Quintal
Maharashtra,Kolhapur,Vegetables,Tomato,29-07-2023,24.00,Metric Tonnes,6000.00,Rs./Quintal
Maharashtra,Kolhapur,Vegetables,Tomato,30-07-2023,23.00,Metric Tonnes,7195.65,Rs./Quintal
Maharashtra,Kolhapur,Vegetables,Tomato,31-07-2023,18.00,Metric Tonnes,6800.00,Rs./Quintal
Maharashtra,Kolhapur,Vegetables,Tomato,01-08-2023,27.00,Metric Tonnes,6166.67,Rs./Quintal
Maharashtra,Kolhapur,Vegetables,Tomato,02-08-2023,23.00,Metric Tonnes,6000.00,Rs./Quintal
Maharashtra,Kolhapur,Vegetables,Tomato,03-08-2023,32.00,Metric Tonnes,6687.50,Rs./Quintal
Maharashtra,Kolhapur,Vegetables,Tomato,04-08-2023,14.00,Metric Tonnes,7500.00,Rs./Quintal
Maharashtra,Kolhapur,Vegetables,Tomato,05-08-2023,44.00,Metric Tonnes,7500.00,Rs./Quintal
Maharashtra,Kolhapur,Vegetables,Tomato,06-08-2023,21.00,Metric Tonnes,6642.86,Rs./Quintal
Maharashtra,Kolhapur,Vegetables,Tomato,07-08-2023,14.00,Metric Tonnes,7000.00,Rs./Quintal
Maharashtra,Kolhapur,Vegetables,Tomato,08-08-2023,24.00,Metric Tonnes,4958.33,Rs./Quintal
Maharashtra,Kolhapur,Vegetables,Tomato,09-08-2023,39.00,Metric Tonnes,6651.28,Rs./Quintal
Maharashtra,Kolhapur,Vegetables,Tomato,10-08-2023,30.00,Metric Tonnes,7100.00,Rs./Quintal
Maharashtra,Kolhapur,Vegetables,Tomato,11-08-2023,16.00,Metric Tonnes,7000.00,Rs./Quintal
Maharashtra,Kolhapur,Vegetables,Tomato,12-08-2023,39.00,Metric Tonnes,4300.00,Rs./Quintal
Maharashtra,Kolhapur,Vegetables,Tomato,13-08-2023,26.00,Metric Tonnes,4615.38,Rs./Quintal
Maharashtra,Kolhapur,Vegetables,Tomato,14-08-2023,43.00,Metric Tonnes,5016.28,Rs./Quintal
Maharashtra,Kolhapur,Vegetables,Tomato,17-08-2023,39.00,Metric Tonnes,3089.74,Rs./Quintal
Maharashtra,Kolhapur,Vegetables,Tomato,19-08-2023,32.00,Metric Tonnes,2000.00,Rs./Quintal
Maharashtra,Kolhapur,Vegetables,Tomato,20-08-2023,18.00,Metric Tonnes,1800.00,Rs./Quintal
Maharashtra,Kolhapur,Vegetables,Tomato,21-08-2023,19.00,Metric Tonnes,2400.00,Rs./Quintal
Maharashtra,Kolhapur,Vegetables,Tomato,22-08-2023,12.00,Metric Tonnes,1800.00,Rs./Quintal
Maharashtra,Kolhapur,Vegetables,Tomato,23-08-2023,23.00,Metric Tonnes,1500.00,Rs./Quintal
Maharashtra,Kolhapur,Vegetables,Tomato,24-08-2023,34.00,Metric Tonnes,1500.00,Rs./Quintal
Maharashtra,Kolhapur,Vegetables,Tomato,25-08-2023,13.00,Metric Tonnes,1600.00,Rs./Quintal
Maharashtra,Kolhapur,Vegetables,Tomato,26-08-2023,59.00,Metric Tonnes,1105.08,Rs./Quintal
Maharashtra,Kolhapur,Vegetables,Tomato,27-08-2023,12.00,Metric Tonnes,800.00,Rs./Quintal
Maharashtra,Kolhapur,Vegetables,Tomato,28-08-2023,20.00,Metric Tonnes,1800.00,Rs./Quintal
Maharashtra,Kolhapur,Vegetables,Tomato,29-08-2023,36.00,Metric Tonnes,1733.33,Rs./Quintal
Maharashtra,Kolhapur,Vegetables,Tomato,30-08-2023,26.00,Metric Tonnes,1300.00,Rs./Quintal
Maharashtra,Kolhapur,Vegetables,Tomato,31-08-2023,19.00,Metric Tonnes,1400.00,Rs./Quintal
Maharashtra,Kolhapur,Vegetables,Tomato,01-09-2023,16.00,Metric Tonnes,1000.00,Rs./Quintal
Maharashtra,Kolhapur,Vegetables,Tomato,02-09-2023,52.00,Metric Tonnes,1300.00,Rs./Quintal
Maharashtra,Kolhapur,Vegetables,Tomato,03-09-2023,18.00,Metric Tonnes,1000.00,Rs./Quintal
Maharashtra,Kolhapur,Vegetables,Tomato,04-09-2023,29.00,Metric Tonnes,1100.00,Rs./Quintal
Maharashtra,Kolhapur,Vegetables,Tomato,05-09-2023,19.00,Metric Tonnes,1000.00,Rs./Quintal
Maharashtra,Kolhapur,Vegetables,Tomato,06-09-2023,37.00,Metric Tonnes,1000.00,Rs./Quintal
Maharashtra,Kolhapur,Vegetables,Tomato,08-09-2023,16.00,Metric Tonnes,1000.00,Rs./Quintal
Maharashtra,Kolhapur,Vegetables,Tomato,09-09-2023,54.00,Metric Tonnes,600.00,Rs./Quintal
Maharashtra,Kolhapur,Vegetables,Tomato,10-09-2023,32.00,Metric Tonnes,500.00,Rs./Quintal
Maharashtra,Kolhapur,Vegetables,Tomato,11-09-2023,26.00,Metric Tonnes,700.00,Rs./Quintal
Maharashtra,Kolhapur,Vegetables,Tomato,12-09-2023,14.00,Metric Tonnes,600.00,Rs./Quintal
Maharashtra,Kolhapur,Vegetables,Tomato,13-09-2023,27.00,Metric Tonnes,700.00,Rs./Quintal
Maharashtra,Kolhapur,Vegetables,Tomato,14-09-2023,70.00,Metric Tonnes,668.57,Rs./Quintal
Maharashtra,Kolhapur,Vegetables,Tomato,15-09-2023,21.00,Metric Tonnes,600.00,Rs./Quintal
Maharashtra,Kolhapur,Vegetables,Tomato,16-09-2023,57.00,Metric Tonnes,800.00,Rs./Quintal
Maharashtra,Kolhapur,Vegetables,Tomato,17-09-2023,24.00,Metric Tonnes,800.00,Rs./Quintal
Maharashtra,Kolhapur,Vegetables,Tomato,18-09-2023,56.00,Metric Tonnes,800.00,Rs./Quintal
Maharashtra,Kolhapur,Vegetables,Tomato,19-09-2023,18.00,Metric Tonnes,500.00,Rs./Quintal
Maharashtra,Kolhapur,Vegetables,Tomato,20-09-2023,31.00,Metric Tonnes,800.00,Rs./Quintal
Maharashtra,Kolhapur,Vegetables,Tomato,21-09-2023,15.00,Metric Tonnes,500.00,Rs./Quintal
Maharashtra,Kolhapur,Vegetables,Tomato,23-09-2023,33.00,Metric Tonnes,600.00,Rs./Quintal
Maharashtra,Kolhapur,Vegetables,Tomato,24-09-2023,16.00,Metric Tonnes,600.00,Rs./Quintal
Maharashtra,Kolhapur,Vegetables,Tomato,25-09-2023,24.00,Metric Tonnes,600.00,Rs./Quintal
Maharashtra,Kolhapur,Vegetables,Tomato,26-09-2023,19.00,Metric Tonnes,600.00,Rs./Quintal
Maharashtra,Kolhapur,Vegetables,Tomato,27-09-2023,27.00,Metric Tonnes,500.00,Rs./Quintal
Maharashtra,Kolhapur,Vegetables,Tomato,28-09-2023,15.00,Metric Tonnes,500.00,Rs./Quintal
Maharashtra,Kolhapur,Vegetables,Tomato,29-09-2023,9.00,Metric Tonnes,650.00,Rs./Quintal
Maharashtra,Kolhapur,Vegetables,Tomato,30-09-2023,37.00,Metric Tonnes,700.00,Rs./Quintal
Maharashtra,Kolhapur,Vegetables,Tomato,01-10-2023,14.00,Metric Tonnes,600.00,Rs./Quintal
Maharashtra,Kolhapur,Vegetables,Tomato,02-10-2023,23.00,Metric Tonnes,700.00,Rs./Quintal
Maharashtra,Kolhapur,Vegetables,Tomato,03-10-2023,25.00,Metric Tonnes,600.00,Rs./Quintal
Maharashtra,Kolhapur,Vegetables,Tomato,04-10-2023,37.00,Metric Tonnes,700.00,Rs./Quintal
Maharashtra,Kolhapur,Vegetables,Tomato,05-10-2023,30.00,Metric Tonnes,500.00,Rs./Quintal
Maharashtra,Kolhapur,Vegetables,Tomato,06-10-2023,8.00,Metric Tonnes,3500.00,Rs./Quintal
Maharashtra,Kolhapur,Vegetables,Tomato,07-10-2023,30.00,Metric Tonnes,500.00,Rs./Quintal
Maharashtra,Kolhapur,Vegetables,Tomato,08-10-2023,23.00,Metric Tonnes,500.00,Rs./Quintal
Maharashtra,Kolhapur,Vegetables,Tomato,09-10-2023,31.00,Metric Tonnes,500.00,Rs./Quintal
Maharashtra,Kolhapur,Vegetables,Tomato,10-10-2023,16.00,Metric Tonnes,600.00,Rs./Quintal
Maharashtra,Kolhapur,Vegetables,Tomato,11-10-2023,26.00,Metric Tonnes,400.00,Rs./Quintal
Maharashtra,Kolhapur,Vegetables,Tomato,12-10-2023,15.00,Metric Tonnes,600.00,Rs./Quintal
Maharashtra,Kolhapur,Vegetables,Tomato,14-10-2023,28.00,Metric Tonnes,500.00,Rs./Quintal
Maharashtra,Kolhapur,Vegetables,Tomato,15-10-2023,14.00,Metric Tonnes,800.00,Rs./Quintal
Maharashtra,Kolhapur,Vegetables,Tomato,16-10-2023,36.00,Metric Tonnes,900.00,Rs./Quintal
Maharashtra,Kolhapur,Vegetables,Tomato,17-10-2023,22.00,Metric Tonnes,700.00,Rs./Quintal
Maharashtra,Kolhapur,Vegetables,Tomato,18-10-2023,28.00,Metric Tonnes,600.00,Rs./Quintal
Maharashtra,Kolhapur,Vegetables,Tomato,19-10-2023,27.00,Metric Tonnes,500.00,Rs./Quintal
Maharashtra,Kolhapur,Vegetables,Tomato,20-10-2023,6.00,Metric Tonnes,500.00,Rs./Quintal
Maharashtra,Kolhapur,Vegetables,Tomato,21-10-2023,24.00,Metric Tonnes,600.00,Rs./Quintal
Maharashtra,Kolhapur,Vegetables,Tomato,22-10-2023,17.00,Metric Tonnes,700.00,Rs./Quintal
Maharashtra,Kolhapur,Vegetables,Tomato,23-10-2023,20.00,Metric Tonnes,700.00,Rs./Quintal
Maharashtra,Kolhapur,Vegetables,Tomato,24-10-2023,7.00,Metric Tonnes,1100.00,Rs./Quintal
Maharashtra,Kolhapur,Vegetables,Tomato,26-10-2023,39.00,Metric Tonnes,900.00,Rs./Quintal
Maharashtra,Kolhapur,Vegetables,Tomato,28-10-2023,41.00,Metric Tonnes,969.51,Rs./Quintal
Maharashtra,Kolhapur,Vegetables,Tomato,29-10-2023,16.00,Metric Tonnes,700.00,Rs./Quintal
Maharashtra,Kolhapur,Vegetables,Tomato,30-10-2023,31.00,Metric Tonnes,900.00,Rs./Quintal
Maharashtra,Kolhapur,Vegetables,Tomato,31-10-2023,15.00,Metric Tonnes,800.00,Rs./Quintal
Maharashtra,Kolhapur,Vegetables,Tomato,01-11-2023,32.00,Metric Tonnes,1000.00,Rs./Quintal
Maharashtra,Kolhapur,Vegetables,Tomato,02-11-2023,11.00,Metric Tonnes,900.00,Rs./Quintal
Maharashtra,Kolhapur,Vegetables,Tomato,04-11-2023,39.00,Metric Tonnes,900.00,Rs./Quintal
Maharashtra,Kolhapur,Vegetables,Tomato,06-11-2023,28.00,Metric Tonnes,1000.00,Rs./Quintal
Maharashtra,Kolhapur,Vegetables,Tomato,07-11-2023,17.00,Metric Tonnes,964.71,Rs./Quintal
Maharashtra,Kolhapur,Vegetables,Tomato,08-11-2023,32.00,Metric Tonnes,934.38,Rs./Quintal
Maharashtra,Kolhapur,Vegetables,Tomato,09-11-2023,10.00,Metric Tonnes,2000.00,Rs./Quintal
Maharashtra,Kolhapur,Vegetables,Tomato,10-11-2023,8.00,Metric Tonnes,900.00,Rs./Quintal
Maharashtra,Kolhapur,Vegetables,Tomato,11-11-2023,44.00,Metric Tonnes,1800.00,Rs./Quintal
Maharashtra,Kolhapur,Vegetables,Tomato,13-11-2023,9.00,Metric Tonnes,2500.00,Rs./Quintal
Maharashtra,Kolhapur,Vegetables,Tomato,14-11-2023,28.00,Metric Tonnes,1500.00,Rs./Quintal
Maharashtra,Kolhapur,Vegetables,Tomato,15-11-2023,29.00,Metric Tonnes,1500.00,Rs./Quintal
Maharashtra,Kolhapur,Vegetables,Tomato,16-11-2023,14.00,Metric Tonnes,1800.00,Rs./Quintal
Maharashtra,Kolhapur,Vegetables,Tomato,18-11-2023,34.00,Metric Tonnes,2000.00,Rs./Quintal
Maharashtra,Kolhapur,Vegetables,Tomato,19-11-2023,9.00,Metric Tonnes,1800.00,Rs./Quintal
Maharashtra,Kolhapur,Vegetables,Tomato,20-11-2023,18.00,Metric Tonnes,2500.00,Rs./Quintal
Maharashtra,Kolhapur,Vegetables,Tomato,21-11-2023,18.00,Metric Tonnes,2500.00,Rs./Quintal
Maharashtra,Kolhapur,Vegetables,Tomato,22-11-2023,31.00,Metric Tonnes,2000.00,Rs./Quintal
Maharashtra,Kolhapur,Vegetables,Tomato,23-11-2023,15.00,Metric Tonnes,2000.00,Rs./Quintal
Maharashtra,Kolhapur,Vegetables,Tomato,25-11-2023,35.00,Metric Tonnes,2200.00,Rs./Quintal
Maharashtra,Kolhapur,Vegetables,Tomato,26-11-2023,11.00,Metric Tonnes,2000.00,Rs./Quintal
Maharashtra,Kolhapur,Vegetables,Tomato,27-11-2023,27.00,Metric Tonnes,2100.00,Rs./Quintal
Maharashtra,Kolhapur,Vegetables,Tomato,28-11-2023,13.00,Metric Tonnes,2100.00,Rs./Quintal
Maharashtra,Kolhapur,Vegetables,Tomato,29-11-2023,31.00,Metric Tonnes,2100.00,Rs./Quintal
Maharashtra,Kolhapur,Vegetables,Tomato,30-11-2023,24.00,Metric Tonnes,2500.00,Rs./Quintal
Maharashtra,Kolhapur,Vegetables,Tomato,04-12-2023,32.00,Metric Tonnes,2500.00,Rs./Quintal
Maharashtra,Kolhapur,Vegetables,Tomato,05-12-2023,21.00,Metric Tonnes,2500.00,Rs./Quintal
Maharashtra,Kolhapur,Vegetables,Tomato,06-12-2023,33.00,Metric Tonnes,2000.00,Rs./Quintal
Maharashtra,Kolhapur,Vegetables,Tomato,07-12-2023,22.00,Metric Tonnes,2000.00,Rs./Quintal
Maharashtra,Kolhapur,Vegetables,Tomato,08-12-2023,7.00,Metric Tonnes,2500.00,Rs./Quintal
Maharashtra,Kolhapur,Vegetables,Tomato,09-12-2023,36.00,Metric Tonnes,1534.72,Rs./Quintal
Maharashtra,Kolhapur,Vegetables,Tomato,10-12-2023,28.00,Metric Tonnes,1550.00,Rs./Quintal
Maharashtra,Kolhapur,Vegetables,Tomato,11-12-2023,26.00,Metric Tonnes,1400.00,Rs./Quintal
Maharashtra,Kolhapur,Vegetables,Tomato,12-12-2023,12.00,Metric Tonnes,1500.00,Rs./Quintal
Maharashtra,Kolhapur,Vegetables,Tomato,13-12-2023,30.00,Metric Tonnes,2000.00,Rs./Quintal
Maharashtra,Kolhapur,Vegetables,Tomato,14-12-2023,22.00,Metric Tonnes,1800.00,Rs./Quintal
Maharashtra,Kolhapur,Vegetables,Tomato,16-12-2023,44.00,Metric Tonnes,1500.00,Rs./Quintal
Maharashtra,Kolhapur,Vegetables,Tomato,17-12-2023,11.00,Metric Tonnes,1600.00,Rs./Quintal
Maharashtra,Kolhapur,Vegetables,Tomato,18-12-2023,24.00,Metric Tonnes,2000.00,Rs./Quintal
Maharashtra,Kolhapur,Vegetables,Tomato,19-12-2023,35.00,Metric Tonnes,1594.29,Rs./Quintal
Maharashtra,Kolhapur,Vegetables,Tomato,20-12-2023,47.00,Metric Tonnes,1546.81,Rs./Quintal
Maharashtra,Kolhapur,Vegetables,Tomato,21-12-2023,33.00,Metric Tonnes,1606.06,Rs./Quintal
Maharashtra,Kolhapur,Vegetables,Tomato,22-12-2023,11.00,Metric Tonnes,2500.00,Rs./Quintal
Maharashtra,Kolhapur,Vegetables,Tomato,23-12-2023,29.00,Metric Tonnes,1800.00,Rs./Quintal
Maharashtra,Kolhapur,Vegetables,Tomato,24-12-2023,19.00,Metric Tonnes,1200.00,Rs./Quintal
Maharashtra,Kolhapur,Vegetables,Tomato,25-12-2023,22.00,Metric Tonnes,2000.00,Rs./Quintal
Maharashtra,Kolhapur,Vegetables,Tomato,26-12-2023,24.00,Metric Tonnes,1733.33,Rs./Quintal
Maharashtra,Kolhapur,Vegetables,Tomato,27-12-2023,31.00,Metric Tonnes,1941.94,Rs./Quintal
Maharashtra,Kolhapur,Vegetables,Tomato,28-12-2023,22.00,Metric Tonnes,1600.00,Rs./Quintal
Maharashtra,Kolhapur,Vegetables,Tomato,29-12-2023,8.00,Metric Tonnes,1800.00,Rs./Quintal
Maharashtra,Kolhapur,Vegetables,Tomato,30-12-2023,28.00,Metric Tonnes,2300.00,Rs./Quintal
Maharashtra,Kolhapur,Vegetables,Tomato,31-12-2023,21.00,Metric Tonnes,1800.00,Rs./Quintal
Maharashtra,Kolhapur,Vegetables,Tomato,01-01-2024,24.00,Metric Tonnes,2100.00,Rs./Quintal
Maharashtra,Kolhapur,Vegetables,Tomato,02-01-2024,17.00,Metric Tonnes,3500.00,Rs./Quintal
Maharashtra,Kolhapur,Vegetables,Tomato,03-01-2024,29.00,Metric Tonnes,2000.00,Rs./Quintal
Maharashtra,Kolhapur,Vegetables,Tomato,04-01-2024,29.00,Metric Tonnes,2100.00,Rs./Quintal
Maharashtra,Kolhapur,Vegetables,Tomato,05-01-2024,8.00,Metric Tonnes,1700.00,Rs./Quintal
Maharashtra,Kolhapur,Vegetables,Tomato,06-01-2024,61.00,Metric Tonnes,1800.00,Rs./Quintal
Maharashtra,Kolhapur,Vegetables,Tomato,07-01-2024,25.00,Metric Tonnes,1500.00,Rs./Quintal
Maharashtra,Kolhapur,Vegetables,Tomato,08-01-2024,31.00,Metric Tonnes,1000.00,Rs./Quintal
Maharashtra,Kolhapur,Vegetables,Tomato,09-01-2024,31.00,Metric Tonnes,1612.90,Rs./Quintal
Maharashtra,Kolhapur,Vegetables,Tomato,10-01-2024,37.00,Metric Tonnes,1075.68,Rs./Quintal
Maharashtra,Kolhapur,Vegetables,Tomato,11-01-2024,10.00,Metric Tonnes,1200.00,Rs./Quintal
Maharashtra,Kolhapur,Vegetables,Tomato,12-01-2024,19.00,Metric Tonnes,1200.00,Rs./Quintal
Maharashtra,Kolhapur,Vegetables,Tomato,13-01-2024,40.00,Metric Tonnes,1560.00,Rs./Quintal
Maharashtra,Kolhapur,Vegetables,Tomato,14-01-2024,16.00,Metric Tonnes,1300.00,Rs./Quintal
Maharashtra,Kolhapur,Vegetables,Tomato,15-01-2024,27.00,Metric Tonnes,1600.00,Rs./Quintal
Maharashtra,Kolhapur,Vegetables,Tomato,16-01-2024,9.00,Metric Tonnes,1200.00,Rs./Quintal
Maharashtra,Kolhapur,Vegetables,Tomato,17-01-2024,31.00,Metric Tonnes,1254.84,Rs./Quintal
Maharashtra,Kolhapur,Vegetables,Tomato,18-01-2024,17.00,Metric Tonnes,1400.00,Rs./Quintal
Maharashtra,Kolhapur,Vegetables,Tomato,19-01-2024,9.00,Metric Tonnes,1200.00,Rs./Quintal
Maharashtra,Kolhapur,Vegetables,Tomato,20-01-2024,28.00,Metric Tonnes,1500.00,Rs./Quintal
Maharashtra,Kolhapur,Vegetables,Tomato,21-01-2024,26.00,Metric Tonnes,1569.23,Rs./Quintal
Maharashtra,Kolhapur,Vegetables,Tomato,23-01-2024,26.00,Metric Tonnes,1900.00,Rs./Quintal
Maharashtra,Kolhapur,Vegetables,Tomato,24-01-2024,17.00,Metric Tonnes,1500.00,Rs./Quintal
Maharashtra,Kolhapur,Vegetables,Tomato,25-01-2024,22.00,Metric Tonnes,1900.00,Rs./Quintal
Maharashtra,Kolhapur,Vegetables,Tomato,26-01-2024,11.00,Metric Tonnes,1200.00,Rs./Quintal
Maharashtra,Kolhapur,Vegetables,Tomato,27-01-2024,40.00,Metric Tonnes,1585.00,Rs./Quintal
Maharashtra,Kolhapur,Vegetables,Tomato,28-01-2024,11.00,Metric Tonnes,1900.00,Rs./Quintal
Maharashtra,Kolhapur,Vegetables,Tomato,29-01-2024,23.00,Metric Tonnes,2100.00,Rs./Quintal
Maharashtra,Kolhapur,Vegetables,Tomato,30-01-2024,13.00,Metric Tonnes,2100.00,Rs./Quintal
Maharashtra,Kolhapur,Vegetables,Tomato,31-01-2024,21.00,Metric Tonnes,2000.00,Rs./Quintal
Maharashtra,Kolhapur,Vegetables,Tomato,01-02-2024,19.00,Metric Tonnes,1900.00,Rs./Quintal
Maharashtra,Kolhapur,Vegetables,Tomato,02-02-2024,13.00,Metric Tonnes,1800.00,Rs./Quintal
Maharashtra,Kolhapur,Vegetables,Tomato,03-02-2024,36.00,Metric Tonnes,2211.11,Rs./Quintal
Maharashtra,Kolhapur,Vegetables,Tomato,04-02-2024,25.00,Metric Tonnes,1488.00,Rs./Quintal
Maharashtra,Kolhapur,Vegetables,Tomato,05-02-2024,14.00,Metric Tonnes,2200.00,Rs./Quintal
Maharashtra,Kolhapur,Vegetables,Tomato,06-02-2024,33.00,Metric Tonnes,1718.18,Rs./Quintal
Maharashtra,Kolhapur,Vegetables,Tomato,07-02-2024,35.00,Metric Tonnes,1797.14,Rs./Quintal
Maharashtra,Kolhapur,Vegetables,Tomato,08-02-2024,19.00,Metric Tonnes,2000.00,Rs./Quintal
Maharashtra,Kolhapur,Vegetables,Tomato,10-02-2024,36.00,Metric Tonnes,2300.00,Rs./Quintal
Maharashtra,Kolhapur,Vegetables,Tomato,11-02-2024,11.00,Metric Tonnes,1900.00,Rs./Quintal
Maharashtra,Kolhapur,Vegetables,Tomato,12-02-2024,30.00,Metric Tonnes,1500.00,Rs./Quintal
Maharashtra,Kolhapur,Vegetables,Tomato,13-02-2024,17.00,Metric Tonnes,1500.00,Rs./Quintal
Maharashtra,Kolhapur,Vegetables,Tomato,14-02-2024,23.00,Metric Tonnes,2000.00,Rs./Quintal
Maharashtra,Kolhapur,Vegetables,Tomato,15-02-2024,23.00,Metric Tonnes,1500.00,Rs./Quintal
Maharashtra,Kolhapur,Vegetables,Tomato,17-02-2024,42.00,Metric Tonnes,1300.00,Rs./Quintal
Maharashtra,Kolhapur,Vegetables,Tomato,18-02-2024,15.00,Metric Tonnes,1100.00,Rs./Quintal
Maharashtra,Kolhapur,Vegetables,Tomato,19-02-2024,22.00,Metric Tonnes,1400.00,Rs./Quintal
Maharashtra,Kolhapur,Vegetables,Tomato,20-02-2024,26.00,Metric Tonnes,1265.38,Rs./Quintal
Maharashtra,Kolhapur,Vegetables,Tomato,21-02-2024,42.00,Metric Tonnes,1269.05,Rs./Quintal
Maharashtra,Kolhapur,Vegetables,Tomato,22-02-2024,28.00,Metric Tonnes,1200.00,Rs./Quintal
Maharashtra,Kolhapur,Vegetables,Tomato,24-02-2024,35.00,Metric Tonnes,1000.00,Rs./Quintal
Maharashtra,Kolhapur,Vegetables,Tomato,25-02-2024,14.00,Metric Tonnes,1100.00,Rs./Quintal
Maharashtra,Kolhapur,Vegetables,Tomato,27-02-2024,30.00,Metric Tonnes,1000.00,Rs./Quintal
Maharashtra,Kolhapur,Vegetables,Tomato,28-02-2024,33.00,Metric Tonnes,1300.00,Rs./Quintal
Maharashtra,Kolhapur,Vegetables,Tomato,29-02-2024,29.40,Metric Tonnes,1165.31,Rs./Quintal
Maharashtra,Kolhapur,Vegetables,Tomato,01-03-2024,15.00,Metric Tonnes,1200.00,Rs./Quintal
Maharashtra,Kolhapur,Vegetables,Tomato,02-03-2024,23.60,Metric Tonnes,1200.00,Rs./Quintal
Maharashtra,Kolhapur,Vegetables,Tomato,03-03-2024,23.90,Metric Tonnes,1000.00,Rs./Quintal
Maharashtra,Kolhapur,Vegetables,Tomato,04-03-2024,33.30,Metric Tonnes,700.00,Rs./Quintal
Maharashtra,Kolhapur,Vegetables,Tomato,05-03-2024,15.90,Metric Tonnes,700.00,Rs./Quintal
Maharashtra,Kolhapur,Vegetables,Tomato,06-03-2024,26.20,Metric Tonnes,700.00,Rs./Quintal
Maharashtra,Kolhapur,Vegetables,Tomato,07-03-2024,22.10,Metric Tonnes,900.00,Rs./Quintal
Maharashtra,Kolhapur,Vegetables,Tomato,08-03-2024,14.50,Metric Tonnes,1200.00,Rs./Quintal
Maharashtra,Kolhapur,Vegetables,Tomato,09-03-2024,34.00,Metric Tonnes,1032.35,Rs./Quintal
Maharashtra,Kolhapur,Vegetables,Tomato,10-03-2024,29.50,Metric Tonnes,1040.68,Rs./Quintal
Maharashtra,Kolhapur,Vegetables,Tomato,11-03-2024,21.40,Metric Tonnes,1000.00,Rs./Quintal
Maharashtra,Kolhapur,Vegetables,Tomato,12-03-2024,24.50,Metric Tonnes,1028.57,Rs./Quintal
Maharashtra,Kolhapur,Vegetables,Tomato,13-03-2024,40.20,Metric Tonnes,1055.72,Rs./Quintal
Maharashtra,Kolhapur,Vegetables,Tomato,14-03-2024,30.90,Metric Tonnes,1031.07,Rs./Quintal
Maharashtra,Kolhapur,Vegetables,Tomato,15-03-2024,10.50,Metric Tonnes,1200.00,Rs./Quintal
Maharashtra,Kolhapur,Vegetables,Tomato,16-03-2024,28.40,Metric Tonnes,800.00,Rs./Quintal
Maharashtra,Kolhapur,Vegetables,Tomato,17-03-2024,19.00,Metric Tonnes,800.00,Rs./Quintal
Maharashtra,Kolhapur,Vegetables,Tomato,18-03-2024,19.80,Metric Tonnes,900.00,Rs./Quintal
Maharashtra,Kolhapur,Vegetables,Tomato,19-03-2024,34.10,Metric Tonnes,1708.80,Rs./Quintal
Maharashtra,Kolhapur,Vegetables,Tomato,20-03-2024,27.30,Metric Tonnes,700.00,Rs./Quintal
Maharashtra,Kolhapur,Vegetables,Tomato,21-03-2024,50.30,Metric Tonnes,1022.66,Rs./Quintal
Maharashtra,Kolhapur,Vegetables,Tomato,22-03-2024,11.50,Metric Tonnes,1200.00,Rs./Quintal
Maharashtra,Kolhapur,Vegetables,Tomato,23-03-2024,18.70,Metric Tonnes,800.00,Rs./Quintal
Maharashtra,Kolhapur,Vegetables,Tomato,24-03-2024,16.50,Metric Tonnes,800.00,Rs./Quintal
Maharashtra,Kolhapur,Vegetables,Tomato,25-03-2024,21.90,Metric Tonnes,800.00,Rs./Quintal
Maharashtra,Kolhapur,Vegetables,Tomato,27-03-2024,40.30,Metric Tonnes,1000.50,Rs./Quintal
Maharashtra,Kolhapur,Vegetables,Tomato,28-03-2024,35.80,Metric Tonnes,996.37,Rs./Quintal
Maharashtra,Kolhapur,Vegetables,Tomato,29-03-2024,11.00,Metric Tonnes,1200.00,Rs./Quintal
Maharashtra,Kolhapur,Vegetables,Tomato,30-03-2024,38.60,Metric Tonnes,1004.92,Rs./Quintal
Maharashtra,Kolhapur,Vegetables,Tomato,31-03-2024,27.80,Metric Tonnes,1169.78,Rs./Quintal
Maharashtra,Kolhapur,Vegetables,Tomato,01-04-2024,10.40,Metric Tonnes,900.00,Rs./Quintal
Maharashtra,Kolhapur,Vegetables,Tomato,02-04-2024,20.80,Metric Tonnes,900.00,Rs./Quintal
Maharashtra,Kolhapur,Vegetables,Tomato,03-04-2024,22.90,Metric Tonnes,1096.51,Rs./Quintal
Maharashtra,Kolhapur,Vegetables,Tomato,04-04-2024,23.60,Metric Tonnes,900.00,Rs./Quintal
Maharashtra,Kolhapur,Vegetables,Tomato,05-04-2024,6.50,Metric Tonnes,1400.00,Rs./Quintal
Maharashtra,Kolhapur,Vegetables,Tomato,06-04-2024,24.50,Metric Tonnes,900.00,Rs./Quintal
Maharashtra,Kolhapur,Vegetables,Tomato,07-04-2024,23.30,Metric Tonnes,800.00,Rs./Quintal
Maharashtra,Kolhapur,Vegetables,Tomato,08-04-2024,29.50,Metric Tonnes,900.00,Rs./Quintal
Maharashtra,Kolhapur,Vegetables,Tomato,09-04-2024,13.00,Metric Tonnes,1000.00,Rs./Quintal
Maharashtra,Kolhapur,Vegetables,Tomato,13-04-2024,37.30,Metric Tonnes,900.00,Rs./Quintal
Maharashtra,Kolhapur,Vegetables,Tomato,14-04-2024,23.00,Metric Tonnes,700.00,Rs./Quintal
Maharashtra,Kolhapur,Vegetables,Tomato,15-04-2024,30.20,Metric Tonnes,800.00,Rs./Quintal
Maharashtra,Kolhapur,Vegetables,Tomato,21-04-2024,20.70,Metric Tonnes,900.00,Rs./Quintal
Maharashtra,Kolhapur,Vegetables,Tomato,22-04-2024,33.70,Metric Tonnes,1000.00,Rs./Quintal
Maharashtra,Kolhapur,Vegetables,Tomato,23-04-2024,6.00,Metric Tonnes,1300.00,Rs./Quintal
Maharashtra,Kolhapur,Vegetables,Tomato,24-04-2024,20.50,Metric Tonnes,900.00,Rs./Quintal
Maharashtra,Kolhapur,Vegetables,Tomato,25-04-2024,25.50,Metric Tonnes,800.00,Rs./Quintal
Maharashtra,Kolhapur,Vegetables,Tomato,26-04-2024,7.50,Metric Tonnes,900.00,Rs./Quintal
Maharashtra,Kolhapur,Vegetables,Tomato,27-04-2024,28.50,Metric Tonnes,1215.79,Rs./Quintal
Maharashtra,Kolhapur,Vegetables,Tomato,28-04-2024,28.90,Metric Tonnes,1274.05,Rs./Quintal
Maharashtra,Kolhapur,Vegetables,Tomato,29-04-2024,33.20,Metric Tonnes,1100.00,Rs./Quintal
Maharashtra,Kolhapur,Vegetables,Tomato,30-04-2024,31.40,Metric Tonnes,1468.15,Rs./Quintal
Maharashtra,Kolhapur,Vegetables,Tomato,01-05-2024,14.70,Metric Tonnes,1000.00,Rs./Quintal
Maharashtra,Kolhapur,Vegetables,Tomato,02-05-2024,35.50,Metric Tonnes,1154.93,Rs./Quintal
Maharashtra,Kolhapur,Vegetables,Tomato,03-05-2024,6.50,Metric Tonnes,1400.00,Rs./Quintal
Maharashtra,Kolhapur,Vegetables,Tomato,04-05-2024,38.40,Metric Tonnes,1226.04,Rs./Quintal
Maharashtra,Kolhapur,Vegetables,Tomato,05-05-2024,30.20,Metric Tonnes,1190.73,Rs./Quintal
Maharashtra,Kolhapur,Vegetables,Tomato,06-05-2024,29.80,Metric Tonnes,1300.00,Rs./Quintal
Maharashtra,Kolhapur,Vegetables,Tomato,08-05-2024,36.20,Metric Tonnes,1458.56,Rs./Quintal
Maharashtra,Kolhapur,Vegetables,Tomato,09-05-2024,38.70,Metric Tonnes,1453.49,Rs./Quintal
Maharashtra,Kolhapur,Vegetables,Tomato,10-05-2024,9.00,Metric Tonnes,1200.00,Rs./Quintal
Maharashtra,Kolhapur,Vegetables,Tomato,11-05-2024,25.60,Metric Tonnes,1573.05,Rs./Quintal
Maharashtra,Kolhapur,Vegetables,Tomato,12-05-2024,36.80,Metric Tonnes,1502.17,Rs./Quintal
Maharashtra,Kolhapur,Vegetables,Tomato,13-05-2024,27.60,Metric Tonnes,1500.00,Rs./Quintal
Maharashtra,Kolhapur,Vegetables,Tomato,14-05-2024,31.60,Metric Tonnes,1075.95,Rs./Quintal
Maharashtra,Kolhapur,Vegetables,Tomato,15-05-2024,44.60,Metric Tonnes,1200.00,Rs./Quintal
Maharashtra,Kolhapur,Vegetables,Tomato,16-05-2024,48.20,Metric Tonnes,916.60,Rs./Quintal
Maharashtra,Kolhapur,Vegetables,Tomato,17-05-2024,7.00,Metric Tonnes,1400.00,Rs./Quintal
Maharashtra,Kolhapur,Vegetables,Tomato,18-05-2024,29.30,Metric Tonnes,1109.22,Rs./Quintal
Maharashtra,Kolhapur,Vegetables,Tomato,19-05-2024,32.40,Metric Tonnes,1089.81,Rs./Quintal
Maharashtra,Kolhapur,Vegetables,Tomato,20-05-2024,31.40,Metric Tonnes,1700.00,Rs./Quintal
Maharashtra,Kolhapur,Vegetables,Tomato,21-05-2024,42.00,Metric Tonnes,1660.71,Rs./Quintal
Maharashtra,Kolhapur,Vegetables,Tomato,22-05-2024,39.00,Metric Tonnes,1300.00,Rs./Quintal
Maharashtra,Kolhapur,Vegetables,Tomato,23-05-2024,17.60,Metric Tonnes,1500.00,Rs./Quintal
Maharashtra,Kolhapur,Vegetables,Tomato,24-05-2024,6.50,Metric Tonnes,900.00,Rs./Quintal
Maharashtra,Kolhapur,Vegetables,Tomato,25-05-2024,48.50,Metric Tonnes,1463.92,Rs./Quintal
Maharashtra,Kolhapur,Vegetables,Tomato,26-05-2024,27.70,Metric Tonnes,1432.49,Rs./Quintal
Maharashtra,Kolhapur,Vegetables,Tomato,27-05-2024,35.30,Metric Tonnes,1500.00,Rs./Quintal
Maharashtra,Kolhapur,Vegetables,Tomato,28-05-2024,28.60,Metric Tonnes,1567.83,Rs./Quintal
Maharashtra,Kolhapur,Vegetables,Tomato,29-05-2024,44.60,Metric Tonnes,1300.00,Rs./Quintal
Maharashtra,Kolhapur,Vegetables,Tomato,30-05-2024,24.30,Metric Tonnes,1400.00,Rs./Quintal
Maharashtra,Kolhapur,Vegetables,Tomato,01-06-2024,29.00,Metric Tonnes,1900.00,Rs./Quintal
Maharashtra,Kolhapur,Vegetables,Tomato,02-06-2024,15.60,Metric Tonnes,2000.00,Rs./Quintal
Maharashtra,Kolhapur,Vegetables,Tomato,03-06-2024,10.50,Metric Tonnes,2900.00,Rs./Quintal
Maharashtra,Kolhapur,Vegetables,Tomato,04-06-2024,27.80,Metric Tonnes,2300.00,Rs./Quintal
Maharashtra,Kolhapur,Vegetables,Tomato,05-06-2024,25.20,Metric Tonnes,2600.00,Rs./Quintal
Maharashtra,Kolhapur,Vegetables,Tomato,06-06-2024,36.10,Metric Tonnes,2375.35,Rs./Quintal
Maharashtra,Kolhapur,Vegetables,Tomato,07-06-2024,6.50,Metric Tonnes,2000.00,Rs./Quintal
Maharashtra,Kolhapur,Vegetables,Tomato,08-06-2024,32.20,Metric Tonnes,2844.72,Rs./Quintal
Maharashtra,Kolhapur,Vegetables,Tomato,09-06-2024,19.20,Metric Tonnes,2500.00,Rs./Quintal
Maharashtra,Kolhapur,Vegetables,Tomato,10-06-2024,12.40,Metric Tonnes,2500.00,Rs./Quintal
Maharashtra,Kolhapur,Vegetables,Tomato,11-06-2024,17.80,Metric Tonnes,2800.00,Rs./Quintal
Maharashtra,Kolhapur,Vegetables,Tomato,12-06-2024,43.70,Metric Tonnes,2500.00,Rs./Quintal
Maharashtra,Kolhapur,Vegetables,Tomato,13-06-2024,50.60,Metric Tonnes,2598.81,Rs./Quintal
Maharashtra,Kolhapur,Vegetables,Tomato,15-06-2024,49.00,Metric Tonnes,3083.67,Rs./Quintal
Maharashtra,Kolhapur,Vegetables,Tomato,16-06-2024,17.10,Metric Tonnes,3000.00,Rs./Quintal
Maharashtra,Kolhapur,Vegetables,Tomato,18-06-2024,17.90,Metric Tonnes,3000.00,Rs./Quintal
Maharashtra,Kolhapur,Vegetables,Tomato,19-06-2024,43.70,Metric Tonnes,2734.78,Rs./Quintal
Maharashtra,Kolhapur,Vegetables,Tomato,20-06-2024,26.20,Metric Tonnes,3000.00,Rs./Quintal
Maharashtra,Kolhapur,Vegetables,Tomato,21-06-2024,11.00,Metric Tonnes,3000.00,Rs./Quintal
Maharashtra,Kolhapur,Vegetables,Tomato,22-06-2024,23.80,Metric Tonnes,4000.00,Rs./Quintal
Maharashtra,Kolhapur,Vegetables,Tomato,23-06-2024,17.60,Metric Tonnes,4000.00,Rs./Quintal
Maharashtra,Kolhapur,Vegetables,Tomato,24-06-2024,30.10,Metric Tonnes,3000.00,Rs./Quintal
Maharashtra,Kolhapur,Vegetables,Tomato,25-06-2024,10.20,Metric Tonnes,3500.00,Rs./Quintal
Maharashtra,Kolhapur,Vegetables,Tomato,26-06-2024,33.60,Metric Tonnes,2500.00,Rs./Quintal
Maharashtra,Kolhapur,Vegetables,Tomato,27-06-2024,24.80,Metric Tonnes,2500.00,Rs./Quintal
Maharashtra,Kolhapur,Vegetables,Tomato,29-06-2024,36.30,Metric Tonnes,2596.42,Rs./Quintal
Maharashtra,Kolhapur,Vegetables,Tomato,30-06-2024,28.90,Metric Tonnes,2593.43,Rs./Quintal
Maharashtra,Kolhapur,Vegetables,Tomato,01-07-2024,15.80,Metric Tonnes,3000.00,Rs./Quintal
Maharashtra,Kolhapur,Vegetables,Tomato,02-07-2024,13.00,Metric Tonnes,3000.00,Rs./Quintal
Maharashtra,Kolhapur,Vegetables,Tomato,03-07-2024,44.60,Metric Tonnes,2732.74,Rs./Quintal
Maharashtra,Kolhapur,Vegetables,Tomato,04-07-2024,31.50,Metric Tonnes,2500.00,Rs./Quintal
Maharashtra,Kolhapur,Vegetables,Tomato,05-07-2024,8.00,Metric Tonnes,3000.00,Rs./Quintal
Maharashtra,Kolhapur,Vegetables,Tomato,06-07-2024,27.50,Metric Tonnes,2986.36,Rs./Quintal
Maharashtra,Kolhapur,Vegetables,Tomato,07-07-2024,11.70,Metric Tonnes,3300.00,Rs./Quintal
Maharashtra,Kolhapur,Vegetables,Tomato,08-07-2024,31.80,Metric Tonnes,3300.00,Rs./Quintal
Maharashtra,Kolhapur,Vegetables,Tomato,09-07-2024,25.20,Metric Tonnes,3158.73,Rs./Quintal
Maharashtra,Kolhapur,Vegetables,Tomato,10-07-2024,39.60,Metric Tonnes,3198.99,Rs./Quintal
Maharashtra,Kolhapur,Vegetables,Tomato,11-07-2024,19.10,Metric Tonnes,3300.00,Rs./Quintal
Maharashtra,Kolhapur,Vegetables,Tomato,13-07-2024,32.10,Metric Tonnes,2924.30,Rs./Quintal
Maharashtra,Kolhapur,Vegetables,Tomato,14-07-2024,4.90,Metric Tonnes,4000.00,Rs./Quintal
Maharashtra,Kolhapur,Vegetables,Tomato,15-07-2024,24.60,Metric Tonnes,3700.00,Rs./Quintal
Maharashtra,Kolhapur,Vegetables,Tomato,16-07-2024,26.50,Metric Tonnes,3490.57,Rs./Quintal
Maharashtra,Kolhapur,Vegetables,Tomato,17-07-2024,17.80,Metric Tonnes,4600.00,Rs./Quintal
Maharashtra,Kolhapur,Vegetables,Tomato,18-07-2024,6.80,Metric Tonnes,4000.00,Rs./Quintal
Maharashtra,Kolhapur,Vegetables,Tomato,20-07-2024,28.40,Metric Tonnes,4300.00,Rs./Quintal
Maharashtra,Kolhapur,Vegetables,Tomato,21-07-2024,18.70,Metric Tonnes,4000.00,Rs./Quintal
Maharashtra,Kolhapur,Vegetables,Tomato,22-07-2024,15.70,Metric Tonnes,4500.00,Rs./Quintal
Maharashtra,Kolhapur,Vegetables,Tomato,23-07-2024,10.20,Metric Tonnes,4200.00,Rs./Quintal
Maharashtra,Kolhapur,Vegetables,Tomato,24-07-2024,24.80,Metric Tonnes,4200.00,Rs./Quintal
Maharashtra,Kolhapur,Vegetables,Tomato,25-07-2024,29.90,Metric Tonnes,3857.86,Rs./Quintal
Maharashtra,Kolhapur,Vegetables,Tomato,27-07-2024,39.70,Metric Tonnes,2949.62,Rs./Quintal
Maharashtra,Kolhapur,Vegetables,Tomato,28-07-2024,20.60,Metric Tonnes,2500.00,Rs./Quintal
Maharashtra,Kolhapur,Vegetables,Tomato,29-07-2024,31.30,Metric Tonnes,2500.00,Rs./Quintal
Maharashtra,Kolhapur,Vegetables,Tomato,30-07-2024,13.80,Metric Tonnes,2000.00,Rs./Quintal
Maharashtra,Kolhapur,Vegetables,Tomato,31-07-2024,66.20,Metric Tonnes,958.31,Rs./Quintal
Maharashtra,Kolhapur,Vegetables,Tomato,01-08-2024,38.20,Metric Tonnes,971.20,Rs./Quintal
Maharashtra,Kolhapur,Vegetables,Tomato,02-08-2024,8.00,Metric Tonnes,1400.00,Rs./Quintal
Maharashtra,Kolhapur,Vegetables,Tomato,03-08-2024,38.60,Metric Tonnes,1519.43,Rs./Quintal
Maharashtra,Kolhapur,Vegetables,Tomato,04-08-2024,30.40,Metric Tonnes,1800.00,Rs./Quintal
Maharashtra,Kolhapur,Vegetables,Tomato,05-08-2024,26.80,Metric Tonnes,1800.00,Rs./Quintal
Maharashtra,Kolhapur,Vegetables,Tomato,06-08-2024,30.70,Metric Tonnes,1200.00,Rs./Quintal
Maharashtra,Kolhapur,Vegetables,Tomato,07-08-2024,41.10,Metric Tonnes,1000.00,Rs./Quintal
Maharashtra,Kolhapur,Vegetables,Tomato,08-08-2024,29.30,Metric Tonnes,1061.43,Rs./Quintal
Maharashtra,Kolhapur,Vegetables,Tomato,09-08-2024,9.00,Metric Tonnes,1300.00,Rs./Quintal
Maharashtra,Kolhapur,Vegetables,Tomato,10-08-2024,39.70,Metric Tonnes,1274.81,Rs./Quintal
Maharashtra,Kolhapur,Vegetables,Tomato,11-08-2024,34.90,Metric Tonnes,1374.21,Rs./Quintal
Maharashtra,Kolhapur,Vegetables,Tomato,12-08-2024,38.40,Metric Tonnes,1300.00,Rs./Quintal
Maharashtra,Kolhapur,Vegetables,Tomato,13-08-2024,19.00,Metric Tonnes,1000.00,Rs./Quintal
Maharashtra,Kolhapur,Vegetables,Tomato,14-08-2024,43.30,Metric Tonnes,1281.52,Rs./Quintal
Maharashtra,Kolhapur,Vegetables,Tomato,17-08-2024,57.90,Metric Tonnes,1134.20,Rs./Quintal
Maharashtra,Kolhapur,Vegetables,Tomato,18-08-2024,22.90,Metric Tonnes,1000.00,Rs./Quintal
Maharashtra,Kolhapur,Vegetables,Tomato,19-08-2024,13.30,Metric Tonnes,1300.00,Rs./Quintal
Maharashtra,Kolhapur,Vegetables,Tomato,20-08-2024,18.60,Metric Tonnes,1200.00,Rs./Quintal
Maharashtra,Kolhapur,Vegetables,Tomato,21-08-2024,37.00,Metric Tonnes,1581.08,Rs./Quintal
Maharashtra,Kolhapur,Vegetables,Tomato,22-08-2024,23.90,Metric Tonnes,1205.86,Rs./Quintal
Maharashtra,Kolhapur,Vegetables,Tomato,23-08-2024,7.90,Metric Tonnes,1600.00,Rs./Quintal
Maharashtra,Kolhapur,Vegetables,Tomato,24-08-2024,55.20,Metric Tonnes,1300.00,Rs./Quintal
Maharashtra,Kolhapur,Vegetables,Tomato,25-08-2024,20.20,Metric Tonnes,1178.22,Rs./Quintal
Maharashtra,Kolhapur,Vegetables,Tomato,26-08-2024,43.50,Metric Tonnes,972.41,Rs./Quintal
Maharashtra,Kolhapur,Vegetables,Tomato,27-08-2024,24.20,Metric Tonnes,1033.88,Rs./Quintal
Maharashtra,Kolhapur,Vegetables,Tomato,28-08-2024,40.50,Metric Tonnes,1230.86,Rs./Quintal
Maharashtra,Kolhapur,Vegetables,Tomato,29-08-2024,20.40,Metric Tonnes,1300.00,Rs./Quintal
Maharashtra,Kolhapur,Vegetables,Tomato,30-08-2024,6.50,Metric Tonnes,2000.00,Rs./Quintal
Maharashtra,Kolhapur,Vegetables,Tomato,31-08-2024,42.20,Metric Tonnes,1370.62,Rs./Quintal
Maharashtra,Kolhapur,Vegetables,Tomato,01-09-2024,19.60,Metric Tonnes,900.00,Rs./Quintal
Maharashtra,Kolhapur,Vegetables,Tomato,02-09-2024,20.20,Metric Tonnes,1000.00,Rs./Quintal
Maharashtra,Kolhapur,Vegetables,Tomato,03-09-2024,20.70,Metric Tonnes,1347.83,Rs./Quintal
Maharashtra,Kolhapur,Vegetables,Tomato,04-09-2024,27.60,Metric Tonnes,1321.74,Rs./Quintal
Maharashtra,Kolhapur,Vegetables,Tomato,05-09-2024,46.10,Metric Tonnes,1615.18,Rs./Quintal
Maharashtra,Kolhapur,Vegetables,Tomato,06-09-2024,3.20,Metric Tonnes,1600.00,Rs./Quintal
Maharashtra,Kolhapur,Vegetables,Tomato,07-09-2024,28.90,Metric Tonnes,1500.00,Rs./Quintal
Maharashtra,Kolhapur,Vegetables,Tomato,08-09-2024,30.00,Metric Tonnes,1270.00,Rs./Quintal
Maharashtra,Kolhapur,Vegetables,Tomato,09-09-2024,33.90,Metric Tonnes,1800.00,Rs./Quintal
Maharashtra,Kolhapur,Vegetables,Tomato,10-09-2024,29.30,Metric Tonnes,1418.09,Rs./Quintal
Maharashtra,Kolhapur,Vegetables,Tomato,11-09-2024,20.30,Metric Tonnes,1300.00,Rs./Quintal
Maharashtra,Kolhapur,Vegetables,Tomato,12-09-2024,12.70,Metric Tonnes,1600.00,Rs./Quintal
Maharashtra,Kolhapur,Vegetables,Tomato,13-09-2024,8.00,Metric Tonnes,1000.00,Rs./Quintal
Maharashtra,Kolhapur,Vegetables,Tomato,14-09-2024,36.40,Metric Tonnes,1880.77,Rs./Quintal
Maharashtra,Kolhapur,Vegetables,Tomato,15-09-2024,25.90,Metric Tonnes,2110.81,Rs./Quintal
Maharashtra,Kolhapur,Vegetables,Tomato,16-09-2024,26.30,Metric Tonnes,2300.00,Rs./Quintal
Maharashtra,Kolhapur,Vegetables,Tomato,17-09-2024,22.30,Metric Tonnes,2000.00,Rs./Quintal
Maharashtra,Kolhapur,Vegetables,Tomato,18-09-2024,6.00,Metric Tonnes,1700.00,Rs./Quintal
Maharashtra,Kolhapur,Vegetables,Tomato,19-09-2024,27.30,Metric Tonnes,2500.00,Rs./Quintal
Maharashtra,Kolhapur,Vegetables,Tomato,21-09-2024,34.70,Metric Tonnes,2300.00,Rs./Quintal
Maharashtra,Kolhapur,Vegetables,Tomato,22-09-2024,15.90,Metric Tonnes,2300.00,Rs./Quintal
Maharashtra,Kolhapur,Vegetables,Tomato,23-09-2024,20.30,Metric Tonnes,2500.00,Rs./Quintal
Maharashtra,Kolhapur,Vegetables,Tomato,24-09-2024,14.20,Metric Tonnes,2200.00,Rs./Quintal
Maharashtra,Kolhapur,Vegetables,Tomato,25-09-2024,35.10,Metric Tonnes,2525.64,Rs./Quintal
Maharashtra,Kolhapur,Vegetables,Tomato,26-09-2024,26.80,Metric Tonnes,2533.58,Rs./Quintal
Maharashtra,Kolhapur,Vegetables,Tomato,27-09-2024,6.50,Metric Tonnes,3000.00,Rs./Quintal
Maharashtra,Kolhapur,Vegetables,Tomato,28-09-2024,33.00,Metric Tonnes,2500.00,Rs./Quintal
Maharashtra,Kolhapur,Vegetables,Tomato,29-09-2024,19.90,Metric Tonnes,2500.00,Rs./Quintal
Maharashtra,Kolhapur,Vegetables,Tomato,30-09-2024,23.40,Metric Tonnes,2500.00,Rs./Quintal
Maharashtra,Kolhapur,Vegetables,Tomato,01-10-2024,23.90,Metric Tonnes,3000.00,Rs./Quintal
Maharashtra,Kolhapur,Vegetables,Tomato,02-10-2024,32.60,Metric Tonnes,2693.25,Rs./Quintal
Maharashtra,Kolhapur,Vegetables,Tomato,03-10-2024,7.50,Metric Tonnes,5000.00,Rs./Quintal
Maharashtra,Kolhapur,Vegetables,Tomato,04-10-2024,8.00,Metric Tonnes,2000.00,Rs./Quintal
Maharashtra,Kolhapur,Vegetables,Tomato,05-10-2024,32.90,Metric Tonnes,3513.68,Rs./Quintal
Maharashtra,Kolhapur,Vegetables,Tomato,06-10-2024,14.30,Metric Tonnes,4000.00,Rs./Quintal
Maharashtra,Kolhapur,Vegetables,Tomato,07-10-2024,21.30,Metric Tonnes,4000.00,Rs./Quintal
Maharashtra,Kolhapur,Vegetables,Tomato,09-10-2024,32.30,Metric Tonnes,2500.00,Rs./Quintal
Maharashtra,Kolhapur,Vegetables,Tomato,10-10-2024,19.20,Metric Tonnes,2500.00,Rs./Quintal
Maharashtra,Kolhapur,Vegetables,Tomato,11-10-2024,6.00,Metric Tonnes,2000.00,Rs./Quintal
Maharashtra,Kolhapur,Vegetables,Tomato,12-10-2024,33.40,Metric Tonnes,3194.61,Rs./Quintal
Maharashtra,Kolhapur,Vegetables,Tomato,14-10-2024,38.80,Metric Tonnes,2500.00,Rs./Quintal
Maharashtra,Kolhapur,Vegetables,Tomato,15-10-2024,11.70,Metric Tonnes,3300.00,Rs./Quintal
Maharashtra,Kolhapur,Vegetables,Tomato,16-10-2024,46.90,Metric Tonnes,3000.00,Rs./Quintal
Maharashtra,Kolhapur,Vegetables,Tomato,17-10-2024,24.30,Metric Tonnes,2711.93,Rs./Quintal
Maharashtra,Kolhapur,Vegetables,Tomato,18-10-2024,9.00,Metric Tonnes,2800.00,Rs./Quintal
Maharashtra,Kolhapur,Vegetables,Tomato,19-10-2024,30.40,Metric Tonnes,3300.00,Rs./Quintal
Maharashtra,Kolhapur,Vegetables,Tomato,20-10-2024,34.40,Metric Tonnes,2800.00,Rs./Quintal
Maharashtra,Kolhapur,Vegetables,Tomato,21-10-2024,36.70,Metric Tonnes,3000.00,Rs./Quintal
Maharashtra,Kolhapur,Vegetables,Tomato,22-10-2024,23.40,Metric Tonnes,2500.00,Rs./Quintal
Maharashtra,Kolhapur,Vegetables,Tomato,23-10-2024,52.50,Metric Tonnes,2828.57,Rs./Quintal
Maharashtra,Kolhapur,Vegetables,Tomato,24-10-2024,34.20,Metric Tonnes,2020.47,Rs./Quintal
Maharashtra,Kolhapur,Vegetables,Tomato,25-10-2024,6.00,Metric Tonnes,2600.00,Rs./Quintal
Maharashtra,Kolhapur,Vegetables,Tomato,26-10-2024,42.00,Metric Tonnes,2200.00,Rs./Quintal
Maharashtra,Kolhapur,Vegetables,Tomato,28-10-2024,41.10,Metric Tonnes,2000.00,Rs./Quintal
Maharashtra,Kolhapur,Vegetables,Tomato,29-10-2024,30.30,Metric Tonnes,1764.36,Rs./Quintal
Maharashtra,Kolhapur,Vegetables,Tomato,30-10-2024,27.80,Metric Tonnes,1800.00,Rs./Quintal
Maharashtra,Kolhapur,Vegetables,Tomato,31-10-2024,12.30,Metric Tonnes,2000.00,Rs./Quintal
Maharashtra,Kolhapur,Vegetables,Tomato,02-11-2024,31.30,Metric Tonnes,2000.00,Rs./Quintal
Maharashtra,Kolhapur,Vegetables,Tomato,03-11-2024,10.80,Metric Tonnes,2000.00,Rs./Quintal
Maharashtra,Kolhapur,Vegetables,Tomato,04-11-2024,25.00,Metric Tonnes,1800.00,Rs./Quintal
Maharashtra,Kolhapur,Vegetables,Tomato,05-11-2024,23.70,Metric Tonnes,1800.00,Rs./Quintal
Maharashtra,Kolhapur,Vegetables,Tomato,06-11-2024,50.40,Metric Tonnes,1300.00,Rs./Quintal
Maharashtra,Kolhapur,Vegetables,Tomato,07-11-2024,29.90,Metric Tonnes,1300.00,Rs./Quintal
Maharashtra,Kolhapur,Vegetables,Tomato,09-11-2024,34.30,Metric Tonnes,1300.00,Rs./Quintal
Maharashtra,Kolhapur,Vegetables,Tomato,10-11-2024,13.70,Metric Tonnes,1300.00,Rs./Quintal
Maharashtra,Kolhapur,Vegetables,Tomato,11-11-2024,30.70,Metric Tonnes,1500.00,Rs./Quintal
Maharashtra,Kolhapur,Vegetables,Tomato,12-11-2024,27.40,Metric Tonnes,1800.00,Rs./Quintal
Maharashtra,Kolhapur,Vegetables,Tomato,13-11-2024,22.80,Metric Tonnes,1468.86,Rs./Quintal
Maharashtra,Kolhapur,Vegetables,Tomato,14-11-2024,32.10,Metric Tonnes,1200.00,Rs./Quintal
Maharashtra,Kolhapur,Vegetables,Tomato,16-11-2024,25.50,Metric Tonnes,1300.00,Rs./Quintal
Maharashtra,Kolhapur,Vegetables,Tomato,17-11-2024,28.60,Metric Tonnes,1441.96,Rs./Quintal
Maharashtra,Kolhapur,Vegetables,Tomato,18-11-2024,20.60,Metric Tonnes,1600.00,Rs./Quintal
Maharashtra,Kolhapur,Vegetables,Tomato,19-11-2024,42.40,Metric Tonnes,1300.00,Rs./Quintal
Maharashtra,Kolhapur,Vegetables,Tomato,21-11-2024,29.40,Metric Tonnes,1600.00,Rs./Quintal
Maharashtra,Kolhapur,Vegetables,Tomato,23-11-2024,32.40,Metric Tonnes,1300.00,Rs./Quintal
Maharashtra,Kolhapur,Vegetables,Tomato,24-11-2024,17.30,Metric Tonnes,1400.00,Rs./Quintal
Maharashtra,Kolhapur,Vegetables,Tomato,25-11-2024,18.70,Metric Tonnes,2300.00,Rs./Quintal
Maharashtra,Kolhapur,Vegetables,Tomato,26-11-2024,16.70,Metric Tonnes,2165.27,Rs./Quintal
Maharashtra,Kolhapur,Vegetables,Tomato,27-11-2024,38.90,Metric Tonnes,2025.71,Rs./Quintal
Maharashtra,Kolhapur,Vegetables,Tomato,28-11-2024,31.30,Metric Tonnes,2000.00,Rs./Quintal
Maharashtra,Kolhapur,Vegetables,Tomato,02-12-2024,16.10,Metric Tonnes,2300.00,Rs./Quintal
Maharashtra,Kolhapur,Vegetables,Tomato,03-12-2024,18.10,Metric Tonnes,2025.41,Rs./Quintal
Maharashtra,Kolhapur,Vegetables,Tomato,04-12-2024,34.20,Metric Tonnes,2056.14,Rs./Quintal
Maharashtra,Kolhapur,Vegetables,Tomato,05-12-2024,17.90,Metric Tonnes,2000.00,Rs./Quintal
Maharashtra,Kolhapur,Vegetables,Tomato,06-12-2024,6.00,Metric Tonnes,1600.00,Rs./Quintal
Maharashtra,Kolhapur,Vegetables,Tomato,07-12-2024,52.60,Metric Tonnes,1522.81,Rs./Quintal
Maharashtra,Kolhapur,Vegetables,Tomato,08-12-2024,19.60,Metric Tonnes,1500.00,Rs./Quintal
Maharashtra,Kolhapur,Vegetables,Tomato,09-12-2024,26.70,Metric Tonnes,1400.00,Rs./Quintal
Maharashtra,Kolhapur,Vegetables,Tomato,10-12-2024,18.30,Metric Tonnes,1300.00,Rs./Quintal
Maharashtra,Kolhapur,Vegetables,Tomato,11-12-2024,52.80,Metric Tonnes,1300.00,Rs./Quintal
Maharashtra,Kolhapur,Vegetables,Tomato,12-12-2024,50.80,Metric Tonnes,1326.57,Rs./Quintal
Maharashtra,Kolhapur,Vegetables,Tomato,14-12-2024,39.70,Metric Tonnes,1000.00,Rs./Quintal
Maharashtra,Kolhapur,Vegetables,Tomato,15-12-2024,16.50,Metric Tonnes,1100.00,Rs./Quintal
Maharashtra,Kolhapur,Vegetables,Tomato,16-12-2024,31.50,Metric Tonnes,1300.00,Rs./Quintal
Maharashtra,Kolhapur,Vegetables,Tomato,17-12-2024,17.90,Metric Tonnes,1300.00,Rs./Quintal
Maharashtra,Kolhapur,Vegetables,Tomato,18-12-2024,22.80,Metric Tonnes,1839.47,Rs./Quintal
Maharashtra,Kolhapur,Vegetables,Tomato,19-12-2024,39.00,Metric Tonnes,1903.85,Rs./Quintal
Maharashtra,Kolhapur,Vegetables,Tomato,21-12-2024,22.00,Metric Tonnes,2047.73,Rs./Quintal
Maharashtra,Kolhapur,Vegetables,Tomato,22-12-2024,16.10,Metric Tonnes,2100.00,Rs./Quintal
Maharashtra,Kolhapur,Vegetables,Tomato,23-12-2024,18.20,Metric Tonnes,2000.00,Rs./Quintal
Maharashtra,Kolhapur,Vegetables,Tomato,24-12-2024,39.00,Metric Tonnes,1558.97,Rs./Quintal
Maharashtra,Kolhapur,Vegetables,Tomato,25-12-2024,44.30,Metric Tonnes,1520.32,Rs./Quintal
Maharashtra,Kolhapur,Vegetables,Tomato,26-12-2024,41.00,Metric Tonnes,1317.07,Rs./Quintal
Maharashtra,Kolhapur,Vegetables,Tomato,28-12-2024,47.80,Metric Tonnes,976.99,Rs./Quintal
Maharashtra,Kolhapur,Vegetables,Tomato,29-12-2024,27.00,Metric Tonnes,818.52,Rs./Quintal
Maharashtra,Kolhapur,Vegetables,Tomato,30-12-2024,37.50,Metric Tonnes,700.00,Rs./Quintal
Maharashtra,Kolhapur,Vegetables,Tomato,31-12-2024,21.90,Metric Tonnes,809.59,Rs./Quintal
Maharashtra,Kolhapur,Vegetables,Tomato,01-01-2025,30.70,Metric Tonnes,785.34,Rs./Quintal
Maharashtra,Kolhapur,Vegetables,Tomato,02-01-2025,22.30,Metric Tonnes,1420.63,Rs./Quintal
Maharashtra,Kolhapur,Vegetables,Tomato,03-01-2025,4.50,Metric Tonnes,800.00,Rs./Quintal
Maharashtra,Kolhapur,Vegetables,Tomato,04-01-2025,42.70,Metric Tonnes,814.05,Rs./Quintal
Maharashtra,Kolhapur,Vegetables,Tomato,05-01-2025,24.10,Metric Tonnes,800.00,Rs./Quintal
Maharashtra,Kolhapur,Vegetables,Tomato,06-01-2025,29.50,Metric Tonnes,700.00,Rs./Quintal
Maharashtra,Kolhapur,Vegetables,Tomato,07-01-2025,24.10,Metric Tonnes,1000.00,Rs./Quintal
Maharashtra,Kolhapur,Vegetables,Tomato,08-01-2025,27.10,Metric Tonnes,1000.00,Rs./Quintal
Maharashtra,Kolhapur,Vegetables,Tomato,09-01-2025,34.50,Metric Tonnes,978.26,Rs./Quintal
Maharashtra,Kolhapur,Vegetables,Tomato,10-01-2025,5.00,Metric Tonnes,900.00,Rs./Quintal
Maharashtra,Kolhapur,Vegetables,Tomato,11-01-2025,51.50,Metric Tonnes,1023.30,Rs./Quintal
Maharashtra,Kolhapur,Vegetables,Tomato,12-01-2025,25.90,Metric Tonnes,700.00,Rs./Quintal
Maharashtra,Kolhapur,Vegetables,Tomato,13-01-2025,25.40,Metric Tonnes,700.00,Rs./Quintal
Maharashtra,Kolhapur,Vegetables,Tomato,14-01-2025,8.50,Metric Tonnes,700.00,Rs./Quintal
Maharashtra,Kolhapur,Vegetables,Tomato,15-01-2025,24.80,Metric Tonnes,700.00,Rs./Quintal
Maharashtra,Kolhapur,Vegetables,Tomato,18-01-2025,67.30,Metric Tonnes,688.86,Rs./Quintal
Maharashtra,Kolhapur,Vegetables,Tomato,19-01-2025,40.00,Metric Tonnes,700.00,Rs./Quintal
Maharashtra,Kolhapur,Vegetables,Tomato,20-01-2025,24.00,Metric Tonnes,700.00,Rs./Quintal
Maharashtra,Kolhapur,Vegetables,Tomato,21-01-2025,16.40,Metric Tonnes,500.00,Rs./Quintal
Maharashtra,Kolhapur,Vegetables,Tomato,22-01-2025,29.00,Metric Tonnes,727.59,Rs./Quintal
Maharashtra,Kolhapur,Vegetables,Tomato,23-01-2025,23.20,Metric Tonnes,761.21,Rs./Quintal
Maharashtra,Kolhapur,Vegetables,Tomato,24-01-2025,4.50,Metric Tonnes,600.00,Rs./Quintal
Maharashtra,Kolhapur,Vegetables,Tomato,25-01-2025,39.30,Metric Tonnes,782.82,Rs./Quintal
Maharashtra,Kolhapur,Vegetables,Tomato,26-01-2025,5.00,Metric Tonnes,600.00,Rs./Quintal
Maharashtra,Kolhapur,Vegetables,Tomato,27-01-2025,24.40,Metric Tonnes,600.00,Rs./Quintal
Maharashtra,Kolhapur,Vegetables,Tomato,28-01-2025,18.90,Metric Tonnes,900.00,Rs./Quintal
Maharashtra,Kolhapur,Vegetables,Tomato,29-01-2025,46.30,Metric Tonnes,789.20,Rs./Quintal
Maharashtra,Kolhapur,Vegetables,Tomato,30-01-2025,25.40,Metric Tonnes,1146.85,Rs./Quintal
Maharashtra,Kolhapur,Vegetables,Tomato,31-01-2025,5.50,Metric Tonnes,550.00,Rs./Quintal
Maharashtra,Kolhapur,Vegetables,Tomato,01-02-2025,41.10,Metric Tonnes,1077.86,Rs./Quintal
Maharashtra,Kolhapur,Vegetables,Tomato,02-02-2025,68.80,Metric Tonnes,1151.16,Rs./Quintal
Maharashtra,Kolhapur,Vegetables,Tomato,03-02-2025,130.00,Metric Tonnes,900.00,Rs./Quintal
Maharashtra,Kolhapur,Vegetables,Tomato,04-02-2025,25.60,Metric Tonnes,800.00,Rs./Quintal
Maharashtra,Kolhapur,Vegetables,Tomato,05-02-2025,36.60,Metric Tonnes,1000.00,Rs./Quintal
Maharashtra,Kolhapur,Vegetables,Tomato,06-02-2025,26.90,Metric Tonnes,800.00,Rs./Quintal
Maharashtra,Kolhapur,Vegetables,Tomato,07-02-2025,4.60,Metric Tonnes,800.00,Rs./Quintal
Maharashtra,Kolhapur,Vegetables,Tomato,08-02-2025,30.40,Metric Tonnes,870.39,Rs./Quintal
Maharashtra,Kolhapur,Vegetables,Tomato,09-02-2025,5.10,Metric Tonnes,800.00,Rs./Quintal
Maharashtra,Kolhapur,Vegetables,Tomato,12-02-2025,2.80,Metric Tonnes,800.00,Rs./Quintal
Maharashtra,Kolhapur,Vegetables,Tomato,13-02-2025,29.50,Metric Tonnes,715.25,Rs./Quintal
Maharashtra,Kolhapur,Vegetables,Tomato,14-02-2025,5.00,Metric Tonnes,800.00,Rs./Quintal
Maharashtra,Kolhapur,Vegetables,Tomato,15-02-2025,39.80,Metric Tonnes,700.00,Rs./Quintal
Maharashtra,Kolhapur,Vegetables,Tomato,16-02-2025,16.60,Metric Tonnes,800.00,Rs./Quintal
Maharashtra,Kolhapur,Vegetables,Tomato,17-02-2025,21.30,Metric Tonnes,900.00,Rs./Quintal
Maharashtra,Kolhapur,Vegetables,Tomato,18-02-2025,12.80,Metric Tonnes,1000.00,Rs./Quintal
Maharashtra,Kolhapur,Vegetables,Tomato,19-02-2025,35.50,Metric Tonnes,887.32,Rs./Quintal
Maharashtra,Kolhapur,Vegetables,Tomato,20-02-2025,33.90,Metric Tonnes,714.75,Rs./Quintal
Maharashtra,Kolhapur,Vegetables,Tomato,21-02-2025,6.00,Metric Tonnes,700.00,Rs./Quintal
Maharashtra,Kolhapur,Vegetables,Tomato,22-02-2025,34.80,Metric Tonnes,722.41,Rs./Quintal
Maharashtra,Kolhapur,Vegetables,Tomato,23-02-2025,27.10,Metric Tonnes,700.00,Rs./Quintal
Maharashtra,Kolhapur,Vegetables,Tomato,24-02-2025,32.70,Metric Tonnes,800.00,Rs./Quintal
Maharashtra,Kolhapur,Vegetables,Tomato,25-02-2025,14.20,Metric Tonnes,770.42,Rs./Quintal
Maharashtra,Kolhapur,Vegetables,Tomato,26-02-2025,25.00,Metric Tonnes,700.00,Rs./Quintal
Maharashtra,Kolhapur,Vegetables,Tomato,27-02-2025,24.40,Metric Tonnes,800.00,Rs./Quintal
Maharashtra,Kolhapur,Vegetables,Tomato,01-03-2025,33.20,Metric Tonnes,700.00,Rs./Quintal
Maharashtra,Kolhapur,Vegetables,Tomato,02-03-2025,26.00,Metric Tonnes,819.23,Rs./Quintal
Maharashtra,Kolhapur,Vegetables,Tomato,03-03-2025,28.90,Metric Tonnes,800.00,Rs./Quintal
Maharashtra,Kolhapur,Vegetables,Tomato,04-03-2025,23.00,Metric Tonnes,800.00,Rs./Quintal
Maharashtra,Kolhapur,Vegetables,Tomato,05-03-2025,27.40,Metric Tonnes,900.00,Rs./Quintal
Maharashtra,Kolhapur,Vegetables,Tomato,06-03-2025,20.40,Metric Tonnes,919.61,Rs./Quintal
Maharashtra,Kolhapur,Vegetables,Tomato,08-03-2025,25.70,Metric Tonnes,1100.00,Rs./Quintal
Maharashtra,Kolhapur,Vegetables,Tomato,09-03-2025,16.10,Metric Tonnes,1000.00,Rs./Quintal
Maharashtra,Kolhapur,Vegetables,Tomato,10-03-2025,19.20,Metric Tonnes,1100.00,Rs./Quintal
Maharashtra,Kolhapur,Vegetables,Tomato,11-03-2025,37.60,Metric Tonnes,1273.40,Rs./Quintal
Maharashtra,Kolhapur,Vegetables,Tomato,12-03-2025,30.30,Metric Tonnes,974.26,Rs./Quintal
Maharashtra,Kolhapur,Vegetables,Tomato,13-03-2025,36.60,Metric Tonnes,1368.85,Rs./Quintal
Maharashtra,Kolhapur,Vegetables,Tomato,14-03-2025,13.50,Metric Tonnes,1200.00,Rs./Quintal
Maharashtra,Kolhapur,Vegetables,Tomato,15-03-2025,9.20,Metric Tonnes,846.74,Rs./Quintal
Maharashtra,Kolhapur,Vegetables,Tomato,16-03-2025,28.80,Metric Tonnes,982.64,Rs./Quintal
Maharashtra,Kolhapur,Vegetables,Tomato,17-03-2025,27.70,Metric Tonnes,1000.00,Rs./Quintal
Maharashtra,Kolhapur,Vegetables,Tomato,18-03-2025,29.20,Metric Tonnes,946.06,Rs./Quintal
Maharashtra,Kolhapur,Vegetables,Tomato,19-03-2025,22.50,Metric Tonnes,1000.00,Rs./Quintal
Maharashtra,Kolhapur,Vegetables,Tomato,20-03-2025,26.10,Metric Tonnes,882.76,Rs./Quintal
Maharashtra,Kolhapur,Vegetables,Tomato,21-03-2025,4.50,Metric Tonnes,800.00,Rs./Quintal
Maharashtra,Kolhapur,Vegetables,Tomato,22-03-2025,29.30,Metric Tonnes,900.00,Rs./Quintal
Maharashtra,Kolhapur,Vegetables,Tomato,23-03-2025,27.90,Metric Tonnes,778.49,Rs./Quintal
Maharashtra,Kolhapur,Vegetables,Tomato,24-03-2025,32.60,Metric Tonnes,800.00,Rs./Quintal
Maharashtra,Kolhapur,Vegetables,Tomato,25-03-2025,28.30,Metric Tonnes,638.87,Rs./Quintal
Maharashtra,Kolhapur,Vegetables,Tomato,26-03-2025,25.20,Metric Tonnes,700.00,Rs./Quintal
Maharashtra,Kolhapur,Vegetables,Tomato,27-03-2025,23.50,Metric Tonnes,800.00,Rs./Quintal
Maharashtra,Kolhapur,Vegetables,Tomato,28-03-2025,5.00,Metric Tonnes,850.00,Rs./Quintal
Maharashtra,Kolhapur,Vegetables,Tomato,29-03-2025,36.20,Metric Tonnes,631.77,Rs./Quintal
Maharashtra,Kolhapur,Vegetables,Tomato,30-03-2025,22.80,Metric Tonnes,700.00,Rs./Quintal
Maharashtra,Kolhapur,Vegetables,Tomato,01-04-2025,21.60,Metric Tonnes,700.00,Rs./Quintal
Maharashtra,Kolhapur,Vegetables,Tomato,02-04-2025,24.30,Metric Tonnes,800.00,Rs./Quintal
Maharashtra,Kolhapur,Vegetables,Tomato,03-04-2025,15.40,Metric Tonnes,600.00,Rs./Quintal
Maharashtra,Kolhapur,Vegetables,Tomato,04-04-2025,5.00,Metric Tonnes,1500.00,Rs./Quintal
Maharashtra,Kolhapur,Vegetables,Tomato,05-04-2025,29.80,Metric Tonnes,783.89,Rs./Quintal
Maharashtra,Kolhapur,Vegetables,Tomato,06-04-2025,26.20,Metric Tonnes,676.34,Rs./Quintal
Maharashtra,Kolhapur,Vegetables,Tomato,07-04-2025,26.30,Metric Tonnes,700.00,Rs./Quintal
Maharashtra,Kolhapur,Vegetables,Tomato,08-04-2025,19.30,Metric Tonnes,828.50,Rs./Quintal
Maharashtra,Kolhapur,Vegetables,Tomato,09-04-2025,35.20,Metric Tonnes,1000.00,Rs./Quintal
Maharashtra,Kolhapur,Vegetables,Tomato,10-04-2025,20.10,Metric Tonnes,600.00,Rs./Quintal
Maharashtra,Kolhapur,Vegetables,Tomato,11-04-2025,5.00,Metric Tonnes,700.00,Rs./Quintal
Maharashtra,Kolhapur,Vegetables,Tomato,12-04-2025,30.40,Metric Tonnes,900.00,Rs./Quintal
Maharashtra,Kolhapur,Vegetables,Tomato,13-04-2025,16.80,Metric Tonnes,1000.00,Rs./Quintal
Maharashtra,Kolhapur,Vegetables,Tomato,14-04-2025,22.60,Metric Tonnes,900.00,Rs./Quintal
Maharashtra,Kolhapur,Vegetables,Tomato,15-04-2025,16.20,Metric Tonnes,800.00,Rs./Quintal
Maharashtra,Kolhapur,Vegetables,Tomato,16-04-2025,28.20,Metric Tonnes,1206.03,Rs./Quintal
Maharashtra,Kolhapur,Vegetables,Tomato,17-04-2025,32.90,Metric Tonnes,869.60,Rs./Quintal
Maharashtra,Kolhapur,Vegetables,Tomato,18-04-2025,3.10,Metric Tonnes,800.00,Rs./Quintal
Maharashtra,Kolhapur,Vegetables,Tomato,19-04-2025,37.80,Metric Tonnes,869.05,Rs./Quintal
Maharashtra,Kolhapur,Vegetables,Tomato,20-04-2025,25.20,Metric Tonnes,880.16,Rs./Quintal
Maharashtra,Kolhapur,Vegetables,Tomato,21-04-2025,22.70,Metric Tonnes,900.00,Rs./Quintal
Maharashtra,Kolhapur,Vegetables,Tomato,22-04-2025,23.30,Metric Tonnes,984.12,Rs./Quintal
Maharashtra,Kolhapur,Vegetables,Tomato,23-04-2025,33.60,Metric Tonnes,900.00,Rs./Quintal
Maharashtra,Kolhapur,Vegetables,Tomato,24-04-2025,23.20,Metric Tonnes,800.00,Rs./Quintal
Maharashtra,Kolhapur,Vegetables,Tomato,25-04-2025,4.50,Metric Tonnes,900.00,Rs./Quintal
Maharashtra,Kolhapur,Vegetables,Tomato,26-04-2025,39.70,Metric Tonnes,800.00,Rs./Quintal
Maharashtra,Kolhapur,Vegetables,Tomato,27-04-2025,20.40,Metric Tonnes,900.00,Rs./Quintal
Maharashtra,Kolhapur,Vegetables,Tomato,28-04-2025,27.80,Metric Tonnes,800.00,Rs./Quintal
Maharashtra,Kolhapur,Vegetables,Tomato,29-04-2025,16.50,Metric Tonnes,756.36,Rs./Quintal
Maharashtra,Kolhapur,Vegetables,Tomato,30-04-2025,36.50,Metric Tonnes,987.67,Rs./Quintal
Maharashtra,Kolhapur,Vegetables,Tomato,01-05-2025,5.00,Metric Tonnes,1200.00,Rs./Quintal
Maharashtra,Kolhapur,Vegetables,Tomato,02-05-2025,6.00,Metric Tonnes,1300.00,Rs./Quintal
Maharashtra,Kolhapur,Vegetables,Tomato,03-05-2025,32.60,Metric Tonnes,1073.62,Rs./Quintal
Maharashtra,Kolhapur,Vegetables,Tomato,04-05-2025,22.60,Metric Tonnes,1100.00,Rs./Quintal
Maharashtra,Kolhapur,Vegetables,Tomato,05-05-2025,27.20,Metric Tonnes,900.00,Rs./Quintal
Maharashtra,Kolhapur,Vegetables,Tomato,06-05-2025,22.00,Metric Tonnes,1000.00,Rs./Quintal
Maharashtra,Kolhapur,Vegetables,Tomato,07-05-2025,42.20,Metric Tonnes,1159.95,Rs./Quintal
Maharashtra,Kolhapur,Vegetables,Tomato,08-05-2025,32.30,Metric Tonnes,900.00,Rs./Quintal
Maharashtra,Kolhapur,Vegetables,Tomato,10-05-2025,32.50,Metric Tonnes,1038.46,Rs./Quintal
Maharashtra,Kolhapur,Vegetables,Tomato,11-05-2025,24.00,Metric Tonnes,900.00,Rs./Quintal
Maharashtra,Kolhapur,Vegetables,Tomato,12-05-2025,32.70,Metric Tonnes,800.00,Rs./Quintal
Maharashtra,Kolhapur,Vegetables,Tomato,13-05-2025,16.80,Metric Tonnes,900.00,Rs./Quintal
Maharashtra,Kolhapur,Vegetables,Tomato,15-05-2025,22.10,Metric Tonnes,1457.47,Rs./Quintal
Maharashtra,Kolhapur,Vegetables,Tomato,16-05-2025,5.50,Metric Tonnes,1000.00,Rs./Quintal
Maharashtra,Kolhapur,Vegetables,Tomato,17-05-2025,36.60,Metric Tonnes,1548.63,Rs./Quintal
Maharashtra,Kolhapur,Vegetables,Tomato,18-05-2025,32.50,Metric Tonnes,1443.08,Rs./Quintal
Maharashtra,Kolhapur,Vegetables,Tomato,19-05-2025,10.30,Metric Tonnes,1500.00,Rs./Quintal
Maharashtra,Kolhapur,Vegetables,Tomato,20-05-2025,35.70,Metric Tonnes,1463.59,Rs./Quintal
Maharashtra,Kolhapur,Vegetables,Tomato,21-05-2025,30.80,Metric Tonnes,1522.08,Rs./Quintal
Maharashtra,Kolhapur,Vegetables,Tomato,22-05-2025,27.90,Metric Tonnes,1438.71,Rs./Quintal
Maharashtra,Kolhapur,Vegetables,Tomato,24-05-2025,31.10,Metric Tonnes,2181.99,Rs./Quintal
Maharashtra,Kolhapur,Vegetables,Tomato,25-05-2025,17.60,Metric Tonnes,2300.00,Rs./Quintal
Maharashtra,Kolhapur,Vegetables,Tomato,26-05-2025,38.60,Metric Tonnes,2300.00,Rs./Quintal
Maharashtra,Kolhapur,Vegetables,Tomato,27-05-2025,22.30,Metric Tonnes,1900.00,Rs./Quintal
Maharashtra,Kolhapur,Vegetables,Tomato,28-05-2025,35.00,Metric Tonnes,1714.29,Rs./Quintal
Maharashtra,Kolhapur,Vegetables,Tomato,29-05-2025,27.00,Metric Tonnes,1936.30,Rs./Quintal
Maharashtra,Kolhapur,Vegetables,Tomato,30-05-2025,5.00,Metric Tonnes,1600.00,Rs./Quintal
Maharashtra,Kolhapur,Vegetables,Tomato,31-05-2025,46.70,Metric Tonnes,2422.27,Rs./Quintal
Maharashtra,Kolhapur,Vegetables,Tomato,01-06-2025,14.00,Metric Tonnes,2500.00,Rs./Quintal
Maharashtra,Kolhapur,Vegetables,Tomato,02-06-2025,32.20,Metric Tonnes,1900.00,Rs./Quintal
Maharashtra,Kolhapur,Vegetables,Tomato,03-06-2025,21.90,Metric Tonnes,2023.29,Rs./Quintal
Maharashtra,Kolhapur,Vegetables,Tomato,04-06-2025,25.50,Metric Tonnes,2011.76,Rs./Quintal
Maharashtra,Kolhapur,Vegetables,Tomato,05-06-2025,35.20,Metric Tonnes,1771.59,Rs./Quintal
Maharashtra,Kolhapur,Vegetables,Tomato,06-06-2025,5.00,Metric Tonnes,1400.00,Rs./Quintal
Maharashtra,Kolhapur,Vegetables,Tomato,07-06-2025,5.00,Metric Tonnes,1300.00,Rs./Quintal
Maharashtra,Kolhapur,Vegetables,Tomato,08-06-2025,47.10,Metric Tonnes,1479.19,Rs./Quintal
Maharashtra,Kolhapur,Vegetables,Tomato,09-06-2025,39.20,Metric Tonnes,1400.00,Rs./Quintal
Maharashtra,Kolhapur,Vegetables,Tomato,10-06-2025,25.30,Metric Tonnes,1339.53,Rs./Quintal
Maharashtra,Kolhapur,Vegetables,Tomato,11-06-2025,31.70,Metric Tonnes,1256.94,Rs./Quintal
Maharashtra,Kolhapur,Vegetables,Tomato,12-06-2025,38.90,Metric Tonnes,1366.84,Rs./Quintal
Maharashtra,Kolhapur,Vegetables,Tomato,13-06-2025,12.50,Metric Tonnes,1200.00,Rs./Quintal
Maharashtra,Kolhapur,Vegetables,Tomato,14-06-2025,44.70,Metric Tonnes,1729.75,Rs./Quintal
Maharashtra,Kolhapur,Vegetables,Tomato,15-06-2025,14.30,Metric Tonnes,1300.00,Rs./Quintal
Maharashtra,Kolhapur,Vegetables,Tomato,16-06-2025,21.50,Metric Tonnes,1500.00,Rs./Quintal
Maharashtra,Kolhapur,Vegetables,Tomato,17-06-2025,44.40,Metric Tonnes,1860.36,Rs./Quintal
Maharashtra,Kolhapur,Vegetables,Tomato,18-06-2025,52.70,Metric Tonnes,1648.77,Rs./Quintal
Maharashtra,Kolhapur,Vegetables,Tomato,19-06-2025,45.90,Metric Tonnes,1288.24,Rs./Quintal
Maharashtra,Kolhapur,Vegetables,Tomato,20-06-2025,13.50,Metric Tonnes,1200.00,Rs./Quintal
Maharashtra,Kolhapur,Vegetables,Tomato,21-06-2025,36.30,Metric Tonnes,1000.00,Rs./Quintal
Maharashtra,Kolhapur,Vegetables,Tomato,22-06-2025,17.40,Metric Tonnes,800.00,Rs./Quintal
Maharashtra,Kolhapur,Vegetables,Tomato,23-06-2025,25.20,Metric Tonnes,1200.00,Rs./Quintal
Maharashtra,Kolhapur,Vegetables,Tomato,24-06-2025,4.50,Metric Tonnes,1200.00,Rs./Quintal
Maharashtra,Kolhapur,Vegetables,Tomato,25-06-2025,36.40,Metric Tonnes,1256.04,Rs./Quintal
Maharashtra,Kolhapur,Vegetables,Tomato,26-06-2025,36.60,Metric Tonnes,1437.70,Rs./Quintal
Maharashtra,Kolhapur,Vegetables,Tomato,27-06-2025,4.50,Metric Tonnes,1000.00,Rs./Quintal
Maharashtra,Kolhapur,Vegetables,Tomato,28-06-2025,54.00,Metric Tonnes,1018.15,Rs./Quintal
Maharashtra,Kolhapur,Vegetables,Tomato,29-06-2025,25.60,Metric Tonnes,1059.77,Rs./Quintal
Maharashtra,Kolhapur,Vegetables,Tomato,30-06-2025,27.60,Metric Tonnes,1300.00,Rs./Quintal
Maharashtra,Kolhapur,Vegetables,Tomato,01-07-2025,19.20,Metric Tonnes,1200.00,Rs./Quintal
Maharashtra,Kolhapur,Vegetables,Tomato,03-07-2025,22.40,Metric Tonnes,1300.00,Rs./Quintal
Maharashtra,Kolhapur,Vegetables,Tomato,04-07-2025,14.50,Metric Tonnes,1200.00,Rs./Quintal
Maharashtra,Kolhapur,Vegetables,Tomato,05-07-2025,54.60,Metric Tonnes,1629.67,Rs./Quintal
Maharashtra,Kolhapur,Vegetables,Tomato,06-07-2025,40.90,Metric Tonnes,1193.64,Rs./Quintal
Maharashtra,Kolhapur,Vegetables,Tomato,07-07-2025,28.60,Metric Tonnes,2000.00,Rs./Quintal
Maharashtra,Kolhapur,Vegetables,Tomato,08-07-2025,21.50,Metric Tonnes,1800.00,Rs./Quintal
Maharashtra,Kolhapur,Vegetables,Tomato,09-07-2025,45.00,Metric Tonnes,1622.22,Rs./Quintal
Maharashtra,Kolhapur,Vegetables,Tomato,10-07-2025,22.40,Metric Tonnes,1800.00,Rs./Quintal
Maharashtra,Kolhapur,Vegetables,Tomato,12-07-2025,55.60,Metric Tonnes,1282.37,Rs./Quintal
Maharashtra,Kolhapur,Vegetables,Tomato,13-07-2025,30.20,Metric Tonnes,1000.00,Rs./Quintal
Maharashtra,Kolhapur,Vegetables,Tomato,14-07-2025,37.60,Metric Tonnes,1200.00,Rs./Quintal
Maharashtra,Kolhapur,Vegetables,Tomato,15-07-2025,27.60,Metric Tonnes,1000.00,Rs./Quintal
Maharashtra,Kolhapur,Vegetables,Tomato,16-07-2025,31.10,Metric Tonnes,1000.00,Rs./Quintal
Maharashtra,Kolhapur,Vegetables,Tomato,17-07-2025,38.70,Metric Tonnes,800.00,Rs./Quintal
Maharashtra,Kolhapur,Vegetables,Tomato,18-07-2025,5.00,Metric Tonnes,1300.00,Rs./Quintal
Maharashtra,Kolhapur,Vegetables,Tomato,19-07-2025,41.90,Metric Tonnes,1200.00,Rs./Quintal
Maharashtra,Kolhapur,Vegetables,Tomato,20-07-2025,19.30,Metric Tonnes,1300.00,Rs./Quintal
Maharashtra,Kolhapur,Vegetables,Tomato,21-07-2025,25.50,Metric Tonnes,1000.00,Rs./Quintal
Maharashtra,Kolhapur,Vegetables,Tomato,22-07-2025,17.70,Metric Tonnes,1800.00,Rs./Quintal
Maharashtra,Kolhapur,Vegetables,Tomato,23-07-2025,34.80,Metric Tonnes,1922.41,Rs./Quintal
Maharashtra,Kolhapur,Vegetables,Tomato,24-07-2025,24.90,Metric Tonnes,1919.68,Rs./Quintal
Maharashtra,Kolhapur,Vegetables,Tomato,25-07-2025,5.30,Metric Tonnes,1800.00,Rs./Quintal
Maharashtra,Kolhapur,Vegetables,Tomato,26-07-2025,17.50,Metric Tonnes,2000.00,Rs./Quintal
Maharashtra,Kolhapur,Vegetables,Tomato,27-07-2025,21.70,Metric Tonnes,2500.00,Rs./Quintal
Maharashtra,Kolhapur,Vegetables,Tomato,28-07-2025,15.80,Metric Tonnes,2700.00,Rs./Quintal
Maharashtra,Kolhapur,Vegetables,Tomato,30-07-2025,24.60,Metric Tonnes,3000.00,Rs./Quintal
Maharashtra,Kolhapur,Vegetables,Tomato,31-07-2025,34.40,Metric Tonnes,2200.00,Rs./Quintal
Maharashtra,Kolhapur,Vegetables,Tomato,01-08-2025,4.50,Metric Tonnes,1600.00,Rs./Quintal
Maharashtra,Kolhapur,Vegetables,Tomato,02-08-2025,40.20,Metric Tonnes,2154.23,Rs./Quintal
Maharashtra,Kolhapur,Vegetables,Tomato,03-08-2025,15.90,Metric Tonnes,2100.00,Rs./Quintal
Maharashtra,Kolhapur,Vegetables,Tomato,04-08-2025,24.60,Metric Tonnes,2500.00,Rs./Quintal
Maharashtra,Kolhapur,Vegetables,Tomato,05-08-2025,26.50,Metric Tonnes,2459.25,Rs./Quintal
Maharashtra,Kolhapur,Vegetables,Tomato,06-08-2025,35.50,Metric Tonnes,2859.15,Rs./Quintal
Maharashtra,Kolhapur,Vegetables,Tomato,07-08-2025,21.10,Metric Tonnes,2822.75,Rs./Quintal
Maharashtra,Kolhapur,Vegetables,Tomato,10-08-2025,18.10,Metric Tonnes,3000.00,Rs./Quintal
Maharashtra,Kolhapur,Vegetables,Tomato,11-08-2025,28.90,Metric Tonnes,3000.00,Rs./Quintal
Maharashtra,Kolhapur,Vegetables,Tomato,12-08-2025,22.70,Metric Tonnes,2200.00,Rs./Quintal
Maharashtra,Kolhapur,Vegetables,Tomato,13-08-2025,48.80,Metric Tonnes,1824.59,Rs./Quintal
Maharashtra,Kolhapur,Vegetables,Tomato,14-08-2025,21.30,Metric Tonnes,2100.00,Rs./Quintal
Maharashtra,Kolhapur,Vegetables,Tomato,16-08-2025,39.00,Metric Tonnes,1900.00,Rs./Quintal
Maharashtra,Kolhapur,Vegetables,Tomato,17-08-2025,13.60,Metric Tonnes,1700.00,Rs./Quintal
Maharashtra,Kolhapur,Vegetables,Tomato,18-08-2025,19.10,Metric Tonnes,2300.00,Rs./Quintal
Maharashtra,Kolhapur,Vegetables,Tomato,19-08-2025,23.70,Metric Tonnes,2236.71,Rs./Quintal
Maharashtra,Kolhapur,Vegetables,Tomato,20-08-2025,23.10,Metric Tonnes,2331.17,Rs./Quintal
Maharashtra,Kolhapur,Vegetables,Tomato,21-08-2025,23.20,Metric Tonnes,2514.22,Rs./Quintal
Maharashtra,Kolhapur,Vegetables,Tomato,23-08-2025,31.10,Metric Tonnes,2967.85,Rs./Quintal
Maharashtra,Kolhapur,Vegetables,Tomato,25-08-2025,53.30,Metric Tonnes,1971.86,Rs./Quintal
Maharashtra,Kolhapur,Vegetables,Tomato,26-08-2025,24.80,Metric Tonnes,1300.00,Rs./Quintal
Maharashtra,Kolhapur,Vegetables,Tomato,27-08-2025,27.80,Metric Tonnes,1500.00,Rs./Quintal
Maharashtra,Kolhapur,Vegetables,Tomato,28-08-2025,28.50,Metric Tonnes,1223.16,Rs./Quintal
Maharashtra,Kolhapur,Vegetables,Tomato,30-08-2025,43.10,Metric Tonnes,1900.00,Rs./Quintal
Maharashtra,Kolhapur,Vegetables,Tomato,31-08-2025,16.60,Metric Tonnes,1000.00,Rs./Quintal
Maharashtra,Kolhapur,Vegetables,Tomato,01-09-2025,24.10,Metric Tonnes,1200.00,Rs./Quintal
Maharashtra,Kolhapur,Vegetables,Tomato,02-09-2025,10.30,Metric Tonnes,1300.00,Rs./Quintal
Maharashtra,Kolhapur,Vegetables,Tomato,03-09-2025,17.90,Metric Tonnes,1383.80,Rs./Quintal
Maharashtra,Kolhapur,Vegetables,Tomato,04-09-2025,17.40,Metric Tonnes,1868.97,Rs./Quintal
Maharashtra,Kolhapur,Vegetables,Tomato,05-09-2025,5.00,Metric Tonnes,1800.00,Rs./Quintal
Maharashtra,Kolhapur,Vegetables,Tomato,06-09-2025,53.60,Metric Tonnes,1580.22,Rs./Quintal
Maharashtra,Kolhapur,Vegetables,Tomato,07-09-2025,4.50,Metric Tonnes,1200.00,Rs./Quintal
Maharashtra,Kolhapur,Vegetables,Tomato,08-09-2025,37.80,Metric Tonnes,1200.00,Rs./Quintal
Maharashtra,Kolhapur,Vegetables,Tomato,09-09-2025,35.90,Metric Tonnes,1114.21,Rs./Quintal
Maharashtra,Kolhapur,Vegetables,Tomato,10-09-2025,41.40,Metric Tonnes,1135.51,Rs./Quintal
Maharashtra,Kolhapur,Vegetables,Tomato,11-09-2025,45.50,Metric Tonnes,1140.66,Rs./Quintal
Maharashtra,Kolhapur,Vegetables,Tomato,12-09-2025,5.30,Metric Tonnes,900.00,Rs./Quintal
Maharashtra,Kolhapur,Vegetables,Tomato,13-09-2025,51.60,Metric Tonnes,900.00,Rs./Quintal
Maharashtra,Kolhapur,Vegetables,Tomato,14-09-2025,19.90,Metric Tonnes,1000.00,Rs./Quintal
Maharashtra,Kolhapur,Vegetables,Tomato,15-09-2025,29.70,Metric Tonnes,1000.00,Rs./Quintal
Maharashtra,Kolhapur,Vegetables,Tomato,16-09-2025,25.90,Metric Tonnes,1140.93,Rs./Quintal
Maharashtra,Kolhapur,Vegetables,Tomato,17-09-2025,34.70,Metric Tonnes,800.00,Rs./Quintal
Maharashtra,Kolhapur,Vegetables,Tomato,18-09-2025,19.70,Metric Tonnes,700.00,Rs./Quintal
Maharashtra,Kolhapur,Vegetables,Tomato,19-09-2025,5.00,Metric Tonnes,1000.00,Rs./Quintal
Maharashtra,Kolhapur,Vegetables,Tomato,20-09-2025,38.70,Metric Tonnes,723.77,Rs./Quintal
Maharashtra,Kolhapur,Vegetables,Tomato,21-09-2025,20.20,Metric Tonnes,1000.00,Rs./Quintal
Maharashtra,Kolhapur,Vegetables,Tomato,22-09-2025,16.60,Metric Tonnes,1000.00,Rs./Quintal
Maharashtra,Kolhapur,Vegetables,Tomato,23-09-2025,23.20,Metric Tonnes,1135.34,Rs./Quintal
Maharashtra,Kolhapur,Vegetables,Tomato,24-09-2025,38.90,Metric Tonnes,1000.00,Rs./Quintal
Maharashtra,Kolhapur,Vegetables,Tomato,25-09-2025,24.40,Metric Tonnes,1397.54,Rs./Quintal
Maharashtra,Kolhapur,Vegetables,Tomato,26-09-2025,6.00,Metric Tonnes,900.00,Rs./Quintal
Maharashtra,Kolhapur,Vegetables,Tomato,27-09-2025,26.10,Metric Tonnes,1171.65,Rs./Quintal
Maharashtra,Kolhapur,Vegetables,Tomato,28-09-2025,9.00,Metric Tonnes,1750.00,Rs./Quintal
Maharashtra,Kolhapur,Vegetables,Tomato,29-09-2025,28.30,Metric Tonnes,1700.00,Rs./Quintal
Maharashtra,Kolhapur,Vegetables,Tomato,30-09-2025,33.40,Metric Tonnes,1446.11,Rs./Quintal
Maharashtra,Kolhapur,Vegetables,Tomato,01-10-2025,37.60,Metric Tonnes,1168.09,Rs./Quintal
Maharashtra,Kolhapur,Vegetables,Tomato,02-10-2025,25.60,Metric Tonnes,980.08,Rs./Quintal
Maharashtra,Kolhapur,Vegetables,Tomato,03-10-2025,5.00,Metric Tonnes,1000.00,Rs./Quintal
Maharashtra,Kolhapur,Vegetables,Tomato,04-10-2025,46.60,Metric Tonnes,1446.35,Rs./Quintal
Maharashtra,Kolhapur,Vegetables,Tomato,05-10-2025,25.10,Metric Tonnes,1000.00,Rs./Quintal
Maharashtra,Kolhapur,Vegetables,Tomato,06-10-2025,36.40,Metric Tonnes,1500.00,Rs./Quintal
Maharashtra,Kolhapur,Vegetables,Tomato,07-10-2025,23.70,Metric Tonnes,1373.42,Rs./Quintal
Maharashtra,Kolhapur,Vegetables,Tomato,08-10-2025,25.40,Metric Tonnes,1500.00,Rs./Quintal
Maharashtra,Kolhapur,Vegetables,Tomato,09-10-2025,27.20,Metric Tonnes,1500.00,Rs./Quintal
Maharashtra,Kolhapur,Vegetables,Tomato,12-10-2025,22.40,Metric Tonnes,1300.00,Rs./Quintal
Maharashtra,Kolhapur,Vegetables,Tomato,13-10-2025,37.40,Metric Tonnes,1000.00,Rs./Quintal
Maharashtra,Kolhapur,Vegetables,Tomato,14-10-2025,18.50,Metric Tonnes,1300.00,Rs./Quintal
Maharashtra,Kolhapur,Vegetables,Tomato,15-10-2025,26.90,Metric Tonnes,1000.00,Rs./Quintal
Maharashtra,Kolhapur,Vegetables,Tomato,16-10-2025,29.10,Metric Tonnes,1407.22,Rs./Quintal
Maharashtra,Kolhapur,Vegetables,Tomato,18-10-2025,45.40,Metric Tonnes,1263.66,Rs./Quintal
Maharashtra,Kolhapur,Vegetables,Tomato,21-10-2025,21.10,Metric Tonnes,1000.00,Rs./Quintal
Maharashtra,Kolhapur,Vegetables,Tomato,22-10-2025,30.10,Metric Tonnes,1200.00,Rs./Quintal
Maharashtra,Kolhapur,Vegetables,Tomato,23-10-2025,19.70,Metric Tonnes,1200.00,Rs./Quintal
Maharashtra,Kolhapur,Vegetables,Tomato,26-10-2025,22.80,Metric Tonnes,1200.00,Rs./Quintal
Maharashtra,Kolhapur,Vegetables,Tomato,27-10-2025,31.80,Metric Tonnes,1200.00,Rs./Quintal
Maharashtra,Kolhapur,Vegetables,Tomato,28-10-2025,29.50,Metric Tonnes,1357.63,Rs./Quintal
Maharashtra,Kolhapur,Vegetables,Tomato,29-10-2025,47.80,Metric Tonnes,1409.21,Rs./Quintal
Maharashtra,Kolhapur,Vegetables,Tomato,30-10-2025,30.70,Metric Tonnes,1144.63,Rs./Quintal
Maharashtra,Kolhapur,Vegetables,Tomato,31-10-2025,5.00,Metric Tonnes,1000.00,Rs./Quintal
Maharashtra,Kolhapur,Vegetables,Tomato,01-11-2025,36.20,Metric Tonnes,1100.00,Rs./Quintal
Maharashtra,Kolhapur,Vegetables,Tomato,02-11-2025,17.50,Metric Tonnes,1200.00,Rs./Quintal
Maharashtra,Kolhapur,Vegetables,Tomato,03-11-2025,34.10,Metric Tonnes,1200.00,Rs./Quintal
Maharashtra,Kolhapur,Vegetables,Tomato,04-11-2025,14.40,Metric Tonnes,1000.00,Rs./Quintal
Maharashtra,Kolhapur,Vegetables,Tomato,05-11-2025,39.30,Metric Tonnes,1000.00,Rs./Quintal
Maharashtra,Kolhapur,Vegetables,Tomato,07-11-2025,5.50,Metric Tonnes,1000.00,Rs./Quintal
Maharashtra,Kolhapur,Vegetables,Tomato,08-11-2025,34.80,Metric Tonnes,1031.61,Rs./Quintal
Maharashtra,Kolhapur,Vegetables,Tomato,09-11-2025,21.60,Metric Tonnes,1200.00,Rs./Quintal
Maharashtra,Kolhapur,Vegetables,Tomato,10-11-2025,27.70,Metric Tonnes,1200.00,Rs./Quintal
Maharashtra,Kolhapur,Vegetables,Tomato,11-11-2025,16.60,Metric Tonnes,1500.00,Rs./Quintal
Maharashtra,Kolhapur,Vegetables,Tomato,12-11-2025,34.90,Metric Tonnes,1484.24,Rs./Quintal
Maharashtra,Kolhapur,Vegetables,Tomato,13-11-2025,28.10,Metric Tonnes,1460.85,Rs./Quintal
Maharashtra,Kolhapur,Vegetables,Tomato,15-11-2025,33.00,Metric Tonnes,2216.67,Rs./Quintal
Maharashtra,Kolhapur,Vegetables,Tomato,16-11-2025,28.10,Metric Tonnes,2175.44,Rs./Quintal
Maharashtra,Kolhapur,Vegetables,Tomato,17-11-2025,26.60,Metric Tonnes,2000.00,Rs./Quintal
Maharashtra,Kolhapur,Vegetables,Tomato,18-11-2025,33.30,Metric Tonnes,2270.27,Rs./Quintal
Maharashtra,Kolhapur,Vegetables,Tomato,19-11-2025,36.50,Metric Tonnes,2171.23,Rs./Quintal
Maharashtra,Kolhapur,Vegetables,Tomato,20-11-2025,30.40,Metric Tonnes,2351.97,Rs./Quintal
Maharashtra,Kolhapur,Vegetables,Tomato,22-11-2025,32.90,Metric Tonnes,2322.80,Rs./Quintal
Maharashtra,Kolhapur,Vegetables,Tomato,23-11-2025,17.50,Metric Tonnes,2060.00,Rs./Quintal
Maharashtra,Kolhapur,Vegetables,Tomato,24-11-2025,22.90,Metric Tonnes,2500.00,Rs./Quintal
Maharashtra,Kolhapur,Vegetables,Tomato,25-11-2025,24.50,Metric Tonnes,2008.16,Rs./Quintal
Maharashtra,Kolhapur,Vegetables,Tomato,26-11-2025,36.00,Metric Tonnes,2895.83,Rs./Quintal
Maharashtra,Kolhapur,Vegetables,Tomato,27-11-2025,46.70,Metric Tonnes,2124.20,Rs./Quintal
Maharashtra,Kolhapur,Vegetables,Tomato,28-11-2025,11.00,Metric Tonnes,1200.00,Rs./Quintal
Maharashtra,Kolhapur,Vegetables,Tomato,29-11-2025,48.70,Metric Tonnes,1938.40,Rs./Quintal
Maharashtra,Kolhapur,Vegetables,Tomato,30-11-2025,33.30,Metric Tonnes,1933.93,Rs./Quintal
Maharashtra,Kolhapur,Vegetables,Tomato,01-12-2025,32.50,Metric Tonnes,2000.00,Rs./Quintal
Maharashtra,Kolhapur,Vegetables,Tomato,02-12-2025,17.50,Metric Tonnes,1500.00,Rs./Quintal
Maharashtra,Kolhapur,Vegetables,Tomato,03-12-2025,30.70,Metric Tonnes,2000.00,Rs./Quintal
Maharashtra,Kolhapur,Vegetables,Tomato,04-12-2025,35.90,Metric Tonnes,1387.19,Rs./Quintal
Maharashtra,Kolhapur,Vegetables,Tomato,06-12-2025,19.20,Metric Tonnes,2000.00,Rs./Quintal
Maharashtra,Kolhapur,Vegetables,Tomato,07-12-2025,5.00,Metric Tonnes,1600.00,Rs./Quintal
Maharashtra,Kolhapur,Vegetables,Tomato,08-12-2025,37.90,Metric Tonnes,1500.00,Rs./Quintal
Maharashtra,Kolhapur,Vegetables,Tomato,09-12-2025,28.40,Metric Tonnes,1500.00,Rs./Quintal
Maharashtra,Kolhapur,Vegetables,Tomato,10-12-2025,38.90,Metric Tonnes,1564.27,Rs./Quintal
Maharashtra,Kolhapur,Vegetables,Tomato,11-12-2025,19.80,Metric Tonnes,1626.26,Rs./Quintal
Maharashtra,Kolhapur,Vegetables,Tomato,12-12-2025,3.70,Metric Tonnes,2500.00,Rs./Quintal
Maharashtra,Kolhapur,Vegetables,Tomato,13-12-2025,28.60,Metric Tonnes,2410.84,Rs./Quintal
Maharashtra,Kolhapur,Vegetables,Tomato,14-12-2025,16.20,Metric Tonnes,2660.49,Rs./Quintal
Maharashtra,Kolhapur,Vegetables,Tomato,15-12-2025,17.90,Metric Tonnes,3000.00,Rs./Quintal
Maharashtra,Kolhapur,Vegetables,Tomato,16-12-2025,20.10,Metric Tonnes,2701.49,Rs./Quintal
Maharashtra,Kolhapur,Vegetables,Tomato,17-12-2025,37.00,Metric Tonnes,3337.84,Rs./Quintal
Maharashtra,Kolhapur,Vegetables,Tomato,18-12-2025,30.60,Metric Tonnes,2859.48,Rs./Quintal
Maharashtra,Kolhapur,Vegetables,Tomato,19-12-2025,5.50,Metric Tonnes,2100.00,Rs./Quintal
Maharashtra,Kolhapur,Vegetables,Tomato,20-12-2025,25.20,Metric Tonnes,2436.51,Rs./Quintal
Maharashtra,Kolhapur,Vegetables,Tomato,21-12-2025,26.40,Metric Tonnes,2481.06,Rs./Quintal
Maharashtra,Kolhapur,Vegetables,Tomato,22-12-2025,18.00,Metric Tonnes,3000.00,Rs./Quintal
Maharashtra,Kolhapur,Vegetables,Tomato,23-12-2025,23.20,Metric Tonnes,2903.02,Rs./Quintal
Maharashtra,Kolhapur,Vegetables,Tomato,24-12-2025,36.60,Metric Tonnes,3000.00,Rs./Quintal
Maharashtra,Kolhapur,Vegetables,Tomato,25-12-2025,18.70,Metric Tonnes,3000.00,Rs./Quintal
Maharashtra,Kolhapur,Vegetables,Tomato,26-12-2025,5.50,Metric Tonnes,2800.00,Rs./Quintal
Maharashtra,Kolhapur,Vegetables,Tomato,27-12-2025,41.30,Metric Tonnes,2348.67,Rs./Quintal
Maharashtra,Kolhapur,Vegetables,Tomato,28-12-2025,25.90,Metric Tonnes,3000.00,Rs./Quintal
Maharashtra,Kolhapur,Vegetables,Tomato,29-12-2025,21.40,Metric Tonnes,3000.00,Rs./Quintal
Maharashtra,Kolhapur,Vegetables,Tomato,30-12-2025,28.70,Metric Tonnes,2961.67,Rs./Quintal
Maharashtra,Kolhapur,Vegetables,Tomato,31-12-2025,46.20,Metric Tonnes,2948.05,Rs./Quintal
Maharashtra,Kolhapur,Vegetables,Tomato,01-01-2026,25.50,Metric Tonnes,2788.24,Rs./Quintal
Maharashtra,Kolhapur,Vegetables,Tomato,02-01-2026,5.50,Metric Tonnes,2600.00,Rs./Quintal
Maharashtra,Kolhapur,Vegetables,Tomato,03-01-2026,37.60,Metric Tonnes,2573.14,Rs./Quintal
Maharashtra,Kolhapur,Vegetables,Tomato,04-01-2026,23.40,Metric Tonnes,2521.37,Rs./Quintal
Maharashtra,Kolhapur,Vegetables,Tomato,05-01-2026,26.20,Metric Tonnes,2500.00,Rs./Quintal
Maharashtra,Kolhapur,Vegetables,Tomato,06-01-2026,25.00,Metric Tonnes,2415.20,Rs./Quintal
Maharashtra,Kolhapur,Vegetables,Tomato,07-01-2026,51.00,Metric Tonnes,2341.18,Rs./Quintal
Maharashtra,Kolhapur,Vegetables,Tomato,08-01-2026,27.10,Metric Tonnes,2500.00,Rs./Quintal
Maharashtra,Kolhapur,Vegetables,Tomato,09-01-2026,5.00,Metric Tonnes,1600.00,Rs./Quintal
Maharashtra,Kolhapur,Vegetables,Tomato,10-01-2026,36.60,Metric Tonnes,1931.69,Rs./Quintal
Maharashtra,Kolhapur,Vegetables,Tomato,11-01-2026,24.20,Metric Tonnes,2404.55,Rs./Quintal
Maharashtra,Kolhapur,Vegetables,Tomato,12-01-2026,26.90,Metric Tonnes,2500.00,Rs./Quintal
Maharashtra,Kolhapur,Vegetables,Tomato,13-01-2026,14.00,Metric Tonnes,2000.00,Rs./Quintal
Maharashtra,Kolhapur,Vegetables,Tomato,14-01-2026,27.10,Metric Tonnes,2000.00,Rs./Quintal
Maharashtra,Kolhapur,Vegetables,Tomato,15-01-2026,5.00,Metric Tonnes,1600.00,Rs./Quintal
Maharashtra,Kolhapur,Vegetables,Tomato,17-01-2026,27.80,Metric Tonnes,1500.00,Rs./Quintal
Maharashtra,Kolhapur,Vegetables,Tomato,18-01-2026,26.00,Metric Tonnes,1500.00,Rs./Quintal
Maharashtra,Kolhapur,Vegetables,Tomato,19-01-2026,34.90,Metric Tonnes,1500.00,Rs./Quintal
Maharashtra,Kolhapur,Vegetables,Tomato,20-01-2026,20.40,Metric Tonnes,1500.00,Rs./Quintal
Maharashtra,Kolhapur,Vegetables,Tomato,21-01-2026,22.70,Metric Tonnes,1500.00,Rs./Quintal
Maharashtra,Kolhapur,Vegetables,Tomato,22-01-2026,29.60,Metric Tonnes,1466.22,Rs./Quintal
Maharashtra,Kolhapur,Vegetables,Tomato,24-01-2026,21.20,Metric Tonnes,2000.00,Rs./Quintal
Maharashtra,Kolhapur,Vegetables,Tomato,25-01-2026,21.30,Metric Tonnes,2000.00,Rs./Quintal
Maharashtra,Kolhapur,Vegetables,Tomato,27-01-2026,22.60,Metric Tonnes,1500.00,Rs./Quintal
Maharashtra,Kolhapur,Vegetables,Tomato,28-01-2026,29.10,Metric Tonnes,1500.00,Rs./Quintal
Maharashtra,Kolhapur,Vegetables,Tomato,30-01-2026,5.00,Metric Tonnes,800.00,Rs./Quintal
Maharashtra,Kolhapur,Vegetables,Tomato,31-01-2026,49.10,Metric Tonnes,1177.60,Rs./Quintal
Maharashtra,Kolhapur,Vegetables,Tomato,01-02-2026,44.20,Metric Tonnes,1177.38,Rs./Quintal
Maharashtra,Kolhapur,Vegetables,Tomato,02-02-2026,23.40,Metric Tonnes,1500.00,Rs./Quintal
Maharashtra,Kolhapur,Vegetables,Tomato,03-02-2026,23.40,Metric Tonnes,1425.64,Rs./Quintal
Maharashtra,Kolhapur,Vegetables,Tomato,04-02-2026,30.90,Metric Tonnes,1427.18,Rs./Quintal
Maharashtra,Kolhapur,Vegetables,Tomato,05-02-2026,23.10,Metric Tonnes,1200.00,Rs./Quintal
Maharashtra,Kolhapur,Vegetables,Tomato,08-02-2026,31.70,Metric Tonnes,982.65,Rs./Quintal
Maharashtra,Kolhapur,Vegetables,Tomato,09-02-2026,18.30,Metric Tonnes,1500.00,Rs./Quintal
Maharashtra,Kolhapur,Vegetables,Tomato,10-02-2026,6.00,Metric Tonnes,1200.00,Rs./Quintal
Maharashtra,Kolhapur,Vegetables,Tomato,11-02-2026,38.40,Metric Tonnes,1226.04,Rs./Quintal
Maharashtra,Kolhapur,Vegetables,Tomato,12-02-2026,33.60,Metric Tonnes,1000.00,Rs./Quintal
Maharashtra,Kolhapur,Vegetables,Tomato,13-02-2026,5.30,Metric Tonnes,1000.00,Rs./Quintal
Maharashtra,Kolhapur,Vegetables,Tomato,14-02-2026,33.40,Metric Tonnes,1229.94,Rs./Quintal
Maharashtra,Kolhapur,Vegetables,Tomato,15-02-2026,19.90,Metric Tonnes,1050.25,Rs./Quintal
Maharashtra,Kolhapur,Vegetables,Tomato,16-02-2026,28.70,Metric Tonnes,1000.00,Rs./Quintal
Maharashtra,Kolhapur,Vegetables,Tomato,17-02-2026,16.40,Metric Tonnes,1067.07,Rs./Quintal
Maharashtra,Kolhapur,Vegetables,Tomato,18-02-2026,21.80,Metric Tonnes,1000.00,Rs./Quintal
Maharashtra,Kolhapur,Vegetables,Tomato,19-02-2026,22.80,Metric Tonnes,1000.00,Rs./Quintal
Maharashtra,Kolhapur,Vegetables,Tomato,20-02-2026,5.00,Metric Tonnes,900.00,Rs./Quintal
Maharashtra,Kolhapur,Vegetables,Tomato,21-02-2026,26.50,Metric Tonnes,1000.00,Rs./Quintal
Maharashtra,Kolhapur,Vegetables,Tomato,22-02-2026,23.50,Metric Tonnes,1000.00,Rs./Quintal
Maharashtra,Kolhapur,Vegetables,Tomato,23-02-2026,32.40,Metric Tonnes,800.00,Rs./Quintal
Maharashtra,Kolhapur,Vegetables,Tomato,26-02-2026,25.30,Metric Tonnes,839.53,Rs./Quintal
Maharashtra,Kolhapur,Vegetables,Tomato,27-02-2026,5.00,Metric Tonnes,900.00,Rs./Quintal
Maharashtra,Kolhapur,Vegetables,Tomato,28-02-2026,33.50,Metric Tonnes,1000.00,Rs./Quintal
Maharashtra,Kolhapur,Vegetables,Tomato,01-03-2026,5.50,Metric Tonnes,1500.00,Rs./Quintal
Maharashtra,Kolhapur,Vegetables,Tomato,02-03-2026,21.00,Metric Tonnes,1200.00,Rs./Quintal
Maharashtra,Kolhapur,Vegetables,Tomato,03-03-2026,13.40,Metric Tonnes,800.00,Rs./Quintal
Maharashtra,Kolhapur,Vegetables,Tomato,04-03-2026,11.50,Metric Tonnes,1100.00,Rs./Quintal
Maharashtra,Kolhapur,Vegetables,Tomato,05-03-2026,37.90,Metric Tonnes,1005.80,Rs./Quintal
Maharashtra,Kolhapur,Vegetables,Tomato,06-03-2026,4.50,Metric Tonnes,1400.00,Rs./Quintal
Maharashtra,Kolhapur,Vegetables,Tomato,07-03-2026,20.50,Metric Tonnes,940.49,Rs./Quintal
Maharashtra,Kolhapur,Vegetables,Tomato,08-03-2026,8.00,Metric Tonnes,1000.00,Rs./Quintal
Maharashtra,Kolhapur,Vegetables,Tomato,09-03-2026,19.20,Metric Tonnes,800.00,Rs./Quintal
Maharashtra,Kolhapur,Vegetables,Tomato,10-03-2026,13.60,Metric Tonnes,873.53,Rs./Quintal
Maharashtra,Kolhapur,Vegetables,Tomato,11-03-2026,21.80,Metric Tonnes,882.57,Rs./Quintal
Maharashtra,Kolhapur,Vegetables,Tomato,12-03-2026,17.20,Metric Tonnes,1000.00,Rs./Quintal
Maharashtra,Kolhapur,Vegetables,Tomato,13-03-2026,6.00,Metric Tonnes,1200.00,Rs./Quintal
Maharashtra,Kolhapur,Vegetables,Tomato,14-03-2026,20.20,Metric Tonnes,1000.00,Rs./Quintal
Maharashtra,Kolhapur,Vegetables,Tomato,15-03-2026,13.10,Metric Tonnes,1000.00,Rs./Quintal
Maharashtra,Kolhapur,Vegetables,Tomato,16-03-2026,26.80,Metric Tonnes,900.00,Rs./Quintal
Maharashtra,Kolhapur,Vegetables,Tomato,17-03-2026,19.20,Metric Tonnes,800.00,Rs./Quintal
Maharashtra,Kolhapur,Vegetables,Tomato,18-03-2026,33.90,Metric Tonnes,967.55,Rs./Quintal
Maharashtra,Kolhapur,Vegetables,Tomato,19-03-2026,24.50,Metric Tonnes,1073.47,Rs./Quintal
Maharashtra,Kolhapur,Vegetables,Tomato,20-03-2026,5.00,Metric Tonnes,1500.00,Rs./Quintal
Maharashtra,Kolhapur,Vegetables,Tomato,22-03-2026,24.90,Metric Tonnes,1040.16,Rs./Quintal
Maharashtra,Kolhapur,Vegetables,Tomato,23-03-2026,38.50,Metric Tonnes,1000.00,Rs./Quintal
Maharashtra,Kolhapur,Vegetables,Tomato,24-03-2026,23.50,Metric Tonnes,1000.00,Rs./Quintal
Maharashtra,Kolhapur,Vegetables,Tomato,25-03-2026,29.70,Metric Tonnes,1074.07,Rs./Quintal
Maharashtra,Kolhapur,Vegetables,Tomato,26-03-2026,9.70,Metric Tonnes,1000.00,Rs./Quintal
Maharashtra,Kolhapur,Vegetables,Tomato,27-03-2026,5.50,Metric Tonnes,1200.00,Rs./Quintal
Maharashtra,Kolhapur,Vegetables,Tomato,28-03-2026,28.30,Metric Tonnes,1000.00,Rs./Quintal
Maharashtra,Kolhapur,Vegetables,Tomato,29-03-2026,21.60,Metric Tonnes,1153.70,Rs./Quintal
Maharashtra,Kolhapur,Vegetables,Tomato,30-03-2026,33.40,Metric Tonnes,1000.00,Rs./Quintal
Maharashtra,Kolhapur,Vegetables,Tomato,31-03-2026,15.30,Metric Tonnes,1000.00,Rs./Quintal
Maharashtra,Kolhapur,Vegetables,Tomato,01-04-2026,24.80,Metric Tonnes,1000.00,Rs./Quintal
Maharashtra,Kolhapur,Vegetables,Tomato,02-04-2026,15.00,Metric Tonnes,1000.00,Rs./Quintal
Maharashtra,Kolhapur,Vegetables,Tomato,04-04-2026,30.30,Metric Tonnes,1000.00,Rs./Quintal
Maharashtra,Kolhapur,Vegetables,Tomato,05-04-2026,16.10,Metric Tonnes,1000.00,Rs./Quintal
Maharashtra,Kolhapur,Vegetables,Tomato,06-04-2026,27.80,Metric Tonnes,1000.00,Rs./Quintal
Maharashtra,Kolhapur,Vegetables,Tomato,07-04-2026,25.50,Metric Tonnes,1466.67,Rs./Quintal
Maharashtra,Kolhapur,Vegetables,Tomato,08-04-2026,24.20,Metric Tonnes,1087.60,Rs./Quintal
Maharashtra,Kolhapur,Vegetables,Tomato,09-04-2026,25.40,Metric Tonnes,1129.92,Rs./Quintal
Maharashtra,Kolhapur,Vegetables,Tomato,10-04-2026,5.30,Metric Tonnes,1400.00,Rs./Quintal
Maharashtra,Kolhapur,Vegetables,Tomato,11-04-2026,33.30,Metric Tonnes,1050.30,Rs./Quintal
Maharashtra,Kolhapur,Vegetables,Tomato,12-04-2026,24.70,Metric Tonnes,1479.76,Rs./Quintal
Maharashtra,Kolhapur,Vegetables,Tomato,13-04-2026,24.10,Metric Tonnes,1000.00,Rs./Quintal
Maharashtra,Kolhapur,Vegetables,Tomato,14-04-2026,23.60,Metric Tonnes,1000.00,Rs./Quintal
Maharashtra,Kolhapur,Vegetables,Tomato,15-04-2026,29.10,Metric Tonnes,1103.09,Rs./Quintal
Maharashtra,Kolhapur,Vegetables,Tomato,16-04-2026,29.70,Metric Tonnes,1074.07,Rs./Quintal
Maharashtra,Kolhapur,Vegetables,Tomato,17-04-2026,5.00,Metric Tonnes,1200.00,Rs./Quintal
Maharashtra,Kolhapur,Vegetables,Tomato,18-04-2026,37.70,Metric Tonnes,1106.10,Rs./Quintal
Maharashtra,Kolhapur,Vegetables,Tomato,19-04-2026,23.60,Metric Tonnes,1500.00,Rs./Quintal
Maharashtra,Kolhapur,Vegetables,Tomato,20-04-2026,26.00,Metric Tonnes,1500.00,Rs./Quintal
Maharashtra,Kolhapur,Vegetables,Tomato,21-04-2026,33.70,Metric Tonnes,1302.08,Rs./Quintal
Maharashtra,Kolhapur,Vegetables,Tomato,22-04-2026,36.90,Metric Tonnes,1483.74,Rs./Quintal
Maharashtra,Kolhapur,Vegetables,Tomato,23-04-2026,17.50,Metric Tonnes,1300.00,Rs./Quintal
Maharashtra,Kolhapur,Vegetables,Tomato,24-04-2026,5.00,Metric Tonnes,1600.00,Rs./Quintal
Maharashtra,Kolhapur,Vegetables,Tomato,25-04-2026,26.20,Metric Tonnes,1404.58,Rs./Quintal
Maharashtra,Kolhapur,Vegetables,Tomato,26-04-2026,35.10,Metric Tonnes,1467.24,Rs./Quintal
Maharashtra,Kolhapur,Vegetables,Tomato,27-04-2026,27.60,Metric Tonnes,1500.00,Rs./Quintal
Maharashtra,Kolhapur,Vegetables,Tomato,28-04-2026,22.10,Metric Tonnes,1418.55,Rs./Quintal
Maharashtra,Kolhapur,Vegetables,Tomato,29-04-2026,31.80,Metric Tonnes,1831.45,Rs./Quintal
Maharashtra,Kolhapur,Vegetables,Tomato,30-04-2026,16.80,Metric Tonnes,1702.38,Rs./Quintal
Maharashtra,Kolhapur,Vegetables,Tomato,01-05-2026,6.50,Metric Tonnes,1200.00,Rs./Quintal
Maharashtra,Kolhapur,Vegetables,Tomato,02-05-2026,10.20,Metric Tonnes,1882.35,Rs./Quintal
Maharashtra,Kolhapur,Vegetables,Tomato,03-05-2026,20.00,Metric Tonnes,1605.00,Rs./Quintal
Maharashtra,Kolhapur,Vegetables,Tomato,04-05-2026,22.50,Metric Tonnes,2000.00,Rs./Quintal
Maharashtra,Kolhapur,Vegetables,Tomato,05-05-2026,23.50,Metric Tonnes,1914.89,Rs./Quintal
Maharashtra,Kolhapur,Vegetables,Tomato,06-05-2026,25.10,Metric Tonnes,2000.00,Rs./Quintal
Maharashtra,Kolhapur,Vegetables,Tomato,07-05-2026,20.60,Metric Tonnes,2281.55,Rs./Quintal
Maharashtra,Kolhapur,Vegetables,Tomato,08-05-2026,5.50,Metric Tonnes,1500.00,Rs./Quintal
Maharashtra,Kolhapur,Vegetables,Tomato,09-05-2026,24.70,Metric Tonnes,2257.89,Rs./Quintal
Maharashtra,Kolhapur,Vegetables,Tomato,10-05-2026,14.60,Metric Tonnes,2263.01,Rs./Quintal
Maharashtra,Kolhapur,Vegetables,Tomato,11-05-2026,25.90,Metric Tonnes,2500.00,Rs./Quintal
Maharashtra,Kolhapur,Vegetables,Tomato,12-05-2026,28.50,Metric Tonnes,2447.37,Rs./Quintal
Maharashtra,Kolhapur,Vegetables,Tomato,13-05-2026,27.20,Metric Tonnes,2372.06,Rs./Quintal
Maharashtra,Kolhapur,Vegetables,Tomato,14-05-2026,23.00,Metric Tonnes,2195.65,Rs./Quintal
Maharashtra,Kolhapur,Vegetables,Tomato,15-05-2026,4.50,Metric Tonnes,2000.00,Rs./Quintal
Maharashtra,Kolhapur,Vegetables,Tomato,16-05-2026,21.50,Metric Tonnes,2500.00,Rs./Quintal
Maharashtra,Kolhapur,Vegetables,Tomato,17-05-2026,13.80,Metric Tonnes,2300.00,Rs./Quintal
Maharashtra,Kolhapur,Vegetables,Tomato,18-05-2026,28.70,Metric Tonnes,2000.00,Rs./Quintal
Maharashtra,Kolhapur,Vegetables,Tomato,19-05-2026,27.10,Metric Tonnes,2513.28,Rs./Quintal
Maharashtra,Kolhapur,Vegetables,Tomato,20-05-2026,32.80,Metric Tonnes,2100.61,Rs./Quintal
Maharashtra,Kolhapur,Vegetables,Tomato,21-05-2026,26.20,Metric Tonnes,2114.50,Rs./Quintal
Maharashtra,Kolhapur,Vegetables,Tomato,22-05-2026,5.10,Metric Tonnes,2100.00,Rs./Quintal
Maharashtra,Kolhapur,Vegetables,Tomato,23-05-2026,29.60,Metric Tonnes,2260.81,Rs./Quintal
Maharashtra,Kolhapur,Vegetables,Tomato,24-05-2026,15.30,Metric Tonnes,2500.00,Rs./Quintal
Maharashtra,Kolhapur,Vegetables,Tomato,25-05-2026,29.40,Metric Tonnes,2700.00,Rs./Quintal
Maharashtra,Kolhapur,Vegetables,Tomato,26-05-2026,27.60,Metric Tonnes,2488.04,Rs./Quintal
Maharashtra,Kolhapur,Vegetables,Tomato,27-05-2026,27.30,Metric Tonnes,2920.88,Rs./Quintal
Maharashtra,Kolhapur,Vegetables,Tomato,28-05-2026,5.00,Metric Tonnes,3600.00,Rs./Quintal
Maharashtra,Kolhapur,Vegetables,Tomato,29-05-2026,5.00,Metric Tonnes,3500.00,Rs./Quintal
Maharashtra,Kolhapur,Vegetables,Tomato,30-05-2026,31.40,Metric Tonnes,2579.62,Rs./Quintal
Maharashtra,Kolhapur,Vegetables,Tomato,31-05-2026,11.50,Metric Tonnes,2500.00,Rs./Quintal
Maharashtra,Kolhapur,Vegetables,Tomato,01-06-2026,36.30,Metric Tonnes,3000.00,Rs./Quintal
Maharashtra,Kolhapur,Vegetables,Tomato,02-06-2026,30.10,Metric Tonnes,2546.51,Rs./Quintal
Maharashtra,Kolhapur,Vegetables,Tomato,03-06-2026,34.20,Metric Tonnes,2105.26,Rs./Quintal
Maharashtra,Kolhapur,Vegetables,Tomato,04-06-2026,22.60,Metric Tonnes,2000.00,Rs./Quintal
Maharashtra,Kolhapur,Vegetables,Tomato,05-06-2026,5.00,Metric Tonnes,3000.00,Rs./Quintal
Maharashtra,Kolhapur,Vegetables,Tomato,06-06-2026,29.50,Metric Tonnes,2135.59,Rs./Quintal
Maharashtra,Kolhapur,Vegetables,Tomato,07-06-2026,28.40,Metric Tonnes,2116.20,Rs./Quintal
Maharashtra,Kolhapur,Vegetables,Tomato,08-06-2026,24.30,Metric Tonnes,2000.00,Rs./Quintal
Maharashtra,Kolhapur,Vegetables,Tomato,09-06-2026,20.60,Metric Tonnes,2046.12,Rs./Quintal
Maharashtra,Kolhapur,Vegetables,Tomato,10-06-2026,28.10,Metric Tonnes,2142.35,Rs./Quintal
Maharashtra,Kolhapur,Vegetables,Tomato,11-06-2026,20.90,Metric Tonnes,2000.00,Rs./Quintal
Maharashtra,Kolhapur,Vegetables,Tomato,13-06-2026,36.40,Metric Tonnes,2512.64,Rs./Quintal
Maharashtra,Kolhapur,Vegetables,Tomato,14-06-2026,24.70,Metric Tonnes,2133.60,Rs./Quintal
Maharashtra,Kolhapur,Vegetables,Tomato,15-06-2026,23.60,Metric Tonnes,2000.00,Rs./Quintal
Maharashtra,Kolhapur,Vegetables,Tomato,16-06-2026,18.00,Metric Tonnes,2533.33,Rs./Quintal
Maharashtra,Kolhapur,Vegetables,Tomato,17-06-2026,30.70,Metric Tonnes,2102.61,Rs./Quintal
Maharashtra,Kolhapur,Vegetables,Tomato,18-06-2026,26.30,Metric Tonnes,2104.56,Rs./Quintal
Maharashtra,Kolhapur,Vegetables,Tomato,19-06-2026,5.10,Metric Tonnes,2500.00,Rs./Quintal
Maharashtra,Kolhapur,Vegetables,Tomato,20-06-2026,27.10,Metric Tonnes,2500.00,Rs./Quintal
Maharashtra,Kolhapur,Vegetables,Tomato,21-06-2026,16.20,Metric Tonnes,2277.78,Rs./Quintal
Maharashtra,Kolhapur,Vegetables,Tomato,22-06-2026,25.00,Metric Tonnes,2000.00,Rs./Quintal
Maharashtra,Kolhapur,Vegetables,Tomato,23-06-2026,23.60,Metric Tonnes,2034.32,Rs./Quintal
Maharashtra,Kolhapur,Vegetables,Tomato,24-06-2026,32.70,Metric Tonnes,2016.82,Rs./Quintal
Maharashtra,Kolhapur,Vegetables,Tomato,25-06-2026,5.50,Metric Tonnes,2000.00,Rs./Quintal
Maharashtra,Kolhapur,Vegetables,Tomato,27-06-2026,38.60,Metric Tonnes,2000.00,Rs./Quintal
Maharashtra,Kolhapur,Vegetables,Tomato,28-06-2026,22.20,Metric Tonnes,1747.75,Rs./Quintal
Maharashtra,Kolhapur,Vegetables,Tomato,29-06-2026,22.10,Metric Tonnes,1500.00,Rs./Quintal
Maharashtra,Kolhapur,Vegetables,Tomato,30-06-2026,13.90,Metric Tonnes,1920.86,Rs./Quintal
Maharashtra,Kolhapur,Vegetables,Tomato,01-07-2026,34.20,Metric Tonnes,1456.14,Rs./Quintal
Maharashtra,Kolhapur,Vegetables,Tomato,02-07-2026,27.40,Metric Tonnes,1905.11,Rs./Quintal
Maharashtra,Kolhapur,Vegetables,Tomato,03-07-2026,7.00,Metric Tonnes,1700.00,Rs./Quintal
Maharashtra,Kolhapur,Vegetables,Tomato,04-07-2026,32.40,Metric Tonnes,1481.48,Rs./Quintal
Maharashtra,Kolhapur,Vegetables,Tomato,05-07-2026,21.50,Metric Tonnes,1430.23,Rs./Quintal
Maharashtra,Kolhapur,Vegetables,Tomato,06-07-2026,23.90,Metric Tonnes,1500.00,Rs./Quintal
Maharashtra,Kolhapur,Vegetables,Tomato,07-07-2026,41.60,Metric Tonnes,1692.31,Rs./Quintal
Maharashtra,Kolhapur,Vegetables,Tomato,08-07-2026,27.60,Metric Tonnes,1400.00,Rs./Quintal
Maharashtra,Kolhapur,Vegetables,Tomato,09-07-2026,35.60,Metric Tonnes,1254.78,Rs./Quintal
Maharashtra,Kolhapur,Vegetables,Tomato,11-07-2026,36.50,Metric Tonnes,1400.00,Rs./Quintal
Maharashtra,Kolhapur,Vegetables,Tomato,12-07-2026,20.90,Metric Tonnes,1023.92,Rs./Quintal
Maharashtra,Kolhapur,Vegetables,Tomato,13-07-2026,25.70,Metric Tonnes,1400.00,Rs./Quintal
Maharashtra,Kolhapur,Vegetables,Tomato,14-07-2026,25.80,Metric Tonnes,2000.00,Rs./Quintal
Maharashtra,Kolhapur,Vegetables,Tomato,15-07-2026,46.60,Metric Tonnes,1042.92,Rs./Quintal
Maharashtra,Kolhapur,Vegetables,Tomato,16-07-2026,36.30,Metric Tonnes,1434.99,Rs./Quintal
Maharashtra,Kolhapur,Vegetables,Tomato,17-07-2026,4.50,Metric Tonnes,1200.00,Rs./Quintal
Maharashtra,Kolhapur,Vegetables,Tomato,18-07-2026,34.70,Metric Tonnes,1286.46,Rs./Quintal
Maharashtra,Kolhapur,Vegetables,Tomato,19-07-2026,29.00,Metric Tonnes,1367.24,Rs./Quintal
Maharashtra,Kolhapur,Vegetables,Tomato,20-07-2026,21.60,Metric Tonnes,1400.00,Rs./Quintal
Maharashtra,Kolhapur,Vegetables,Tomato,21-07-2026,19.90,Metric Tonnes,1330.15,Rs./Quintal
Maharashtra,Kolhapur,Vegetables,Tomato,22-07-2026,37.40,Metric Tonnes,1264.17,Rs./Quintal
Maharashtra,Kolhapur,Vegetables,Tomato,23-07-2026,23.90,Metric Tonnes,1300.00,Rs./Quintal
Maharashtra,Kolhapur,Vegetables,Tomato,24-07-2026,5.60,Metric Tonnes,1500.00,Rs./Quintal
Maharashtra,Kolhapur,Vegetables,Tomato,25-07-2026,25.00,Metric Tonnes,1000.00,Rs./Quintal
Maharashtra,Kolhapur,Vegetables,Tomato,26-07-2026,23.60,Metric Tonnes,1300.00,Rs./Quintal
Maharashtra,Kolhapur,Vegetables,Tomato,27-07-2026,33.60,Metric Tonnes,1200.00,Rs./Quintal
Maharashtra,Kolhapur,Vegetables,Tomato,28-07-2026,16.50,Metric Tonnes,1181.82,Rs./Quintal
Maharashtra,Kolhapur,Vegetables,Tomato,29-07-2026,46.20,Metric Tonnes,1090.91,Rs./Quintal
Maharashtra,Kolhapur,Vegetables,Tomato,30-07-2026,17.90,Metric Tonnes,1000.00,Rs./Quintal
Maharashtra,Kolhapur,Vegetables,Tomato,31-07-2026,5.50,Metric Tonnes,1600.00,Rs./Quintal
Maharashtra,Kolhapur,Vegetables,Tomato,01-08-2026,30.00,Metric Tonnes,1400.00,Rs./Quintal
Maharashtra,Kolhapur,Vegetables,Tomato,02-08-2026,29.60,Metric Tonnes,1040.54,Rs./Quintal
Maharashtra,Kolhapur,Vegetables,Tomato,03-08-2026,25.30,Metric Tonnes,1200.00,Rs./Quintal
Maharashtra,Kolhapur,Vegetables,Tomato,04-08-2026,18.50,Metric Tonnes,1200.00,Rs./Quintal
Maharashtra,Kolhapur,Vegetables,Tomato,05-08-2026,31.30,Metric Tonnes,1200.00,Rs./Quintal
Maharashtra,Kolhapur,Vegetables,Tomato,06-08-2026,30.60,Metric Tonnes,1000.00,Rs./Quintal
Maharashtra,Kolhapur,Vegetables,Tomato,07-08-2026,5.00,Metric Tonnes,1300.00,Rs./Quintal
Maharashtra,Kolhapur,Vegetables,Tomato,08-08-2026,26.50,Metric Tonnes,1000.00,Rs./Quintal
Maharashtra,Kolhapur,Vegetables,Tomato,09-08-2026,22.30,Metric Tonnes,1044.84,Rs./Quintal
Maharashtra,Kolhapur,Vegetables,Tomato,11-08-2026,25.90,Metric Tonnes,1046.33,Rs./Quintal
Maharashtra,Kolhapur,Vegetables,Tomato,12-08-2026,29.60,Metric Tonnes,1016.89,Rs./Quintal
Maharashtra,Kolhapur,Vegetables,Tomato,13-08-2026,37.60,Metric Tonnes,1000.00,Rs./Quintal
Maharashtra,Kolhapur,Vegetables,Tomato,14-08-2026,4.50,Metric Tonnes,1000.00,Rs./Quintal
Maharashtra,Kolhapur,Vegetables,Tomato,16-08-2026,38.00,Metric Tonnes,1031.58,Rs./Quintal
Maharashtra,Kolhapur,Vegetables,Tomato,17-08-2026,32.20,Metric Tonnes,1000.00,Rs./Quintal
Maharashtra,Kolhapur,Vegetables,Tomato,18-08-2026,27.90,Metric Tonnes,1043.01,Rs./Quintal
Maharashtra,Kolhapur,Vegetables,Tomato,19-08-2026,21.00,Metric Tonnes,1000.00,Rs./Quintal
Maharashtra,Kolhapur,Vegetables,Tomato,20-08-2026,37.80,Metric Tonnes,1063.49,Rs./Quintal
Maharashtra,Kolhapur,Vegetables,Tomato,21-08-2026,6.00,Metric Tonnes,1000.00,Rs./Quintal
Maharashtra,Kolhapur,Vegetables,Tomato,22-08-2026,27.20,Metric Tonnes,863.24,Rs./Quintal
Maharashtra,Kolhapur,Vegetables,Tomato,23-08-2026,25.50,Metric Tonnes,1047.06,Rs./Quintal
Maharashtra,Kolhapur,Vegetables,Tomato,24-08-2026,32.20,Metric Tonnes,1000.00,Rs./Quintal
Maharashtra,Kolhapur,Vegetables,Tomato,25-08-2026,12.40,Metric Tonnes,1000.00,Rs./Quintal
Maharashtra,Kolhapur,Vegetables,Tomato,26-08-2026,25.50,Metric Tonnes,888.24,Rs./Quintal
Maharashtra,Kolhapur,Vegetables,Tomato,27-08-2026,9.80,Metric Tonnes,1000.00,Rs./Quintal
Maharashtra,Kolhapur,Vegetables,Tomato,29-08-2026,20.80,Metric Tonnes,1000.00,Rs./Quintal
Maharashtra,Kolhapur,Vegetables,Tomato,30-08-2026,17.70,Metric Tonnes,1000.00,Rs./Quintal
Maharashtra,Kolhapur,Vegetables,Tomato,31-08-2026,24.00,Metric Tonnes,1000.00,Rs./Quintal
Maharashtra,Kolhapur,Vegetables,Tomato,01-09-2026,25.90,Metric Tonnes,843.24,Rs./Quintal
Maharashtra,Kolhapur,Vegetables,Tomato,02-09-2026,26.70,Metric Tonnes,1044.94,Rs./Quintal
Maharashtra,Kolhapur,Vegetables,Tomato,03-09-2026,25.40,Metric Tonnes,1000.00,Rs./Quintal
Maharashtra,Kolhapur,Vegetables,Tomato,05-09-2026,14.30,Metric Tonnes,900.00,Rs./Quintal
Maharashtra,Kolhapur,Vegetables,Tomato,06-09-2026,27.90,Metric Tonnes,1360.93,Rs./Quintal
Maharashtra,Kolhapur,Vegetables,Tomato,07-09-2026,18.90,Metric Tonnes,1000.00,Rs./Quintal
Maharashtra,Kolhapur,Vegetables,Tomato,08-09-2026,18.00,Metric Tonnes,1000.00,Rs./Quintal
Maharashtra,Kolhapur,Vegetables,Tomato,09-09-2026,29.80,Metric Tonnes,1000.00,Rs./Quintal

Note:
Weighted Average Price = ∑(arrival quantity * modal price) / ∑arrival quantity

