,,,,All Type of Report (All Grades) for 01-Jan-2021 to 09-Sep-2026,,,,
State/UT,District,Commodity Group,Commodity,Date,Arrival Quantity 01-01-2021 to 09-09-2026,Arrival Unit,Modal Price 01-01-2021 to 09-09-2026,Price Unit
Maharashtra,Sangli,Vegetables,Tomato,01-01-2021,18.00,Metric Tonnes,1033.33,Rs./Quintal
Maharashtra,Sangli,Vegetables,Tomato,02-01-2021,1.00,Metric Tonnes,900.00,Rs./Quintal
Maharashtra,Sangli,Vegetables,Tomato,03-01-2021,6.00,Metric Tonnes,900.00,Rs./Quintal
Maharashtra,Sangli,Vegetables,Tomato,04-01-2021,3.00,Metric Tonnes,800.00,Rs./Quintal
Maharashtra,Sangli,Vegetables,Tomato,05-01-2021,7.00,Metric Tonnes,757.14,Rs./Quintal
Maharashtra,Sangli,Vegetables,Tomato,07-01-2021,4.00,Metric Tonnes,600.00,Rs./Quintal
Maharashtra,Sangli,Vegetables,Tomato,08-01-2021,3.00,Metric Tonnes,700.00,Rs./Quintal
Maharashtra,Sangli,Vegetables,Tomato,09-01-2021,3.00,Metric Tonnes,750.00,Rs./Quintal
Maharashtra,Sangli,Vegetables,Tomato,10-01-2021,6.00,Metric Tonnes,450.00,Rs./Quintal
Maharashtra,Sangli,Vegetables,Tomato,11-01-2021,5.00,Metric Tonnes,250.00,Rs./Quintal
Maharashtra,Sangli,Vegetables,Tomato,12-01-2021,17.00,Metric Tonnes,617.65,Rs./Quintal
Maharashtra,Sangli,Vegetables,Tomato,14-01-2021,4.00,Metric Tonnes,700.00,Rs./Quintal
Maharashtra,Sangli,Vegetables,Tomato,15-01-2021,11.00,Metric Tonnes,436.36,Rs./Quintal
Maharashtra,Sangli,Vegetables,Tomato,16-01-2021,2.00,Metric Tonnes,800.00,Rs./Quintal
Maharashtra,Sangli,Vegetables,Tomato,17-01-2021,15.00,Metric Tonnes,536.67,Rs./Quintal
Maharashtra,Sangli,Vegetables,Tomato,18-01-2021,5.00,Metric Tonnes,350.00,Rs./Quintal
Maharashtra,Sangli,Vegetables,Tomato,19-01-2021,28.00,Metric Tonnes,467.86,Rs./Quintal
Maharashtra,Sangli,Vegetables,Tomato,21-01-2021,7.00,Metric Tonnes,507.14,Rs./Quintal
Maharashtra,Sangli,Vegetables,Tomato,22-01-2021,24.00,Metric Tonnes,500.00,Rs./Quintal
Maharashtra,Sangli,Vegetables,Tomato,24-01-2021,17.00,Metric Tonnes,435.29,Rs./Quintal
Maharashtra,Sangli,Vegetables,Tomato,26-01-2021,14.00,Metric Tonnes,589.29,Rs./Quintal
Maharashtra,Sangli,Vegetables,Tomato,28-01-2021,4.00,Metric Tonnes,400.00,Rs./Quintal
Maharashtra,Sangli,Vegetables,Tomato,29-01-2021,20.00,Metric Tonnes,485.00,Rs./Quintal
Maharashtra,Sangli,Vegetables,Tomato,31-01-2021,10.00,Metric Tonnes,3610.00,Rs./Quintal
Maharashtra,Sangli,Vegetables,Tomato,02-02-2021,18.00,Metric Tonnes,486.11,Rs./Quintal
Maharashtra,Sangli,Vegetables,Tomato,04-02-2021,2.00,Metric Tonnes,700.00,Rs./Quintal
Maharashtra,Sangli,Vegetables,Tomato,05-02-2021,16.00,Metric Tonnes,571.88,Rs./Quintal
Maharashtra,Sangli,Vegetables,Tomato,09-02-2021,15.00,Metric Tonnes,1066.67,Rs./Quintal
Maharashtra,Sangli,Vegetables,Tomato,11-02-2021,3.00,Metric Tonnes,900.00,Rs./Quintal
Maharashtra,Sangli,Vegetables,Tomato,12-02-2021,15.00,Metric Tonnes,873.33,Rs./Quintal
Maharashtra,Sangli,Vegetables,Tomato,13-02-2021,1.00,Metric Tonnes,600.00,Rs./Quintal
Maharashtra,Sangli,Vegetables,Tomato,14-02-2021,12.00,Metric Tonnes,1150.00,Rs./Quintal
Maharashtra,Sangli,Vegetables,Tomato,15-02-2021,2.00,Metric Tonnes,900.00,Rs./Quintal
Maharashtra,Sangli,Vegetables,Tomato,16-02-2021,13.00,Metric Tonnes,1330.77,Rs./Quintal
Maharashtra,Sangli,Vegetables,Tomato,18-02-2021,6.00,Metric Tonnes,983.33,Rs./Quintal
Maharashtra,Sangli,Vegetables,Tomato,19-02-2021,22.00,Metric Tonnes,1086.36,Rs./Quintal
Maharashtra,Sangli,Vegetables,Tomato,20-02-2021,4.00,Metric Tonnes,700.00,Rs./Quintal
Maharashtra,Sangli,Vegetables,Tomato,21-02-2021,11.00,Metric Tonnes,720.00,Rs./Quintal
Maharashtra,Sangli,Vegetables,Tomato,22-02-2021,3.00,Metric Tonnes,866.67,Rs./Quintal
Maharashtra,Sangli,Vegetables,Tomato,23-02-2021,19.00,Metric Tonnes,884.21,Rs./Quintal
Maharashtra,Sangli,Vegetables,Tomato,25-02-2021,4.00,Metric Tonnes,750.00,Rs./Quintal
Maharashtra,Sangli,Vegetables,Tomato,26-02-2021,15.00,Metric Tonnes,666.67,Rs./Quintal
Maharashtra,Sangli,Vegetables,Tomato,27-02-2021,2.00,Metric Tonnes,650.00,Rs./Quintal
Maharashtra,Sangli,Vegetables,Tomato,28-02-2021,7.00,Metric Tonnes,621.43,Rs./Quintal
Maharashtra,Sangli,Vegetables,Tomato,01-03-2021,1.00,Metric Tonnes,450.00,Rs./Quintal
Maharashtra,Sangli,Vegetables,Tomato,02-03-2021,20.00,Metric Tonnes,840.00,Rs./Quintal
Maharashtra,Sangli,Vegetables,Tomato,04-03-2021,7.00,Metric Tonnes,985.71,Rs./Quintal
Maharashtra,Sangli,Vegetables,Tomato,05-03-2021,3.00,Metric Tonnes,500.00,Rs./Quintal
Maharashtra,Sangli,Vegetables,Tomato,06-03-2021,1.00,Metric Tonnes,500.00,Rs./Quintal
Maharashtra,Sangli,Vegetables,Tomato,07-03-2021,1.00,Metric Tonnes,450.00,Rs./Quintal
Maharashtra,Sangli,Vegetables,Tomato,08-03-2021,2.00,Metric Tonnes,500.00,Rs./Quintal
Maharashtra,Sangli,Vegetables,Tomato,09-03-2021,3.00,Metric Tonnes,566.67,Rs./Quintal
Maharashtra,Sangli,Vegetables,Tomato,11-03-2021,2.00,Metric Tonnes,500.00,Rs./Quintal
Maharashtra,Sangli,Vegetables,Tomato,12-03-2021,2.00,Metric Tonnes,700.00,Rs./Quintal
Maharashtra,Sangli,Vegetables,Tomato,13-03-2021,2.00,Metric Tonnes,500.00,Rs./Quintal
Maharashtra,Sangli,Vegetables,Tomato,14-03-2021,2.00,Metric Tonnes,500.00,Rs./Quintal
Maharashtra,Sangli,Vegetables,Tomato,15-03-2021,2.00,Metric Tonnes,450.00,Rs./Quintal
Maharashtra,Sangli,Vegetables,Tomato,16-03-2021,1.00,Metric Tonnes,450.00,Rs./Quintal
Maharashtra,Sangli,Vegetables,Tomato,18-03-2021,1.00,Metric Tonnes,500.00,Rs./Quintal
Maharashtra,Sangli,Vegetables,Tomato,19-03-2021,2.00,Metric Tonnes,500.00,Rs./Quintal
Maharashtra,Sangli,Vegetables,Tomato,20-03-2021,2.00,Metric Tonnes,500.00,Rs./Quintal
Maharashtra,Sangli,Vegetables,Tomato,21-03-2021,8.00,Metric Tonnes,875.00,Rs./Quintal
Maharashtra,Sangli,Vegetables,Tomato,22-03-2021,2.00,Metric Tonnes,850.00,Rs./Quintal
Maharashtra,Sangli,Vegetables,Tomato,23-03-2021,13.00,Metric Tonnes,1338.46,Rs./Quintal
Maharashtra,Sangli,Vegetables,Tomato,25-03-2021,2.00,Metric Tonnes,450.00,Rs./Quintal
Maharashtra,Sangli,Vegetables,Tomato,26-03-2021,15.00,Metric Tonnes,1213.33,Rs./Quintal
Maharashtra,Sangli,Vegetables,Tomato,27-03-2021,1.00,Metric Tonnes,650.00,Rs./Quintal
Maharashtra,Sangli,Vegetables,Tomato,28-03-2021,3.00,Metric Tonnes,650.00,Rs./Quintal
Maharashtra,Sangli,Vegetables,Tomato,29-03-2021,1.00,Metric Tonnes,750.00,Rs./Quintal
Maharashtra,Sangli,Vegetables,Tomato,30-03-2021,8.00,Metric Tonnes,793.75,Rs./Quintal
Maharashtra,Sangli,Vegetables,Tomato,01-04-2021,1.00,Metric Tonnes,700.00,Rs./Quintal
Maharashtra,Sangli,Vegetables,Tomato,02-04-2021,10.00,Metric Tonnes,870.00,Rs./Quintal
Maharashtra,Sangli,Vegetables,Tomato,03-04-2021,2.00,Metric Tonnes,650.00,Rs./Quintal
Maharashtra,Sangli,Vegetables,Tomato,04-04-2021,1.00,Metric Tonnes,650.00,Rs./Quintal
Maharashtra,Sangli,Vegetables,Tomato,05-04-2021,2.00,Metric Tonnes,900.00,Rs./Quintal
Maharashtra,Sangli,Vegetables,Tomato,06-04-2021,12.00,Metric Tonnes,1087.50,Rs./Quintal
Maharashtra,Sangli,Vegetables,Tomato,08-04-2021,1.00,Metric Tonnes,850.00,Rs./Quintal
Maharashtra,Sangli,Vegetables,Tomato,09-04-2021,13.00,Metric Tonnes,996.15,Rs./Quintal
Maharashtra,Sangli,Vegetables,Tomato,12-04-2021,1.00,Metric Tonnes,900.00,Rs./Quintal
Maharashtra,Sangli,Vegetables,Tomato,13-04-2021,10.00,Metric Tonnes,900.00,Rs./Quintal
Maharashtra,Sangli,Vegetables,Tomato,15-04-2021,4.00,Metric Tonnes,900.00,Rs./Quintal
Maharashtra,Sangli,Vegetables,Tomato,16-04-2021,7.00,Metric Tonnes,800.00,Rs./Quintal
Maharashtra,Sangli,Vegetables,Tomato,18-04-2021,4.00,Metric Tonnes,800.00,Rs./Quintal
Maharashtra,Sangli,Vegetables,Tomato,20-04-2021,8.00,Metric Tonnes,800.00,Rs./Quintal
Maharashtra,Sangli,Vegetables,Tomato,22-04-2021,4.00,Metric Tonnes,900.00,Rs./Quintal
Maharashtra,Sangli,Vegetables,Tomato,23-04-2021,5.00,Metric Tonnes,800.00,Rs./Quintal
Maharashtra,Sangli,Vegetables,Tomato,25-04-2021,4.00,Metric Tonnes,812.50,Rs./Quintal
Maharashtra,Sangli,Vegetables,Tomato,27-04-2021,8.00,Metric Tonnes,1000.00,Rs./Quintal
Maharashtra,Sangli,Vegetables,Tomato,29-04-2021,2.00,Metric Tonnes,1000.00,Rs./Quintal
Maharashtra,Sangli,Vegetables,Tomato,30-04-2021,8.00,Metric Tonnes,1000.00,Rs./Quintal
Maharashtra,Sangli,Vegetables,Tomato,02-05-2021,6.00,Metric Tonnes,800.00,Rs./Quintal
Maharashtra,Sangli,Vegetables,Tomato,04-05-2021,5.00,Metric Tonnes,1100.00,Rs./Quintal
Maharashtra,Sangli,Vegetables,Tomato,21-05-2021,1.00,Metric Tonnes,800.00,Rs./Quintal
Maharashtra,Sangli,Vegetables,Tomato,25-05-2021,1.00,Metric Tonnes,500.00,Rs./Quintal
Maharashtra,Sangli,Vegetables,Tomato,28-05-2021,2.00,Metric Tonnes,900.00,Rs./Quintal
Maharashtra,Sangli,Vegetables,Tomato,01-06-2021,2.00,Metric Tonnes,800.00,Rs./Quintal
Maharashtra,Sangli,Vegetables,Tomato,04-06-2021,1.00,Metric Tonnes,800.00,Rs./Quintal
Maharashtra,Sangli,Vegetables,Tomato,08-06-2021,2.00,Metric Tonnes,900.00,Rs./Quintal
Maharashtra,Sangli,Vegetables,Tomato,11-06-2021,2.00,Metric Tonnes,900.00,Rs./Quintal
Maharashtra,Sangli,Vegetables,Tomato,13-06-2021,2.00,Metric Tonnes,800.00,Rs./Quintal
Maharashtra,Sangli,Vegetables,Tomato,15-06-2021,2.00,Metric Tonnes,900.00,Rs./Quintal
Maharashtra,Sangli,Vegetables,Tomato,18-06-2021,1.00,Metric Tonnes,850.00,Rs./Quintal
Maharashtra,Sangli,Vegetables,Tomato,27-07-2021,2.00,Metric Tonnes,1100.00,Rs./Quintal
Maharashtra,Sangli,Vegetables,Tomato,01-08-2021,2.00,Metric Tonnes,1500.00,Rs./Quintal
Maharashtra,Sangli,Vegetables,Tomato,03-08-2021,1.00,Metric Tonnes,1000.00,Rs./Quintal
Maharashtra,Sangli,Vegetables,Tomato,06-08-2021,3.00,Metric Tonnes,700.00,Rs./Quintal
Maharashtra,Sangli,Vegetables,Tomato,08-08-2021,1.00,Metric Tonnes,850.00,Rs./Quintal
Maharashtra,Sangli,Vegetables,Tomato,10-08-2021,3.00,Metric Tonnes,900.00,Rs./Quintal
Maharashtra,Sangli,Vegetables,Tomato,16-09-2021,2.00,Metric Tonnes,650.00,Rs./Quintal
Maharashtra,Sangli,Vegetables,Tomato,17-09-2021,3.00,Metric Tonnes,850.00,Rs./Quintal
Maharashtra,Sangli,Vegetables,Tomato,18-09-2021,3.00,Metric Tonnes,750.00,Rs./Quintal
Maharashtra,Sangli,Vegetables,Tomato,19-09-2021,2.00,Metric Tonnes,1000.00,Rs./Quintal
Maharashtra,Sangli,Vegetables,Tomato,20-09-2021,2.00,Metric Tonnes,700.00,Rs./Quintal
Maharashtra,Sangli,Vegetables,Tomato,21-09-2021,2.00,Metric Tonnes,700.00,Rs./Quintal
Maharashtra,Sangli,Vegetables,Tomato,23-09-2021,2.00,Metric Tonnes,750.00,Rs./Quintal
Maharashtra,Sangli,Vegetables,Tomato,24-09-2021,2.00,Metric Tonnes,750.00,Rs./Quintal
Maharashtra,Sangli,Vegetables,Tomato,25-09-2021,2.00,Metric Tonnes,750.00,Rs./Quintal
Maharashtra,Sangli,Vegetables,Tomato,26-09-2021,2.00,Metric Tonnes,750.00,Rs./Quintal
Maharashtra,Sangli,Vegetables,Tomato,27-09-2021,2.00,Metric Tonnes,1300.00,Rs./Quintal
Maharashtra,Sangli,Vegetables,Tomato,28-09-2021,2.00,Metric Tonnes,1200.00,Rs./Quintal
Maharashtra,Sangli,Vegetables,Tomato,30-09-2021,3.00,Metric Tonnes,2350.00,Rs./Quintal
Maharashtra,Sangli,Vegetables,Tomato,01-10-2021,2.00,Metric Tonnes,1750.00,Rs./Quintal
Maharashtra,Sangli,Vegetables,Tomato,02-10-2021,2.00,Metric Tonnes,2150.00,Rs./Quintal
Maharashtra,Sangli,Vegetables,Tomato,03-10-2021,2.00,Metric Tonnes,1750.00,Rs./Quintal
Maharashtra,Sangli,Vegetables,Tomato,04-10-2021,2.00,Metric Tonnes,1750.00,Rs./Quintal
Maharashtra,Sangli,Vegetables,Tomato,05-10-2021,4.00,Metric Tonnes,1975.00,Rs./Quintal
Maharashtra,Sangli,Vegetables,Tomato,07-10-2021,2.00,Metric Tonnes,2750.00,Rs./Quintal
Maharashtra,Sangli,Vegetables,Tomato,08-10-2021,4.00,Metric Tonnes,2525.00,Rs./Quintal
Maharashtra,Sangli,Vegetables,Tomato,09-10-2021,2.00,Metric Tonnes,2350.00,Rs./Quintal
Maharashtra,Sangli,Vegetables,Tomato,10-10-2021,6.00,Metric Tonnes,3133.33,Rs./Quintal
Maharashtra,Sangli,Vegetables,Tomato,11-10-2021,2.00,Metric Tonnes,2350.00,Rs./Quintal
Maharashtra,Sangli,Vegetables,Tomato,12-10-2021,8.00,Metric Tonnes,2762.50,Rs./Quintal
Maharashtra,Sangli,Vegetables,Tomato,14-10-2021,3.00,Metric Tonnes,2966.67,Rs./Quintal
Maharashtra,Sangli,Vegetables,Tomato,15-10-2021,8.00,Metric Tonnes,2687.50,Rs./Quintal
Maharashtra,Sangli,Vegetables,Tomato,16-10-2021,2.00,Metric Tonnes,2750.00,Rs./Quintal
Maharashtra,Sangli,Vegetables,Tomato,17-10-2021,4.00,Metric Tonnes,2875.00,Rs./Quintal
Maharashtra,Sangli,Vegetables,Tomato,18-10-2021,2.00,Metric Tonnes,3750.00,Rs./Quintal
Maharashtra,Sangli,Vegetables,Tomato,19-10-2021,5.00,Metric Tonnes,3300.00,Rs./Quintal
Maharashtra,Sangli,Vegetables,Tomato,21-10-2021,4.00,Metric Tonnes,3525.00,Rs./Quintal
Maharashtra,Sangli,Vegetables,Tomato,22-10-2021,9.00,Metric Tonnes,3294.44,Rs./Quintal
Maharashtra,Sangli,Vegetables,Tomato,23-10-2021,3.00,Metric Tonnes,2750.00,Rs./Quintal
Maharashtra,Sangli,Vegetables,Tomato,24-10-2021,3.00,Metric Tonnes,2833.33,Rs./Quintal
Maharashtra,Sangli,Vegetables,Tomato,25-10-2021,2.00,Metric Tonnes,2730.00,Rs./Quintal
Maharashtra,Sangli,Vegetables,Tomato,26-10-2021,6.00,Metric Tonnes,2758.33,Rs./Quintal
Maharashtra,Sangli,Vegetables,Tomato,28-10-2021,3.00,Metric Tonnes,2933.33,Rs./Quintal
Maharashtra,Sangli,Vegetables,Tomato,29-10-2021,6.00,Metric Tonnes,3116.67,Rs./Quintal
Maharashtra,Sangli,Vegetables,Tomato,30-10-2021,2.00,Metric Tonnes,2750.00,Rs./Quintal
Maharashtra,Sangli,Vegetables,Tomato,31-10-2021,5.00,Metric Tonnes,2760.00,Rs./Quintal
Maharashtra,Sangli,Vegetables,Tomato,01-11-2021,2.00,Metric Tonnes,2750.00,Rs./Quintal
Maharashtra,Sangli,Vegetables,Tomato,02-11-2021,10.00,Metric Tonnes,2850.00,Rs./Quintal
Maharashtra,Sangli,Vegetables,Tomato,04-11-2021,3.00,Metric Tonnes,3100.00,Rs./Quintal
Maharashtra,Sangli,Vegetables,Tomato,05-11-2021,7.00,Metric Tonnes,2500.00,Rs./Quintal
Maharashtra,Sangli,Vegetables,Tomato,06-11-2021,1.00,Metric Tonnes,2750.00,Rs./Quintal
Maharashtra,Sangli,Vegetables,Tomato,07-11-2021,2.00,Metric Tonnes,3025.00,Rs./Quintal
Maharashtra,Sangli,Vegetables,Tomato,08-11-2021,1.00,Metric Tonnes,2750.00,Rs./Quintal
Maharashtra,Sangli,Vegetables,Tomato,09-11-2021,11.00,Metric Tonnes,2227.27,Rs./Quintal
Maharashtra,Sangli,Vegetables,Tomato,11-11-2021,5.00,Metric Tonnes,2530.00,Rs./Quintal
Maharashtra,Sangli,Vegetables,Tomato,12-11-2021,6.00,Metric Tonnes,2983.33,Rs./Quintal
Maharashtra,Sangli,Vegetables,Tomato,13-11-2021,3.00,Metric Tonnes,2350.00,Rs./Quintal
Maharashtra,Sangli,Vegetables,Tomato,14-11-2021,5.00,Metric Tonnes,2730.00,Rs./Quintal
Maharashtra,Sangli,Vegetables,Tomato,15-11-2021,3.00,Metric Tonnes,1750.00,Rs./Quintal
Maharashtra,Sangli,Vegetables,Tomato,16-11-2021,11.00,Metric Tonnes,3263.64,Rs./Quintal
Maharashtra,Sangli,Vegetables,Tomato,18-11-2021,6.00,Metric Tonnes,3775.00,Rs./Quintal
Maharashtra,Sangli,Vegetables,Tomato,19-11-2021,8.00,Metric Tonnes,3406.25,Rs./Quintal
Maharashtra,Sangli,Vegetables,Tomato,20-11-2021,2.00,Metric Tonnes,4350.00,Rs./Quintal
Maharashtra,Sangli,Vegetables,Tomato,21-11-2021,7.00,Metric Tonnes,3500.00,Rs./Quintal
Maharashtra,Sangli,Vegetables,Tomato,22-11-2021,3.00,Metric Tonnes,4500.00,Rs./Quintal
Maharashtra,Sangli,Vegetables,Tomato,23-11-2021,9.00,Metric Tonnes,4183.33,Rs./Quintal
Maharashtra,Sangli,Vegetables,Tomato,25-11-2021,6.00,Metric Tonnes,3775.00,Rs./Quintal
Maharashtra,Sangli,Vegetables,Tomato,26-11-2021,7.00,Metric Tonnes,3678.57,Rs./Quintal
Maharashtra,Sangli,Vegetables,Tomato,27-11-2021,3.00,Metric Tonnes,3750.00,Rs./Quintal
Maharashtra,Sangli,Vegetables,Tomato,28-11-2021,4.00,Metric Tonnes,2750.00,Rs./Quintal
Maharashtra,Sangli,Vegetables,Tomato,29-11-2021,7.00,Metric Tonnes,2750.00,Rs./Quintal
Maharashtra,Sangli,Vegetables,Tomato,30-11-2021,7.00,Metric Tonnes,2628.57,Rs./Quintal
Maharashtra,Sangli,Vegetables,Tomato,02-12-2021,4.00,Metric Tonnes,3475.00,Rs./Quintal
Maharashtra,Sangli,Vegetables,Tomato,03-12-2021,4.00,Metric Tonnes,3325.00,Rs./Quintal
Maharashtra,Sangli,Vegetables,Tomato,04-12-2021,3.00,Metric Tonnes,3250.00,Rs./Quintal
Maharashtra,Sangli,Vegetables,Tomato,05-12-2021,6.00,Metric Tonnes,4150.00,Rs./Quintal
Maharashtra,Sangli,Vegetables,Tomato,06-12-2021,3.00,Metric Tonnes,3750.00,Rs./Quintal
Maharashtra,Sangli,Vegetables,Tomato,07-12-2021,9.00,Metric Tonnes,4216.67,Rs./Quintal
Maharashtra,Sangli,Vegetables,Tomato,09-12-2021,6.00,Metric Tonnes,3500.00,Rs./Quintal
Maharashtra,Sangli,Vegetables,Tomato,10-12-2021,8.00,Metric Tonnes,4731.25,Rs./Quintal
Maharashtra,Sangli,Vegetables,Tomato,11-12-2021,2.00,Metric Tonnes,3250.00,Rs./Quintal
Maharashtra,Sangli,Vegetables,Tomato,12-12-2021,2.00,Metric Tonnes,3750.00,Rs./Quintal
Maharashtra,Sangli,Vegetables,Tomato,13-12-2021,5.00,Metric Tonnes,3250.00,Rs./Quintal
Maharashtra,Sangli,Vegetables,Tomato,14-12-2021,9.00,Metric Tonnes,3305.56,Rs./Quintal
Maharashtra,Sangli,Vegetables,Tomato,16-12-2021,5.00,Metric Tonnes,2990.00,Rs./Quintal
Maharashtra,Sangli,Vegetables,Tomato,17-12-2021,5.00,Metric Tonnes,2640.00,Rs./Quintal
Maharashtra,Sangli,Vegetables,Tomato,18-12-2021,3.00,Metric Tonnes,2750.00,Rs./Quintal
Maharashtra,Sangli,Vegetables,Tomato,19-12-2021,5.00,Metric Tonnes,3170.00,Rs./Quintal
Maharashtra,Sangli,Vegetables,Tomato,20-12-2021,2.00,Metric Tonnes,2000.00,Rs./Quintal
Maharashtra,Sangli,Vegetables,Tomato,21-12-2021,11.00,Metric Tonnes,3136.36,Rs./Quintal
Maharashtra,Sangli,Vegetables,Tomato,23-12-2021,4.00,Metric Tonnes,3300.00,Rs./Quintal
Maharashtra,Sangli,Vegetables,Tomato,24-12-2021,10.00,Metric Tonnes,2955.00,Rs./Quintal
Maharashtra,Sangli,Vegetables,Tomato,25-12-2021,2.00,Metric Tonnes,2350.00,Rs./Quintal
Maharashtra,Sangli,Vegetables,Tomato,26-12-2021,9.00,Metric Tonnes,3244.44,Rs./Quintal
Maharashtra,Sangli,Vegetables,Tomato,27-12-2021,4.00,Metric Tonnes,2750.00,Rs./Quintal
Maharashtra,Sangli,Vegetables,Tomato,28-12-2021,9.00,Metric Tonnes,3211.11,Rs./Quintal
Maharashtra,Sangli,Vegetables,Tomato,30-12-2021,5.00,Metric Tonnes,3370.00,Rs./Quintal
Maharashtra,Sangli,Vegetables,Tomato,31-12-2021,11.00,Metric Tonnes,3122.73,Rs./Quintal
Maharashtra,Sangli,Vegetables,Tomato,01-01-2022,3.00,Metric Tonnes,2350.00,Rs./Quintal
Maharashtra,Sangli,Vegetables,Tomato,02-01-2022,7.00,Metric Tonnes,2714.29,Rs./Quintal
Maharashtra,Sangli,Vegetables,Tomato,03-01-2022,4.00,Metric Tonnes,1950.00,Rs./Quintal
Maharashtra,Sangli,Vegetables,Tomato,04-01-2022,10.00,Metric Tonnes,1975.00,Rs./Quintal
Maharashtra,Sangli,Vegetables,Tomato,06-01-2022,3.00,Metric Tonnes,1750.00,Rs./Quintal
Maharashtra,Sangli,Vegetables,Tomato,07-01-2022,5.00,Metric Tonnes,2250.00,Rs./Quintal
Maharashtra,Sangli,Vegetables,Tomato,08-01-2022,2.00,Metric Tonnes,1750.00,Rs./Quintal
Maharashtra,Sangli,Vegetables,Tomato,09-01-2022,6.00,Metric Tonnes,2000.00,Rs./Quintal
Maharashtra,Sangli,Vegetables,Tomato,10-01-2022,3.00,Metric Tonnes,1750.00,Rs./Quintal
Maharashtra,Sangli,Vegetables,Tomato,11-01-2022,7.00,Metric Tonnes,1721.43,Rs./Quintal
Maharashtra,Sangli,Vegetables,Tomato,14-01-2022,3.00,Metric Tonnes,2100.00,Rs./Quintal
Maharashtra,Sangli,Vegetables,Tomato,16-01-2022,5.00,Metric Tonnes,2376.00,Rs./Quintal
Maharashtra,Sangli,Vegetables,Tomato,17-01-2022,4.00,Metric Tonnes,1350.00,Rs./Quintal
Maharashtra,Sangli,Vegetables,Tomato,18-01-2022,8.00,Metric Tonnes,1843.75,Rs./Quintal
Maharashtra,Sangli,Vegetables,Tomato,20-01-2022,5.00,Metric Tonnes,1530.00,Rs./Quintal
Maharashtra,Sangli,Vegetables,Tomato,21-01-2022,8.00,Metric Tonnes,1612.50,Rs./Quintal
Maharashtra,Sangli,Vegetables,Tomato,22-01-2022,2.00,Metric Tonnes,1500.00,Rs./Quintal
Maharashtra,Sangli,Vegetables,Tomato,23-01-2022,4.00,Metric Tonnes,1775.00,Rs./Quintal
Maharashtra,Sangli,Vegetables,Tomato,24-01-2022,4.00,Metric Tonnes,1100.00,Rs./Quintal
Maharashtra,Sangli,Vegetables,Tomato,25-01-2022,6.00,Metric Tonnes,2283.33,Rs./Quintal
Maharashtra,Sangli,Vegetables,Tomato,27-01-2022,4.00,Metric Tonnes,2225.00,Rs./Quintal
Maharashtra,Sangli,Vegetables,Tomato,28-01-2022,8.00,Metric Tonnes,2237.50,Rs./Quintal
Maharashtra,Sangli,Vegetables,Tomato,29-01-2022,3.00,Metric Tonnes,2350.00,Rs./Quintal
Maharashtra,Sangli,Vegetables,Tomato,30-01-2022,6.00,Metric Tonnes,1925.00,Rs./Quintal
Maharashtra,Sangli,Vegetables,Tomato,01-02-2022,7.00,Metric Tonnes,1785.71,Rs./Quintal
Maharashtra,Sangli,Vegetables,Tomato,03-02-2022,4.00,Metric Tonnes,1775.00,Rs./Quintal
Maharashtra,Sangli,Vegetables,Tomato,04-02-2022,8.00,Metric Tonnes,1956.25,Rs./Quintal
Maharashtra,Sangli,Vegetables,Tomato,05-02-2022,4.00,Metric Tonnes,1750.00,Rs./Quintal
Maharashtra,Sangli,Vegetables,Tomato,06-02-2022,5.00,Metric Tonnes,2040.00,Rs./Quintal
Maharashtra,Sangli,Vegetables,Tomato,07-02-2022,2.00,Metric Tonnes,1750.00,Rs./Quintal
Maharashtra,Sangli,Vegetables,Tomato,08-02-2022,8.00,Metric Tonnes,2687.50,Rs./Quintal
Maharashtra,Sangli,Vegetables,Tomato,10-02-2022,5.00,Metric Tonnes,2240.00,Rs./Quintal
Maharashtra,Sangli,Vegetables,Tomato,11-02-2022,8.00,Metric Tonnes,1975.00,Rs./Quintal
Maharashtra,Sangli,Vegetables,Tomato,12-02-2022,2.00,Metric Tonnes,1350.00,Rs./Quintal
Maharashtra,Sangli,Vegetables,Tomato,13-02-2022,7.00,Metric Tonnes,1785.71,Rs./Quintal
Maharashtra,Sangli,Vegetables,Tomato,15-02-2022,12.00,Metric Tonnes,1375.00,Rs./Quintal
Maharashtra,Sangli,Vegetables,Tomato,17-02-2022,5.00,Metric Tonnes,1330.00,Rs./Quintal
Maharashtra,Sangli,Vegetables,Tomato,18-02-2022,8.00,Metric Tonnes,1305.00,Rs./Quintal
Maharashtra,Sangli,Vegetables,Tomato,19-02-2022,2.00,Metric Tonnes,1350.00,Rs./Quintal
Maharashtra,Sangli,Vegetables,Tomato,20-02-2022,8.00,Metric Tonnes,1312.50,Rs./Quintal
Maharashtra,Sangli,Vegetables,Tomato,21-02-2022,3.00,Metric Tonnes,1350.00,Rs./Quintal
Maharashtra,Sangli,Vegetables,Tomato,22-02-2022,11.00,Metric Tonnes,1286.36,Rs./Quintal
Maharashtra,Sangli,Vegetables,Tomato,24-02-2022,4.00,Metric Tonnes,1225.00,Rs./Quintal
Maharashtra,Sangli,Vegetables,Tomato,25-02-2022,7.00,Metric Tonnes,1357.14,Rs./Quintal
Maharashtra,Sangli,Vegetables,Tomato,26-02-2022,3.00,Metric Tonnes,1350.00,Rs./Quintal
Maharashtra,Sangli,Vegetables,Tomato,27-02-2022,6.00,Metric Tonnes,1275.00,Rs./Quintal
Maharashtra,Sangli,Vegetables,Tomato,28-02-2022,3.00,Metric Tonnes,1350.00,Rs./Quintal
Maharashtra,Sangli,Vegetables,Tomato,01-03-2022,9.00,Metric Tonnes,1227.78,Rs./Quintal
Maharashtra,Sangli,Vegetables,Tomato,03-03-2022,5.00,Metric Tonnes,940.00,Rs./Quintal
Maharashtra,Sangli,Vegetables,Tomato,04-03-2022,7.00,Metric Tonnes,857.14,Rs./Quintal
Maharashtra,Sangli,Vegetables,Tomato,06-03-2022,7.00,Metric Tonnes,885.71,Rs./Quintal
Maharashtra,Sangli,Vegetables,Tomato,10-03-2022,4.00,Metric Tonnes,800.00,Rs./Quintal
Maharashtra,Sangli,Vegetables,Tomato,11-03-2022,9.00,Metric Tonnes,966.67,Rs./Quintal
Maharashtra,Sangli,Vegetables,Tomato,13-03-2022,7.00,Metric Tonnes,1035.71,Rs./Quintal
Maharashtra,Sangli,Vegetables,Tomato,15-03-2022,5.00,Metric Tonnes,1000.00,Rs./Quintal
Maharashtra,Sangli,Vegetables,Tomato,17-03-2022,3.00,Metric Tonnes,800.00,Rs./Quintal
Maharashtra,Sangli,Vegetables,Tomato,18-03-2022,6.00,Metric Tonnes,800.00,Rs./Quintal
Maharashtra,Sangli,Vegetables,Tomato,20-03-2022,4.00,Metric Tonnes,800.00,Rs./Quintal
Maharashtra,Sangli,Vegetables,Tomato,22-03-2022,6.00,Metric Tonnes,600.00,Rs./Quintal
Maharashtra,Sangli,Vegetables,Tomato,24-03-2022,4.00,Metric Tonnes,700.00,Rs./Quintal
Maharashtra,Sangli,Vegetables,Tomato,25-03-2022,6.00,Metric Tonnes,600.00,Rs./Quintal
Maharashtra,Sangli,Vegetables,Tomato,27-03-2022,3.00,Metric Tonnes,800.00,Rs./Quintal
Maharashtra,Sangli,Vegetables,Tomato,29-03-2022,5.00,Metric Tonnes,600.00,Rs./Quintal
Maharashtra,Sangli,Vegetables,Tomato,31-03-2022,4.00,Metric Tonnes,800.00,Rs./Quintal
Maharashtra,Sangli,Vegetables,Tomato,01-04-2022,2.00,Metric Tonnes,800.00,Rs./Quintal
Maharashtra,Sangli,Vegetables,Tomato,05-04-2022,6.00,Metric Tonnes,683.33,Rs./Quintal
Maharashtra,Sangli,Vegetables,Tomato,07-04-2022,4.00,Metric Tonnes,700.00,Rs./Quintal
Maharashtra,Sangli,Vegetables,Tomato,08-04-2022,13.00,Metric Tonnes,600.00,Rs./Quintal
Maharashtra,Sangli,Vegetables,Tomato,10-04-2022,4.00,Metric Tonnes,600.00,Rs./Quintal
Maharashtra,Sangli,Vegetables,Tomato,12-04-2022,5.00,Metric Tonnes,720.00,Rs./Quintal
Maharashtra,Sangli,Vegetables,Tomato,14-04-2022,2.00,Metric Tonnes,700.00,Rs./Quintal
Maharashtra,Sangli,Vegetables,Tomato,15-04-2022,4.00,Metric Tonnes,950.00,Rs./Quintal
Maharashtra,Sangli,Vegetables,Tomato,17-04-2022,4.00,Metric Tonnes,1200.00,Rs./Quintal
Maharashtra,Sangli,Vegetables,Tomato,19-04-2022,7.00,Metric Tonnes,1500.00,Rs./Quintal
Maharashtra,Sangli,Vegetables,Tomato,21-04-2022,1.00,Metric Tonnes,1200.00,Rs./Quintal
Maharashtra,Sangli,Vegetables,Tomato,22-04-2022,6.00,Metric Tonnes,1533.33,Rs./Quintal
Maharashtra,Sangli,Vegetables,Tomato,24-04-2022,4.00,Metric Tonnes,1600.00,Rs./Quintal
Maharashtra,Sangli,Vegetables,Tomato,26-04-2022,5.00,Metric Tonnes,1100.00,Rs./Quintal
Maharashtra,Sangli,Vegetables,Tomato,27-04-2022,3.00,Metric Tonnes,2100.00,Rs./Quintal
Maharashtra,Sangli,Vegetables,Tomato,28-04-2022,5.00,Metric Tonnes,1700.00,Rs./Quintal
Maharashtra,Sangli,Vegetables,Tomato,29-04-2022,7.00,Metric Tonnes,1828.57,Rs./Quintal
Maharashtra,Sangli,Vegetables,Tomato,05-05-2022,2.00,Metric Tonnes,2500.00,Rs./Quintal
Maharashtra,Sangli,Vegetables,Tomato,06-05-2022,4.00,Metric Tonnes,3000.00,Rs./Quintal
Maharashtra,Sangli,Vegetables,Tomato,08-05-2022,3.00,Metric Tonnes,3200.00,Rs./Quintal
Maharashtra,Sangli,Vegetables,Tomato,10-05-2022,5.00,Metric Tonnes,3500.00,Rs./Quintal
Maharashtra,Sangli,Vegetables,Tomato,12-05-2022,1.00,Metric Tonnes,4300.00,Rs./Quintal
Maharashtra,Sangli,Vegetables,Tomato,13-05-2022,6.00,Metric Tonnes,3400.00,Rs./Quintal
Maharashtra,Sangli,Vegetables,Tomato,15-05-2022,3.00,Metric Tonnes,3850.00,Rs./Quintal
Maharashtra,Sangli,Vegetables,Tomato,17-05-2022,5.00,Metric Tonnes,3280.00,Rs./Quintal
Maharashtra,Sangli,Vegetables,Tomato,20-05-2022,7.00,Metric Tonnes,3771.43,Rs./Quintal
Maharashtra,Sangli,Vegetables,Tomato,22-05-2022,3.00,Metric Tonnes,4800.00,Rs./Quintal
Maharashtra,Sangli,Vegetables,Tomato,24-05-2022,6.00,Metric Tonnes,4666.67,Rs./Quintal
Maharashtra,Sangli,Vegetables,Tomato,26-05-2022,2.00,Metric Tonnes,3500.00,Rs./Quintal
Maharashtra,Sangli,Vegetables,Tomato,27-05-2022,7.00,Metric Tonnes,4857.14,Rs./Quintal
Maharashtra,Sangli,Vegetables,Tomato,29-05-2022,1.00,Metric Tonnes,6000.00,Rs./Quintal
Maharashtra,Sangli,Vegetables,Tomato,31-05-2022,6.00,Metric Tonnes,3833.33,Rs./Quintal
Maharashtra,Sangli,Vegetables,Tomato,05-06-2022,3.00,Metric Tonnes,5000.00,Rs./Quintal
Maharashtra,Sangli,Vegetables,Tomato,07-06-2022,1.00,Metric Tonnes,6000.00,Rs./Quintal
Maharashtra,Sangli,Vegetables,Tomato,09-06-2022,3.00,Metric Tonnes,3300.00,Rs./Quintal
Maharashtra,Sangli,Vegetables,Tomato,10-06-2022,7.00,Metric Tonnes,2585.71,Rs./Quintal
Maharashtra,Sangli,Vegetables,Tomato,12-06-2022,3.00,Metric Tonnes,2700.00,Rs./Quintal
Maharashtra,Sangli,Vegetables,Tomato,14-06-2022,9.00,Metric Tonnes,2422.22,Rs./Quintal
Maharashtra,Sangli,Vegetables,Tomato,16-06-2022,3.00,Metric Tonnes,2000.00,Rs./Quintal
Maharashtra,Sangli,Vegetables,Tomato,17-06-2022,6.00,Metric Tonnes,2033.33,Rs./Quintal
Maharashtra,Sangli,Vegetables,Tomato,19-06-2022,2.00,Metric Tonnes,3250.00,Rs./Quintal
Maharashtra,Sangli,Vegetables,Tomato,21-06-2022,6.00,Metric Tonnes,2883.33,Rs./Quintal
Maharashtra,Sangli,Vegetables,Tomato,23-06-2022,2.00,Metric Tonnes,3200.00,Rs./Quintal
Maharashtra,Sangli,Vegetables,Tomato,24-06-2022,5.00,Metric Tonnes,2940.00,Rs./Quintal
Maharashtra,Sangli,Vegetables,Tomato,26-06-2022,3.00,Metric Tonnes,2800.00,Rs./Quintal
Maharashtra,Sangli,Vegetables,Tomato,28-06-2022,6.00,Metric Tonnes,2450.00,Rs./Quintal
Maharashtra,Sangli,Vegetables,Tomato,30-06-2022,2.00,Metric Tonnes,3300.00,Rs./Quintal
Maharashtra,Sangli,Vegetables,Tomato,01-07-2022,8.00,Metric Tonnes,1925.00,Rs./Quintal
Maharashtra,Sangli,Vegetables,Tomato,03-07-2022,5.00,Metric Tonnes,1200.00,Rs./Quintal
Maharashtra,Sangli,Vegetables,Tomato,05-07-2022,7.00,Metric Tonnes,1285.71,Rs./Quintal
Maharashtra,Sangli,Vegetables,Tomato,07-07-2022,1.00,Metric Tonnes,1800.00,Rs./Quintal
Maharashtra,Sangli,Vegetables,Tomato,08-07-2022,7.00,Metric Tonnes,1271.43,Rs./Quintal
Maharashtra,Sangli,Vegetables,Tomato,10-07-2022,1.00,Metric Tonnes,1250.00,Rs./Quintal
Maharashtra,Sangli,Vegetables,Tomato,12-07-2022,3.00,Metric Tonnes,1200.00,Rs./Quintal
Maharashtra,Sangli,Vegetables,Tomato,14-07-2022,2.00,Metric Tonnes,700.00,Rs./Quintal
Maharashtra,Sangli,Vegetables,Tomato,15-07-2022,5.00,Metric Tonnes,1250.00,Rs./Quintal
Maharashtra,Sangli,Vegetables,Tomato,17-07-2022,3.00,Metric Tonnes,1066.67,Rs./Quintal
Maharashtra,Sangli,Vegetables,Tomato,19-07-2022,6.00,Metric Tonnes,1200.00,Rs./Quintal
Maharashtra,Sangli,Vegetables,Tomato,21-07-2022,2.00,Metric Tonnes,1100.00,Rs./Quintal
Maharashtra,Sangli,Vegetables,Tomato,22-07-2022,8.00,Metric Tonnes,1200.00,Rs./Quintal
Maharashtra,Sangli,Vegetables,Tomato,24-07-2022,4.00,Metric Tonnes,975.00,Rs./Quintal
Maharashtra,Sangli,Vegetables,Tomato,26-07-2022,6.00,Metric Tonnes,933.33,Rs./Quintal
Maharashtra,Sangli,Vegetables,Tomato,28-07-2022,1.00,Metric Tonnes,600.00,Rs./Quintal
Maharashtra,Sangli,Vegetables,Tomato,29-07-2022,4.00,Metric Tonnes,800.00,Rs./Quintal
Maharashtra,Sangli,Vegetables,Tomato,31-07-2022,2.00,Metric Tonnes,750.00,Rs./Quintal
Maharashtra,Sangli,Vegetables,Tomato,02-08-2022,7.00,Metric Tonnes,785.71,Rs./Quintal
Maharashtra,Sangli,Vegetables,Tomato,04-08-2022,1.00,Metric Tonnes,700.00,Rs./Quintal
Maharashtra,Sangli,Vegetables,Tomato,05-08-2022,7.00,Metric Tonnes,814.29,Rs./Quintal
Maharashtra,Sangli,Vegetables,Tomato,07-08-2022,4.00,Metric Tonnes,775.00,Rs./Quintal
Maharashtra,Sangli,Vegetables,Tomato,09-08-2022,8.00,Metric Tonnes,781.25,Rs./Quintal
Maharashtra,Sangli,Vegetables,Tomato,11-08-2022,2.00,Metric Tonnes,700.00,Rs./Quintal
Maharashtra,Sangli,Vegetables,Tomato,12-08-2022,6.00,Metric Tonnes,966.67,Rs./Quintal
Maharashtra,Sangli,Vegetables,Tomato,14-08-2022,4.00,Metric Tonnes,900.00,Rs./Quintal
Maharashtra,Sangli,Vegetables,Tomato,16-08-2022,5.00,Metric Tonnes,950.00,Rs./Quintal
Maharashtra,Sangli,Vegetables,Tomato,18-08-2022,2.00,Metric Tonnes,800.00,Rs./Quintal
Maharashtra,Sangli,Vegetables,Tomato,19-08-2022,4.00,Metric Tonnes,1100.00,Rs./Quintal
Maharashtra,Sangli,Vegetables,Tomato,21-08-2022,2.00,Metric Tonnes,1000.00,Rs./Quintal
Maharashtra,Sangli,Vegetables,Tomato,23-08-2022,4.00,Metric Tonnes,1200.00,Rs./Quintal
Maharashtra,Sangli,Vegetables,Tomato,25-08-2022,1.00,Metric Tonnes,1250.00,Rs./Quintal
Maharashtra,Sangli,Vegetables,Tomato,26-08-2022,4.00,Metric Tonnes,1250.00,Rs./Quintal
Maharashtra,Sangli,Vegetables,Tomato,28-08-2022,2.00,Metric Tonnes,1100.00,Rs./Quintal
Maharashtra,Sangli,Vegetables,Tomato,30-08-2022,5.00,Metric Tonnes,1200.00,Rs./Quintal
Maharashtra,Sangli,Vegetables,Tomato,01-09-2022,1.00,Metric Tonnes,950.00,Rs./Quintal
Maharashtra,Sangli,Vegetables,Tomato,02-09-2022,5.00,Metric Tonnes,900.00,Rs./Quintal
Maharashtra,Sangli,Vegetables,Tomato,04-09-2022,1.00,Metric Tonnes,900.00,Rs./Quintal
Maharashtra,Sangli,Vegetables,Tomato,06-09-2022,2.00,Metric Tonnes,1500.00,Rs./Quintal
Maharashtra,Sangli,Vegetables,Tomato,08-09-2022,1.00,Metric Tonnes,1250.00,Rs./Quintal
Maharashtra,Sangli,Vegetables,Tomato,09-09-2022,2.00,Metric Tonnes,900.00,Rs./Quintal
Maharashtra,Sangli,Vegetables,Tomato,11-09-2022,2.00,Metric Tonnes,1100.00,Rs./Quintal
Maharashtra,Sangli,Vegetables,Tomato,15-09-2022,2.00,Metric Tonnes,2300.00,Rs./Quintal
Maharashtra,Sangli,Vegetables,Tomato,16-09-2022,6.00,Metric Tonnes,1933.33,Rs./Quintal
Maharashtra,Sangli,Vegetables,Tomato,18-09-2022,4.00,Metric Tonnes,1650.00,Rs./Quintal
Maharashtra,Sangli,Vegetables,Tomato,20-09-2022,3.00,Metric Tonnes,1700.00,Rs./Quintal
Maharashtra,Sangli,Vegetables,Tomato,22-09-2022,2.00,Metric Tonnes,1800.00,Rs./Quintal
Maharashtra,Sangli,Vegetables,Tomato,23-09-2022,3.00,Metric Tonnes,2200.00,Rs./Quintal
Maharashtra,Sangli,Vegetables,Tomato,25-09-2022,2.00,Metric Tonnes,1700.00,Rs./Quintal
Maharashtra,Sangli,Vegetables,Tomato,27-09-2022,1.00,Metric Tonnes,2500.00,Rs./Quintal
Maharashtra,Sangli,Vegetables,Tomato,29-09-2022,1.00,Metric Tonnes,1750.00,Rs./Quintal
Maharashtra,Sangli,Vegetables,Tomato,30-09-2022,2.00,Metric Tonnes,2900.00,Rs./Quintal
Maharashtra,Sangli,Vegetables,Tomato,02-10-2022,2.00,Metric Tonnes,2500.00,Rs./Quintal
Maharashtra,Sangli,Vegetables,Tomato,04-10-2022,2.00,Metric Tonnes,2825.00,Rs./Quintal
Maharashtra,Sangli,Vegetables,Tomato,06-10-2022,1.00,Metric Tonnes,3500.00,Rs./Quintal
Maharashtra,Sangli,Vegetables,Tomato,07-10-2022,4.00,Metric Tonnes,2700.00,Rs./Quintal
Maharashtra,Sangli,Vegetables,Tomato,09-10-2022,4.00,Metric Tonnes,2400.00,Rs./Quintal
Maharashtra,Sangli,Vegetables,Tomato,11-10-2022,3.00,Metric Tonnes,3000.00,Rs./Quintal
Maharashtra,Sangli,Vegetables,Tomato,13-10-2022,1.00,Metric Tonnes,2700.00,Rs./Quintal
Maharashtra,Sangli,Vegetables,Tomato,14-10-2022,4.00,Metric Tonnes,2600.00,Rs./Quintal
Maharashtra,Sangli,Vegetables,Tomato,16-10-2022,2.00,Metric Tonnes,4250.00,Rs./Quintal
Maharashtra,Sangli,Vegetables,Tomato,18-10-2022,6.00,Metric Tonnes,2800.00,Rs./Quintal
Maharashtra,Sangli,Vegetables,Tomato,20-10-2022,2.00,Metric Tonnes,2500.00,Rs./Quintal
Maharashtra,Sangli,Vegetables,Tomato,21-10-2022,10.00,Metric Tonnes,1860.00,Rs./Quintal
Maharashtra,Sangli,Vegetables,Tomato,23-10-2022,3.00,Metric Tonnes,2066.67,Rs./Quintal
Maharashtra,Sangli,Vegetables,Tomato,25-10-2022,2.00,Metric Tonnes,2200.00,Rs./Quintal
Maharashtra,Sangli,Vegetables,Tomato,27-10-2022,1.00,Metric Tonnes,1800.00,Rs./Quintal
Maharashtra,Sangli,Vegetables,Tomato,28-10-2022,9.00,Metric Tonnes,1844.44,Rs./Quintal
Maharashtra,Sangli,Vegetables,Tomato,30-10-2022,4.00,Metric Tonnes,1750.00,Rs./Quintal
Maharashtra,Sangli,Vegetables,Tomato,01-11-2022,10.00,Metric Tonnes,1000.00,Rs./Quintal
Maharashtra,Sangli,Vegetables,Tomato,03-11-2022,4.00,Metric Tonnes,1250.00,Rs./Quintal
Maharashtra,Sangli,Vegetables,Tomato,04-11-2022,13.00,Metric Tonnes,1192.31,Rs./Quintal
Maharashtra,Sangli,Vegetables,Tomato,06-11-2022,6.00,Metric Tonnes,1000.00,Rs./Quintal
Maharashtra,Sangli,Vegetables,Tomato,08-11-2022,10.00,Metric Tonnes,920.00,Rs./Quintal
Maharashtra,Sangli,Vegetables,Tomato,10-11-2022,5.00,Metric Tonnes,1040.00,Rs./Quintal
Maharashtra,Sangli,Vegetables,Tomato,11-11-2022,12.00,Metric Tonnes,725.00,Rs./Quintal
Maharashtra,Sangli,Vegetables,Tomato,13-11-2022,10.00,Metric Tonnes,700.00,Rs./Quintal
Maharashtra,Sangli,Vegetables,Tomato,15-11-2022,13.00,Metric Tonnes,776.92,Rs./Quintal
Maharashtra,Sangli,Vegetables,Tomato,17-11-2022,7.00,Metric Tonnes,542.86,Rs./Quintal
Maharashtra,Sangli,Vegetables,Tomato,18-11-2022,13.00,Metric Tonnes,592.31,Rs./Quintal
Maharashtra,Sangli,Vegetables,Tomato,19-11-2022,3.00,Metric Tonnes,900.00,Rs./Quintal
Maharashtra,Sangli,Vegetables,Tomato,20-11-2022,2.00,Metric Tonnes,900.00,Rs./Quintal
Maharashtra,Sangli,Vegetables,Tomato,21-11-2022,2.00,Metric Tonnes,900.00,Rs./Quintal
Maharashtra,Sangli,Vegetables,Tomato,22-11-2022,10.00,Metric Tonnes,650.00,Rs./Quintal
Maharashtra,Sangli,Vegetables,Tomato,24-11-2022,4.00,Metric Tonnes,675.00,Rs./Quintal
Maharashtra,Sangli,Vegetables,Tomato,26-11-2022,3.00,Metric Tonnes,950.00,Rs./Quintal
Maharashtra,Sangli,Vegetables,Tomato,27-11-2022,3.00,Metric Tonnes,766.67,Rs./Quintal
Maharashtra,Sangli,Vegetables,Tomato,28-11-2022,3.00,Metric Tonnes,900.00,Rs./Quintal
Maharashtra,Sangli,Vegetables,Tomato,29-11-2022,5.00,Metric Tonnes,720.00,Rs./Quintal
Maharashtra,Sangli,Vegetables,Tomato,01-12-2022,4.00,Metric Tonnes,450.00,Rs./Quintal
Maharashtra,Sangli,Vegetables,Tomato,02-12-2022,15.00,Metric Tonnes,513.33,Rs./Quintal
Maharashtra,Sangli,Vegetables,Tomato,03-12-2022,3.00,Metric Tonnes,300.00,Rs./Quintal
Maharashtra,Sangli,Vegetables,Tomato,04-12-2022,4.00,Metric Tonnes,487.50,Rs./Quintal
Maharashtra,Sangli,Vegetables,Tomato,05-12-2022,3.00,Metric Tonnes,400.00,Rs./Quintal
Maharashtra,Sangli,Vegetables,Tomato,06-12-2022,4.00,Metric Tonnes,700.00,Rs./Quintal
Maharashtra,Sangli,Vegetables,Tomato,08-12-2022,2.00,Metric Tonnes,450.00,Rs./Quintal
Maharashtra,Sangli,Vegetables,Tomato,09-12-2022,5.00,Metric Tonnes,490.00,Rs./Quintal
Maharashtra,Sangli,Vegetables,Tomato,10-12-2022,3.00,Metric Tonnes,250.00,Rs./Quintal
Maharashtra,Sangli,Vegetables,Tomato,11-12-2022,3.00,Metric Tonnes,366.67,Rs./Quintal
Maharashtra,Sangli,Vegetables,Tomato,12-12-2022,4.00,Metric Tonnes,250.00,Rs./Quintal
Maharashtra,Sangli,Vegetables,Tomato,13-12-2022,5.00,Metric Tonnes,430.00,Rs./Quintal
Maharashtra,Sangli,Vegetables,Tomato,16-12-2022,8.00,Metric Tonnes,600.00,Rs./Quintal
Maharashtra,Sangli,Vegetables,Tomato,18-12-2022,3.00,Metric Tonnes,600.00,Rs./Quintal
Maharashtra,Sangli,Vegetables,Tomato,20-12-2022,9.00,Metric Tonnes,600.00,Rs./Quintal
Maharashtra,Sangli,Vegetables,Tomato,23-12-2022,8.00,Metric Tonnes,800.00,Rs./Quintal
Maharashtra,Sangli,Vegetables,Tomato,29-12-2022,2.00,Metric Tonnes,750.00,Rs./Quintal
Maharashtra,Sangli,Vegetables,Tomato,30-12-2022,7.00,Metric Tonnes,600.00,Rs./Quintal
Maharashtra,Sangli,Vegetables,Tomato,03-01-2023,7.00,Metric Tonnes,650.00,Rs./Quintal
Maharashtra,Sangli,Vegetables,Tomato,05-01-2023,6.00,Metric Tonnes,1025.00,Rs./Quintal
Maharashtra,Sangli,Vegetables,Tomato,06-01-2023,8.00,Metric Tonnes,850.00,Rs./Quintal
Maharashtra,Sangli,Vegetables,Tomato,07-01-2023,2.00,Metric Tonnes,700.00,Rs./Quintal
Maharashtra,Sangli,Vegetables,Tomato,10-01-2023,6.00,Metric Tonnes,650.00,Rs./Quintal
Maharashtra,Sangli,Vegetables,Tomato,12-01-2023,2.00,Metric Tonnes,650.00,Rs./Quintal
Maharashtra,Sangli,Vegetables,Tomato,13-01-2023,2.00,Metric Tonnes,800.00,Rs./Quintal
Maharashtra,Sangli,Vegetables,Tomato,17-01-2023,2.00,Metric Tonnes,900.00,Rs./Quintal
Maharashtra,Sangli,Vegetables,Tomato,19-01-2023,2.00,Metric Tonnes,1000.00,Rs./Quintal
Maharashtra,Sangli,Vegetables,Tomato,20-01-2023,6.00,Metric Tonnes,750.00,Rs./Quintal
Maharashtra,Sangli,Vegetables,Tomato,22-01-2023,5.00,Metric Tonnes,750.00,Rs./Quintal
Maharashtra,Sangli,Vegetables,Tomato,24-01-2023,7.00,Metric Tonnes,807.14,Rs./Quintal
Maharashtra,Sangli,Vegetables,Tomato,26-01-2023,4.00,Metric Tonnes,650.00,Rs./Quintal
Maharashtra,Sangli,Vegetables,Tomato,27-01-2023,8.00,Metric Tonnes,675.00,Rs./Quintal
Maharashtra,Sangli,Vegetables,Tomato,29-01-2023,3.00,Metric Tonnes,550.00,Rs./Quintal
Maharashtra,Sangli,Vegetables,Tomato,31-01-2023,4.00,Metric Tonnes,700.00,Rs./Quintal
Maharashtra,Sangli,Vegetables,Tomato,02-02-2023,4.00,Metric Tonnes,525.00,Rs./Quintal
Maharashtra,Sangli,Vegetables,Tomato,03-02-2023,7.00,Metric Tonnes,764.29,Rs./Quintal
Maharashtra,Sangli,Vegetables,Tomato,04-02-2023,2.00,Metric Tonnes,800.00,Rs./Quintal
Maharashtra,Sangli,Vegetables,Tomato,05-02-2023,8.00,Metric Tonnes,725.00,Rs./Quintal
Maharashtra,Sangli,Vegetables,Tomato,06-02-2023,3.00,Metric Tonnes,800.00,Rs./Quintal
Maharashtra,Sangli,Vegetables,Tomato,07-02-2023,6.00,Metric Tonnes,816.67,Rs./Quintal
Maharashtra,Sangli,Vegetables,Tomato,09-02-2023,4.00,Metric Tonnes,850.00,Rs./Quintal
Maharashtra,Sangli,Vegetables,Tomato,10-02-2023,4.00,Metric Tonnes,787.50,Rs./Quintal
Maharashtra,Sangli,Vegetables,Tomato,11-02-2023,3.00,Metric Tonnes,900.00,Rs./Quintal
Maharashtra,Sangli,Vegetables,Tomato,12-02-2023,3.00,Metric Tonnes,950.00,Rs./Quintal
Maharashtra,Sangli,Vegetables,Tomato,14-02-2023,3.00,Metric Tonnes,1250.00,Rs./Quintal
Maharashtra,Sangli,Vegetables,Tomato,16-02-2023,5.00,Metric Tonnes,1250.00,Rs./Quintal
Maharashtra,Sangli,Vegetables,Tomato,17-02-2023,10.00,Metric Tonnes,1015.00,Rs./Quintal
Maharashtra,Sangli,Vegetables,Tomato,18-02-2023,2.00,Metric Tonnes,1350.00,Rs./Quintal
Maharashtra,Sangli,Vegetables,Tomato,19-02-2023,4.00,Metric Tonnes,1387.50,Rs./Quintal
Maharashtra,Sangli,Vegetables,Tomato,20-02-2023,3.00,Metric Tonnes,1350.00,Rs./Quintal
Maharashtra,Sangli,Vegetables,Tomato,21-02-2023,7.00,Metric Tonnes,1435.71,Rs./Quintal
Maharashtra,Sangli,Vegetables,Tomato,23-02-2023,4.00,Metric Tonnes,1437.50,Rs./Quintal
Maharashtra,Sangli,Vegetables,Tomato,24-02-2023,8.00,Metric Tonnes,1481.25,Rs./Quintal
Maharashtra,Sangli,Vegetables,Tomato,25-02-2023,3.00,Metric Tonnes,1350.00,Rs./Quintal
Maharashtra,Sangli,Vegetables,Tomato,26-02-2023,7.00,Metric Tonnes,1585.71,Rs./Quintal
Maharashtra,Sangli,Vegetables,Tomato,27-02-2023,4.00,Metric Tonnes,1650.00,Rs./Quintal
Maharashtra,Sangli,Vegetables,Tomato,28-02-2023,5.00,Metric Tonnes,1450.00,Rs./Quintal
Maharashtra,Sangli,Vegetables,Tomato,02-03-2023,5.00,Metric Tonnes,1250.00,Rs./Quintal
Maharashtra,Sangli,Vegetables,Tomato,03-03-2023,6.00,Metric Tonnes,1250.00,Rs./Quintal
Maharashtra,Sangli,Vegetables,Tomato,04-03-2023,2.00,Metric Tonnes,1350.00,Rs./Quintal
Maharashtra,Sangli,Vegetables,Tomato,05-03-2023,3.00,Metric Tonnes,1483.33,Rs./Quintal
Maharashtra,Sangli,Vegetables,Tomato,06-03-2023,3.00,Metric Tonnes,1350.00,Rs./Quintal
Maharashtra,Sangli,Vegetables,Tomato,07-03-2023,4.00,Metric Tonnes,1375.00,Rs./Quintal
Maharashtra,Sangli,Vegetables,Tomato,09-03-2023,3.00,Metric Tonnes,1250.00,Rs./Quintal
Maharashtra,Sangli,Vegetables,Tomato,10-03-2023,6.00,Metric Tonnes,1616.67,Rs./Quintal
Maharashtra,Sangli,Vegetables,Tomato,12-03-2023,4.00,Metric Tonnes,1750.00,Rs./Quintal
Maharashtra,Sangli,Vegetables,Tomato,14-03-2023,7.00,Metric Tonnes,1357.14,Rs./Quintal
Maharashtra,Sangli,Vegetables,Tomato,16-03-2023,7.00,Metric Tonnes,1435.71,Rs./Quintal
Maharashtra,Sangli,Vegetables,Tomato,17-03-2023,9.00,Metric Tonnes,1277.78,Rs./Quintal
Maharashtra,Sangli,Vegetables,Tomato,18-03-2023,2.00,Metric Tonnes,1650.00,Rs./Quintal
Maharashtra,Sangli,Vegetables,Tomato,19-03-2023,3.00,Metric Tonnes,1400.00,Rs./Quintal
Maharashtra,Sangli,Vegetables,Tomato,21-03-2023,10.00,Metric Tonnes,1265.00,Rs./Quintal
Maharashtra,Sangli,Vegetables,Tomato,23-03-2023,3.00,Metric Tonnes,1583.33,Rs./Quintal
Maharashtra,Sangli,Vegetables,Tomato,24-03-2023,7.00,Metric Tonnes,1492.86,Rs./Quintal
Maharashtra,Sangli,Vegetables,Tomato,25-03-2023,3.00,Metric Tonnes,1750.00,Rs./Quintal
Maharashtra,Sangli,Vegetables,Tomato,26-03-2023,8.00,Metric Tonnes,1425.00,Rs./Quintal
Maharashtra,Sangli,Vegetables,Tomato,27-03-2023,5.00,Metric Tonnes,1250.00,Rs./Quintal
Maharashtra,Sangli,Vegetables,Tomato,28-03-2023,11.00,Metric Tonnes,1340.91,Rs./Quintal
Maharashtra,Sangli,Vegetables,Tomato,30-03-2023,6.00,Metric Tonnes,1316.67,Rs./Quintal
Maharashtra,Sangli,Vegetables,Tomato,31-03-2023,9.00,Metric Tonnes,1211.11,Rs./Quintal
Maharashtra,Sangli,Vegetables,Tomato,01-04-2023,4.00,Metric Tonnes,1350.00,Rs./Quintal
Maharashtra,Sangli,Vegetables,Tomato,02-04-2023,8.00,Metric Tonnes,1237.50,Rs./Quintal
Maharashtra,Sangli,Vegetables,Tomato,03-04-2023,6.00,Metric Tonnes,1250.00,Rs./Quintal
Maharashtra,Sangli,Vegetables,Tomato,04-04-2023,11.00,Metric Tonnes,1077.27,Rs./Quintal
Maharashtra,Sangli,Vegetables,Tomato,06-04-2023,7.00,Metric Tonnes,1250.00,Rs./Quintal
Maharashtra,Sangli,Vegetables,Tomato,07-04-2023,10.00,Metric Tonnes,910.00,Rs./Quintal
Maharashtra,Sangli,Vegetables,Tomato,08-04-2023,6.00,Metric Tonnes,950.00,Rs./Quintal
Maharashtra,Sangli,Vegetables,Tomato,09-04-2023,7.00,Metric Tonnes,814.29,Rs./Quintal
Maharashtra,Sangli,Vegetables,Tomato,10-04-2023,4.00,Metric Tonnes,600.00,Rs./Quintal
Maharashtra,Sangli,Vegetables,Tomato,11-04-2023,12.00,Metric Tonnes,666.67,Rs./Quintal
Maharashtra,Sangli,Vegetables,Tomato,13-04-2023,9.00,Metric Tonnes,583.33,Rs./Quintal
Maharashtra,Sangli,Vegetables,Tomato,14-04-2023,10.00,Metric Tonnes,525.00,Rs./Quintal
Maharashtra,Sangli,Vegetables,Tomato,15-04-2023,4.00,Metric Tonnes,550.00,Rs./Quintal
Maharashtra,Sangli,Vegetables,Tomato,16-04-2023,4.00,Metric Tonnes,525.00,Rs./Quintal
Maharashtra,Sangli,Vegetables,Tomato,17-04-2023,5.00,Metric Tonnes,750.00,Rs./Quintal
Maharashtra,Sangli,Vegetables,Tomato,18-04-2023,13.00,Metric Tonnes,607.69,Rs./Quintal
Maharashtra,Sangli,Vegetables,Tomato,02-05-2023,6.00,Metric Tonnes,500.00,Rs./Quintal
Maharashtra,Sangli,Vegetables,Tomato,04-05-2023,1.00,Metric Tonnes,550.00,Rs./Quintal
Maharashtra,Sangli,Vegetables,Tomato,05-05-2023,5.00,Metric Tonnes,450.00,Rs./Quintal
Maharashtra,Sangli,Vegetables,Tomato,07-05-2023,3.00,Metric Tonnes,450.00,Rs./Quintal
Maharashtra,Sangli,Vegetables,Tomato,08-05-2023,3.00,Metric Tonnes,500.00,Rs./Quintal
Maharashtra,Sangli,Vegetables,Tomato,09-05-2023,8.00,Metric Tonnes,470.00,Rs./Quintal
Maharashtra,Sangli,Vegetables,Tomato,11-05-2023,10.00,Metric Tonnes,550.00,Rs./Quintal
Maharashtra,Sangli,Vegetables,Tomato,12-05-2023,11.00,Metric Tonnes,450.00,Rs./Quintal
Maharashtra,Sangli,Vegetables,Tomato,13-05-2023,5.00,Metric Tonnes,450.00,Rs./Quintal
Maharashtra,Sangli,Vegetables,Tomato,14-05-2023,8.00,Metric Tonnes,543.75,Rs./Quintal
Maharashtra,Sangli,Vegetables,Tomato,16-05-2023,9.00,Metric Tonnes,633.33,Rs./Quintal
Maharashtra,Sangli,Vegetables,Tomato,18-05-2023,7.00,Metric Tonnes,685.71,Rs./Quintal
Maharashtra,Sangli,Vegetables,Tomato,19-05-2023,12.00,Metric Tonnes,650.00,Rs./Quintal
Maharashtra,Sangli,Vegetables,Tomato,20-05-2023,4.00,Metric Tonnes,550.00,Rs./Quintal
Maharashtra,Sangli,Vegetables,Tomato,21-05-2023,6.00,Metric Tonnes,650.00,Rs./Quintal
Maharashtra,Sangli,Vegetables,Tomato,22-05-2023,5.00,Metric Tonnes,750.00,Rs./Quintal
Maharashtra,Sangli,Vegetables,Tomato,23-05-2023,14.00,Metric Tonnes,667.86,Rs./Quintal
Maharashtra,Sangli,Vegetables,Tomato,25-05-2023,4.00,Metric Tonnes,600.00,Rs./Quintal
Maharashtra,Sangli,Vegetables,Tomato,26-05-2023,10.00,Metric Tonnes,620.00,Rs./Quintal
Maharashtra,Sangli,Vegetables,Tomato,28-05-2023,6.00,Metric Tonnes,750.00,Rs./Quintal
Maharashtra,Sangli,Vegetables,Tomato,30-05-2023,7.00,Metric Tonnes,764.29,Rs./Quintal
Maharashtra,Sangli,Vegetables,Tomato,01-06-2023,5.00,Metric Tonnes,750.00,Rs./Quintal
Maharashtra,Sangli,Vegetables,Tomato,02-06-2023,8.00,Metric Tonnes,1075.00,Rs./Quintal
Maharashtra,Sangli,Vegetables,Tomato,04-06-2023,4.00,Metric Tonnes,1250.00,Rs./Quintal
Maharashtra,Sangli,Vegetables,Tomato,06-06-2023,8.00,Metric Tonnes,1250.00,Rs./Quintal
Maharashtra,Sangli,Vegetables,Tomato,08-06-2023,3.00,Metric Tonnes,1350.00,Rs./Quintal
Maharashtra,Sangli,Vegetables,Tomato,09-06-2023,7.00,Metric Tonnes,1250.00,Rs./Quintal
Maharashtra,Sangli,Vegetables,Tomato,10-06-2023,1.00,Metric Tonnes,1800.00,Rs./Quintal
Maharashtra,Sangli,Vegetables,Tomato,11-06-2023,7.00,Metric Tonnes,1735.71,Rs./Quintal
Maharashtra,Sangli,Vegetables,Tomato,13-06-2023,11.00,Metric Tonnes,2200.00,Rs./Quintal
Maharashtra,Sangli,Vegetables,Tomato,15-06-2023,3.00,Metric Tonnes,1900.00,Rs./Quintal
Maharashtra,Sangli,Vegetables,Tomato,16-06-2023,9.00,Metric Tonnes,2250.00,Rs./Quintal
Maharashtra,Sangli,Vegetables,Tomato,18-06-2023,5.00,Metric Tonnes,2650.00,Rs./Quintal
Maharashtra,Sangli,Vegetables,Tomato,20-06-2023,6.00,Metric Tonnes,3250.00,Rs./Quintal
Maharashtra,Sangli,Vegetables,Tomato,22-06-2023,2.00,Metric Tonnes,3000.00,Rs./Quintal
Maharashtra,Sangli,Vegetables,Tomato,23-06-2023,6.00,Metric Tonnes,3616.67,Rs./Quintal
Maharashtra,Sangli,Vegetables,Tomato,25-06-2023,3.00,Metric Tonnes,3550.00,Rs./Quintal
Maharashtra,Sangli,Vegetables,Tomato,27-06-2023,6.00,Metric Tonnes,4000.00,Rs./Quintal
Maharashtra,Sangli,Vegetables,Tomato,29-06-2023,1.00,Metric Tonnes,350.00,Rs./Quintal
Maharashtra,Sangli,Vegetables,Tomato,30-06-2023,5.00,Metric Tonnes,1460.00,Rs./Quintal
Maharashtra,Sangli,Vegetables,Tomato,02-07-2023,3.00,Metric Tonnes,580.00,Rs./Quintal
Maharashtra,Sangli,Vegetables,Tomato,04-07-2023,4.00,Metric Tonnes,600.00,Rs./Quintal
Maharashtra,Sangli,Vegetables,Tomato,06-07-2023,2.00,Metric Tonnes,7750.00,Rs./Quintal
Maharashtra,Sangli,Vegetables,Tomato,07-07-2023,7.00,Metric Tonnes,6071.43,Rs./Quintal
Maharashtra,Sangli,Vegetables,Tomato,08-07-2023,2.00,Metric Tonnes,5350.00,Rs./Quintal
Maharashtra,Sangli,Vegetables,Tomato,09-07-2023,6.00,Metric Tonnes,5783.33,Rs./Quintal
Maharashtra,Sangli,Vegetables,Tomato,10-07-2023,4.00,Metric Tonnes,6500.00,Rs./Quintal
Maharashtra,Sangli,Vegetables,Tomato,11-07-2023,7.00,Metric Tonnes,7535.71,Rs./Quintal
Maharashtra,Sangli,Vegetables,Tomato,13-07-2023,6.00,Metric Tonnes,7000.00,Rs./Quintal
Maharashtra,Sangli,Vegetables,Tomato,14-07-2023,11.00,Metric Tonnes,6977.27,Rs./Quintal
Maharashtra,Sangli,Vegetables,Tomato,15-07-2023,2.00,Metric Tonnes,5500.00,Rs./Quintal
Maharashtra,Sangli,Vegetables,Tomato,16-07-2023,5.00,Metric Tonnes,7460.00,Rs./Quintal
Maharashtra,Sangli,Vegetables,Tomato,17-07-2023,3.00,Metric Tonnes,8500.00,Rs./Quintal
Maharashtra,Sangli,Vegetables,Tomato,18-07-2023,8.00,Metric Tonnes,7681.25,Rs./Quintal
Maharashtra,Sangli,Vegetables,Tomato,20-07-2023,6.00,Metric Tonnes,6000.00,Rs./Quintal
Maharashtra,Sangli,Vegetables,Tomato,21-07-2023,5.00,Metric Tonnes,5600.00,Rs./Quintal
Maharashtra,Sangli,Vegetables,Tomato,22-07-2023,3.00,Metric Tonnes,5500.00,Rs./Quintal
Maharashtra,Sangli,Vegetables,Tomato,23-07-2023,5.00,Metric Tonnes,6100.00,Rs./Quintal
Maharashtra,Sangli,Vegetables,Tomato,24-07-2023,4.00,Metric Tonnes,5750.00,Rs./Quintal
Maharashtra,Sangli,Vegetables,Tomato,25-07-2023,4.00,Metric Tonnes,7200.00,Rs./Quintal
Maharashtra,Sangli,Vegetables,Tomato,27-07-2023,3.00,Metric Tonnes,7300.00,Rs./Quintal
Maharashtra,Sangli,Vegetables,Tomato,28-07-2023,7.00,Metric Tonnes,7285.71,Rs./Quintal
Maharashtra,Sangli,Vegetables,Tomato,29-07-2023,4.00,Metric Tonnes,7500.00,Rs./Quintal
Maharashtra,Sangli,Vegetables,Tomato,30-07-2023,7.00,Metric Tonnes,7414.29,Rs./Quintal
Maharashtra,Sangli,Vegetables,Tomato,31-07-2023,3.00,Metric Tonnes,7500.00,Rs./Quintal
Maharashtra,Sangli,Vegetables,Tomato,01-08-2023,11.00,Metric Tonnes,8263.64,Rs./Quintal
Maharashtra,Sangli,Vegetables,Tomato,03-08-2023,3.00,Metric Tonnes,7380.00,Rs./Quintal
Maharashtra,Sangli,Vegetables,Tomato,04-08-2023,1.00,Metric Tonnes,6500.00,Rs./Quintal
Maharashtra,Sangli,Vegetables,Tomato,05-08-2023,2.00,Metric Tonnes,6500.00,Rs./Quintal
Maharashtra,Sangli,Vegetables,Tomato,06-08-2023,3.00,Metric Tonnes,6166.67,Rs./Quintal
Maharashtra,Sangli,Vegetables,Tomato,07-08-2023,3.00,Metric Tonnes,6750.00,Rs./Quintal
Maharashtra,Sangli,Vegetables,Tomato,08-08-2023,4.00,Metric Tonnes,6500.00,Rs./Quintal
Maharashtra,Sangli,Vegetables,Tomato,10-08-2023,4.00,Metric Tonnes,4750.00,Rs./Quintal
Maharashtra,Sangli,Vegetables,Tomato,11-08-2023,4.00,Metric Tonnes,4350.00,Rs./Quintal
Maharashtra,Sangli,Vegetables,Tomato,12-08-2023,5.00,Metric Tonnes,4350.00,Rs./Quintal
Maharashtra,Sangli,Vegetables,Tomato,18-08-2023,5.00,Metric Tonnes,2750.00,Rs./Quintal
Maharashtra,Sangli,Vegetables,Tomato,19-08-2023,4.00,Metric Tonnes,2750.00,Rs./Quintal
Maharashtra,Sangli,Vegetables,Tomato,20-08-2023,2.00,Metric Tonnes,2750.00,Rs./Quintal
Maharashtra,Sangli,Vegetables,Tomato,21-08-2023,5.00,Metric Tonnes,2750.00,Rs./Quintal
Maharashtra,Sangli,Vegetables,Tomato,22-08-2023,8.00,Metric Tonnes,2250.00,Rs./Quintal
Maharashtra,Sangli,Vegetables,Tomato,24-08-2023,2.00,Metric Tonnes,2000.00,Rs./Quintal
Maharashtra,Sangli,Vegetables,Tomato,25-08-2023,10.00,Metric Tonnes,1895.00,Rs./Quintal
Maharashtra,Sangli,Vegetables,Tomato,26-08-2023,3.00,Metric Tonnes,1350.00,Rs./Quintal
Maharashtra,Sangli,Vegetables,Tomato,27-08-2023,4.00,Metric Tonnes,1750.00,Rs./Quintal
Maharashtra,Sangli,Vegetables,Tomato,28-08-2023,5.00,Metric Tonnes,1750.00,Rs./Quintal
Maharashtra,Sangli,Vegetables,Tomato,29-08-2023,14.00,Metric Tonnes,1478.57,Rs./Quintal
Maharashtra,Sangli,Vegetables,Tomato,31-08-2023,6.00,Metric Tonnes,1341.67,Rs./Quintal
Maharashtra,Sangli,Vegetables,Tomato,01-09-2023,11.00,Metric Tonnes,1031.82,Rs./Quintal
Maharashtra,Sangli,Vegetables,Tomato,02-09-2023,4.00,Metric Tonnes,1350.00,Rs./Quintal
Maharashtra,Sangli,Vegetables,Tomato,05-09-2023,12.00,Metric Tonnes,1083.33,Rs./Quintal
Maharashtra,Sangli,Vegetables,Tomato,07-09-2023,4.00,Metric Tonnes,750.00,Rs./Quintal
Maharashtra,Sangli,Vegetables,Tomato,08-09-2023,15.00,Metric Tonnes,740.00,Rs./Quintal
Maharashtra,Sangli,Vegetables,Tomato,09-09-2023,3.00,Metric Tonnes,450.00,Rs./Quintal
Maharashtra,Sangli,Vegetables,Tomato,10-09-2023,5.00,Metric Tonnes,560.00,Rs./Quintal
Maharashtra,Sangli,Vegetables,Tomato,11-09-2023,4.00,Metric Tonnes,450.00,Rs./Quintal
Maharashtra,Sangli,Vegetables,Tomato,12-09-2023,5.00,Metric Tonnes,470.00,Rs./Quintal
Maharashtra,Sangli,Vegetables,Tomato,14-09-2023,4.00,Metric Tonnes,450.00,Rs./Quintal
Maharashtra,Sangli,Vegetables,Tomato,15-09-2023,15.00,Metric Tonnes,480.00,Rs./Quintal
Maharashtra,Sangli,Vegetables,Tomato,17-09-2023,7.00,Metric Tonnes,600.00,Rs./Quintal
Maharashtra,Sangli,Vegetables,Tomato,19-09-2023,2.00,Metric Tonnes,700.00,Rs./Quintal
Maharashtra,Sangli,Vegetables,Tomato,21-09-2023,6.00,Metric Tonnes,525.00,Rs./Quintal
Maharashtra,Sangli,Vegetables,Tomato,22-09-2023,6.00,Metric Tonnes,450.00,Rs./Quintal
Maharashtra,Sangli,Vegetables,Tomato,23-09-2023,2.00,Metric Tonnes,650.00,Rs./Quintal
Maharashtra,Sangli,Vegetables,Tomato,26-09-2023,15.00,Metric Tonnes,563.33,Rs./Quintal
Maharashtra,Sangli,Vegetables,Tomato,29-09-2023,8.00,Metric Tonnes,450.00,Rs./Quintal
Maharashtra,Sangli,Vegetables,Tomato,03-10-2023,10.00,Metric Tonnes,880.00,Rs./Quintal
Maharashtra,Sangli,Vegetables,Tomato,12-10-2023,3.00,Metric Tonnes,350.00,Rs./Quintal
Maharashtra,Sangli,Vegetables,Tomato,13-10-2023,14.00,Metric Tonnes,482.14,Rs./Quintal
Maharashtra,Sangli,Vegetables,Tomato,15-10-2023,1.00,Metric Tonnes,600.00,Rs./Quintal
Maharashtra,Sangli,Vegetables,Tomato,17-10-2023,3.00,Metric Tonnes,600.00,Rs./Quintal
Maharashtra,Sangli,Vegetables,Tomato,20-10-2023,12.00,Metric Tonnes,558.33,Rs./Quintal
Maharashtra,Sangli,Vegetables,Tomato,24-10-2023,8.00,Metric Tonnes,750.00,Rs./Quintal
Maharashtra,Sangli,Vegetables,Tomato,26-10-2023,5.00,Metric Tonnes,650.00,Rs./Quintal
Maharashtra,Sangli,Vegetables,Tomato,31-10-2023,10.00,Metric Tonnes,1040.00,Rs./Quintal
Maharashtra,Sangli,Vegetables,Tomato,02-11-2023,4.00,Metric Tonnes,850.00,Rs./Quintal
Maharashtra,Sangli,Vegetables,Tomato,03-11-2023,13.00,Metric Tonnes,942.31,Rs./Quintal
Maharashtra,Sangli,Vegetables,Tomato,07-11-2023,13.00,Metric Tonnes,1007.69,Rs./Quintal
Maharashtra,Sangli,Vegetables,Tomato,09-11-2023,1.00,Metric Tonnes,950.00,Rs./Quintal
Maharashtra,Sangli,Vegetables,Tomato,10-11-2023,9.00,Metric Tonnes,900.00,Rs./Quintal
Maharashtra,Sangli,Vegetables,Tomato,16-11-2023,2.00,Metric Tonnes,2750.00,Rs./Quintal
Maharashtra,Sangli,Vegetables,Tomato,17-11-2023,8.00,Metric Tonnes,1750.00,Rs./Quintal
Maharashtra,Sangli,Vegetables,Tomato,19-11-2023,2.00,Metric Tonnes,2250.00,Rs./Quintal
Maharashtra,Sangli,Vegetables,Tomato,21-11-2023,8.00,Metric Tonnes,1975.00,Rs./Quintal
Maharashtra,Sangli,Vegetables,Tomato,23-11-2023,4.00,Metric Tonnes,1800.00,Rs./Quintal
Maharashtra,Sangli,Vegetables,Tomato,24-11-2023,1.00,Metric Tonnes,2700.00,Rs./Quintal
Maharashtra,Sangli,Vegetables,Tomato,28-11-2023,6.00,Metric Tonnes,2250.00,Rs./Quintal
Maharashtra,Sangli,Vegetables,Tomato,30-11-2023,2.00,Metric Tonnes,1750.00,Rs./Quintal
Maharashtra,Sangli,Vegetables,Tomato,05-12-2023,6.00,Metric Tonnes,2900.00,Rs./Quintal
Maharashtra,Sangli,Vegetables,Tomato,07-12-2023,1.00,Metric Tonnes,2350.00,Rs./Quintal
Maharashtra,Sangli,Vegetables,Tomato,08-12-2023,2.00,Metric Tonnes,2350.00,Rs./Quintal
Maharashtra,Sangli,Vegetables,Tomato,09-12-2023,2.00,Metric Tonnes,2350.00,Rs./Quintal
Maharashtra,Sangli,Vegetables,Tomato,11-12-2023,3.00,Metric Tonnes,1750.00,Rs./Quintal
Maharashtra,Sangli,Vegetables,Tomato,12-12-2023,13.00,Metric Tonnes,1492.31,Rs./Quintal
Maharashtra,Sangli,Vegetables,Tomato,14-12-2023,6.00,Metric Tonnes,1500.00,Rs./Quintal
Maharashtra,Sangli,Vegetables,Tomato,15-12-2023,12.00,Metric Tonnes,1954.17,Rs./Quintal
Maharashtra,Sangli,Vegetables,Tomato,17-12-2023,4.00,Metric Tonnes,3000.00,Rs./Quintal
Maharashtra,Sangli,Vegetables,Tomato,19-12-2023,7.00,Metric Tonnes,1857.14,Rs./Quintal
Maharashtra,Sangli,Vegetables,Tomato,21-12-2023,5.00,Metric Tonnes,2550.00,Rs./Quintal
Maharashtra,Sangli,Vegetables,Tomato,22-12-2023,2.00,Metric Tonnes,1500.00,Rs./Quintal
Maharashtra,Sangli,Vegetables,Tomato,24-12-2023,1.00,Metric Tonnes,1500.00,Rs./Quintal
Maharashtra,Sangli,Vegetables,Tomato,26-12-2023,6.00,Metric Tonnes,1900.00,Rs./Quintal
Maharashtra,Sangli,Vegetables,Tomato,28-12-2023,4.00,Metric Tonnes,2100.00,Rs./Quintal
Maharashtra,Sangli,Vegetables,Tomato,29-12-2023,8.00,Metric Tonnes,3206.25,Rs./Quintal
Maharashtra,Sangli,Vegetables,Tomato,02-01-2024,13.00,Metric Tonnes,2553.85,Rs./Quintal
Maharashtra,Sangli,Vegetables,Tomato,04-01-2024,7.00,Metric Tonnes,1814.29,Rs./Quintal
Maharashtra,Sangli,Vegetables,Tomato,05-01-2024,12.00,Metric Tonnes,1941.67,Rs./Quintal
Maharashtra,Sangli,Vegetables,Tomato,06-01-2024,2.00,Metric Tonnes,1450.00,Rs./Quintal
Maharashtra,Sangli,Vegetables,Tomato,07-01-2024,6.00,Metric Tonnes,1875.00,Rs./Quintal
Maharashtra,Sangli,Vegetables,Tomato,08-01-2024,4.00,Metric Tonnes,1350.00,Rs./Quintal
Maharashtra,Sangli,Vegetables,Tomato,09-01-2024,8.00,Metric Tonnes,1368.75,Rs./Quintal
Maharashtra,Sangli,Vegetables,Tomato,11-01-2024,4.00,Metric Tonnes,1625.00,Rs./Quintal
Maharashtra,Sangli,Vegetables,Tomato,12-01-2024,5.00,Metric Tonnes,1290.00,Rs./Quintal
Maharashtra,Sangli,Vegetables,Tomato,13-01-2024,4.00,Metric Tonnes,1350.00,Rs./Quintal
Maharashtra,Sangli,Vegetables,Tomato,14-01-2024,2.00,Metric Tonnes,1350.00,Rs./Quintal
Maharashtra,Sangli,Vegetables,Tomato,15-01-2024,2.00,Metric Tonnes,1350.00,Rs./Quintal
Maharashtra,Sangli,Vegetables,Tomato,16-01-2024,3.00,Metric Tonnes,1500.00,Rs./Quintal
Maharashtra,Sangli,Vegetables,Tomato,18-01-2024,1.00,Metric Tonnes,950.00,Rs./Quintal
Maharashtra,Sangli,Vegetables,Tomato,19-01-2024,6.00,Metric Tonnes,1800.00,Rs./Quintal
Maharashtra,Sangli,Vegetables,Tomato,23-01-2024,3.00,Metric Tonnes,2250.00,Rs./Quintal
Maharashtra,Sangli,Vegetables,Tomato,25-01-2024,9.00,Metric Tonnes,2211.11,Rs./Quintal
Maharashtra,Sangli,Vegetables,Tomato,28-01-2024,1.00,Metric Tonnes,2200.00,Rs./Quintal
Maharashtra,Sangli,Vegetables,Tomato,30-01-2024,11.00,Metric Tonnes,2486.36,Rs./Quintal
Maharashtra,Sangli,Vegetables,Tomato,01-02-2024,3.00,Metric Tonnes,1750.00,Rs./Quintal
Maharashtra,Sangli,Vegetables,Tomato,02-02-2024,11.00,Metric Tonnes,1727.27,Rs./Quintal
Maharashtra,Sangli,Vegetables,Tomato,03-02-2024,3.00,Metric Tonnes,2350.00,Rs./Quintal
Maharashtra,Sangli,Vegetables,Tomato,04-02-2024,3.00,Metric Tonnes,2350.00,Rs./Quintal
Maharashtra,Sangli,Vegetables,Tomato,05-02-2024,4.00,Metric Tonnes,2350.00,Rs./Quintal
Maharashtra,Sangli,Vegetables,Tomato,06-02-2024,7.00,Metric Tonnes,2350.00,Rs./Quintal
Maharashtra,Sangli,Vegetables,Tomato,09-02-2024,1.00,Metric Tonnes,2700.00,Rs./Quintal
Maharashtra,Sangli,Vegetables,Tomato,11-02-2024,1.00,Metric Tonnes,2200.00,Rs./Quintal
Maharashtra,Sangli,Vegetables,Tomato,12-02-2024,5.00,Metric Tonnes,2350.00,Rs./Quintal
Maharashtra,Sangli,Vegetables,Tomato,13-02-2024,12.00,Metric Tonnes,2041.67,Rs./Quintal
Maharashtra,Sangli,Vegetables,Tomato,15-02-2024,4.00,Metric Tonnes,1750.00,Rs./Quintal
Maharashtra,Sangli,Vegetables,Tomato,16-02-2024,7.00,Metric Tonnes,1757.14,Rs./Quintal
Maharashtra,Sangli,Vegetables,Tomato,20-02-2024,13.00,Metric Tonnes,1338.46,Rs./Quintal
Maharashtra,Sangli,Vegetables,Tomato,22-02-2024,3.00,Metric Tonnes,1400.00,Rs./Quintal
Maharashtra,Sangli,Vegetables,Tomato,23-02-2024,10.00,Metric Tonnes,1430.00,Rs./Quintal
Maharashtra,Sangli,Vegetables,Tomato,25-02-2024,1.00,Metric Tonnes,1800.00,Rs./Quintal
Maharashtra,Sangli,Vegetables,Tomato,27-02-2024,12.00,Metric Tonnes,1050.00,Rs./Quintal
Maharashtra,Sangli,Vegetables,Tomato,29-02-2024,9.30,Metric Tonnes,1188.17,Rs./Quintal
Maharashtra,Sangli,Vegetables,Tomato,01-03-2024,11.40,Metric Tonnes,1115.79,Rs./Quintal
Maharashtra,Sangli,Vegetables,Tomato,02-03-2024,2.50,Metric Tonnes,1000.00,Rs./Quintal
Maharashtra,Sangli,Vegetables,Tomato,03-03-2024,4.00,Metric Tonnes,1050.00,Rs./Quintal
Maharashtra,Sangli,Vegetables,Tomato,05-03-2024,12.80,Metric Tonnes,1118.75,Rs./Quintal
Maharashtra,Sangli,Vegetables,Tomato,07-03-2024,3.40,Metric Tonnes,650.00,Rs./Quintal
Maharashtra,Sangli,Vegetables,Tomato,08-03-2024,8.20,Metric Tonnes,1192.07,Rs./Quintal
Maharashtra,Sangli,Vegetables,Tomato,10-03-2024,2.20,Metric Tonnes,900.00,Rs./Quintal
Maharashtra,Sangli,Vegetables,Tomato,12-03-2024,6.30,Metric Tonnes,1123.81,Rs./Quintal
Maharashtra,Sangli,Vegetables,Tomato,14-03-2024,6.20,Metric Tonnes,1061.29,Rs./Quintal
Maharashtra,Sangli,Vegetables,Tomato,15-03-2024,1.90,Metric Tonnes,900.00,Rs./Quintal
Maharashtra,Sangli,Vegetables,Tomato,17-03-2024,4.70,Metric Tonnes,961.70,Rs./Quintal
Maharashtra,Sangli,Vegetables,Tomato,19-03-2024,14.40,Metric Tonnes,1299.31,Rs./Quintal
Maharashtra,Sangli,Vegetables,Tomato,21-03-2024,11.60,Metric Tonnes,770.69,Rs./Quintal
Maharashtra,Sangli,Vegetables,Tomato,22-03-2024,9.60,Metric Tonnes,846.88,Rs./Quintal
Maharashtra,Sangli,Vegetables,Tomato,23-03-2024,4.00,Metric Tonnes,900.00,Rs./Quintal
Maharashtra,Sangli,Vegetables,Tomato,24-03-2024,10.00,Metric Tonnes,859.00,Rs./Quintal
Maharashtra,Sangli,Vegetables,Tomato,25-03-2024,3.00,Metric Tonnes,1250.00,Rs./Quintal
Maharashtra,Sangli,Vegetables,Tomato,26-03-2024,13.30,Metric Tonnes,910.53,Rs./Quintal
Maharashtra,Sangli,Vegetables,Tomato,28-03-2024,3.40,Metric Tonnes,900.00,Rs./Quintal
Maharashtra,Sangli,Vegetables,Tomato,29-03-2024,14.10,Metric Tonnes,835.46,Rs./Quintal
Maharashtra,Sangli,Vegetables,Tomato,30-03-2024,4.00,Metric Tonnes,900.00,Rs./Quintal
Maharashtra,Sangli,Vegetables,Tomato,31-03-2024,7.10,Metric Tonnes,918.31,Rs./Quintal
Maharashtra,Sangli,Vegetables,Tomato,01-04-2024,10.00,Metric Tonnes,900.00,Rs./Quintal
Maharashtra,Sangli,Vegetables,Tomato,02-04-2024,7.80,Metric Tonnes,788.46,Rs./Quintal
Maharashtra,Sangli,Vegetables,Tomato,04-04-2024,4.80,Metric Tonnes,837.50,Rs./Quintal
Maharashtra,Sangli,Vegetables,Tomato,05-04-2024,11.80,Metric Tonnes,944.07,Rs./Quintal
Maharashtra,Sangli,Vegetables,Tomato,07-04-2024,3.80,Metric Tonnes,850.00,Rs./Quintal
Maharashtra,Sangli,Vegetables,Tomato,14-04-2024,1.20,Metric Tonnes,900.00,Rs./Quintal
Maharashtra,Sangli,Vegetables,Tomato,19-04-2024,8.50,Metric Tonnes,1126.47,Rs./Quintal
Maharashtra,Sangli,Vegetables,Tomato,25-04-2024,5.00,Metric Tonnes,850.00,Rs./Quintal
Maharashtra,Sangli,Vegetables,Tomato,26-04-2024,9.10,Metric Tonnes,1042.86,Rs./Quintal
Maharashtra,Sangli,Vegetables,Tomato,28-04-2024,2.60,Metric Tonnes,976.92,Rs./Quintal
Maharashtra,Sangli,Vegetables,Tomato,30-04-2024,8.00,Metric Tonnes,1395.63,Rs./Quintal
Maharashtra,Sangli,Vegetables,Tomato,02-05-2024,2.60,Metric Tonnes,1250.00,Rs./Quintal
Maharashtra,Sangli,Vegetables,Tomato,03-05-2024,7.70,Metric Tonnes,1314.29,Rs./Quintal
Maharashtra,Sangli,Vegetables,Tomato,05-05-2024,3.30,Metric Tonnes,1100.00,Rs./Quintal
Maharashtra,Sangli,Vegetables,Tomato,09-05-2024,2.60,Metric Tonnes,1400.00,Rs./Quintal
Maharashtra,Sangli,Vegetables,Tomato,10-05-2024,8.40,Metric Tonnes,1310.71,Rs./Quintal
Maharashtra,Sangli,Vegetables,Tomato,11-05-2024,3.50,Metric Tonnes,1150.00,Rs./Quintal
Maharashtra,Sangli,Vegetables,Tomato,12-05-2024,11.20,Metric Tonnes,1403.13,Rs./Quintal
Maharashtra,Sangli,Vegetables,Tomato,13-05-2024,3.00,Metric Tonnes,1150.00,Rs./Quintal
Maharashtra,Sangli,Vegetables,Tomato,14-05-2024,7.80,Metric Tonnes,1242.95,Rs./Quintal
Maharashtra,Sangli,Vegetables,Tomato,16-05-2024,4.00,Metric Tonnes,900.00,Rs./Quintal
Maharashtra,Sangli,Vegetables,Tomato,17-05-2024,12.60,Metric Tonnes,1042.86,Rs./Quintal
Maharashtra,Sangli,Vegetables,Tomato,21-05-2024,13.20,Metric Tonnes,1060.61,Rs./Quintal
Maharashtra,Sangli,Vegetables,Tomato,23-05-2024,3.80,Metric Tonnes,1450.00,Rs./Quintal
Maharashtra,Sangli,Vegetables,Tomato,24-05-2024,12.30,Metric Tonnes,1200.00,Rs./Quintal
Maharashtra,Sangli,Vegetables,Tomato,26-05-2024,1.10,Metric Tonnes,1200.00,Rs./Quintal
Maharashtra,Sangli,Vegetables,Tomato,28-05-2024,11.50,Metric Tonnes,1517.39,Rs./Quintal
Maharashtra,Sangli,Vegetables,Tomato,30-05-2024,6.80,Metric Tonnes,1400.00,Rs./Quintal
Maharashtra,Sangli,Vegetables,Tomato,31-05-2024,15.90,Metric Tonnes,1482.70,Rs./Quintal
Maharashtra,Sangli,Vegetables,Tomato,01-06-2024,3.00,Metric Tonnes,1350.00,Rs./Quintal
Maharashtra,Sangli,Vegetables,Tomato,02-06-2024,6.10,Metric Tonnes,1779.51,Rs./Quintal
Maharashtra,Sangli,Vegetables,Tomato,03-06-2024,3.50,Metric Tonnes,1750.00,Rs./Quintal
Maharashtra,Sangli,Vegetables,Tomato,04-06-2024,9.90,Metric Tonnes,2400.00,Rs./Quintal
Maharashtra,Sangli,Vegetables,Tomato,06-06-2024,4.60,Metric Tonnes,2750.00,Rs./Quintal
Maharashtra,Sangli,Vegetables,Tomato,07-06-2024,8.80,Metric Tonnes,2000.00,Rs./Quintal
Maharashtra,Sangli,Vegetables,Tomato,13-06-2024,6.40,Metric Tonnes,3085.16,Rs./Quintal
Maharashtra,Sangli,Vegetables,Tomato,14-06-2024,13.60,Metric Tonnes,1936.40,Rs./Quintal
Maharashtra,Sangli,Vegetables,Tomato,18-06-2024,6.40,Metric Tonnes,2700.00,Rs./Quintal
Maharashtra,Sangli,Vegetables,Tomato,20-06-2024,4.00,Metric Tonnes,3250.00,Rs./Quintal
Maharashtra,Sangli,Vegetables,Tomato,21-06-2024,4.80,Metric Tonnes,3200.00,Rs./Quintal
Maharashtra,Sangli,Vegetables,Tomato,28-06-2024,3.00,Metric Tonnes,2166.67,Rs./Quintal
Maharashtra,Sangli,Vegetables,Tomato,29-06-2024,4.00,Metric Tonnes,2750.00,Rs./Quintal
Maharashtra,Sangli,Vegetables,Tomato,01-07-2024,4.00,Metric Tonnes,2750.00,Rs./Quintal
Maharashtra,Sangli,Vegetables,Tomato,02-07-2024,11.20,Metric Tonnes,2896.43,Rs./Quintal
Maharashtra,Sangli,Vegetables,Tomato,04-07-2024,5.30,Metric Tonnes,2924.53,Rs./Quintal
Maharashtra,Sangli,Vegetables,Tomato,05-07-2024,15.20,Metric Tonnes,3269.08,Rs./Quintal
Maharashtra,Sangli,Vegetables,Tomato,09-07-2024,9.40,Metric Tonnes,3957.45,Rs./Quintal
Maharashtra,Sangli,Vegetables,Tomato,11-07-2024,0.90,Metric Tonnes,3200.00,Rs./Quintal
Maharashtra,Sangli,Vegetables,Tomato,15-07-2024,3.00,Metric Tonnes,4350.00,Rs./Quintal
Maharashtra,Sangli,Vegetables,Tomato,16-07-2024,11.30,Metric Tonnes,4077.88,Rs./Quintal
Maharashtra,Sangli,Vegetables,Tomato,19-07-2024,7.70,Metric Tonnes,4687.01,Rs./Quintal
Maharashtra,Sangli,Vegetables,Tomato,22-07-2024,2.00,Metric Tonnes,5750.00,Rs./Quintal
Maharashtra,Sangli,Vegetables,Tomato,25-07-2024,1.50,Metric Tonnes,4500.00,Rs./Quintal
Maharashtra,Sangli,Vegetables,Tomato,27-07-2024,7.00,Metric Tonnes,2200.00,Rs./Quintal
Maharashtra,Sangli,Vegetables,Tomato,28-07-2024,0.20,Metric Tonnes,3500.00,Rs./Quintal
Maharashtra,Sangli,Vegetables,Tomato,30-07-2024,3.00,Metric Tonnes,2750.00,Rs./Quintal
Maharashtra,Sangli,Vegetables,Tomato,01-08-2024,8.30,Metric Tonnes,1986.75,Rs./Quintal
Maharashtra,Sangli,Vegetables,Tomato,02-08-2024,13.90,Metric Tonnes,1573.74,Rs./Quintal
Maharashtra,Sangli,Vegetables,Tomato,03-08-2024,6.00,Metric Tonnes,1350.00,Rs./Quintal
Maharashtra,Sangli,Vegetables,Tomato,04-08-2024,5.00,Metric Tonnes,1550.00,Rs./Quintal
Maharashtra,Sangli,Vegetables,Tomato,05-08-2024,3.50,Metric Tonnes,1350.00,Rs./Quintal
Maharashtra,Sangli,Vegetables,Tomato,06-08-2024,16.30,Metric Tonnes,1596.93,Rs./Quintal
Maharashtra,Sangli,Vegetables,Tomato,08-08-2024,5.70,Metric Tonnes,800.00,Rs./Quintal
Maharashtra,Sangli,Vegetables,Tomato,09-08-2024,11.60,Metric Tonnes,1150.00,Rs./Quintal
Maharashtra,Sangli,Vegetables,Tomato,10-08-2024,3.00,Metric Tonnes,1350.00,Rs./Quintal
Maharashtra,Sangli,Vegetables,Tomato,11-08-2024,6.00,Metric Tonnes,1316.67,Rs./Quintal
Maharashtra,Sangli,Vegetables,Tomato,13-08-2024,8.50,Metric Tonnes,1550.00,Rs./Quintal
Maharashtra,Sangli,Vegetables,Tomato,22-08-2024,3.80,Metric Tonnes,1565.79,Rs./Quintal
Maharashtra,Sangli,Vegetables,Tomato,23-08-2024,15.70,Metric Tonnes,1269.43,Rs./Quintal
Maharashtra,Sangli,Vegetables,Tomato,24-08-2024,4.00,Metric Tonnes,1350.00,Rs./Quintal
Maharashtra,Sangli,Vegetables,Tomato,25-08-2024,3.00,Metric Tonnes,1350.00,Rs./Quintal
Maharashtra,Sangli,Vegetables,Tomato,26-08-2024,4.00,Metric Tonnes,1350.00,Rs./Quintal
Maharashtra,Sangli,Vegetables,Tomato,27-08-2024,9.90,Metric Tonnes,1243.43,Rs./Quintal
Maharashtra,Sangli,Vegetables,Tomato,29-08-2024,7.40,Metric Tonnes,1468.92,Rs./Quintal
Maharashtra,Sangli,Vegetables,Tomato,30-08-2024,14.80,Metric Tonnes,1562.84,Rs./Quintal
Maharashtra,Sangli,Vegetables,Tomato,31-08-2024,5.00,Metric Tonnes,1350.00,Rs./Quintal
Maharashtra,Sangli,Vegetables,Tomato,01-09-2024,9.30,Metric Tonnes,1492.26,Rs./Quintal
Maharashtra,Sangli,Vegetables,Tomato,02-09-2024,6.00,Metric Tonnes,1350.00,Rs./Quintal
Maharashtra,Sangli,Vegetables,Tomato,03-09-2024,14.20,Metric Tonnes,1290.14,Rs./Quintal
Maharashtra,Sangli,Vegetables,Tomato,05-09-2024,5.70,Metric Tonnes,1330.70,Rs./Quintal
Maharashtra,Sangli,Vegetables,Tomato,06-09-2024,10.80,Metric Tonnes,1383.33,Rs./Quintal
Maharashtra,Sangli,Vegetables,Tomato,08-09-2024,1.30,Metric Tonnes,1100.00,Rs./Quintal
Maharashtra,Sangli,Vegetables,Tomato,10-09-2024,8.00,Metric Tonnes,1693.75,Rs./Quintal
Maharashtra,Sangli,Vegetables,Tomato,12-09-2024,6.20,Metric Tonnes,1608.06,Rs./Quintal
Maharashtra,Sangli,Vegetables,Tomato,13-09-2024,6.00,Metric Tonnes,1350.00,Rs./Quintal
Maharashtra,Sangli,Vegetables,Tomato,17-09-2024,9.70,Metric Tonnes,2158.76,Rs./Quintal
Maharashtra,Sangli,Vegetables,Tomato,19-09-2024,1.20,Metric Tonnes,2750.00,Rs./Quintal
Maharashtra,Sangli,Vegetables,Tomato,20-09-2024,8.50,Metric Tonnes,3044.71,Rs./Quintal
Maharashtra,Sangli,Vegetables,Tomato,23-09-2024,3.00,Metric Tonnes,1750.00,Rs./Quintal
Maharashtra,Sangli,Vegetables,Tomato,24-09-2024,6.00,Metric Tonnes,2600.00,Rs./Quintal
Maharashtra,Sangli,Vegetables,Tomato,26-09-2024,5.10,Metric Tonnes,2962.75,Rs./Quintal
Maharashtra,Sangli,Vegetables,Tomato,27-09-2024,6.60,Metric Tonnes,3000.00,Rs./Quintal
Maharashtra,Sangli,Vegetables,Tomato,29-09-2024,4.70,Metric Tonnes,3000.00,Rs./Quintal
Maharashtra,Sangli,Vegetables,Tomato,01-10-2024,10.50,Metric Tonnes,3000.00,Rs./Quintal
Maharashtra,Sangli,Vegetables,Tomato,03-10-2024,3.80,Metric Tonnes,4264.47,Rs./Quintal
Maharashtra,Sangli,Vegetables,Tomato,04-10-2024,6.90,Metric Tonnes,4600.00,Rs./Quintal
Maharashtra,Sangli,Vegetables,Tomato,10-10-2024,5.70,Metric Tonnes,3112.28,Rs./Quintal
Maharashtra,Sangli,Vegetables,Tomato,11-10-2024,5.90,Metric Tonnes,3401.69,Rs./Quintal
Maharashtra,Sangli,Vegetables,Tomato,12-10-2024,3.00,Metric Tonnes,3500.00,Rs./Quintal
Maharashtra,Sangli,Vegetables,Tomato,13-10-2024,4.80,Metric Tonnes,3000.00,Rs./Quintal
Maharashtra,Sangli,Vegetables,Tomato,15-10-2024,21.20,Metric Tonnes,3243.40,Rs./Quintal
Maharashtra,Sangli,Vegetables,Tomato,17-10-2024,6.60,Metric Tonnes,3118.18,Rs./Quintal
Maharashtra,Sangli,Vegetables,Tomato,18-10-2024,14.60,Metric Tonnes,2700.34,Rs./Quintal
Maharashtra,Sangli,Vegetables,Tomato,19-10-2024,3.50,Metric Tonnes,2750.00,Rs./Quintal
Maharashtra,Sangli,Vegetables,Tomato,20-10-2024,6.60,Metric Tonnes,3106.06,Rs./Quintal
Maharashtra,Sangli,Vegetables,Tomato,21-10-2024,5.00,Metric Tonnes,3000.00,Rs./Quintal
Maharashtra,Sangli,Vegetables,Tomato,22-10-2024,15.60,Metric Tonnes,2230.77,Rs./Quintal
Maharashtra,Sangli,Vegetables,Tomato,24-10-2024,3.50,Metric Tonnes,1950.00,Rs./Quintal
Maharashtra,Sangli,Vegetables,Tomato,25-10-2024,12.20,Metric Tonnes,1893.44,Rs./Quintal
Maharashtra,Sangli,Vegetables,Tomato,26-10-2024,2.50,Metric Tonnes,1750.00,Rs./Quintal
Maharashtra,Sangli,Vegetables,Tomato,27-10-2024,4.10,Metric Tonnes,1951.22,Rs./Quintal
Maharashtra,Sangli,Vegetables,Tomato,28-10-2024,4.00,Metric Tonnes,1750.00,Rs./Quintal
Maharashtra,Sangli,Vegetables,Tomato,29-10-2024,13.80,Metric Tonnes,1876.09,Rs./Quintal
Maharashtra,Sangli,Vegetables,Tomato,01-11-2024,4.60,Metric Tonnes,2000.00,Rs./Quintal
Maharashtra,Sangli,Vegetables,Tomato,03-11-2024,5.50,Metric Tonnes,2025.45,Rs./Quintal
Maharashtra,Sangli,Vegetables,Tomato,04-11-2024,6.00,Metric Tonnes,2000.00,Rs./Quintal
Maharashtra,Sangli,Vegetables,Tomato,05-11-2024,10.60,Metric Tonnes,1700.00,Rs./Quintal
Maharashtra,Sangli,Vegetables,Tomato,07-11-2024,10.30,Metric Tonnes,1250.00,Rs./Quintal
Maharashtra,Sangli,Vegetables,Tomato,08-11-2024,14.40,Metric Tonnes,1420.14,Rs./Quintal
Maharashtra,Sangli,Vegetables,Tomato,09-11-2024,3.00,Metric Tonnes,1650.00,Rs./Quintal
Maharashtra,Sangli,Vegetables,Tomato,10-11-2024,10.20,Metric Tonnes,1567.65,Rs./Quintal
Maharashtra,Sangli,Vegetables,Tomato,11-11-2024,7.00,Metric Tonnes,1550.00,Rs./Quintal
Maharashtra,Sangli,Vegetables,Tomato,12-11-2024,7.20,Metric Tonnes,1900.00,Rs./Quintal
Maharashtra,Sangli,Vegetables,Tomato,14-11-2024,3.20,Metric Tonnes,1600.00,Rs./Quintal
Maharashtra,Sangli,Vegetables,Tomato,15-11-2024,10.80,Metric Tonnes,1417.59,Rs./Quintal
Maharashtra,Sangli,Vegetables,Tomato,17-11-2024,0.90,Metric Tonnes,1200.00,Rs./Quintal
Maharashtra,Sangli,Vegetables,Tomato,19-11-2024,15.80,Metric Tonnes,1246.20,Rs./Quintal
Maharashtra,Sangli,Vegetables,Tomato,21-11-2024,13.80,Metric Tonnes,1623.91,Rs./Quintal
Maharashtra,Sangli,Vegetables,Tomato,22-11-2024,17.60,Metric Tonnes,1712.50,Rs./Quintal
Maharashtra,Sangli,Vegetables,Tomato,23-11-2024,4.00,Metric Tonnes,1750.00,Rs./Quintal
Maharashtra,Sangli,Vegetables,Tomato,24-11-2024,10.40,Metric Tonnes,1550.96,Rs./Quintal
Maharashtra,Sangli,Vegetables,Tomato,25-11-2024,8.00,Metric Tonnes,1750.00,Rs./Quintal
Maharashtra,Sangli,Vegetables,Tomato,26-11-2024,12.70,Metric Tonnes,2196.46,Rs./Quintal
Maharashtra,Sangli,Vegetables,Tomato,01-12-2024,4.20,Metric Tonnes,2700.00,Rs./Quintal
Maharashtra,Sangli,Vegetables,Tomato,02-12-2024,6.00,Metric Tonnes,2750.00,Rs./Quintal
Maharashtra,Sangli,Vegetables,Tomato,03-12-2024,18.40,Metric Tonnes,2579.89,Rs./Quintal
Maharashtra,Sangli,Vegetables,Tomato,05-12-2024,8.00,Metric Tonnes,2650.00,Rs./Quintal
Maharashtra,Sangli,Vegetables,Tomato,06-12-2024,16.40,Metric Tonnes,2580.49,Rs./Quintal
Maharashtra,Sangli,Vegetables,Tomato,09-12-2024,8.00,Metric Tonnes,1750.00,Rs./Quintal
Maharashtra,Sangli,Vegetables,Tomato,10-12-2024,12.80,Metric Tonnes,1550.00,Rs./Quintal
Maharashtra,Sangli,Vegetables,Tomato,12-12-2024,14.30,Metric Tonnes,1330.42,Rs./Quintal
Maharashtra,Sangli,Vegetables,Tomato,13-12-2024,10.60,Metric Tonnes,1753.77,Rs./Quintal
Maharashtra,Sangli,Vegetables,Tomato,15-12-2024,5.10,Metric Tonnes,1950.00,Rs./Quintal
Maharashtra,Sangli,Vegetables,Tomato,17-12-2024,11.90,Metric Tonnes,1750.00,Rs./Quintal
Maharashtra,Sangli,Vegetables,Tomato,19-12-2024,3.60,Metric Tonnes,1950.00,Rs./Quintal
Maharashtra,Sangli,Vegetables,Tomato,20-12-2024,10.40,Metric Tonnes,2146.15,Rs./Quintal
Maharashtra,Sangli,Vegetables,Tomato,22-12-2024,3.20,Metric Tonnes,2550.00,Rs./Quintal
Maharashtra,Sangli,Vegetables,Tomato,24-12-2024,17.40,Metric Tonnes,2559.20,Rs./Quintal
Maharashtra,Sangli,Vegetables,Tomato,26-12-2024,4.80,Metric Tonnes,1750.00,Rs./Quintal
Maharashtra,Sangli,Vegetables,Tomato,27-12-2024,16.40,Metric Tonnes,1150.61,Rs./Quintal
Maharashtra,Sangli,Vegetables,Tomato,28-12-2024,3.50,Metric Tonnes,1000.00,Rs./Quintal
Maharashtra,Sangli,Vegetables,Tomato,29-12-2024,10.10,Metric Tonnes,1195.54,Rs./Quintal
Maharashtra,Sangli,Vegetables,Tomato,30-12-2024,15.00,Metric Tonnes,1000.00,Rs./Quintal
Maharashtra,Sangli,Vegetables,Tomato,31-12-2024,11.80,Metric Tonnes,1244.92,Rs./Quintal
Maharashtra,Sangli,Vegetables,Tomato,02-01-2025,13.20,Metric Tonnes,863.64,Rs./Quintal
Maharashtra,Sangli,Vegetables,Tomato,03-01-2025,9.40,Metric Tonnes,750.00,Rs./Quintal
Maharashtra,Sangli,Vegetables,Tomato,04-01-2025,0.90,Metric Tonnes,1500.00,Rs./Quintal
Maharashtra,Sangli,Vegetables,Tomato,05-01-2025,7.30,Metric Tonnes,1247.95,Rs./Quintal
Maharashtra,Sangli,Vegetables,Tomato,07-01-2025,11.40,Metric Tonnes,963.16,Rs./Quintal
Maharashtra,Sangli,Vegetables,Tomato,09-01-2025,7.20,Metric Tonnes,950.00,Rs./Quintal
Maharashtra,Sangli,Vegetables,Tomato,10-01-2025,11.20,Metric Tonnes,1250.00,Rs./Quintal
Maharashtra,Sangli,Vegetables,Tomato,12-01-2025,11.00,Metric Tonnes,1250.00,Rs./Quintal
Maharashtra,Sangli,Vegetables,Tomato,16-01-2025,8.20,Metric Tonnes,750.00,Rs./Quintal
Maharashtra,Sangli,Vegetables,Tomato,17-01-2025,0.60,Metric Tonnes,1200.00,Rs./Quintal
Maharashtra,Sangli,Vegetables,Tomato,19-01-2025,0.50,Metric Tonnes,1200.00,Rs./Quintal
Maharashtra,Sangli,Vegetables,Tomato,20-01-2025,2.00,Metric Tonnes,2650.00,Rs./Quintal
Maharashtra,Sangli,Vegetables,Tomato,21-01-2025,12.80,Metric Tonnes,1738.67,Rs./Quintal
Maharashtra,Sangli,Vegetables,Tomato,23-01-2025,17.00,Metric Tonnes,661.76,Rs./Quintal
Maharashtra,Sangli,Vegetables,Tomato,24-01-2025,15.00,Metric Tonnes,600.00,Rs./Quintal
Maharashtra,Sangli,Vegetables,Tomato,28-01-2025,8.00,Metric Tonnes,950.00,Rs./Quintal
Maharashtra,Sangli,Vegetables,Tomato,30-01-2025,11.00,Metric Tonnes,1218.18,Rs./Quintal
Maharashtra,Sangli,Vegetables,Tomato,31-01-2025,20.60,Metric Tonnes,976.46,Rs./Quintal
Maharashtra,Sangli,Vegetables,Tomato,01-02-2025,14.00,Metric Tonnes,600.00,Rs./Quintal
Maharashtra,Sangli,Vegetables,Tomato,02-02-2025,62.00,Metric Tonnes,824.52,Rs./Quintal
Maharashtra,Sangli,Vegetables,Tomato,03-02-2025,20.00,Metric Tonnes,650.00,Rs./Quintal
Maharashtra,Sangli,Vegetables,Tomato,04-02-2025,12.00,Metric Tonnes,900.00,Rs./Quintal
Maharashtra,Sangli,Vegetables,Tomato,06-02-2025,9.50,Metric Tonnes,900.00,Rs./Quintal
Maharashtra,Sangli,Vegetables,Tomato,07-02-2025,13.40,Metric Tonnes,1250.00,Rs./Quintal
Maharashtra,Sangli,Vegetables,Tomato,13-02-2025,4.70,Metric Tonnes,696.81,Rs./Quintal
Maharashtra,Sangli,Vegetables,Tomato,14-02-2025,16.10,Metric Tonnes,660.87,Rs./Quintal
Maharashtra,Sangli,Vegetables,Tomato,15-02-2025,1.00,Metric Tonnes,600.00,Rs./Quintal
Maharashtra,Sangli,Vegetables,Tomato,16-02-2025,3.00,Metric Tonnes,650.00,Rs./Quintal
Maharashtra,Sangli,Vegetables,Tomato,17-02-2025,6.00,Metric Tonnes,650.00,Rs./Quintal
Maharashtra,Sangli,Vegetables,Tomato,18-02-2025,6.70,Metric Tonnes,1086.57,Rs./Quintal
Maharashtra,Sangli,Vegetables,Tomato,20-02-2025,8.00,Metric Tonnes,950.00,Rs./Quintal
Maharashtra,Sangli,Vegetables,Tomato,21-02-2025,15.10,Metric Tonnes,3034.77,Rs./Quintal
Maharashtra,Sangli,Vegetables,Tomato,24-02-2025,3.00,Metric Tonnes,500.00,Rs./Quintal
Maharashtra,Sangli,Vegetables,Tomato,25-02-2025,10.90,Metric Tonnes,778.90,Rs./Quintal
Maharashtra,Sangli,Vegetables,Tomato,27-02-2025,6.00,Metric Tonnes,950.00,Rs./Quintal
Maharashtra,Sangli,Vegetables,Tomato,28-02-2025,8.00,Metric Tonnes,806.25,Rs./Quintal
Maharashtra,Sangli,Vegetables,Tomato,02-03-2025,0.60,Metric Tonnes,1200.00,Rs./Quintal
Maharashtra,Sangli,Vegetables,Tomato,03-03-2025,7.00,Metric Tonnes,750.00,Rs./Quintal
Maharashtra,Sangli,Vegetables,Tomato,04-03-2025,15.00,Metric Tonnes,1020.00,Rs./Quintal
Maharashtra,Sangli,Vegetables,Tomato,06-03-2025,4.80,Metric Tonnes,700.00,Rs./Quintal
Maharashtra,Sangli,Vegetables,Tomato,07-03-2025,7.20,Metric Tonnes,1350.00,Rs./Quintal
Maharashtra,Sangli,Vegetables,Tomato,11-03-2025,7.20,Metric Tonnes,1191.67,Rs./Quintal
Maharashtra,Sangli,Vegetables,Tomato,13-03-2025,2.50,Metric Tonnes,1250.00,Rs./Quintal
Maharashtra,Sangli,Vegetables,Tomato,14-03-2025,9.50,Metric Tonnes,843.16,Rs./Quintal
Maharashtra,Sangli,Vegetables,Tomato,15-03-2025,5.00,Metric Tonnes,1000.00,Rs./Quintal
Maharashtra,Sangli,Vegetables,Tomato,18-03-2025,7.00,Metric Tonnes,1114.29,Rs./Quintal
Maharashtra,Sangli,Vegetables,Tomato,20-03-2025,4.80,Metric Tonnes,650.00,Rs./Quintal
Maharashtra,Sangli,Vegetables,Tomato,21-03-2025,10.60,Metric Tonnes,818.40,Rs./Quintal
Maharashtra,Sangli,Vegetables,Tomato,22-03-2025,3.00,Metric Tonnes,1000.00,Rs./Quintal
Maharashtra,Sangli,Vegetables,Tomato,23-03-2025,4.00,Metric Tonnes,1000.00,Rs./Quintal
Maharashtra,Sangli,Vegetables,Tomato,24-03-2025,6.00,Metric Tonnes,1000.00,Rs./Quintal
Maharashtra,Sangli,Vegetables,Tomato,25-03-2025,2.50,Metric Tonnes,828.00,Rs./Quintal
Maharashtra,Sangli,Vegetables,Tomato,28-03-2025,4.10,Metric Tonnes,802.44,Rs./Quintal
Maharashtra,Sangli,Vegetables,Tomato,30-03-2025,2.00,Metric Tonnes,700.00,Rs./Quintal
Maharashtra,Sangli,Vegetables,Tomato,31-03-2025,7.00,Metric Tonnes,900.00,Rs./Quintal
Maharashtra,Sangli,Vegetables,Tomato,01-04-2025,18.80,Metric Tonnes,963.30,Rs./Quintal
Maharashtra,Sangli,Vegetables,Tomato,03-04-2025,3.60,Metric Tonnes,550.00,Rs./Quintal
Maharashtra,Sangli,Vegetables,Tomato,04-04-2025,13.00,Metric Tonnes,682.69,Rs./Quintal
Maharashtra,Sangli,Vegetables,Tomato,08-04-2025,15.50,Metric Tonnes,724.19,Rs./Quintal
Maharashtra,Sangli,Vegetables,Tomato,11-04-2025,6.00,Metric Tonnes,850.00,Rs./Quintal
Maharashtra,Sangli,Vegetables,Tomato,12-04-2025,5.00,Metric Tonnes,750.00,Rs./Quintal
Maharashtra,Sangli,Vegetables,Tomato,14-04-2025,8.00,Metric Tonnes,750.00,Rs./Quintal
Maharashtra,Sangli,Vegetables,Tomato,15-04-2025,19.60,Metric Tonnes,923.98,Rs./Quintal
Maharashtra,Sangli,Vegetables,Tomato,17-04-2025,10.00,Metric Tonnes,950.00,Rs./Quintal
Maharashtra,Sangli,Vegetables,Tomato,18-04-2025,16.60,Metric Tonnes,739.46,Rs./Quintal
Maharashtra,Sangli,Vegetables,Tomato,19-04-2025,8.00,Metric Tonnes,650.00,Rs./Quintal
Maharashtra,Sangli,Vegetables,Tomato,20-04-2025,6.40,Metric Tonnes,853.13,Rs./Quintal
Maharashtra,Sangli,Vegetables,Tomato,21-04-2025,8.00,Metric Tonnes,650.00,Rs./Quintal
Maharashtra,Sangli,Vegetables,Tomato,22-04-2025,13.50,Metric Tonnes,762.96,Rs./Quintal
Maharashtra,Sangli,Vegetables,Tomato,24-04-2025,10.90,Metric Tonnes,814.22,Rs./Quintal
Maharashtra,Sangli,Vegetables,Tomato,25-04-2025,24.40,Metric Tonnes,831.97,Rs./Quintal
Maharashtra,Sangli,Vegetables,Tomato,26-04-2025,4.50,Metric Tonnes,750.00,Rs./Quintal
Maharashtra,Sangli,Vegetables,Tomato,27-04-2025,14.40,Metric Tonnes,620.83,Rs./Quintal
Maharashtra,Sangli,Vegetables,Tomato,28-04-2025,7.00,Metric Tonnes,650.00,Rs./Quintal
Maharashtra,Sangli,Vegetables,Tomato,01-05-2025,1.20,Metric Tonnes,800.00,Rs./Quintal
Maharashtra,Sangli,Vegetables,Tomato,02-05-2025,8.20,Metric Tonnes,786.59,Rs./Quintal
Maharashtra,Sangli,Vegetables,Tomato,04-05-2025,6.90,Metric Tonnes,1217.39,Rs./Quintal
Maharashtra,Sangli,Vegetables,Tomato,05-05-2025,5.00,Metric Tonnes,950.00,Rs./Quintal
Maharashtra,Sangli,Vegetables,Tomato,06-05-2025,15.10,Metric Tonnes,861.92,Rs./Quintal
Maharashtra,Sangli,Vegetables,Tomato,08-05-2025,6.00,Metric Tonnes,966.67,Rs./Quintal
Maharashtra,Sangli,Vegetables,Tomato,09-05-2025,7.70,Metric Tonnes,938.96,Rs./Quintal
Maharashtra,Sangli,Vegetables,Tomato,10-05-2025,4.50,Metric Tonnes,1150.00,Rs./Quintal
Maharashtra,Sangli,Vegetables,Tomato,11-05-2025,5.70,Metric Tonnes,1119.30,Rs./Quintal
Maharashtra,Sangli,Vegetables,Tomato,13-05-2025,1.10,Metric Tonnes,1000.00,Rs./Quintal
Maharashtra,Sangli,Vegetables,Tomato,15-05-2025,4.20,Metric Tonnes,1250.00,Rs./Quintal
Maharashtra,Sangli,Vegetables,Tomato,16-05-2025,17.00,Metric Tonnes,1158.82,Rs./Quintal
Maharashtra,Sangli,Vegetables,Tomato,17-05-2025,8.00,Metric Tonnes,1150.00,Rs./Quintal
Maharashtra,Sangli,Vegetables,Tomato,18-05-2025,17.20,Metric Tonnes,1097.67,Rs./Quintal
Maharashtra,Sangli,Vegetables,Tomato,19-05-2025,10.00,Metric Tonnes,1250.00,Rs./Quintal
Maharashtra,Sangli,Vegetables,Tomato,20-05-2025,11.90,Metric Tonnes,1222.69,Rs./Quintal
Maharashtra,Sangli,Vegetables,Tomato,22-05-2025,3.10,Metric Tonnes,1250.00,Rs./Quintal
Maharashtra,Sangli,Vegetables,Tomato,23-05-2025,2.90,Metric Tonnes,1151.72,Rs./Quintal
Maharashtra,Sangli,Vegetables,Tomato,25-05-2025,1.90,Metric Tonnes,1157.89,Rs./Quintal
Maharashtra,Sangli,Vegetables,Tomato,27-05-2025,1.30,Metric Tonnes,2200.00,Rs./Quintal
Maharashtra,Sangli,Vegetables,Tomato,29-05-2025,7.20,Metric Tonnes,1250.00,Rs./Quintal
Maharashtra,Sangli,Vegetables,Tomato,30-05-2025,54.60,Metric Tonnes,1235.90,Rs./Quintal
Maharashtra,Sangli,Vegetables,Tomato,31-05-2025,4.50,Metric Tonnes,1750.00,Rs./Quintal
Maharashtra,Sangli,Vegetables,Tomato,01-06-2025,14.10,Metric Tonnes,1459.57,Rs./Quintal
Maharashtra,Sangli,Vegetables,Tomato,02-06-2025,7.00,Metric Tonnes,1750.00,Rs./Quintal
Maharashtra,Sangli,Vegetables,Tomato,03-06-2025,23.80,Metric Tonnes,1321.01,Rs./Quintal
Maharashtra,Sangli,Vegetables,Tomato,05-06-2025,12.40,Metric Tonnes,1227.42,Rs./Quintal
Maharashtra,Sangli,Vegetables,Tomato,06-06-2025,17.40,Metric Tonnes,1706.90,Rs./Quintal
Maharashtra,Sangli,Vegetables,Tomato,07-06-2025,4.50,Metric Tonnes,1150.00,Rs./Quintal
Maharashtra,Sangli,Vegetables,Tomato,08-06-2025,5.00,Metric Tonnes,1350.00,Rs./Quintal
Maharashtra,Sangli,Vegetables,Tomato,09-06-2025,8.00,Metric Tonnes,1350.00,Rs./Quintal
Maharashtra,Sangli,Vegetables,Tomato,10-06-2025,17.40,Metric Tonnes,1669.83,Rs./Quintal
Maharashtra,Sangli,Vegetables,Tomato,12-06-2025,9.40,Metric Tonnes,1474.47,Rs./Quintal
Maharashtra,Sangli,Vegetables,Tomato,13-06-2025,22.30,Metric Tonnes,1685.20,Rs./Quintal
Maharashtra,Sangli,Vegetables,Tomato,14-06-2025,12.00,Metric Tonnes,1450.00,Rs./Quintal
Maharashtra,Sangli,Vegetables,Tomato,15-06-2025,21.00,Metric Tonnes,1635.71,Rs./Quintal
Maharashtra,Sangli,Vegetables,Tomato,16-06-2025,16.00,Metric Tonnes,1350.00,Rs./Quintal
Maharashtra,Sangli,Vegetables,Tomato,17-06-2025,1.00,Metric Tonnes,1200.00,Rs./Quintal
Maharashtra,Sangli,Vegetables,Tomato,19-06-2025,7.50,Metric Tonnes,1900.00,Rs./Quintal
Maharashtra,Sangli,Vegetables,Tomato,20-06-2025,19.60,Metric Tonnes,1530.61,Rs./Quintal
Maharashtra,Sangli,Vegetables,Tomato,21-06-2025,6.00,Metric Tonnes,1150.00,Rs./Quintal
Maharashtra,Sangli,Vegetables,Tomato,22-06-2025,4.50,Metric Tonnes,1150.00,Rs./Quintal
Maharashtra,Sangli,Vegetables,Tomato,23-06-2025,10.00,Metric Tonnes,950.00,Rs./Quintal
Maharashtra,Sangli,Vegetables,Tomato,24-06-2025,16.30,Metric Tonnes,782.21,Rs./Quintal
Maharashtra,Sangli,Vegetables,Tomato,26-06-2025,4.10,Metric Tonnes,750.00,Rs./Quintal
Maharashtra,Sangli,Vegetables,Tomato,27-06-2025,11.80,Metric Tonnes,1158.47,Rs./Quintal
Maharashtra,Sangli,Vegetables,Tomato,30-06-2025,10.00,Metric Tonnes,650.00,Rs./Quintal
Maharashtra,Sangli,Vegetables,Tomato,01-07-2025,10.10,Metric Tonnes,726.73,Rs./Quintal
Maharashtra,Sangli,Vegetables,Tomato,03-07-2025,8.40,Metric Tonnes,1190.48,Rs./Quintal
Maharashtra,Sangli,Vegetables,Tomato,04-07-2025,16.00,Metric Tonnes,1218.75,Rs./Quintal
Maharashtra,Sangli,Vegetables,Tomato,05-07-2025,4.50,Metric Tonnes,1350.00,Rs./Quintal
Maharashtra,Sangli,Vegetables,Tomato,06-07-2025,9.30,Metric Tonnes,1466.13,Rs./Quintal
Maharashtra,Sangli,Vegetables,Tomato,07-07-2025,5.00,Metric Tonnes,1500.00,Rs./Quintal
Maharashtra,Sangli,Vegetables,Tomato,08-07-2025,13.00,Metric Tonnes,1711.92,Rs./Quintal
Maharashtra,Sangli,Vegetables,Tomato,10-07-2025,9.90,Metric Tonnes,1750.00,Rs./Quintal
Maharashtra,Sangli,Vegetables,Tomato,11-07-2025,8.40,Metric Tonnes,1697.62,Rs./Quintal
Maharashtra,Sangli,Vegetables,Tomato,13-07-2025,4.40,Metric Tonnes,1750.00,Rs./Quintal
Maharashtra,Sangli,Vegetables,Tomato,14-07-2025,5.00,Metric Tonnes,1350.00,Rs./Quintal
Maharashtra,Sangli,Vegetables,Tomato,15-07-2025,18.90,Metric Tonnes,1139.68,Rs./Quintal
Maharashtra,Sangli,Vegetables,Tomato,17-07-2025,11.20,Metric Tonnes,931.25,Rs./Quintal
Maharashtra,Sangli,Vegetables,Tomato,18-07-2025,19.10,Metric Tonnes,951.31,Rs./Quintal
Maharashtra,Sangli,Vegetables,Tomato,19-07-2025,4.50,Metric Tonnes,1350.00,Rs./Quintal
Maharashtra,Sangli,Vegetables,Tomato,20-07-2025,3.50,Metric Tonnes,1350.00,Rs./Quintal
Maharashtra,Sangli,Vegetables,Tomato,21-07-2025,7.00,Metric Tonnes,1350.00,Rs./Quintal
Maharashtra,Sangli,Vegetables,Tomato,22-07-2025,16.10,Metric Tonnes,1604.35,Rs./Quintal
Maharashtra,Sangli,Vegetables,Tomato,24-07-2025,3.00,Metric Tonnes,2250.00,Rs./Quintal
Maharashtra,Sangli,Vegetables,Tomato,25-07-2025,6.00,Metric Tonnes,2250.00,Rs./Quintal
Maharashtra,Sangli,Vegetables,Tomato,31-07-2025,9.00,Metric Tonnes,3250.00,Rs./Quintal
Maharashtra,Sangli,Vegetables,Tomato,01-08-2025,11.50,Metric Tonnes,2860.00,Rs./Quintal
Maharashtra,Sangli,Vegetables,Tomato,03-08-2025,6.30,Metric Tonnes,2371.43,Rs./Quintal
Maharashtra,Sangli,Vegetables,Tomato,05-08-2025,12.30,Metric Tonnes,2515.85,Rs./Quintal
Maharashtra,Sangli,Vegetables,Tomato,07-08-2025,7.50,Metric Tonnes,3000.00,Rs./Quintal
Maharashtra,Sangli,Vegetables,Tomato,08-08-2025,6.00,Metric Tonnes,3000.00,Rs./Quintal
Maharashtra,Sangli,Vegetables,Tomato,11-08-2025,5.00,Metric Tonnes,3500.00,Rs./Quintal
Maharashtra,Sangli,Vegetables,Tomato,12-08-2025,4.20,Metric Tonnes,3178.57,Rs./Quintal
Maharashtra,Sangli,Vegetables,Tomato,15-08-2025,12.70,Metric Tonnes,2124.02,Rs./Quintal
Maharashtra,Sangli,Vegetables,Tomato,16-08-2025,8.00,Metric Tonnes,2000.00,Rs./Quintal
Maharashtra,Sangli,Vegetables,Tomato,17-08-2025,4.50,Metric Tonnes,1500.00,Rs./Quintal
Maharashtra,Sangli,Vegetables,Tomato,18-08-2025,7.90,Metric Tonnes,1500.00,Rs./Quintal
Maharashtra,Sangli,Vegetables,Tomato,19-08-2025,9.30,Metric Tonnes,2000.00,Rs./Quintal
Maharashtra,Sangli,Vegetables,Tomato,21-08-2025,9.00,Metric Tonnes,2511.11,Rs./Quintal
Maharashtra,Sangli,Vegetables,Tomato,22-08-2025,1.10,Metric Tonnes,1950.00,Rs./Quintal
Maharashtra,Sangli,Vegetables,Tomato,25-08-2025,8.00,Metric Tonnes,3000.00,Rs./Quintal
Maharashtra,Sangli,Vegetables,Tomato,26-08-2025,10.00,Metric Tonnes,2000.00,Rs./Quintal
Maharashtra,Sangli,Vegetables,Tomato,29-08-2025,17.30,Metric Tonnes,1528.03,Rs./Quintal
Maharashtra,Sangli,Vegetables,Tomato,30-08-2025,5.00,Metric Tonnes,1750.00,Rs./Quintal
Maharashtra,Sangli,Vegetables,Tomato,31-08-2025,3.00,Metric Tonnes,1500.00,Rs./Quintal
Maharashtra,Sangli,Vegetables,Tomato,01-09-2025,10.00,Metric Tonnes,1500.00,Rs./Quintal
Maharashtra,Sangli,Vegetables,Tomato,02-09-2025,10.00,Metric Tonnes,1750.00,Rs./Quintal
Maharashtra,Sangli,Vegetables,Tomato,04-09-2025,10.00,Metric Tonnes,1900.00,Rs./Quintal
Maharashtra,Sangli,Vegetables,Tomato,05-09-2025,8.00,Metric Tonnes,1350.00,Rs./Quintal
Maharashtra,Sangli,Vegetables,Tomato,06-09-2025,10.00,Metric Tonnes,1350.00,Rs./Quintal
Maharashtra,Sangli,Vegetables,Tomato,07-09-2025,4.50,Metric Tonnes,1350.00,Rs./Quintal
Maharashtra,Sangli,Vegetables,Tomato,08-09-2025,8.00,Metric Tonnes,1350.00,Rs./Quintal
Maharashtra,Sangli,Vegetables,Tomato,09-09-2025,7.20,Metric Tonnes,1308.33,Rs./Quintal
Maharashtra,Sangli,Vegetables,Tomato,11-09-2025,14.00,Metric Tonnes,1478.57,Rs./Quintal
Maharashtra,Sangli,Vegetables,Tomato,12-09-2025,15.20,Metric Tonnes,1209.21,Rs./Quintal
Maharashtra,Sangli,Vegetables,Tomato,15-09-2025,15.00,Metric Tonnes,1150.00,Rs./Quintal
Maharashtra,Sangli,Vegetables,Tomato,16-09-2025,8.20,Metric Tonnes,950.00,Rs./Quintal
Maharashtra,Sangli,Vegetables,Tomato,18-09-2025,14.70,Metric Tonnes,781.63,Rs./Quintal
Maharashtra,Sangli,Vegetables,Tomato,19-09-2025,24.90,Metric Tonnes,1012.45,Rs./Quintal
Maharashtra,Sangli,Vegetables,Tomato,20-09-2025,4.50,Metric Tonnes,1150.00,Rs./Quintal
Maharashtra,Sangli,Vegetables,Tomato,21-09-2025,8.00,Metric Tonnes,1150.00,Rs./Quintal
Maharashtra,Sangli,Vegetables,Tomato,22-09-2025,12.00,Metric Tonnes,1150.00,Rs./Quintal
Maharashtra,Sangli,Vegetables,Tomato,23-09-2025,11.50,Metric Tonnes,1250.00,Rs./Quintal
Maharashtra,Sangli,Vegetables,Tomato,25-09-2025,11.10,Metric Tonnes,1304.05,Rs./Quintal
Maharashtra,Sangli,Vegetables,Tomato,26-09-2025,8.80,Metric Tonnes,1250.00,Rs./Quintal
Maharashtra,Sangli,Vegetables,Tomato,28-09-2025,2.80,Metric Tonnes,1250.00,Rs./Quintal
Maharashtra,Sangli,Vegetables,Tomato,29-09-2025,8.00,Metric Tonnes,1500.00,Rs./Quintal
Maharashtra,Sangli,Vegetables,Tomato,30-09-2025,9.20,Metric Tonnes,2450.00,Rs./Quintal
Maharashtra,Sangli,Vegetables,Tomato,02-10-2025,3.80,Metric Tonnes,2300.00,Rs./Quintal
Maharashtra,Sangli,Vegetables,Tomato,03-10-2025,8.80,Metric Tonnes,1750.00,Rs./Quintal
Maharashtra,Sangli,Vegetables,Tomato,06-10-2025,10.00,Metric Tonnes,1350.00,Rs./Quintal
Maharashtra,Sangli,Vegetables,Tomato,07-10-2025,11.20,Metric Tonnes,1500.00,Rs./Quintal
Maharashtra,Sangli,Vegetables,Tomato,09-10-2025,2.50,Metric Tonnes,1700.00,Rs./Quintal
Maharashtra,Sangli,Vegetables,Tomato,12-10-2025,4.90,Metric Tonnes,1550.00,Rs./Quintal
Maharashtra,Sangli,Vegetables,Tomato,13-10-2025,4.90,Metric Tonnes,1550.00,Rs./Quintal
Maharashtra,Sangli,Vegetables,Tomato,14-10-2025,9.10,Metric Tonnes,1250.00,Rs./Quintal
Maharashtra,Sangli,Vegetables,Tomato,16-10-2025,3.70,Metric Tonnes,1250.00,Rs./Quintal
Maharashtra,Sangli,Vegetables,Tomato,17-10-2025,9.80,Metric Tonnes,1200.00,Rs./Quintal
Maharashtra,Sangli,Vegetables,Tomato,24-10-2025,1.10,Metric Tonnes,1100.00,Rs./Quintal
Maharashtra,Sangli,Vegetables,Tomato,26-10-2025,0.60,Metric Tonnes,1200.00,Rs./Quintal
Maharashtra,Sangli,Vegetables,Tomato,28-10-2025,15.20,Metric Tonnes,907.89,Rs./Quintal
Maharashtra,Sangli,Vegetables,Tomato,30-10-2025,7.90,Metric Tonnes,750.00,Rs./Quintal
Maharashtra,Sangli,Vegetables,Tomato,31-10-2025,10.70,Metric Tonnes,1250.00,Rs./Quintal
Maharashtra,Sangli,Vegetables,Tomato,02-11-2025,7.20,Metric Tonnes,1245.14,Rs./Quintal
Maharashtra,Sangli,Vegetables,Tomato,04-11-2025,9.00,Metric Tonnes,1250.00,Rs./Quintal
Maharashtra,Sangli,Vegetables,Tomato,07-11-2025,12.60,Metric Tonnes,1450.00,Rs./Quintal
Maharashtra,Sangli,Vegetables,Tomato,14-11-2025,1.30,Metric Tonnes,1200.00,Rs./Quintal
Maharashtra,Sangli,Vegetables,Tomato,18-11-2025,0.60,Metric Tonnes,2200.00,Rs./Quintal
Maharashtra,Sangli,Vegetables,Tomato,21-11-2025,2.00,Metric Tonnes,3800.00,Rs./Quintal
Maharashtra,Sangli,Vegetables,Tomato,23-11-2025,5.40,Metric Tonnes,2750.00,Rs./Quintal
Maharashtra,Sangli,Vegetables,Tomato,25-11-2025,0.70,Metric Tonnes,2500.00,Rs./Quintal
Maharashtra,Sangli,Vegetables,Tomato,27-11-2025,9.60,Metric Tonnes,2916.67,Rs./Quintal
Maharashtra,Sangli,Vegetables,Tomato,28-11-2025,9.00,Metric Tonnes,1450.00,Rs./Quintal
Maharashtra,Sangli,Vegetables,Tomato,30-11-2025,5.80,Metric Tonnes,1450.00,Rs./Quintal
Maharashtra,Sangli,Vegetables,Tomato,02-12-2025,8.20,Metric Tonnes,2742.68,Rs./Quintal
Maharashtra,Sangli,Vegetables,Tomato,04-12-2025,6.10,Metric Tonnes,2250.00,Rs./Quintal
Maharashtra,Sangli,Vegetables,Tomato,05-12-2025,7.80,Metric Tonnes,2250.00,Rs./Quintal
Maharashtra,Sangli,Vegetables,Tomato,07-12-2025,4.40,Metric Tonnes,2550.00,Rs./Quintal
Maharashtra,Sangli,Vegetables,Tomato,08-12-2025,10.00,Metric Tonnes,2000.00,Rs./Quintal
Maharashtra,Sangli,Vegetables,Tomato,09-12-2025,16.50,Metric Tonnes,2280.00,Rs./Quintal
Maharashtra,Sangli,Vegetables,Tomato,11-12-2025,4.80,Metric Tonnes,2250.00,Rs./Quintal
Maharashtra,Sangli,Vegetables,Tomato,12-12-2025,11.20,Metric Tonnes,2500.00,Rs./Quintal
Maharashtra,Sangli,Vegetables,Tomato,14-12-2025,13.40,Metric Tonnes,2298.88,Rs./Quintal
Maharashtra,Sangli,Vegetables,Tomato,15-12-2025,7.00,Metric Tonnes,3500.00,Rs./Quintal
Maharashtra,Sangli,Vegetables,Tomato,16-12-2025,17.60,Metric Tonnes,3491.76,Rs./Quintal
Maharashtra,Sangli,Vegetables,Tomato,19-12-2025,8.90,Metric Tonnes,3700.00,Rs./Quintal
Maharashtra,Sangli,Vegetables,Tomato,29-12-2025,8.00,Metric Tonnes,3500.00,Rs./Quintal
Maharashtra,Sangli,Vegetables,Tomato,30-12-2025,6.00,Metric Tonnes,3000.00,Rs./Quintal
Maharashtra,Sangli,Vegetables,Tomato,02-01-2026,2.20,Metric Tonnes,2750.00,Rs./Quintal
Maharashtra,Sangli,Vegetables,Tomato,04-01-2026,6.00,Metric Tonnes,3000.00,Rs./Quintal
Maharashtra,Sangli,Vegetables,Tomato,05-01-2026,8.00,Metric Tonnes,3000.00,Rs./Quintal
Maharashtra,Sangli,Vegetables,Tomato,06-01-2026,4.20,Metric Tonnes,2000.00,Rs./Quintal
Maharashtra,Sangli,Vegetables,Tomato,08-01-2026,5.40,Metric Tonnes,2000.00,Rs./Quintal
Maharashtra,Sangli,Vegetables,Tomato,09-01-2026,5.90,Metric Tonnes,2250.00,Rs./Quintal
Maharashtra,Sangli,Vegetables,Tomato,11-01-2026,4.50,Metric Tonnes,1350.00,Rs./Quintal
Maharashtra,Sangli,Vegetables,Tomato,12-01-2026,5.50,Metric Tonnes,1350.00,Rs./Quintal
Maharashtra,Sangli,Vegetables,Tomato,13-01-2026,10.00,Metric Tonnes,2000.00,Rs./Quintal
Maharashtra,Sangli,Vegetables,Tomato,16-01-2026,0.60,Metric Tonnes,2500.00,Rs./Quintal
Maharashtra,Sangli,Vegetables,Tomato,18-01-2026,14.20,Metric Tonnes,1750.00,Rs./Quintal
Maharashtra,Sangli,Vegetables,Tomato,19-01-2026,10.00,Metric Tonnes,1350.00,Rs./Quintal
Maharashtra,Sangli,Vegetables,Tomato,20-01-2026,12.90,Metric Tonnes,1488.37,Rs./Quintal
Maharashtra,Sangli,Vegetables,Tomato,22-01-2026,6.30,Metric Tonnes,1700.00,Rs./Quintal
Maharashtra,Sangli,Vegetables,Tomato,23-01-2026,7.80,Metric Tonnes,1650.00,Rs./Quintal
Maharashtra,Sangli,Vegetables,Tomato,27-01-2026,7.60,Metric Tonnes,1250.00,Rs./Quintal
Maharashtra,Sangli,Vegetables,Tomato,30-01-2026,6.40,Metric Tonnes,1250.00,Rs./Quintal
Maharashtra,Sangli,Vegetables,Tomato,02-02-2026,10.00,Metric Tonnes,850.00,Rs./Quintal
Maharashtra,Sangli,Vegetables,Tomato,03-02-2026,11.40,Metric Tonnes,768.42,Rs./Quintal
Maharashtra,Sangli,Vegetables,Tomato,08-02-2026,6.60,Metric Tonnes,863.64,Rs./Quintal
Maharashtra,Sangli,Vegetables,Tomato,09-02-2026,12.00,Metric Tonnes,950.00,Rs./Quintal
Maharashtra,Sangli,Vegetables,Tomato,10-02-2026,11.20,Metric Tonnes,1223.21,Rs./Quintal
Maharashtra,Sangli,Vegetables,Tomato,12-02-2026,13.50,Metric Tonnes,1072.22,Rs./Quintal
Maharashtra,Sangli,Vegetables,Tomato,13-02-2026,1.20,Metric Tonnes,1200.00,Rs./Quintal
Maharashtra,Sangli,Vegetables,Tomato,17-02-2026,10.10,Metric Tonnes,1242.57,Rs./Quintal
Maharashtra,Sangli,Vegetables,Tomato,19-02-2026,6.20,Metric Tonnes,1250.00,Rs./Quintal
Maharashtra,Sangli,Vegetables,Tomato,20-02-2026,11.40,Metric Tonnes,1244.74,Rs./Quintal
Maharashtra,Sangli,Vegetables,Tomato,22-02-2026,7.20,Metric Tonnes,1250.00,Rs./Quintal
Maharashtra,Sangli,Vegetables,Tomato,24-02-2026,10.40,Metric Tonnes,1228.37,Rs./Quintal
Maharashtra,Sangli,Vegetables,Tomato,03-03-2026,4.00,Metric Tonnes,1162.50,Rs./Quintal
Maharashtra,Sangli,Vegetables,Tomato,05-03-2026,2.60,Metric Tonnes,1750.00,Rs./Quintal
Maharashtra,Sangli,Vegetables,Tomato,06-03-2026,2.90,Metric Tonnes,1550.00,Rs./Quintal
Maharashtra,Sangli,Vegetables,Tomato,12-03-2026,7.10,Metric Tonnes,1450.00,Rs./Quintal
Maharashtra,Sangli,Vegetables,Tomato,13-03-2026,6.40,Metric Tonnes,1550.00,Rs./Quintal
Maharashtra,Sangli,Vegetables,Tomato,15-03-2026,5.40,Metric Tonnes,1550.00,Rs./Quintal
Maharashtra,Sangli,Vegetables,Tomato,17-03-2026,7.80,Metric Tonnes,1550.00,Rs./Quintal
Maharashtra,Sangli,Vegetables,Tomato,19-03-2026,5.90,Metric Tonnes,1350.00,Rs./Quintal
Maharashtra,Sangli,Vegetables,Tomato,24-03-2026,6.40,Metric Tonnes,1200.00,Rs./Quintal
Maharashtra,Sangli,Vegetables,Tomato,26-03-2026,7.60,Metric Tonnes,1750.00,Rs./Quintal
Maharashtra,Sangli,Vegetables,Tomato,27-03-2026,6.10,Metric Tonnes,1750.00,Rs./Quintal
Maharashtra,Sangli,Vegetables,Tomato,29-03-2026,7.20,Metric Tonnes,1250.00,Rs./Quintal
Maharashtra,Sangli,Vegetables,Tomato,31-03-2026,7.60,Metric Tonnes,1844.74,Rs./Quintal
Maharashtra,Sangli,Vegetables,Tomato,03-04-2026,6.60,Metric Tonnes,1200.00,Rs./Quintal
Maharashtra,Sangli,Vegetables,Tomato,05-04-2026,6.40,Metric Tonnes,1257.03,Rs./Quintal
Maharashtra,Sangli,Vegetables,Tomato,06-04-2026,12.00,Metric Tonnes,750.00,Rs./Quintal
Maharashtra,Sangli,Vegetables,Tomato,07-04-2026,6.10,Metric Tonnes,1213.11,Rs./Quintal
Maharashtra,Sangli,Vegetables,Tomato,09-04-2026,8.90,Metric Tonnes,1182.58,Rs./Quintal
Maharashtra,Sangli,Vegetables,Tomato,10-04-2026,16.70,Metric Tonnes,1030.24,Rs./Quintal
Maharashtra,Sangli,Vegetables,Tomato,11-04-2026,4.00,Metric Tonnes,1000.00,Rs./Quintal
Maharashtra,Sangli,Vegetables,Tomato,12-04-2026,11.60,Metric Tonnes,1039.22,Rs./Quintal
Maharashtra,Sangli,Vegetables,Tomato,13-04-2026,10.00,Metric Tonnes,1350.00,Rs./Quintal
Maharashtra,Sangli,Vegetables,Tomato,14-04-2026,15.60,Metric Tonnes,1469.23,Rs./Quintal
Maharashtra,Sangli,Vegetables,Tomato,16-04-2026,15.70,Metric Tonnes,1309.55,Rs./Quintal
Maharashtra,Sangli,Vegetables,Tomato,17-04-2026,14.70,Metric Tonnes,1500.00,Rs./Quintal
Maharashtra,Sangli,Vegetables,Tomato,18-04-2026,10.00,Metric Tonnes,1250.00,Rs./Quintal
Maharashtra,Sangli,Vegetables,Tomato,19-04-2026,14.40,Metric Tonnes,1302.43,Rs./Quintal
Maharashtra,Sangli,Vegetables,Tomato,20-04-2026,12.00,Metric Tonnes,1250.00,Rs./Quintal
Maharashtra,Sangli,Vegetables,Tomato,21-04-2026,15.80,Metric Tonnes,1651.27,Rs./Quintal
Maharashtra,Sangli,Vegetables,Tomato,23-04-2026,10.90,Metric Tonnes,1305.05,Rs./Quintal
Maharashtra,Sangli,Vegetables,Tomato,24-04-2026,9.30,Metric Tonnes,1243.01,Rs./Quintal
Maharashtra,Sangli,Vegetables,Tomato,26-04-2026,10.30,Metric Tonnes,1462.62,Rs./Quintal
Maharashtra,Sangli,Vegetables,Tomato,27-04-2026,5.00,Metric Tonnes,1350.00,Rs./Quintal
Maharashtra,Sangli,Vegetables,Tomato,28-04-2026,6.50,Metric Tonnes,1684.62,Rs./Quintal
Maharashtra,Sangli,Vegetables,Tomato,01-05-2026,15.40,Metric Tonnes,2207.47,Rs./Quintal
Maharashtra,Sangli,Vegetables,Tomato,02-05-2026,6.00,Metric Tonnes,2350.00,Rs./Quintal
Maharashtra,Sangli,Vegetables,Tomato,03-05-2026,5.80,Metric Tonnes,1550.00,Rs./Quintal
Maharashtra,Sangli,Vegetables,Tomato,04-05-2026,6.00,Metric Tonnes,1500.00,Rs./Quintal
Maharashtra,Sangli,Vegetables,Tomato,05-05-2026,12.30,Metric Tonnes,1951.22,Rs./Quintal
Maharashtra,Sangli,Vegetables,Tomato,07-05-2026,9.00,Metric Tonnes,1866.67,Rs./Quintal
Maharashtra,Sangli,Vegetables,Tomato,08-05-2026,18.70,Metric Tonnes,1832.09,Rs./Quintal
Maharashtra,Sangli,Vegetables,Tomato,10-05-2026,6.20,Metric Tonnes,2000.00,Rs./Quintal
Maharashtra,Sangli,Vegetables,Tomato,11-05-2026,6.00,Metric Tonnes,2500.00,Rs./Quintal
Maharashtra,Sangli,Vegetables,Tomato,12-05-2026,16.70,Metric Tonnes,2382.34,Rs./Quintal
Maharashtra,Sangli,Vegetables,Tomato,14-05-2026,4.00,Metric Tonnes,3750.00,Rs./Quintal
Maharashtra,Sangli,Vegetables,Tomato,15-05-2026,8.70,Metric Tonnes,2935.63,Rs./Quintal
Maharashtra,Sangli,Vegetables,Tomato,16-05-2026,2.50,Metric Tonnes,3750.00,Rs./Quintal
Maharashtra,Sangli,Vegetables,Tomato,17-05-2026,8.80,Metric Tonnes,1976.14,Rs./Quintal
Maharashtra,Sangli,Vegetables,Tomato,18-05-2026,4.00,Metric Tonnes,2800.00,Rs./Quintal
Maharashtra,Sangli,Vegetables,Tomato,19-05-2026,8.30,Metric Tonnes,2178.92,Rs./Quintal
Maharashtra,Sangli,Vegetables,Tomato,21-05-2026,9.20,Metric Tonnes,2592.39,Rs./Quintal
Maharashtra,Sangli,Vegetables,Tomato,22-05-2026,3.40,Metric Tonnes,2911.76,Rs./Quintal
Maharashtra,Sangli,Vegetables,Tomato,24-05-2026,6.30,Metric Tonnes,2200.00,Rs./Quintal
Maharashtra,Sangli,Vegetables,Tomato,25-05-2026,2.00,Metric Tonnes,3200.00,Rs./Quintal
Maharashtra,Sangli,Vegetables,Tomato,26-05-2026,8.80,Metric Tonnes,3238.64,Rs./Quintal
Maharashtra,Sangli,Vegetables,Tomato,28-05-2026,5.40,Metric Tonnes,3420.37,Rs./Quintal
Maharashtra,Sangli,Vegetables,Tomato,29-05-2026,6.50,Metric Tonnes,3061.54,Rs./Quintal
Maharashtra,Sangli,Vegetables,Tomato,30-05-2026,2.00,Metric Tonnes,3800.00,Rs./Quintal
Maharashtra,Sangli,Vegetables,Tomato,31-05-2026,2.00,Metric Tonnes,3800.00,Rs./Quintal
Maharashtra,Sangli,Vegetables,Tomato,01-06-2026,3.00,Metric Tonnes,3800.00,Rs./Quintal
Maharashtra,Sangli,Vegetables,Tomato,02-06-2026,12.20,Metric Tonnes,3611.48,Rs./Quintal
Maharashtra,Sangli,Vegetables,Tomato,04-06-2026,7.80,Metric Tonnes,3646.15,Rs./Quintal
Maharashtra,Sangli,Vegetables,Tomato,05-06-2026,9.70,Metric Tonnes,2966.49,Rs./Quintal
Maharashtra,Sangli,Vegetables,Tomato,06-06-2026,4.00,Metric Tonnes,2200.00,Rs./Quintal
Maharashtra,Sangli,Vegetables,Tomato,07-06-2026,7.60,Metric Tonnes,2550.00,Rs./Quintal
Maharashtra,Sangli,Vegetables,Tomato,08-06-2026,6.00,Metric Tonnes,2750.00,Rs./Quintal
Maharashtra,Sangli,Vegetables,Tomato,09-06-2026,13.60,Metric Tonnes,2321.32,Rs./Quintal
Maharashtra,Sangli,Vegetables,Tomato,11-06-2026,10.20,Metric Tonnes,2857.84,Rs./Quintal
Maharashtra,Sangli,Vegetables,Tomato,12-06-2026,8.90,Metric Tonnes,3583.71,Rs./Quintal
Maharashtra,Sangli,Vegetables,Tomato,14-06-2026,11.90,Metric Tonnes,3500.42,Rs./Quintal
Maharashtra,Sangli,Vegetables,Tomato,15-06-2026,4.00,Metric Tonnes,3700.00,Rs./Quintal
Maharashtra,Sangli,Vegetables,Tomato,16-06-2026,0.40,Metric Tonnes,2700.00,Rs./Quintal
Maharashtra,Sangli,Vegetables,Tomato,18-06-2026,4.00,Metric Tonnes,3175.00,Rs./Quintal
Maharashtra,Sangli,Vegetables,Tomato,19-06-2026,3.00,Metric Tonnes,3800.00,Rs./Quintal
Maharashtra,Sangli,Vegetables,Tomato,20-06-2026,4.00,Metric Tonnes,3800.00,Rs./Quintal
Maharashtra,Sangli,Vegetables,Tomato,21-06-2026,8.80,Metric Tonnes,2238.64,Rs./Quintal
Maharashtra,Sangli,Vegetables,Tomato,22-06-2026,2.00,Metric Tonnes,2800.00,Rs./Quintal
Maharashtra,Sangli,Vegetables,Tomato,23-06-2026,15.00,Metric Tonnes,2419.00,Rs./Quintal
Maharashtra,Sangli,Vegetables,Tomato,25-06-2026,11.60,Metric Tonnes,2465.52,Rs./Quintal
Maharashtra,Sangli,Vegetables,Tomato,28-06-2026,9.90,Metric Tonnes,1625.76,Rs./Quintal
Maharashtra,Sangli,Vegetables,Tomato,29-06-2026,4.00,Metric Tonnes,1800.00,Rs./Quintal
Maharashtra,Sangli,Vegetables,Tomato,30-06-2026,0.90,Metric Tonnes,1200.00,Rs./Quintal
Maharashtra,Sangli,Vegetables,Tomato,02-07-2026,12.50,Metric Tonnes,1470.00,Rs./Quintal
Maharashtra,Sangli,Vegetables,Tomato,03-07-2026,14.40,Metric Tonnes,1364.58,Rs./Quintal
Maharashtra,Sangli,Vegetables,Tomato,04-07-2026,4.00,Metric Tonnes,1800.00,Rs./Quintal
Maharashtra,Sangli,Vegetables,Tomato,05-07-2026,8.90,Metric Tonnes,1874.16,Rs./Quintal
Maharashtra,Sangli,Vegetables,Tomato,06-07-2026,6.00,Metric Tonnes,2000.00,Rs./Quintal
Maharashtra,Sangli,Vegetables,Tomato,07-07-2026,9.20,Metric Tonnes,1421.20,Rs./Quintal
Maharashtra,Sangli,Vegetables,Tomato,09-07-2026,6.20,Metric Tonnes,1670.97,Rs./Quintal
Maharashtra,Sangli,Vegetables,Tomato,10-07-2026,13.90,Metric Tonnes,1601.44,Rs./Quintal
Maharashtra,Sangli,Vegetables,Tomato,11-07-2026,4.00,Metric Tonnes,1800.00,Rs./Quintal
Maharashtra,Sangli,Vegetables,Tomato,12-07-2026,7.30,Metric Tonnes,1706.85,Rs./Quintal
Maharashtra,Sangli,Vegetables,Tomato,13-07-2026,4.00,Metric Tonnes,1800.00,Rs./Quintal
Maharashtra,Sangli,Vegetables,Tomato,14-07-2026,7.50,Metric Tonnes,1752.00,Rs./Quintal
Maharashtra,Sangli,Vegetables,Tomato,16-07-2026,11.00,Metric Tonnes,1500.00,Rs./Quintal
Maharashtra,Sangli,Vegetables,Tomato,17-07-2026,15.10,Metric Tonnes,1584.77,Rs./Quintal
Maharashtra,Sangli,Vegetables,Tomato,18-07-2026,5.00,Metric Tonnes,1200.00,Rs./Quintal
Maharashtra,Sangli,Vegetables,Tomato,19-07-2026,4.40,Metric Tonnes,1036.36,Rs./Quintal
Maharashtra,Sangli,Vegetables,Tomato,20-07-2026,3.00,Metric Tonnes,1000.00,Rs./Quintal
Maharashtra,Sangli,Vegetables,Tomato,21-07-2026,12.90,Metric Tonnes,1394.96,Rs./Quintal
Maharashtra,Sangli,Vegetables,Tomato,23-07-2026,2.00,Metric Tonnes,1000.00,Rs./Quintal
Maharashtra,Sangli,Vegetables,Tomato,24-07-2026,11.80,Metric Tonnes,1186.44,Rs./Quintal
Maharashtra,Sangli,Vegetables,Tomato,25-07-2026,3.00,Metric Tonnes,1000.00,Rs./Quintal
Maharashtra,Sangli,Vegetables,Tomato,26-07-2026,2.60,Metric Tonnes,1046.15,Rs./Quintal
Maharashtra,Sangli,Vegetables,Tomato,27-07-2026,3.00,Metric Tonnes,1200.00,Rs./Quintal
Maharashtra,Sangli,Vegetables,Tomato,28-07-2026,13.70,Metric Tonnes,1145.99,Rs./Quintal
Maharashtra,Sangli,Vegetables,Tomato,30-07-2026,7.40,Metric Tonnes,1327.03,Rs./Quintal
Maharashtra,Sangli,Vegetables,Tomato,31-07-2026,2.80,Metric Tonnes,1057.14,Rs./Quintal
Maharashtra,Sangli,Vegetables,Tomato,01-08-2026,3.00,Metric Tonnes,1200.00,Rs./Quintal
Maharashtra,Sangli,Vegetables,Tomato,02-08-2026,11.70,Metric Tonnes,1130.77,Rs./Quintal
Maharashtra,Sangli,Vegetables,Tomato,03-08-2026,3.00,Metric Tonnes,1200.00,Rs./Quintal
Maharashtra,Sangli,Vegetables,Tomato,04-08-2026,12.50,Metric Tonnes,1205.60,Rs./Quintal
Maharashtra,Sangli,Vegetables,Tomato,06-08-2026,5.60,Metric Tonnes,1223.21,Rs./Quintal
Maharashtra,Sangli,Vegetables,Tomato,07-08-2026,9.60,Metric Tonnes,1187.50,Rs./Quintal
Maharashtra,Sangli,Vegetables,Tomato,08-08-2026,3.00,Metric Tonnes,1200.00,Rs./Quintal
Maharashtra,Sangli,Vegetables,Tomato,09-08-2026,8.70,Metric Tonnes,1433.33,Rs./Quintal
Maharashtra,Sangli,Vegetables,Tomato,10-08-2026,3.00,Metric Tonnes,1200.00,Rs./Quintal
Maharashtra,Sangli,Vegetables,Tomato,11-08-2026,11.50,Metric Tonnes,1422.17,Rs./Quintal
Maharashtra,Sangli,Vegetables,Tomato,13-08-2026,8.80,Metric Tonnes,1134.09,Rs./Quintal
Maharashtra,Sangli,Vegetables,Tomato,14-08-2026,3.90,Metric Tonnes,1176.92,Rs./Quintal
Maharashtra,Sangli,Vegetables,Tomato,15-08-2026,3.00,Metric Tonnes,1200.00,Rs./Quintal
Maharashtra,Sangli,Vegetables,Tomato,16-08-2026,6.90,Metric Tonnes,1315.94,Rs./Quintal
Maharashtra,Sangli,Vegetables,Tomato,17-08-2026,5.00,Metric Tonnes,1200.00,Rs./Quintal
Maharashtra,Sangli,Vegetables,Tomato,18-08-2026,14.40,Metric Tonnes,1218.75,Rs./Quintal
Maharashtra,Sangli,Vegetables,Tomato,20-08-2026,6.60,Metric Tonnes,1356.06,Rs./Quintal
Maharashtra,Sangli,Vegetables,Tomato,21-08-2026,3.90,Metric Tonnes,1461.54,Rs./Quintal
Maharashtra,Sangli,Vegetables,Tomato,22-08-2026,3.00,Metric Tonnes,1500.00,Rs./Quintal
Maharashtra,Sangli,Vegetables,Tomato,23-08-2026,10.90,Metric Tonnes,1216.51,Rs./Quintal
Maharashtra,Sangli,Vegetables,Tomato,24-08-2026,3.00,Metric Tonnes,1200.00,Rs./Quintal
Maharashtra,Sangli,Vegetables,Tomato,25-08-2026,16.10,Metric Tonnes,859.01,Rs./Quintal
Maharashtra,Sangli,Vegetables,Tomato,27-08-2026,5.80,Metric Tonnes,1368.97,Rs./Quintal
Maharashtra,Sangli,Vegetables,Tomato,28-08-2026,15.80,Metric Tonnes,1102.53,Rs./Quintal
Maharashtra,Sangli,Vegetables,Tomato,29-08-2026,4.00,Metric Tonnes,1200.00,Rs./Quintal
Maharashtra,Sangli,Vegetables,Tomato,30-08-2026,7.60,Metric Tonnes,1139.47,Rs./Quintal
Maharashtra,Sangli,Vegetables,Tomato,31-08-2026,4.10,Metric Tonnes,1300.00,Rs./Quintal
Maharashtra,Sangli,Vegetables,Tomato,01-09-2026,4.30,Metric Tonnes,1139.53,Rs./Quintal
Maharashtra,Sangli,Vegetables,Tomato,03-09-2026,5.00,Metric Tonnes,1500.00,Rs./Quintal
Maharashtra,Sangli,Vegetables,Tomato,04-09-2026,12.40,Metric Tonnes,1200.00,Rs./Quintal
Maharashtra,Sangli,Vegetables,Tomato,05-09-2026,3.00,Metric Tonnes,1300.00,Rs./Quintal
Maharashtra,Sangli,Vegetables,Tomato,06-09-2026,5.40,Metric Tonnes,1644.44,Rs./Quintal
Maharashtra,Sangli,Vegetables,Tomato,07-09-2026,4.30,Metric Tonnes,1758.14,Rs./Quintal
Maharashtra,Sangli,Vegetables,Tomato,08-09-2026,7.20,Metric Tonnes,1625.00,Rs./Quintal
Maharashtra,Sangli,Vegetables,Tomato,09-09-2026,1.40,Metric Tonnes,1200.00,Rs./Quintal

Note:
Weighted Average Price = ∑(arrival quantity * modal price) / ∑arrival quantity

