,,,,All Type of Report (All Grades) for 09-Jan-2021 to 09-Sep-2026,,,,
State/UT,District,Commodity Group,Commodity,Date,Arrival Quantity 09-01-2021 to 09-09-2026,Arrival Unit,Modal Price 09-01-2021 to 09-09-2026,Price Unit
Maharashtra,Sangli,Vegetables,Onion,14-01-2021,89.00,Metric Tonnes,2200.00,Rs./Quintal
Maharashtra,Sangli,Vegetables,Onion,16-01-2021,302.00,Metric Tonnes,2250.00,Rs./Quintal
Maharashtra,Sangli,Vegetables,Onion,18-01-2021,363.00,Metric Tonnes,2200.00,Rs./Quintal
Maharashtra,Sangli,Vegetables,Onion,19-01-2021,233.00,Metric Tonnes,2250.00,Rs./Quintal
Maharashtra,Sangli,Vegetables,Onion,20-01-2021,563.00,Metric Tonnes,2000.00,Rs./Quintal
Maharashtra,Sangli,Vegetables,Onion,21-01-2021,298.00,Metric Tonnes,2400.00,Rs./Quintal
Maharashtra,Sangli,Vegetables,Onion,22-01-2021,298.00,Metric Tonnes,2100.00,Rs./Quintal
Maharashtra,Sangli,Vegetables,Onion,23-01-2021,687.00,Metric Tonnes,1800.00,Rs./Quintal
Maharashtra,Sangli,Vegetables,Onion,25-01-2021,573.00,Metric Tonnes,1800.00,Rs./Quintal
Maharashtra,Sangli,Vegetables,Onion,27-01-2021,506.00,Metric Tonnes,1700.00,Rs./Quintal
Maharashtra,Sangli,Vegetables,Onion,28-01-2021,281.00,Metric Tonnes,1800.00,Rs./Quintal
Maharashtra,Sangli,Vegetables,Onion,29-01-2021,341.00,Metric Tonnes,1900.00,Rs./Quintal
Maharashtra,Sangli,Vegetables,Onion,30-01-2021,332.00,Metric Tonnes,2100.00,Rs./Quintal
Maharashtra,Sangli,Vegetables,Onion,01-02-2021,310.00,Metric Tonnes,2200.00,Rs./Quintal
Maharashtra,Sangli,Vegetables,Onion,02-02-2021,174.00,Metric Tonnes,2300.00,Rs./Quintal
Maharashtra,Sangli,Vegetables,Onion,03-02-2021,347.00,Metric Tonnes,2600.00,Rs./Quintal
Maharashtra,Sangli,Vegetables,Onion,04-02-2021,179.00,Metric Tonnes,2300.00,Rs./Quintal
Maharashtra,Sangli,Vegetables,Onion,05-02-2021,302.00,Metric Tonnes,2150.00,Rs./Quintal
Maharashtra,Sangli,Vegetables,Onion,06-02-2021,421.00,Metric Tonnes,2250.00,Rs./Quintal
Maharashtra,Sangli,Vegetables,Onion,09-02-2021,251.00,Metric Tonnes,2700.00,Rs./Quintal
Maharashtra,Sangli,Vegetables,Onion,10-02-2021,413.00,Metric Tonnes,2900.00,Rs./Quintal
Maharashtra,Sangli,Vegetables,Onion,11-02-2021,246.00,Metric Tonnes,2850.00,Rs./Quintal
Maharashtra,Sangli,Vegetables,Onion,12-02-2021,304.00,Metric Tonnes,2700.00,Rs./Quintal
Maharashtra,Sangli,Vegetables,Onion,13-02-2021,334.00,Metric Tonnes,3000.00,Rs./Quintal
Maharashtra,Sangli,Vegetables,Onion,15-02-2021,316.00,Metric Tonnes,2850.00,Rs./Quintal
Maharashtra,Sangli,Vegetables,Onion,16-02-2021,282.00,Metric Tonnes,3000.00,Rs./Quintal
Maharashtra,Sangli,Vegetables,Onion,17-02-2021,379.00,Metric Tonnes,3100.00,Rs./Quintal
Maharashtra,Sangli,Vegetables,Onion,18-02-2021,234.00,Metric Tonnes,3250.00,Rs./Quintal
Maharashtra,Sangli,Vegetables,Onion,20-02-2021,499.00,Metric Tonnes,3150.00,Rs./Quintal
Maharashtra,Sangli,Vegetables,Onion,22-02-2021,344.00,Metric Tonnes,3250.00,Rs./Quintal
Maharashtra,Sangli,Vegetables,Onion,23-02-2021,275.00,Metric Tonnes,3000.00,Rs./Quintal
Maharashtra,Sangli,Vegetables,Onion,24-02-2021,312.00,Metric Tonnes,2600.00,Rs./Quintal
Maharashtra,Sangli,Vegetables,Onion,25-02-2021,333.00,Metric Tonnes,2350.00,Rs./Quintal
Maharashtra,Sangli,Vegetables,Onion,26-02-2021,417.00,Metric Tonnes,1700.00,Rs./Quintal
Maharashtra,Sangli,Vegetables,Onion,27-02-2021,581.00,Metric Tonnes,1750.00,Rs./Quintal
Maharashtra,Sangli,Vegetables,Onion,01-03-2021,355.00,Metric Tonnes,1950.00,Rs./Quintal
Maharashtra,Sangli,Vegetables,Onion,02-03-2021,150.00,Metric Tonnes,1900.00,Rs./Quintal
Maharashtra,Sangli,Vegetables,Onion,03-03-2021,279.00,Metric Tonnes,2000.00,Rs./Quintal
Maharashtra,Sangli,Vegetables,Onion,04-03-2021,261.00,Metric Tonnes,1750.00,Rs./Quintal
Maharashtra,Sangli,Vegetables,Onion,06-03-2021,364.00,Metric Tonnes,1751.37,Rs./Quintal
Maharashtra,Sangli,Vegetables,Onion,08-03-2021,440.00,Metric Tonnes,1253.41,Rs./Quintal
Maharashtra,Sangli,Vegetables,Onion,09-03-2021,262.00,Metric Tonnes,1150.00,Rs./Quintal
Maharashtra,Sangli,Vegetables,Onion,10-03-2021,52.00,Metric Tonnes,1200.00,Rs./Quintal
Maharashtra,Sangli,Vegetables,Onion,12-03-2021,678.00,Metric Tonnes,1000.00,Rs./Quintal
Maharashtra,Sangli,Vegetables,Onion,13-03-2021,404.00,Metric Tonnes,1250.00,Rs./Quintal
Maharashtra,Sangli,Vegetables,Onion,15-03-2021,323.00,Metric Tonnes,1200.93,Rs./Quintal
Maharashtra,Sangli,Vegetables,Onion,16-03-2021,236.00,Metric Tonnes,1100.00,Rs./Quintal
Maharashtra,Sangli,Vegetables,Onion,22-03-2021,350.00,Metric Tonnes,900.00,Rs./Quintal
Maharashtra,Sangli,Vegetables,Onion,23-03-2021,190.00,Metric Tonnes,900.00,Rs./Quintal
Maharashtra,Sangli,Vegetables,Onion,24-03-2021,325.00,Metric Tonnes,900.00,Rs./Quintal
Maharashtra,Sangli,Vegetables,Onion,25-03-2021,156.00,Metric Tonnes,1000.00,Rs./Quintal
Maharashtra,Sangli,Vegetables,Onion,26-03-2021,190.00,Metric Tonnes,1000.00,Rs./Quintal
Maharashtra,Sangli,Vegetables,Onion,27-03-2021,328.00,Metric Tonnes,950.00,Rs./Quintal
Maharashtra,Sangli,Vegetables,Onion,30-03-2021,342.00,Metric Tonnes,1050.00,Rs./Quintal
Maharashtra,Sangli,Vegetables,Onion,31-03-2021,330.00,Metric Tonnes,1050.00,Rs./Quintal
Maharashtra,Sangli,Vegetables,Onion,01-04-2021,253.00,Metric Tonnes,900.00,Rs./Quintal
Maharashtra,Sangli,Vegetables,Onion,03-04-2021,669.00,Metric Tonnes,950.00,Rs./Quintal
Maharashtra,Sangli,Vegetables,Onion,05-04-2021,388.00,Metric Tonnes,1000.00,Rs./Quintal
Maharashtra,Sangli,Vegetables,Onion,06-04-2021,344.00,Metric Tonnes,900.00,Rs./Quintal
Maharashtra,Sangli,Vegetables,Onion,07-04-2021,390.00,Metric Tonnes,850.00,Rs./Quintal
Maharashtra,Sangli,Vegetables,Onion,08-04-2021,365.00,Metric Tonnes,850.00,Rs./Quintal
Maharashtra,Sangli,Vegetables,Onion,09-04-2021,518.00,Metric Tonnes,850.00,Rs./Quintal
Maharashtra,Sangli,Vegetables,Onion,10-04-2021,3.00,Metric Tonnes,800.00,Rs./Quintal
Maharashtra,Sangli,Vegetables,Onion,12-04-2021,339.00,Metric Tonnes,999.12,Rs./Quintal
Maharashtra,Sangli,Vegetables,Onion,15-04-2021,653.00,Metric Tonnes,900.00,Rs./Quintal
Maharashtra,Sangli,Vegetables,Onion,16-04-2021,338.00,Metric Tonnes,850.00,Rs./Quintal
Maharashtra,Sangli,Vegetables,Onion,17-04-2021,196.00,Metric Tonnes,750.00,Rs./Quintal
Maharashtra,Sangli,Vegetables,Onion,19-04-2021,297.00,Metric Tonnes,750.00,Rs./Quintal
Maharashtra,Sangli,Vegetables,Onion,21-04-2021,132.00,Metric Tonnes,750.00,Rs./Quintal
Maharashtra,Sangli,Vegetables,Onion,22-04-2021,126.00,Metric Tonnes,800.00,Rs./Quintal
Maharashtra,Sangli,Vegetables,Onion,23-04-2021,61.00,Metric Tonnes,850.00,Rs./Quintal
Maharashtra,Sangli,Vegetables,Onion,24-04-2021,181.00,Metric Tonnes,750.00,Rs./Quintal
Maharashtra,Sangli,Vegetables,Onion,26-04-2021,143.00,Metric Tonnes,850.00,Rs./Quintal
Maharashtra,Sangli,Vegetables,Onion,27-04-2021,198.00,Metric Tonnes,850.00,Rs./Quintal
Maharashtra,Sangli,Vegetables,Onion,28-04-2021,122.00,Metric Tonnes,900.00,Rs./Quintal
Maharashtra,Sangli,Vegetables,Onion,29-04-2021,139.00,Metric Tonnes,950.00,Rs./Quintal
Maharashtra,Sangli,Vegetables,Onion,30-04-2021,181.00,Metric Tonnes,850.00,Rs./Quintal
Maharashtra,Sangli,Vegetables,Onion,01-05-2021,10.00,Metric Tonnes,1000.00,Rs./Quintal
Maharashtra,Sangli,Vegetables,Onion,03-05-2021,316.00,Metric Tonnes,850.00,Rs./Quintal
Maharashtra,Sangli,Vegetables,Onion,04-05-2021,129.00,Metric Tonnes,950.00,Rs./Quintal
Maharashtra,Sangli,Vegetables,Onion,05-05-2021,84.00,Metric Tonnes,900.00,Rs./Quintal
Maharashtra,Sangli,Vegetables,Onion,02-06-2021,238.00,Metric Tonnes,1400.00,Rs./Quintal
Maharashtra,Sangli,Vegetables,Onion,03-06-2021,138.00,Metric Tonnes,1500.00,Rs./Quintal
Maharashtra,Sangli,Vegetables,Onion,04-06-2021,134.00,Metric Tonnes,1450.00,Rs./Quintal
Maharashtra,Sangli,Vegetables,Onion,05-06-2021,215.00,Metric Tonnes,1500.00,Rs./Quintal
Maharashtra,Sangli,Vegetables,Onion,07-06-2021,211.00,Metric Tonnes,1450.00,Rs./Quintal
Maharashtra,Sangli,Vegetables,Onion,08-06-2021,96.00,Metric Tonnes,1500.00,Rs./Quintal
Maharashtra,Sangli,Vegetables,Onion,09-06-2021,277.00,Metric Tonnes,1400.00,Rs./Quintal
Maharashtra,Sangli,Vegetables,Onion,10-06-2021,91.00,Metric Tonnes,1450.00,Rs./Quintal
Maharashtra,Sangli,Vegetables,Onion,11-06-2021,143.00,Metric Tonnes,1300.00,Rs./Quintal
Maharashtra,Sangli,Vegetables,Onion,12-06-2021,227.00,Metric Tonnes,1350.00,Rs./Quintal
Maharashtra,Sangli,Vegetables,Onion,14-06-2021,181.00,Metric Tonnes,1650.00,Rs./Quintal
Maharashtra,Sangli,Vegetables,Onion,15-06-2021,135.00,Metric Tonnes,1300.00,Rs./Quintal
Maharashtra,Sangli,Vegetables,Onion,16-06-2021,192.00,Metric Tonnes,1400.00,Rs./Quintal
Maharashtra,Sangli,Vegetables,Onion,17-06-2021,107.00,Metric Tonnes,1550.00,Rs./Quintal
Maharashtra,Sangli,Vegetables,Onion,18-06-2021,145.00,Metric Tonnes,1250.00,Rs./Quintal
Maharashtra,Sangli,Vegetables,Onion,19-06-2021,199.00,Metric Tonnes,1350.00,Rs./Quintal
Maharashtra,Sangli,Vegetables,Onion,21-06-2021,281.00,Metric Tonnes,1550.00,Rs./Quintal
Maharashtra,Sangli,Vegetables,Onion,22-06-2021,145.00,Metric Tonnes,1500.00,Rs./Quintal
Maharashtra,Sangli,Vegetables,Onion,23-06-2021,330.00,Metric Tonnes,1350.00,Rs./Quintal
Maharashtra,Sangli,Vegetables,Onion,24-06-2021,135.00,Metric Tonnes,1400.00,Rs./Quintal
Maharashtra,Sangli,Vegetables,Onion,25-06-2021,109.00,Metric Tonnes,1400.00,Rs./Quintal
Maharashtra,Sangli,Vegetables,Onion,28-06-2021,350.00,Metric Tonnes,1250.00,Rs./Quintal
Maharashtra,Sangli,Vegetables,Onion,29-06-2021,128.00,Metric Tonnes,1500.00,Rs./Quintal
Maharashtra,Sangli,Vegetables,Onion,30-06-2021,292.00,Metric Tonnes,1250.00,Rs./Quintal
Maharashtra,Sangli,Vegetables,Onion,01-07-2021,183.00,Metric Tonnes,1300.00,Rs./Quintal
Maharashtra,Sangli,Vegetables,Onion,02-07-2021,132.00,Metric Tonnes,1300.00,Rs./Quintal
Maharashtra,Sangli,Vegetables,Onion,03-07-2021,255.00,Metric Tonnes,1500.00,Rs./Quintal
Maharashtra,Sangli,Vegetables,Onion,05-07-2021,148.00,Metric Tonnes,1500.00,Rs./Quintal
Maharashtra,Sangli,Vegetables,Onion,06-07-2021,109.00,Metric Tonnes,1500.00,Rs./Quintal
Maharashtra,Sangli,Vegetables,Onion,07-07-2021,243.00,Metric Tonnes,1450.00,Rs./Quintal
Maharashtra,Sangli,Vegetables,Onion,08-07-2021,77.00,Metric Tonnes,1450.00,Rs./Quintal
Maharashtra,Sangli,Vegetables,Onion,09-07-2021,85.00,Metric Tonnes,1500.00,Rs./Quintal
Maharashtra,Sangli,Vegetables,Onion,10-07-2021,302.00,Metric Tonnes,1450.00,Rs./Quintal
Maharashtra,Sangli,Vegetables,Onion,12-07-2021,294.00,Metric Tonnes,1300.00,Rs./Quintal
Maharashtra,Sangli,Vegetables,Onion,13-07-2021,147.00,Metric Tonnes,1300.00,Rs./Quintal
Maharashtra,Sangli,Vegetables,Onion,14-07-2021,464.00,Metric Tonnes,1350.00,Rs./Quintal
Maharashtra,Sangli,Vegetables,Onion,15-07-2021,58.00,Metric Tonnes,1200.00,Rs./Quintal
Maharashtra,Sangli,Vegetables,Onion,16-07-2021,107.00,Metric Tonnes,1400.00,Rs./Quintal
Maharashtra,Sangli,Vegetables,Onion,17-07-2021,162.00,Metric Tonnes,1300.00,Rs./Quintal
Maharashtra,Sangli,Vegetables,Onion,19-07-2021,141.00,Metric Tonnes,1400.00,Rs./Quintal
Maharashtra,Sangli,Vegetables,Onion,20-07-2021,116.00,Metric Tonnes,1350.00,Rs./Quintal
Maharashtra,Sangli,Vegetables,Onion,22-07-2021,210.00,Metric Tonnes,1300.00,Rs./Quintal
Maharashtra,Sangli,Vegetables,Onion,23-07-2021,151.00,Metric Tonnes,1500.00,Rs./Quintal
Maharashtra,Sangli,Vegetables,Onion,07-08-2021,221.00,Metric Tonnes,1400.00,Rs./Quintal
Maharashtra,Sangli,Vegetables,Onion,09-08-2021,163.00,Metric Tonnes,1200.00,Rs./Quintal
Maharashtra,Sangli,Vegetables,Onion,10-08-2021,109.00,Metric Tonnes,1400.00,Rs./Quintal
Maharashtra,Sangli,Vegetables,Onion,11-08-2021,268.00,Metric Tonnes,1200.00,Rs./Quintal
Maharashtra,Sangli,Vegetables,Onion,12-08-2021,159.00,Metric Tonnes,1150.00,Rs./Quintal
Maharashtra,Sangli,Vegetables,Onion,13-08-2021,122.00,Metric Tonnes,1350.00,Rs./Quintal
Maharashtra,Sangli,Vegetables,Onion,14-08-2021,167.00,Metric Tonnes,1200.00,Rs./Quintal
Maharashtra,Sangli,Vegetables,Onion,16-08-2021,280.00,Metric Tonnes,1200.00,Rs./Quintal
Maharashtra,Sangli,Vegetables,Onion,17-08-2021,174.00,Metric Tonnes,1150.00,Rs./Quintal
Maharashtra,Sangli,Vegetables,Onion,18-08-2021,297.00,Metric Tonnes,1250.00,Rs./Quintal
Maharashtra,Sangli,Vegetables,Onion,20-08-2021,587.00,Metric Tonnes,1300.00,Rs./Quintal
Maharashtra,Sangli,Vegetables,Onion,21-08-2021,513.00,Metric Tonnes,1350.00,Rs./Quintal
Maharashtra,Sangli,Vegetables,Onion,23-08-2021,203.00,Metric Tonnes,1400.00,Rs./Quintal
Maharashtra,Sangli,Vegetables,Onion,24-08-2021,122.00,Metric Tonnes,1150.00,Rs./Quintal
Maharashtra,Sangli,Vegetables,Onion,25-08-2021,357.00,Metric Tonnes,1200.00,Rs./Quintal
Maharashtra,Sangli,Vegetables,Onion,26-08-2021,209.00,Metric Tonnes,1200.00,Rs./Quintal
Maharashtra,Sangli,Vegetables,Onion,28-08-2021,420.00,Metric Tonnes,1250.00,Rs./Quintal
Maharashtra,Sangli,Vegetables,Onion,30-08-2021,273.00,Metric Tonnes,1050.00,Rs./Quintal
Maharashtra,Sangli,Vegetables,Onion,31-08-2021,118.00,Metric Tonnes,1100.00,Rs./Quintal
Maharashtra,Sangli,Vegetables,Onion,01-09-2021,14.00,Metric Tonnes,1100.00,Rs./Quintal
Maharashtra,Sangli,Vegetables,Onion,02-09-2021,175.00,Metric Tonnes,1350.00,Rs./Quintal
Maharashtra,Sangli,Vegetables,Onion,09-09-2021,313.00,Metric Tonnes,1250.00,Rs./Quintal
Maharashtra,Sangli,Vegetables,Onion,11-09-2021,548.00,Metric Tonnes,1200.00,Rs./Quintal
Maharashtra,Sangli,Vegetables,Onion,13-09-2021,283.00,Metric Tonnes,1100.00,Rs./Quintal
Maharashtra,Sangli,Vegetables,Onion,14-09-2021,109.00,Metric Tonnes,1000.00,Rs./Quintal
Maharashtra,Sangli,Vegetables,Onion,15-09-2021,211.00,Metric Tonnes,1100.00,Rs./Quintal
Maharashtra,Sangli,Vegetables,Onion,16-09-2021,173.00,Metric Tonnes,1000.00,Rs./Quintal
Maharashtra,Sangli,Vegetables,Onion,17-09-2021,230.00,Metric Tonnes,1050.00,Rs./Quintal
Maharashtra,Sangli,Vegetables,Onion,18-09-2021,270.00,Metric Tonnes,1150.00,Rs./Quintal
Maharashtra,Sangli,Vegetables,Onion,20-09-2021,83.00,Metric Tonnes,1350.00,Rs./Quintal
Maharashtra,Sangli,Vegetables,Onion,21-09-2021,259.00,Metric Tonnes,1150.00,Rs./Quintal
Maharashtra,Sangli,Vegetables,Onion,22-09-2021,447.00,Metric Tonnes,1350.00,Rs./Quintal
Maharashtra,Sangli,Vegetables,Onion,23-09-2021,302.00,Metric Tonnes,1400.00,Rs./Quintal
Maharashtra,Sangli,Vegetables,Onion,24-09-2021,247.00,Metric Tonnes,1300.00,Rs./Quintal
Maharashtra,Sangli,Vegetables,Onion,25-09-2021,267.00,Metric Tonnes,1425.00,Rs./Quintal
Maharashtra,Sangli,Vegetables,Onion,27-09-2021,334.00,Metric Tonnes,1300.00,Rs./Quintal
Maharashtra,Sangli,Vegetables,Onion,28-09-2021,171.00,Metric Tonnes,1400.00,Rs./Quintal
Maharashtra,Sangli,Vegetables,Onion,29-09-2021,313.00,Metric Tonnes,1650.00,Rs./Quintal
Maharashtra,Sangli,Vegetables,Onion,30-09-2021,221.00,Metric Tonnes,1695.70,Rs./Quintal
Maharashtra,Sangli,Vegetables,Onion,01-10-2021,247.00,Metric Tonnes,2150.00,Rs./Quintal
Maharashtra,Sangli,Vegetables,Onion,04-10-2021,651.00,Metric Tonnes,2247.77,Rs./Quintal
Maharashtra,Sangli,Vegetables,Onion,05-10-2021,250.00,Metric Tonnes,2250.00,Rs./Quintal
Maharashtra,Sangli,Vegetables,Onion,06-10-2021,533.00,Metric Tonnes,2250.00,Rs./Quintal
Maharashtra,Sangli,Vegetables,Onion,08-10-2021,508.00,Metric Tonnes,2250.00,Rs./Quintal
Maharashtra,Sangli,Vegetables,Onion,09-10-2021,451.00,Metric Tonnes,2500.00,Rs./Quintal
Maharashtra,Sangli,Vegetables,Onion,11-10-2021,231.00,Metric Tonnes,2750.00,Rs./Quintal
Maharashtra,Sangli,Vegetables,Onion,12-10-2021,256.00,Metric Tonnes,3150.00,Rs./Quintal
Maharashtra,Sangli,Vegetables,Onion,13-10-2021,380.00,Metric Tonnes,2900.00,Rs./Quintal
Maharashtra,Sangli,Vegetables,Onion,14-10-2021,257.00,Metric Tonnes,2400.00,Rs./Quintal
Maharashtra,Sangli,Vegetables,Onion,16-10-2021,461.00,Metric Tonnes,2400.00,Rs./Quintal
Maharashtra,Sangli,Vegetables,Onion,18-10-2021,360.00,Metric Tonnes,2397.08,Rs./Quintal
Maharashtra,Sangli,Vegetables,Onion,20-10-2021,693.00,Metric Tonnes,2500.00,Rs./Quintal
Maharashtra,Sangli,Vegetables,Onion,21-10-2021,234.00,Metric Tonnes,2400.00,Rs./Quintal
Maharashtra,Sangli,Vegetables,Onion,22-10-2021,305.00,Metric Tonnes,2400.00,Rs./Quintal
Maharashtra,Sangli,Vegetables,Onion,23-10-2021,339.00,Metric Tonnes,1900.00,Rs./Quintal
Maharashtra,Sangli,Vegetables,Onion,25-10-2021,333.00,Metric Tonnes,1648.20,Rs./Quintal
Maharashtra,Sangli,Vegetables,Onion,26-10-2021,218.00,Metric Tonnes,1850.00,Rs./Quintal
Maharashtra,Sangli,Vegetables,Onion,27-10-2021,389.00,Metric Tonnes,2150.00,Rs./Quintal
Maharashtra,Sangli,Vegetables,Onion,28-10-2021,216.00,Metric Tonnes,1750.00,Rs./Quintal
Maharashtra,Sangli,Vegetables,Onion,29-10-2021,178.00,Metric Tonnes,1750.00,Rs./Quintal
Maharashtra,Sangli,Vegetables,Onion,30-10-2021,342.00,Metric Tonnes,1600.00,Rs./Quintal
Maharashtra,Sangli,Vegetables,Onion,01-11-2021,358.00,Metric Tonnes,1800.00,Rs./Quintal
Maharashtra,Sangli,Vegetables,Onion,02-11-2021,46.00,Metric Tonnes,1600.00,Rs./Quintal
Maharashtra,Sangli,Vegetables,Onion,08-11-2021,458.00,Metric Tonnes,2050.00,Rs./Quintal
Maharashtra,Sangli,Vegetables,Onion,09-11-2021,186.00,Metric Tonnes,2050.00,Rs./Quintal
Maharashtra,Sangli,Vegetables,Onion,10-11-2021,293.00,Metric Tonnes,2000.00,Rs./Quintal
Maharashtra,Sangli,Vegetables,Onion,11-11-2021,204.00,Metric Tonnes,2000.00,Rs./Quintal
Maharashtra,Sangli,Vegetables,Onion,12-11-2021,282.00,Metric Tonnes,1850.00,Rs./Quintal
Maharashtra,Sangli,Vegetables,Onion,13-11-2021,1.00,Metric Tonnes,1350.00,Rs./Quintal
Maharashtra,Sangli,Vegetables,Onion,15-11-2021,932.00,Metric Tonnes,2050.00,Rs./Quintal
Maharashtra,Sangli,Vegetables,Onion,16-11-2021,161.00,Metric Tonnes,1500.00,Rs./Quintal
Maharashtra,Sangli,Vegetables,Onion,17-11-2021,269.00,Metric Tonnes,1700.00,Rs./Quintal
Maharashtra,Sangli,Vegetables,Onion,18-11-2021,179.00,Metric Tonnes,1500.00,Rs./Quintal
Maharashtra,Sangli,Vegetables,Onion,20-11-2021,380.00,Metric Tonnes,1650.00,Rs./Quintal
Maharashtra,Sangli,Vegetables,Onion,22-11-2021,163.00,Metric Tonnes,1600.00,Rs./Quintal
Maharashtra,Sangli,Vegetables,Onion,23-11-2021,163.00,Metric Tonnes,1850.00,Rs./Quintal
Maharashtra,Sangli,Vegetables,Onion,24-11-2021,365.00,Metric Tonnes,2050.00,Rs./Quintal
Maharashtra,Sangli,Vegetables,Onion,25-11-2021,244.00,Metric Tonnes,1600.00,Rs./Quintal
Maharashtra,Sangli,Vegetables,Onion,26-11-2021,182.00,Metric Tonnes,1800.00,Rs./Quintal
Maharashtra,Sangli,Vegetables,Onion,27-11-2021,389.00,Metric Tonnes,1500.00,Rs./Quintal
Maharashtra,Sangli,Vegetables,Onion,29-11-2021,450.00,Metric Tonnes,1151.33,Rs./Quintal
Maharashtra,Sangli,Vegetables,Onion,30-11-2021,245.00,Metric Tonnes,1199.18,Rs./Quintal
Maharashtra,Sangli,Vegetables,Onion,01-12-2021,239.00,Metric Tonnes,1350.00,Rs./Quintal
Maharashtra,Sangli,Vegetables,Onion,02-12-2021,46.00,Metric Tonnes,1600.00,Rs./Quintal
Maharashtra,Sangli,Vegetables,Onion,03-12-2021,66.00,Metric Tonnes,1650.00,Rs./Quintal
Maharashtra,Sangli,Vegetables,Onion,04-12-2021,244.00,Metric Tonnes,1900.00,Rs./Quintal
Maharashtra,Sangli,Vegetables,Onion,06-12-2021,343.00,Metric Tonnes,1750.73,Rs./Quintal
Maharashtra,Sangli,Vegetables,Onion,07-12-2021,117.00,Metric Tonnes,2094.02,Rs./Quintal
Maharashtra,Sangli,Vegetables,Onion,08-12-2021,363.00,Metric Tonnes,2000.00,Rs./Quintal
Maharashtra,Sangli,Vegetables,Onion,09-12-2021,144.00,Metric Tonnes,1750.00,Rs./Quintal
Maharashtra,Sangli,Vegetables,Onion,10-12-2021,233.00,Metric Tonnes,2000.00,Rs./Quintal
Maharashtra,Sangli,Vegetables,Onion,11-12-2021,377.00,Metric Tonnes,1950.00,Rs./Quintal
Maharashtra,Sangli,Vegetables,Onion,12-12-2021,1.00,Metric Tonnes,2000.00,Rs./Quintal
Maharashtra,Sangli,Vegetables,Onion,13-12-2021,257.00,Metric Tonnes,1850.00,Rs./Quintal
Maharashtra,Sangli,Vegetables,Onion,14-12-2021,188.00,Metric Tonnes,1950.00,Rs./Quintal
Maharashtra,Sangli,Vegetables,Onion,15-12-2021,385.00,Metric Tonnes,1850.00,Rs./Quintal
Maharashtra,Sangli,Vegetables,Onion,16-12-2021,160.00,Metric Tonnes,1799.69,Rs./Quintal
Maharashtra,Sangli,Vegetables,Onion,17-12-2021,243.00,Metric Tonnes,2000.00,Rs./Quintal
Maharashtra,Sangli,Vegetables,Onion,18-12-2021,255.00,Metric Tonnes,1999.02,Rs./Quintal
Maharashtra,Sangli,Vegetables,Onion,20-12-2021,328.00,Metric Tonnes,1600.46,Rs./Quintal
Maharashtra,Sangli,Vegetables,Onion,21-12-2021,172.00,Metric Tonnes,1750.00,Rs./Quintal
Maharashtra,Sangli,Vegetables,Onion,22-12-2021,316.00,Metric Tonnes,2000.00,Rs./Quintal
Maharashtra,Sangli,Vegetables,Onion,23-12-2021,244.00,Metric Tonnes,2100.00,Rs./Quintal
Maharashtra,Sangli,Vegetables,Onion,24-12-2021,193.00,Metric Tonnes,2200.00,Rs./Quintal
Maharashtra,Sangli,Vegetables,Onion,27-12-2021,567.00,Metric Tonnes,2351.41,Rs./Quintal
Maharashtra,Sangli,Vegetables,Onion,28-12-2021,153.00,Metric Tonnes,2400.00,Rs./Quintal
Maharashtra,Sangli,Vegetables,Onion,29-12-2021,455.00,Metric Tonnes,2350.00,Rs./Quintal
Maharashtra,Sangli,Vegetables,Onion,30-12-2021,164.00,Metric Tonnes,2200.00,Rs./Quintal
Maharashtra,Sangli,Vegetables,Onion,31-12-2021,222.00,Metric Tonnes,2200.68,Rs./Quintal
Maharashtra,Sangli,Vegetables,Onion,01-01-2022,305.00,Metric Tonnes,2100.00,Rs./Quintal
Maharashtra,Sangli,Vegetables,Onion,03-01-2022,232.00,Metric Tonnes,1700.00,Rs./Quintal
Maharashtra,Sangli,Vegetables,Onion,04-01-2022,120.00,Metric Tonnes,2250.00,Rs./Quintal
Maharashtra,Sangli,Vegetables,Onion,05-01-2022,287.00,Metric Tonnes,2050.00,Rs./Quintal
Maharashtra,Sangli,Vegetables,Onion,07-01-2022,190.00,Metric Tonnes,2250.00,Rs./Quintal
Maharashtra,Sangli,Vegetables,Onion,08-01-2022,363.00,Metric Tonnes,1950.00,Rs./Quintal
Maharashtra,Sangli,Vegetables,Onion,10-01-2022,487.00,Metric Tonnes,1849.59,Rs./Quintal
Maharashtra,Sangli,Vegetables,Onion,11-01-2022,471.00,Metric Tonnes,1650.00,Rs./Quintal
Maharashtra,Sangli,Vegetables,Onion,12-01-2022,389.00,Metric Tonnes,2200.00,Rs./Quintal
Maharashtra,Sangli,Vegetables,Onion,14-01-2022,78.00,Metric Tonnes,2100.00,Rs./Quintal
Maharashtra,Sangli,Vegetables,Onion,17-01-2022,416.00,Metric Tonnes,1950.00,Rs./Quintal
Maharashtra,Sangli,Vegetables,Onion,18-01-2022,174.00,Metric Tonnes,2050.00,Rs./Quintal
Maharashtra,Sangli,Vegetables,Onion,19-01-2022,330.00,Metric Tonnes,2050.00,Rs./Quintal
Maharashtra,Sangli,Vegetables,Onion,20-01-2022,128.00,Metric Tonnes,1750.00,Rs./Quintal
Maharashtra,Sangli,Vegetables,Onion,21-01-2022,303.00,Metric Tonnes,1950.00,Rs./Quintal
Maharashtra,Sangli,Vegetables,Onion,22-01-2022,488.00,Metric Tonnes,1700.00,Rs./Quintal
Maharashtra,Sangli,Vegetables,Onion,24-01-2022,537.00,Metric Tonnes,1600.00,Rs./Quintal
Maharashtra,Sangli,Vegetables,Onion,25-01-2022,577.00,Metric Tonnes,1650.52,Rs./Quintal
Maharashtra,Sangli,Vegetables,Onion,27-01-2022,316.00,Metric Tonnes,1500.00,Rs./Quintal
Maharashtra,Sangli,Vegetables,Onion,28-01-2022,313.00,Metric Tonnes,1500.48,Rs./Quintal
Maharashtra,Sangli,Vegetables,Onion,29-01-2022,500.00,Metric Tonnes,1550.00,Rs./Quintal
Maharashtra,Sangli,Vegetables,Onion,31-01-2022,557.00,Metric Tonnes,1350.00,Rs./Quintal
Maharashtra,Sangli,Vegetables,Onion,01-02-2022,299.00,Metric Tonnes,1400.00,Rs./Quintal
Maharashtra,Sangli,Vegetables,Onion,02-02-2022,416.00,Metric Tonnes,1400.00,Rs./Quintal
Maharashtra,Sangli,Vegetables,Onion,03-02-2022,231.00,Metric Tonnes,1400.00,Rs./Quintal
Maharashtra,Sangli,Vegetables,Onion,04-02-2022,302.00,Metric Tonnes,1500.00,Rs./Quintal
Maharashtra,Sangli,Vegetables,Onion,05-02-2022,423.00,Metric Tonnes,1700.00,Rs./Quintal
Maharashtra,Sangli,Vegetables,Onion,08-02-2022,420.00,Metric Tonnes,1700.00,Rs./Quintal
Maharashtra,Sangli,Vegetables,Onion,09-02-2022,396.00,Metric Tonnes,2000.00,Rs./Quintal
Maharashtra,Sangli,Vegetables,Onion,10-02-2022,253.00,Metric Tonnes,1757.91,Rs./Quintal
Maharashtra,Sangli,Vegetables,Onion,11-02-2022,207.00,Metric Tonnes,2300.00,Rs./Quintal
Maharashtra,Sangli,Vegetables,Onion,12-02-2022,346.00,Metric Tonnes,1900.00,Rs./Quintal
Maharashtra,Sangli,Vegetables,Onion,14-02-2022,299.00,Metric Tonnes,2050.33,Rs./Quintal
Maharashtra,Sangli,Vegetables,Onion,15-02-2022,309.00,Metric Tonnes,2100.00,Rs./Quintal
Maharashtra,Sangli,Vegetables,Onion,16-02-2022,360.00,Metric Tonnes,2000.00,Rs./Quintal
Maharashtra,Sangli,Vegetables,Onion,17-02-2022,182.00,Metric Tonnes,1750.00,Rs./Quintal
Maharashtra,Sangli,Vegetables,Onion,18-02-2022,293.00,Metric Tonnes,1700.00,Rs./Quintal
Maharashtra,Sangli,Vegetables,Onion,21-02-2022,699.00,Metric Tonnes,1900.00,Rs./Quintal
Maharashtra,Sangli,Vegetables,Onion,22-02-2022,263.00,Metric Tonnes,1900.00,Rs./Quintal
Maharashtra,Sangli,Vegetables,Onion,23-02-2022,419.00,Metric Tonnes,1400.00,Rs./Quintal
Maharashtra,Sangli,Vegetables,Onion,24-02-2022,255.00,Metric Tonnes,1697.65,Rs./Quintal
Maharashtra,Sangli,Vegetables,Onion,25-02-2022,645.00,Metric Tonnes,1550.00,Rs./Quintal
Maharashtra,Sangli,Vegetables,Onion,26-02-2022,587.00,Metric Tonnes,1500.00,Rs./Quintal
Maharashtra,Sangli,Vegetables,Onion,28-02-2022,570.00,Metric Tonnes,1350.00,Rs./Quintal
Maharashtra,Sangli,Vegetables,Onion,02-03-2022,977.00,Metric Tonnes,1250.00,Rs./Quintal
Maharashtra,Sangli,Vegetables,Onion,03-03-2022,293.00,Metric Tonnes,1254.27,Rs./Quintal
Maharashtra,Sangli,Vegetables,Onion,04-03-2022,393.00,Metric Tonnes,1050.00,Rs./Quintal
Maharashtra,Sangli,Vegetables,Onion,05-03-2022,568.00,Metric Tonnes,1000.00,Rs./Quintal
Maharashtra,Sangli,Vegetables,Onion,07-03-2022,523.00,Metric Tonnes,1100.00,Rs./Quintal
Maharashtra,Sangli,Vegetables,Onion,08-03-2022,527.00,Metric Tonnes,950.00,Rs./Quintal
Maharashtra,Sangli,Vegetables,Onion,09-03-2022,687.00,Metric Tonnes,1000.00,Rs./Quintal
Maharashtra,Sangli,Vegetables,Onion,10-03-2022,321.00,Metric Tonnes,950.00,Rs./Quintal
Maharashtra,Sangli,Vegetables,Onion,11-03-2022,453.00,Metric Tonnes,1050.00,Rs./Quintal
Maharashtra,Sangli,Vegetables,Onion,12-03-2022,418.00,Metric Tonnes,950.00,Rs./Quintal
Maharashtra,Sangli,Vegetables,Onion,14-03-2022,509.00,Metric Tonnes,1150.00,Rs./Quintal
Maharashtra,Sangli,Vegetables,Onion,15-03-2022,355.00,Metric Tonnes,950.00,Rs./Quintal
Maharashtra,Sangli,Vegetables,Onion,16-03-2022,522.00,Metric Tonnes,950.00,Rs./Quintal
Maharashtra,Sangli,Vegetables,Onion,17-03-2022,322.00,Metric Tonnes,850.00,Rs./Quintal
Maharashtra,Sangli,Vegetables,Onion,19-03-2022,644.00,Metric Tonnes,1100.00,Rs./Quintal
Maharashtra,Sangli,Vegetables,Onion,21-03-2022,629.00,Metric Tonnes,1100.00,Rs./Quintal
Maharashtra,Sangli,Vegetables,Onion,23-03-2022,806.00,Metric Tonnes,850.00,Rs./Quintal
Maharashtra,Sangli,Vegetables,Onion,24-03-2022,57.00,Metric Tonnes,850.00,Rs./Quintal
Maharashtra,Sangli,Vegetables,Onion,25-03-2022,669.00,Metric Tonnes,1000.00,Rs./Quintal
Maharashtra,Sangli,Vegetables,Onion,26-03-2022,509.00,Metric Tonnes,850.00,Rs./Quintal
Maharashtra,Sangli,Vegetables,Onion,28-03-2022,287.00,Metric Tonnes,900.00,Rs./Quintal
Maharashtra,Sangli,Vegetables,Onion,29-03-2022,153.00,Metric Tonnes,850.00,Rs./Quintal
Maharashtra,Sangli,Vegetables,Onion,30-03-2022,347.00,Metric Tonnes,850.00,Rs./Quintal
Maharashtra,Sangli,Vegetables,Onion,31-03-2022,257.00,Metric Tonnes,850.00,Rs./Quintal
Maharashtra,Sangli,Vegetables,Onion,01-04-2022,261.00,Metric Tonnes,850.00,Rs./Quintal
Maharashtra,Sangli,Vegetables,Onion,04-04-2022,816.00,Metric Tonnes,950.00,Rs./Quintal
Maharashtra,Sangli,Vegetables,Onion,05-04-2022,543.00,Metric Tonnes,800.00,Rs./Quintal
Maharashtra,Sangli,Vegetables,Onion,06-04-2022,696.00,Metric Tonnes,800.00,Rs./Quintal
Maharashtra,Sangli,Vegetables,Onion,07-04-2022,286.00,Metric Tonnes,750.00,Rs./Quintal
Maharashtra,Sangli,Vegetables,Onion,08-04-2022,266.00,Metric Tonnes,750.00,Rs./Quintal
Maharashtra,Sangli,Vegetables,Onion,09-04-2022,363.00,Metric Tonnes,800.00,Rs./Quintal
Maharashtra,Sangli,Vegetables,Onion,11-04-2022,475.00,Metric Tonnes,800.00,Rs./Quintal
Maharashtra,Sangli,Vegetables,Onion,12-04-2022,218.00,Metric Tonnes,700.00,Rs./Quintal
Maharashtra,Sangli,Vegetables,Onion,16-04-2022,416.00,Metric Tonnes,850.00,Rs./Quintal
Maharashtra,Sangli,Vegetables,Onion,18-04-2022,222.00,Metric Tonnes,850.00,Rs./Quintal
Maharashtra,Sangli,Vegetables,Onion,19-04-2022,297.00,Metric Tonnes,850.00,Rs./Quintal
Maharashtra,Sangli,Vegetables,Onion,20-04-2022,358.00,Metric Tonnes,850.00,Rs./Quintal
Maharashtra,Sangli,Vegetables,Onion,21-04-2022,400.00,Metric Tonnes,850.00,Rs./Quintal
Maharashtra,Sangli,Vegetables,Onion,22-04-2022,351.00,Metric Tonnes,700.00,Rs./Quintal
Maharashtra,Sangli,Vegetables,Onion,23-04-2022,335.00,Metric Tonnes,700.00,Rs./Quintal
Maharashtra,Sangli,Vegetables,Onion,25-04-2022,176.00,Metric Tonnes,750.00,Rs./Quintal
Maharashtra,Sangli,Vegetables,Onion,26-04-2022,184.00,Metric Tonnes,800.00,Rs./Quintal
Maharashtra,Sangli,Vegetables,Onion,27-04-2022,291.00,Metric Tonnes,800.00,Rs./Quintal
Maharashtra,Sangli,Vegetables,Onion,28-04-2022,272.00,Metric Tonnes,750.00,Rs./Quintal
Maharashtra,Sangli,Vegetables,Onion,29-04-2022,202.00,Metric Tonnes,800.00,Rs./Quintal
Maharashtra,Sangli,Vegetables,Onion,30-04-2022,292.00,Metric Tonnes,800.00,Rs./Quintal
Maharashtra,Sangli,Vegetables,Onion,02-05-2022,156.00,Metric Tonnes,850.00,Rs./Quintal
Maharashtra,Sangli,Vegetables,Onion,04-05-2022,261.00,Metric Tonnes,900.00,Rs./Quintal
Maharashtra,Sangli,Vegetables,Onion,05-05-2022,154.00,Metric Tonnes,950.00,Rs./Quintal
Maharashtra,Sangli,Vegetables,Onion,09-05-2022,322.00,Metric Tonnes,800.00,Rs./Quintal
Maharashtra,Sangli,Vegetables,Onion,10-05-2022,194.00,Metric Tonnes,750.00,Rs./Quintal
Maharashtra,Sangli,Vegetables,Onion,11-05-2022,245.00,Metric Tonnes,950.00,Rs./Quintal
Maharashtra,Sangli,Vegetables,Onion,17-05-2022,347.00,Metric Tonnes,600.00,Rs./Quintal
Maharashtra,Sangli,Vegetables,Onion,18-05-2022,166.00,Metric Tonnes,750.00,Rs./Quintal
Maharashtra,Sangli,Vegetables,Onion,19-05-2022,223.00,Metric Tonnes,750.00,Rs./Quintal
Maharashtra,Sangli,Vegetables,Onion,20-05-2022,155.00,Metric Tonnes,700.00,Rs./Quintal
Maharashtra,Sangli,Vegetables,Onion,21-05-2022,220.00,Metric Tonnes,750.00,Rs./Quintal
Maharashtra,Sangli,Vegetables,Onion,23-05-2022,214.00,Metric Tonnes,700.00,Rs./Quintal
Maharashtra,Sangli,Vegetables,Onion,24-05-2022,107.00,Metric Tonnes,700.00,Rs./Quintal
Maharashtra,Sangli,Vegetables,Onion,25-05-2022,224.00,Metric Tonnes,800.00,Rs./Quintal
Maharashtra,Sangli,Vegetables,Onion,26-05-2022,200.00,Metric Tonnes,850.00,Rs./Quintal
Maharashtra,Sangli,Vegetables,Onion,27-05-2022,154.00,Metric Tonnes,850.00,Rs./Quintal
Maharashtra,Sangli,Vegetables,Onion,28-05-2022,242.00,Metric Tonnes,800.00,Rs./Quintal
Maharashtra,Sangli,Vegetables,Onion,30-05-2022,287.00,Metric Tonnes,800.00,Rs./Quintal
Maharashtra,Sangli,Vegetables,Onion,31-05-2022,127.00,Metric Tonnes,800.00,Rs./Quintal
Maharashtra,Sangli,Vegetables,Onion,01-06-2022,218.00,Metric Tonnes,800.00,Rs./Quintal
Maharashtra,Sangli,Vegetables,Onion,07-06-2022,127.00,Metric Tonnes,850.00,Rs./Quintal
Maharashtra,Sangli,Vegetables,Onion,08-06-2022,292.00,Metric Tonnes,900.00,Rs./Quintal
Maharashtra,Sangli,Vegetables,Onion,09-06-2022,85.00,Metric Tonnes,1000.00,Rs./Quintal
Maharashtra,Sangli,Vegetables,Onion,10-06-2022,179.00,Metric Tonnes,1150.00,Rs./Quintal
Maharashtra,Sangli,Vegetables,Onion,11-06-2022,178.00,Metric Tonnes,1100.00,Rs./Quintal
Maharashtra,Sangli,Vegetables,Onion,13-06-2022,217.00,Metric Tonnes,950.00,Rs./Quintal
Maharashtra,Sangli,Vegetables,Onion,14-06-2022,173.00,Metric Tonnes,1050.00,Rs./Quintal
Maharashtra,Sangli,Vegetables,Onion,15-06-2022,239.00,Metric Tonnes,900.00,Rs./Quintal
Maharashtra,Sangli,Vegetables,Onion,16-06-2022,125.00,Metric Tonnes,1000.00,Rs./Quintal
Maharashtra,Sangli,Vegetables,Onion,17-06-2022,136.00,Metric Tonnes,1000.00,Rs./Quintal
Maharashtra,Sangli,Vegetables,Onion,18-06-2022,255.00,Metric Tonnes,1100.00,Rs./Quintal
Maharashtra,Sangli,Vegetables,Onion,20-06-2022,114.00,Metric Tonnes,1050.00,Rs./Quintal
Maharashtra,Sangli,Vegetables,Onion,21-06-2022,129.00,Metric Tonnes,1000.00,Rs./Quintal
Maharashtra,Sangli,Vegetables,Onion,22-06-2022,154.00,Metric Tonnes,1000.00,Rs./Quintal
Maharashtra,Sangli,Vegetables,Onion,23-06-2022,79.00,Metric Tonnes,1050.00,Rs./Quintal
Maharashtra,Sangli,Vegetables,Onion,11-07-2022,167.00,Metric Tonnes,1050.00,Rs./Quintal
Maharashtra,Sangli,Vegetables,Onion,10-08-2022,260.00,Metric Tonnes,1050.00,Rs./Quintal
Maharashtra,Sangli,Vegetables,Onion,12-08-2022,220.00,Metric Tonnes,1150.00,Rs./Quintal
Maharashtra,Sangli,Vegetables,Onion,13-08-2022,257.00,Metric Tonnes,1150.00,Rs./Quintal
Maharashtra,Sangli,Vegetables,Onion,17-08-2022,296.00,Metric Tonnes,1250.00,Rs./Quintal
Maharashtra,Sangli,Vegetables,Onion,18-08-2022,164.00,Metric Tonnes,1100.00,Rs./Quintal
Maharashtra,Sangli,Vegetables,Onion,19-08-2022,206.00,Metric Tonnes,1100.00,Rs./Quintal
Maharashtra,Sangli,Vegetables,Onion,20-08-2022,278.00,Metric Tonnes,950.00,Rs./Quintal
Maharashtra,Sangli,Vegetables,Onion,22-08-2022,330.00,Metric Tonnes,950.00,Rs./Quintal
Maharashtra,Sangli,Vegetables,Onion,24-08-2022,285.00,Metric Tonnes,1100.00,Rs./Quintal
Maharashtra,Sangli,Vegetables,Onion,26-08-2022,529.00,Metric Tonnes,1050.00,Rs./Quintal
Maharashtra,Sangli,Vegetables,Onion,27-08-2022,318.00,Metric Tonnes,1000.00,Rs./Quintal
Maharashtra,Sangli,Vegetables,Onion,30-08-2022,281.00,Metric Tonnes,1000.00,Rs./Quintal
Maharashtra,Sangli,Vegetables,Onion,02-09-2022,136.00,Metric Tonnes,1100.00,Rs./Quintal
Maharashtra,Sangli,Vegetables,Onion,03-09-2022,158.00,Metric Tonnes,1050.00,Rs./Quintal
Maharashtra,Sangli,Vegetables,Onion,07-09-2022,239.00,Metric Tonnes,950.00,Rs./Quintal
Maharashtra,Sangli,Vegetables,Onion,22-09-2022,147.00,Metric Tonnes,800.00,Rs./Quintal
Maharashtra,Sangli,Vegetables,Onion,28-09-2022,130.00,Metric Tonnes,1250.00,Rs./Quintal
Maharashtra,Sangli,Vegetables,Onion,29-09-2022,145.00,Metric Tonnes,950.00,Rs./Quintal
Maharashtra,Sangli,Vegetables,Onion,30-09-2022,229.00,Metric Tonnes,1150.00,Rs./Quintal
Maharashtra,Sangli,Vegetables,Onion,01-11-2022,225.00,Metric Tonnes,1950.00,Rs./Quintal
Maharashtra,Sangli,Vegetables,Onion,02-11-2022,169.00,Metric Tonnes,1975.00,Rs./Quintal
Maharashtra,Sangli,Vegetables,Onion,03-11-2022,170.00,Metric Tonnes,1850.00,Rs./Quintal
Maharashtra,Sangli,Vegetables,Onion,04-11-2022,285.00,Metric Tonnes,1975.00,Rs./Quintal
Maharashtra,Sangli,Vegetables,Onion,05-11-2022,577.00,Metric Tonnes,2050.00,Rs./Quintal
Maharashtra,Sangli,Vegetables,Onion,07-11-2022,239.00,Metric Tonnes,1750.00,Rs./Quintal
Maharashtra,Sangli,Vegetables,Onion,09-11-2022,255.00,Metric Tonnes,1650.00,Rs./Quintal
Maharashtra,Sangli,Vegetables,Onion,10-11-2022,126.00,Metric Tonnes,1549.60,Rs./Quintal
Maharashtra,Sangli,Vegetables,Onion,11-11-2022,185.00,Metric Tonnes,1650.00,Rs./Quintal
Maharashtra,Sangli,Vegetables,Onion,15-11-2022,200.00,Metric Tonnes,1750.00,Rs./Quintal
Maharashtra,Sangli,Vegetables,Onion,16-11-2022,329.00,Metric Tonnes,1700.00,Rs./Quintal
Maharashtra,Sangli,Vegetables,Onion,17-11-2022,193.00,Metric Tonnes,1850.00,Rs./Quintal
Maharashtra,Sangli,Vegetables,Onion,18-11-2022,328.00,Metric Tonnes,1400.00,Rs./Quintal
Maharashtra,Sangli,Vegetables,Onion,19-11-2022,480.00,Metric Tonnes,1400.00,Rs./Quintal
Maharashtra,Sangli,Vegetables,Onion,21-11-2022,285.00,Metric Tonnes,1400.00,Rs./Quintal
Maharashtra,Sangli,Vegetables,Onion,23-11-2022,289.00,Metric Tonnes,1437.00,Rs./Quintal
Maharashtra,Sangli,Vegetables,Onion,24-11-2022,229.00,Metric Tonnes,1407.64,Rs./Quintal
Maharashtra,Sangli,Vegetables,Onion,26-11-2022,366.00,Metric Tonnes,1253.42,Rs./Quintal
Maharashtra,Sangli,Vegetables,Onion,28-11-2022,264.00,Metric Tonnes,1300.00,Rs./Quintal
Maharashtra,Sangli,Vegetables,Onion,29-11-2022,134.00,Metric Tonnes,1261.19,Rs./Quintal
Maharashtra,Sangli,Vegetables,Onion,30-11-2022,460.00,Metric Tonnes,1250.00,Rs./Quintal
Maharashtra,Sangli,Vegetables,Onion,02-12-2022,367.00,Metric Tonnes,1162.00,Rs./Quintal
Maharashtra,Sangli,Vegetables,Onion,03-12-2022,386.00,Metric Tonnes,1350.00,Rs./Quintal
Maharashtra,Sangli,Vegetables,Onion,05-12-2022,5.00,Metric Tonnes,1650.00,Rs./Quintal
Maharashtra,Sangli,Vegetables,Onion,08-12-2022,353.00,Metric Tonnes,1050.00,Rs./Quintal
Maharashtra,Sangli,Vegetables,Onion,09-12-2022,353.00,Metric Tonnes,1050.00,Rs./Quintal
Maharashtra,Sangli,Vegetables,Onion,10-12-2022,502.00,Metric Tonnes,1100.00,Rs./Quintal
Maharashtra,Sangli,Vegetables,Onion,12-12-2022,636.00,Metric Tonnes,905.11,Rs./Quintal
Maharashtra,Sangli,Vegetables,Onion,13-12-2022,183.00,Metric Tonnes,900.00,Rs./Quintal
Maharashtra,Sangli,Vegetables,Onion,14-12-2022,223.00,Metric Tonnes,1150.00,Rs./Quintal
Maharashtra,Sangli,Vegetables,Onion,15-12-2022,183.00,Metric Tonnes,1050.00,Rs./Quintal
Maharashtra,Sangli,Vegetables,Onion,16-12-2022,247.00,Metric Tonnes,1200.00,Rs./Quintal
Maharashtra,Sangli,Vegetables,Onion,17-12-2022,291.00,Metric Tonnes,1150.00,Rs./Quintal
Maharashtra,Sangli,Vegetables,Onion,19-12-2022,465.00,Metric Tonnes,1400.00,Rs./Quintal
Maharashtra,Sangli,Vegetables,Onion,20-12-2022,272.00,Metric Tonnes,1350.00,Rs./Quintal
Maharashtra,Sangli,Vegetables,Onion,21-12-2022,521.00,Metric Tonnes,1350.00,Rs./Quintal
Maharashtra,Sangli,Vegetables,Onion,23-12-2022,319.00,Metric Tonnes,1300.00,Rs./Quintal
Maharashtra,Sangli,Vegetables,Onion,28-12-2022,620.00,Metric Tonnes,1300.00,Rs./Quintal
Maharashtra,Sangli,Vegetables,Onion,29-12-2022,64.00,Metric Tonnes,1200.00,Rs./Quintal
Maharashtra,Sangli,Vegetables,Onion,30-12-2022,461.00,Metric Tonnes,1200.00,Rs./Quintal
Maharashtra,Sangli,Vegetables,Onion,06-01-2023,460.00,Metric Tonnes,1354.24,Rs./Quintal
Maharashtra,Sangli,Vegetables,Onion,07-01-2023,470.00,Metric Tonnes,1200.00,Rs./Quintal
Maharashtra,Sangli,Vegetables,Onion,11-01-2023,500.00,Metric Tonnes,1300.00,Rs./Quintal
Maharashtra,Sangli,Vegetables,Onion,12-01-2023,348.00,Metric Tonnes,1280.00,Rs./Quintal
Maharashtra,Sangli,Vegetables,Onion,13-01-2023,272.00,Metric Tonnes,1260.00,Rs./Quintal
Maharashtra,Sangli,Vegetables,Onion,16-01-2023,179.00,Metric Tonnes,1250.00,Rs./Quintal
Maharashtra,Sangli,Vegetables,Onion,17-01-2023,201.00,Metric Tonnes,1350.00,Rs./Quintal
Maharashtra,Sangli,Vegetables,Onion,21-01-2023,553.00,Metric Tonnes,1300.00,Rs./Quintal
Maharashtra,Sangli,Vegetables,Onion,23-01-2023,489.00,Metric Tonnes,1250.00,Rs./Quintal
Maharashtra,Sangli,Vegetables,Onion,24-01-2023,470.00,Metric Tonnes,1050.00,Rs./Quintal
Maharashtra,Sangli,Vegetables,Onion,25-01-2023,825.00,Metric Tonnes,1050.00,Rs./Quintal
Maharashtra,Sangli,Vegetables,Onion,27-01-2023,359.00,Metric Tonnes,1050.00,Rs./Quintal
Maharashtra,Sangli,Vegetables,Onion,28-01-2023,558.00,Metric Tonnes,850.00,Rs./Quintal
Maharashtra,Sangli,Vegetables,Onion,30-01-2023,606.00,Metric Tonnes,850.00,Rs./Quintal
Maharashtra,Sangli,Vegetables,Onion,31-01-2023,381.00,Metric Tonnes,900.00,Rs./Quintal
Maharashtra,Sangli,Vegetables,Onion,01-02-2023,333.00,Metric Tonnes,1000.00,Rs./Quintal
Maharashtra,Sangli,Vegetables,Onion,02-02-2023,257.00,Metric Tonnes,950.00,Rs./Quintal
Maharashtra,Sangli,Vegetables,Onion,03-02-2023,396.00,Metric Tonnes,850.00,Rs./Quintal
Maharashtra,Sangli,Vegetables,Onion,04-02-2023,522.00,Metric Tonnes,875.00,Rs./Quintal
Maharashtra,Sangli,Vegetables,Onion,06-02-2023,428.00,Metric Tonnes,850.00,Rs./Quintal
Maharashtra,Sangli,Vegetables,Onion,07-02-2023,285.00,Metric Tonnes,850.00,Rs./Quintal
Maharashtra,Sangli,Vegetables,Onion,08-02-2023,495.00,Metric Tonnes,800.00,Rs./Quintal
Maharashtra,Sangli,Vegetables,Onion,09-02-2023,396.00,Metric Tonnes,800.00,Rs./Quintal
Maharashtra,Sangli,Vegetables,Onion,10-02-2023,400.00,Metric Tonnes,800.00,Rs./Quintal
Maharashtra,Sangli,Vegetables,Onion,11-02-2023,588.00,Metric Tonnes,850.00,Rs./Quintal
Maharashtra,Sangli,Vegetables,Onion,13-02-2023,445.00,Metric Tonnes,900.00,Rs./Quintal
Maharashtra,Sangli,Vegetables,Onion,14-02-2023,524.00,Metric Tonnes,850.00,Rs./Quintal
Maharashtra,Sangli,Vegetables,Onion,15-02-2023,605.00,Metric Tonnes,700.00,Rs./Quintal
Maharashtra,Sangli,Vegetables,Onion,16-02-2023,339.00,Metric Tonnes,750.00,Rs./Quintal
Maharashtra,Sangli,Vegetables,Onion,17-02-2023,474.00,Metric Tonnes,750.00,Rs./Quintal
Maharashtra,Sangli,Vegetables,Onion,18-02-2023,202.00,Metric Tonnes,700.00,Rs./Quintal
Maharashtra,Sangli,Vegetables,Onion,20-02-2023,862.00,Metric Tonnes,700.00,Rs./Quintal
Maharashtra,Sangli,Vegetables,Onion,21-02-2023,423.00,Metric Tonnes,700.00,Rs./Quintal
Maharashtra,Sangli,Vegetables,Onion,22-02-2023,543.00,Metric Tonnes,650.00,Rs./Quintal
Maharashtra,Sangli,Vegetables,Onion,23-02-2023,168.00,Metric Tonnes,650.00,Rs./Quintal
Maharashtra,Sangli,Vegetables,Onion,24-02-2023,326.00,Metric Tonnes,700.00,Rs./Quintal
Maharashtra,Sangli,Vegetables,Onion,25-02-2023,366.00,Metric Tonnes,750.00,Rs./Quintal
Maharashtra,Sangli,Vegetables,Onion,27-02-2023,395.00,Metric Tonnes,750.00,Rs./Quintal
Maharashtra,Sangli,Vegetables,Onion,28-02-2023,234.00,Metric Tonnes,700.00,Rs./Quintal
Maharashtra,Sangli,Vegetables,Onion,01-03-2023,349.00,Metric Tonnes,650.00,Rs./Quintal
Maharashtra,Sangli,Vegetables,Onion,02-03-2023,276.00,Metric Tonnes,650.00,Rs./Quintal
Maharashtra,Sangli,Vegetables,Onion,03-03-2023,325.00,Metric Tonnes,750.00,Rs./Quintal
Maharashtra,Sangli,Vegetables,Onion,04-03-2023,440.00,Metric Tonnes,950.00,Rs./Quintal
Maharashtra,Sangli,Vegetables,Onion,06-03-2023,518.00,Metric Tonnes,897.59,Rs./Quintal
Maharashtra,Sangli,Vegetables,Onion,08-03-2023,484.00,Metric Tonnes,725.00,Rs./Quintal
Maharashtra,Sangli,Vegetables,Onion,09-03-2023,252.00,Metric Tonnes,650.00,Rs./Quintal
Maharashtra,Sangli,Vegetables,Onion,10-03-2023,297.00,Metric Tonnes,700.00,Rs./Quintal
Maharashtra,Sangli,Vegetables,Onion,14-03-2023,355.00,Metric Tonnes,703.52,Rs./Quintal
Maharashtra,Sangli,Vegetables,Onion,15-03-2023,521.00,Metric Tonnes,750.00,Rs./Quintal
Maharashtra,Sangli,Vegetables,Onion,16-03-2023,286.00,Metric Tonnes,650.00,Rs./Quintal
Maharashtra,Sangli,Vegetables,Onion,17-03-2023,343.00,Metric Tonnes,650.00,Rs./Quintal
Maharashtra,Sangli,Vegetables,Onion,18-03-2023,335.00,Metric Tonnes,650.00,Rs./Quintal
Maharashtra,Sangli,Vegetables,Onion,20-03-2023,296.00,Metric Tonnes,650.00,Rs./Quintal
Maharashtra,Sangli,Vegetables,Onion,21-03-2023,315.00,Metric Tonnes,800.00,Rs./Quintal
Maharashtra,Sangli,Vegetables,Onion,22-03-2023,430.00,Metric Tonnes,650.00,Rs./Quintal
Maharashtra,Sangli,Vegetables,Onion,23-03-2023,371.00,Metric Tonnes,750.67,Rs./Quintal
Maharashtra,Sangli,Vegetables,Onion,24-03-2023,293.00,Metric Tonnes,750.00,Rs./Quintal
Maharashtra,Sangli,Vegetables,Onion,25-03-2023,523.00,Metric Tonnes,725.72,Rs./Quintal
Maharashtra,Sangli,Vegetables,Onion,26-03-2023,4.00,Metric Tonnes,950.00,Rs./Quintal
Maharashtra,Sangli,Vegetables,Onion,27-03-2023,509.00,Metric Tonnes,725.00,Rs./Quintal
Maharashtra,Sangli,Vegetables,Onion,28-03-2023,388.00,Metric Tonnes,752.06,Rs./Quintal
Maharashtra,Sangli,Vegetables,Onion,29-03-2023,480.00,Metric Tonnes,700.00,Rs./Quintal
Maharashtra,Sangli,Vegetables,Onion,30-03-2023,4.00,Metric Tonnes,850.00,Rs./Quintal
Maharashtra,Sangli,Vegetables,Onion,01-04-2023,84.00,Metric Tonnes,611.90,Rs./Quintal
Maharashtra,Sangli,Vegetables,Onion,03-04-2023,198.00,Metric Tonnes,600.00,Rs./Quintal
Maharashtra,Sangli,Vegetables,Onion,04-04-2023,268.00,Metric Tonnes,600.00,Rs./Quintal
Maharashtra,Sangli,Vegetables,Onion,05-04-2023,381.00,Metric Tonnes,600.00,Rs./Quintal
Maharashtra,Sangli,Vegetables,Onion,06-04-2023,384.00,Metric Tonnes,600.00,Rs./Quintal
Maharashtra,Sangli,Vegetables,Onion,07-04-2023,10.00,Metric Tonnes,850.00,Rs./Quintal
Maharashtra,Sangli,Vegetables,Onion,08-04-2023,321.00,Metric Tonnes,753.74,Rs./Quintal
Maharashtra,Sangli,Vegetables,Onion,09-04-2023,4.00,Metric Tonnes,850.00,Rs./Quintal
Maharashtra,Sangli,Vegetables,Onion,10-04-2023,499.00,Metric Tonnes,699.50,Rs./Quintal
Maharashtra,Sangli,Vegetables,Onion,11-04-2023,324.00,Metric Tonnes,554.63,Rs./Quintal
Maharashtra,Sangli,Vegetables,Onion,12-04-2023,429.00,Metric Tonnes,575.00,Rs./Quintal
Maharashtra,Sangli,Vegetables,Onion,13-04-2023,445.00,Metric Tonnes,601.69,Rs./Quintal
Maharashtra,Sangli,Vegetables,Onion,15-04-2023,345.00,Metric Tonnes,700.00,Rs./Quintal
Maharashtra,Sangli,Vegetables,Onion,17-04-2023,480.00,Metric Tonnes,651.67,Rs./Quintal
Maharashtra,Sangli,Vegetables,Onion,18-04-2023,203.00,Metric Tonnes,550.00,Rs./Quintal
Maharashtra,Sangli,Vegetables,Onion,19-04-2023,410.00,Metric Tonnes,650.00,Rs./Quintal
Maharashtra,Sangli,Vegetables,Onion,20-04-2023,254.00,Metric Tonnes,650.00,Rs./Quintal
Maharashtra,Sangli,Vegetables,Onion,21-04-2023,276.00,Metric Tonnes,600.00,Rs./Quintal
Maharashtra,Sangli,Vegetables,Onion,24-04-2023,482.00,Metric Tonnes,650.00,Rs./Quintal
Maharashtra,Sangli,Vegetables,Onion,25-04-2023,327.00,Metric Tonnes,650.00,Rs./Quintal
Maharashtra,Sangli,Vegetables,Onion,26-04-2023,396.00,Metric Tonnes,650.00,Rs./Quintal
Maharashtra,Sangli,Vegetables,Onion,27-04-2023,411.00,Metric Tonnes,650.00,Rs./Quintal
Maharashtra,Sangli,Vegetables,Onion,29-04-2023,969.00,Metric Tonnes,650.00,Rs./Quintal
Maharashtra,Sangli,Vegetables,Onion,02-05-2023,395.00,Metric Tonnes,650.00,Rs./Quintal
Maharashtra,Sangli,Vegetables,Onion,03-05-2023,369.00,Metric Tonnes,650.00,Rs./Quintal
Maharashtra,Sangli,Vegetables,Onion,04-05-2023,316.00,Metric Tonnes,650.00,Rs./Quintal
Maharashtra,Sangli,Vegetables,Onion,08-05-2023,409.00,Metric Tonnes,651.47,Rs./Quintal
Maharashtra,Sangli,Vegetables,Onion,09-05-2023,404.00,Metric Tonnes,650.00,Rs./Quintal
Maharashtra,Sangli,Vegetables,Onion,10-05-2023,375.00,Metric Tonnes,550.00,Rs./Quintal
Maharashtra,Sangli,Vegetables,Onion,13-05-2023,3.00,Metric Tonnes,650.00,Rs./Quintal
Maharashtra,Sangli,Vegetables,Onion,15-05-2023,364.00,Metric Tonnes,550.00,Rs./Quintal
Maharashtra,Sangli,Vegetables,Onion,16-05-2023,240.00,Metric Tonnes,550.00,Rs./Quintal
Maharashtra,Sangli,Vegetables,Onion,17-05-2023,329.00,Metric Tonnes,600.00,Rs./Quintal
Maharashtra,Sangli,Vegetables,Onion,18-05-2023,342.00,Metric Tonnes,750.00,Rs./Quintal
Maharashtra,Sangli,Vegetables,Onion,19-05-2023,415.00,Metric Tonnes,650.00,Rs./Quintal
Maharashtra,Sangli,Vegetables,Onion,22-05-2023,427.00,Metric Tonnes,500.00,Rs./Quintal
Maharashtra,Sangli,Vegetables,Onion,23-05-2023,642.00,Metric Tonnes,650.00,Rs./Quintal
Maharashtra,Sangli,Vegetables,Onion,24-05-2023,466.00,Metric Tonnes,750.00,Rs./Quintal
Maharashtra,Sangli,Vegetables,Onion,25-05-2023,196.00,Metric Tonnes,650.00,Rs./Quintal
Maharashtra,Sangli,Vegetables,Onion,26-05-2023,277.00,Metric Tonnes,600.00,Rs./Quintal
Maharashtra,Sangli,Vegetables,Onion,27-05-2023,374.00,Metric Tonnes,700.00,Rs./Quintal
Maharashtra,Sangli,Vegetables,Onion,29-05-2023,409.00,Metric Tonnes,750.00,Rs./Quintal
Maharashtra,Sangli,Vegetables,Onion,30-05-2023,181.00,Metric Tonnes,550.00,Rs./Quintal
Maharashtra,Sangli,Vegetables,Onion,31-05-2023,314.00,Metric Tonnes,600.00,Rs./Quintal
Maharashtra,Sangli,Vegetables,Onion,01-06-2023,214.00,Metric Tonnes,600.00,Rs./Quintal
Maharashtra,Sangli,Vegetables,Onion,10-06-2023,362.00,Metric Tonnes,800.00,Rs./Quintal
Maharashtra,Sangli,Vegetables,Onion,12-06-2023,368.00,Metric Tonnes,750.00,Rs./Quintal
Maharashtra,Sangli,Vegetables,Onion,13-06-2023,183.00,Metric Tonnes,850.00,Rs./Quintal
Maharashtra,Sangli,Vegetables,Onion,14-06-2023,344.00,Metric Tonnes,800.00,Rs./Quintal
Maharashtra,Sangli,Vegetables,Onion,15-06-2023,216.00,Metric Tonnes,800.00,Rs./Quintal
Maharashtra,Sangli,Vegetables,Onion,16-06-2023,254.00,Metric Tonnes,750.00,Rs./Quintal
Maharashtra,Sangli,Vegetables,Onion,17-06-2023,399.00,Metric Tonnes,700.00,Rs./Quintal
Maharashtra,Sangli,Vegetables,Onion,19-06-2023,368.00,Metric Tonnes,800.00,Rs./Quintal
Maharashtra,Sangli,Vegetables,Onion,20-06-2023,187.00,Metric Tonnes,750.00,Rs./Quintal
Maharashtra,Sangli,Vegetables,Onion,21-06-2023,383.00,Metric Tonnes,850.00,Rs./Quintal
Maharashtra,Sangli,Vegetables,Onion,22-06-2023,185.00,Metric Tonnes,750.00,Rs./Quintal
Maharashtra,Sangli,Vegetables,Onion,23-06-2023,200.00,Metric Tonnes,750.00,Rs./Quintal
Maharashtra,Sangli,Vegetables,Onion,24-06-2023,243.00,Metric Tonnes,850.00,Rs./Quintal
Maharashtra,Sangli,Vegetables,Onion,26-06-2023,202.00,Metric Tonnes,750.00,Rs./Quintal
Maharashtra,Sangli,Vegetables,Onion,27-06-2023,106.00,Metric Tonnes,800.00,Rs./Quintal
Maharashtra,Sangli,Vegetables,Onion,28-06-2023,222.00,Metric Tonnes,850.00,Rs./Quintal
Maharashtra,Sangli,Vegetables,Onion,30-06-2023,263.00,Metric Tonnes,900.00,Rs./Quintal
Maharashtra,Sangli,Vegetables,Onion,01-07-2023,349.00,Metric Tonnes,950.00,Rs./Quintal
Maharashtra,Sangli,Vegetables,Onion,05-07-2023,201.00,Metric Tonnes,1000.00,Rs./Quintal
Maharashtra,Sangli,Vegetables,Onion,06-07-2023,162.00,Metric Tonnes,1100.00,Rs./Quintal
Maharashtra,Sangli,Vegetables,Onion,07-07-2023,335.00,Metric Tonnes,1100.00,Rs./Quintal
Maharashtra,Sangli,Vegetables,Onion,08-07-2023,511.00,Metric Tonnes,1100.00,Rs./Quintal
Maharashtra,Sangli,Vegetables,Onion,10-07-2023,437.00,Metric Tonnes,1050.00,Rs./Quintal
Maharashtra,Sangli,Vegetables,Onion,11-07-2023,160.00,Metric Tonnes,1050.00,Rs./Quintal
Maharashtra,Sangli,Vegetables,Onion,12-07-2023,284.00,Metric Tonnes,1050.00,Rs./Quintal
Maharashtra,Sangli,Vegetables,Onion,13-07-2023,180.00,Metric Tonnes,1000.00,Rs./Quintal
Maharashtra,Sangli,Vegetables,Onion,14-07-2023,155.00,Metric Tonnes,1050.00,Rs./Quintal
Maharashtra,Sangli,Vegetables,Onion,15-07-2023,253.00,Metric Tonnes,1050.00,Rs./Quintal
Maharashtra,Sangli,Vegetables,Onion,17-07-2023,111.00,Metric Tonnes,1125.00,Rs./Quintal
Maharashtra,Sangli,Vegetables,Onion,18-07-2023,168.00,Metric Tonnes,1150.00,Rs./Quintal
Maharashtra,Sangli,Vegetables,Onion,20-07-2023,313.00,Metric Tonnes,1207.03,Rs./Quintal
Maharashtra,Sangli,Vegetables,Onion,21-07-2023,321.00,Metric Tonnes,1150.00,Rs./Quintal
Maharashtra,Sangli,Vegetables,Onion,22-07-2023,331.00,Metric Tonnes,1100.00,Rs./Quintal
Maharashtra,Sangli,Vegetables,Onion,23-07-2023,4.00,Metric Tonnes,1550.00,Rs./Quintal
Maharashtra,Sangli,Vegetables,Onion,24-07-2023,202.00,Metric Tonnes,1057.92,Rs./Quintal
Maharashtra,Sangli,Vegetables,Onion,25-07-2023,109.00,Metric Tonnes,1000.00,Rs./Quintal
Maharashtra,Sangli,Vegetables,Onion,26-07-2023,149.00,Metric Tonnes,1000.00,Rs./Quintal
Maharashtra,Sangli,Vegetables,Onion,27-07-2023,124.00,Metric Tonnes,1025.00,Rs./Quintal
Maharashtra,Sangli,Vegetables,Onion,29-07-2023,207.00,Metric Tonnes,1050.00,Rs./Quintal
Maharashtra,Sangli,Vegetables,Onion,31-07-2023,233.00,Metric Tonnes,1100.00,Rs./Quintal
Maharashtra,Sangli,Vegetables,Onion,01-08-2023,161.00,Metric Tonnes,1175.00,Rs./Quintal
Maharashtra,Sangli,Vegetables,Onion,02-08-2023,277.00,Metric Tonnes,1250.00,Rs./Quintal
Maharashtra,Sangli,Vegetables,Onion,03-08-2023,280.00,Metric Tonnes,1200.00,Rs./Quintal
Maharashtra,Sangli,Vegetables,Onion,04-08-2023,390.00,Metric Tonnes,1212.00,Rs./Quintal
Maharashtra,Sangli,Vegetables,Onion,05-08-2023,380.00,Metric Tonnes,1177.89,Rs./Quintal
Maharashtra,Sangli,Vegetables,Onion,07-08-2023,272.00,Metric Tonnes,1255.88,Rs./Quintal
Maharashtra,Sangli,Vegetables,Onion,08-08-2023,273.00,Metric Tonnes,1200.00,Rs./Quintal
Maharashtra,Sangli,Vegetables,Onion,09-08-2023,273.00,Metric Tonnes,1200.00,Rs./Quintal
Maharashtra,Sangli,Vegetables,Onion,10-08-2023,149.00,Metric Tonnes,1250.00,Rs./Quintal
Maharashtra,Sangli,Vegetables,Onion,11-08-2023,135.00,Metric Tonnes,1400.00,Rs./Quintal
Maharashtra,Sangli,Vegetables,Onion,12-08-2023,318.00,Metric Tonnes,1780.19,Rs./Quintal
Maharashtra,Sangli,Vegetables,Onion,14-08-2023,519.00,Metric Tonnes,1650.00,Rs./Quintal
Maharashtra,Sangli,Vegetables,Onion,17-08-2023,516.00,Metric Tonnes,1600.00,Rs./Quintal
Maharashtra,Sangli,Vegetables,Onion,18-08-2023,396.00,Metric Tonnes,1500.00,Rs./Quintal
Maharashtra,Sangli,Vegetables,Onion,19-08-2023,418.00,Metric Tonnes,1554.31,Rs./Quintal
Maharashtra,Sangli,Vegetables,Onion,21-08-2023,208.00,Metric Tonnes,1560.82,Rs./Quintal
Maharashtra,Sangli,Vegetables,Onion,22-08-2023,94.00,Metric Tonnes,1734.57,Rs./Quintal
Maharashtra,Sangli,Vegetables,Onion,23-08-2023,251.00,Metric Tonnes,1650.00,Rs./Quintal
Maharashtra,Sangli,Vegetables,Onion,24-08-2023,205.00,Metric Tonnes,1550.00,Rs./Quintal
Maharashtra,Sangli,Vegetables,Onion,25-08-2023,302.00,Metric Tonnes,1450.00,Rs./Quintal
Maharashtra,Sangli,Vegetables,Onion,26-08-2023,469.00,Metric Tonnes,1400.00,Rs./Quintal
Maharashtra,Sangli,Vegetables,Onion,27-08-2023,5.00,Metric Tonnes,2000.00,Rs./Quintal
Maharashtra,Sangli,Vegetables,Onion,28-08-2023,259.00,Metric Tonnes,1509.65,Rs./Quintal
Maharashtra,Sangli,Vegetables,Onion,29-08-2023,5.00,Metric Tonnes,2000.00,Rs./Quintal
Maharashtra,Sangli,Vegetables,Onion,31-08-2023,5.00,Metric Tonnes,2000.00,Rs./Quintal
Maharashtra,Sangli,Vegetables,Onion,01-09-2023,202.00,Metric Tonnes,1450.00,Rs./Quintal
Maharashtra,Sangli,Vegetables,Onion,02-09-2023,240.00,Metric Tonnes,1485.94,Rs./Quintal
Maharashtra,Sangli,Vegetables,Onion,04-09-2023,243.00,Metric Tonnes,1600.00,Rs./Quintal
Maharashtra,Sangli,Vegetables,Onion,05-09-2023,167.00,Metric Tonnes,1600.00,Rs./Quintal
Maharashtra,Sangli,Vegetables,Onion,06-09-2023,394.00,Metric Tonnes,1500.00,Rs./Quintal
Maharashtra,Sangli,Vegetables,Onion,08-09-2023,308.00,Metric Tonnes,1500.00,Rs./Quintal
Maharashtra,Sangli,Vegetables,Onion,09-09-2023,315.00,Metric Tonnes,1500.00,Rs./Quintal
Maharashtra,Sangli,Vegetables,Onion,11-09-2023,303.00,Metric Tonnes,1508.25,Rs./Quintal
Maharashtra,Sangli,Vegetables,Onion,12-09-2023,5.00,Metric Tonnes,2000.00,Rs./Quintal
Maharashtra,Sangli,Vegetables,Onion,14-09-2023,131.00,Metric Tonnes,1400.00,Rs./Quintal
Maharashtra,Sangli,Vegetables,Onion,15-09-2023,179.00,Metric Tonnes,1450.00,Rs./Quintal
Maharashtra,Sangli,Vegetables,Onion,16-09-2023,349.00,Metric Tonnes,1450.00,Rs./Quintal
Maharashtra,Sangli,Vegetables,Onion,18-09-2023,304.00,Metric Tonnes,1500.00,Rs./Quintal
Maharashtra,Sangli,Vegetables,Onion,20-09-2023,366.00,Metric Tonnes,1500.00,Rs./Quintal
Maharashtra,Sangli,Vegetables,Onion,21-09-2023,125.00,Metric Tonnes,1500.00,Rs./Quintal
Maharashtra,Sangli,Vegetables,Onion,22-09-2023,183.00,Metric Tonnes,1500.00,Rs./Quintal
Maharashtra,Sangli,Vegetables,Onion,23-09-2023,249.00,Metric Tonnes,1564.06,Rs./Quintal
Maharashtra,Sangli,Vegetables,Onion,25-09-2023,257.00,Metric Tonnes,1700.00,Rs./Quintal
Maharashtra,Sangli,Vegetables,Onion,29-09-2023,350.00,Metric Tonnes,1700.00,Rs./Quintal
Maharashtra,Sangli,Vegetables,Onion,30-09-2023,333.00,Metric Tonnes,1650.00,Rs./Quintal
Maharashtra,Sangli,Vegetables,Onion,03-10-2023,510.00,Metric Tonnes,1750.00,Rs./Quintal
Maharashtra,Sangli,Vegetables,Onion,04-10-2023,337.00,Metric Tonnes,1800.00,Rs./Quintal
Maharashtra,Sangli,Vegetables,Onion,05-10-2023,205.00,Metric Tonnes,1700.00,Rs./Quintal
Maharashtra,Sangli,Vegetables,Onion,06-10-2023,263.00,Metric Tonnes,1800.00,Rs./Quintal
Maharashtra,Sangli,Vegetables,Onion,07-10-2023,412.00,Metric Tonnes,1800.00,Rs./Quintal
Maharashtra,Sangli,Vegetables,Onion,09-10-2023,251.00,Metric Tonnes,1700.00,Rs./Quintal
Maharashtra,Sangli,Vegetables,Onion,10-10-2023,161.00,Metric Tonnes,1700.00,Rs./Quintal
Maharashtra,Sangli,Vegetables,Onion,11-10-2023,310.00,Metric Tonnes,1650.00,Rs./Quintal
Maharashtra,Sangli,Vegetables,Onion,12-10-2023,217.00,Metric Tonnes,1650.00,Rs./Quintal
Maharashtra,Sangli,Vegetables,Onion,13-10-2023,151.00,Metric Tonnes,1700.00,Rs./Quintal
Maharashtra,Sangli,Vegetables,Onion,14-10-2023,235.00,Metric Tonnes,1850.00,Rs./Quintal
Maharashtra,Sangli,Vegetables,Onion,16-10-2023,75.00,Metric Tonnes,2000.00,Rs./Quintal
Maharashtra,Sangli,Vegetables,Onion,17-10-2023,208.00,Metric Tonnes,2300.00,Rs./Quintal
Maharashtra,Sangli,Vegetables,Onion,18-10-2023,322.00,Metric Tonnes,2600.00,Rs./Quintal
Maharashtra,Sangli,Vegetables,Onion,19-10-2023,209.00,Metric Tonnes,2600.00,Rs./Quintal
Maharashtra,Sangli,Vegetables,Onion,20-10-2023,246.00,Metric Tonnes,2600.00,Rs./Quintal
Maharashtra,Sangli,Vegetables,Onion,21-10-2023,363.00,Metric Tonnes,2500.00,Rs./Quintal
Maharashtra,Sangli,Vegetables,Onion,23-10-2023,280.00,Metric Tonnes,2550.00,Rs./Quintal
Maharashtra,Sangli,Vegetables,Onion,24-10-2023,148.00,Metric Tonnes,2500.00,Rs./Quintal
Maharashtra,Sangli,Vegetables,Onion,25-10-2023,251.00,Metric Tonnes,3000.00,Rs./Quintal
Maharashtra,Sangli,Vegetables,Onion,26-10-2023,237.00,Metric Tonnes,3500.00,Rs./Quintal
Maharashtra,Sangli,Vegetables,Onion,27-10-2023,297.00,Metric Tonnes,3550.00,Rs./Quintal
Maharashtra,Sangli,Vegetables,Onion,28-10-2023,384.00,Metric Tonnes,3600.00,Rs./Quintal
Maharashtra,Sangli,Vegetables,Onion,02-11-2023,149.00,Metric Tonnes,3200.00,Rs./Quintal
Maharashtra,Sangli,Vegetables,Onion,06-11-2023,499.00,Metric Tonnes,2400.00,Rs./Quintal
Maharashtra,Sangli,Vegetables,Onion,08-11-2023,502.00,Metric Tonnes,2550.00,Rs./Quintal
Maharashtra,Sangli,Vegetables,Onion,09-11-2023,149.00,Metric Tonnes,2550.00,Rs./Quintal
Maharashtra,Sangli,Vegetables,Onion,10-11-2023,430.00,Metric Tonnes,2550.00,Rs./Quintal
Maharashtra,Sangli,Vegetables,Onion,16-11-2023,99.00,Metric Tonnes,2700.00,Rs./Quintal
Maharashtra,Sangli,Vegetables,Onion,17-11-2023,109.00,Metric Tonnes,2700.00,Rs./Quintal
Maharashtra,Sangli,Vegetables,Onion,18-11-2023,333.00,Metric Tonnes,3250.00,Rs./Quintal
Maharashtra,Sangli,Vegetables,Onion,20-11-2023,371.00,Metric Tonnes,2750.00,Rs./Quintal
Maharashtra,Sangli,Vegetables,Onion,21-11-2023,276.00,Metric Tonnes,2700.00,Rs./Quintal
Maharashtra,Sangli,Vegetables,Onion,22-11-2023,558.00,Metric Tonnes,2150.00,Rs./Quintal
Maharashtra,Sangli,Vegetables,Onion,23-11-2023,421.00,Metric Tonnes,2100.00,Rs./Quintal
Maharashtra,Sangli,Vegetables,Onion,24-11-2023,487.00,Metric Tonnes,2050.00,Rs./Quintal
Maharashtra,Sangli,Vegetables,Onion,25-11-2023,613.00,Metric Tonnes,1900.00,Rs./Quintal
Maharashtra,Sangli,Vegetables,Onion,28-11-2023,158.00,Metric Tonnes,2900.00,Rs./Quintal
Maharashtra,Sangli,Vegetables,Onion,29-11-2023,365.00,Metric Tonnes,2900.00,Rs./Quintal
Maharashtra,Sangli,Vegetables,Onion,30-11-2023,339.00,Metric Tonnes,2600.00,Rs./Quintal
Maharashtra,Sangli,Vegetables,Onion,04-12-2023,314.00,Metric Tonnes,2850.00,Rs./Quintal
Maharashtra,Sangli,Vegetables,Onion,05-12-2023,315.00,Metric Tonnes,2750.00,Rs./Quintal
Maharashtra,Sangli,Vegetables,Onion,06-12-2023,453.00,Metric Tonnes,2550.00,Rs./Quintal
Maharashtra,Sangli,Vegetables,Onion,07-12-2023,506.00,Metric Tonnes,2600.00,Rs./Quintal
Maharashtra,Sangli,Vegetables,Onion,08-12-2023,291.00,Metric Tonnes,2450.00,Rs./Quintal
Maharashtra,Sangli,Vegetables,Onion,09-12-2023,662.00,Metric Tonnes,2261.33,Rs./Quintal
Maharashtra,Sangli,Vegetables,Onion,11-12-2023,465.00,Metric Tonnes,2315.59,Rs./Quintal
Maharashtra,Sangli,Vegetables,Onion,12-12-2023,521.00,Metric Tonnes,2300.00,Rs./Quintal
Maharashtra,Sangli,Vegetables,Onion,13-12-2023,762.00,Metric Tonnes,1800.00,Rs./Quintal
Maharashtra,Sangli,Vegetables,Onion,14-12-2023,4.00,Metric Tonnes,1850.00,Rs./Quintal
Maharashtra,Sangli,Vegetables,Onion,15-12-2023,563.00,Metric Tonnes,1600.00,Rs./Quintal
Maharashtra,Sangli,Vegetables,Onion,16-12-2023,839.00,Metric Tonnes,1500.00,Rs./Quintal
Maharashtra,Sangli,Vegetables,Onion,18-12-2023,495.00,Metric Tonnes,1550.00,Rs./Quintal
Maharashtra,Sangli,Vegetables,Onion,19-12-2023,334.00,Metric Tonnes,1400.00,Rs./Quintal
Maharashtra,Sangli,Vegetables,Onion,21-12-2023,375.00,Metric Tonnes,1645.00,Rs./Quintal
Maharashtra,Sangli,Vegetables,Onion,22-12-2023,492.00,Metric Tonnes,1500.00,Rs./Quintal
Maharashtra,Sangli,Vegetables,Onion,23-12-2023,661.00,Metric Tonnes,1550.00,Rs./Quintal
Maharashtra,Sangli,Vegetables,Onion,25-12-2023,456.00,Metric Tonnes,1600.00,Rs./Quintal
Maharashtra,Sangli,Vegetables,Onion,27-12-2023,685.00,Metric Tonnes,1550.00,Rs./Quintal
Maharashtra,Sangli,Vegetables,Onion,28-12-2023,432.00,Metric Tonnes,1450.00,Rs./Quintal
Maharashtra,Sangli,Vegetables,Onion,29-12-2023,554.00,Metric Tonnes,1450.00,Rs./Quintal
Maharashtra,Sangli,Vegetables,Onion,30-12-2023,471.00,Metric Tonnes,1400.00,Rs./Quintal
Maharashtra,Sangli,Vegetables,Onion,01-01-2024,446.00,Metric Tonnes,1525.00,Rs./Quintal
Maharashtra,Sangli,Vegetables,Onion,02-01-2024,522.00,Metric Tonnes,1650.00,Rs./Quintal
Maharashtra,Sangli,Vegetables,Onion,03-01-2024,722.00,Metric Tonnes,1750.00,Rs./Quintal
Maharashtra,Sangli,Vegetables,Onion,04-01-2024,474.00,Metric Tonnes,1500.00,Rs./Quintal
Maharashtra,Sangli,Vegetables,Onion,05-01-2024,565.00,Metric Tonnes,1450.00,Rs./Quintal
Maharashtra,Sangli,Vegetables,Onion,06-01-2024,1005.00,Metric Tonnes,1500.00,Rs./Quintal
Maharashtra,Sangli,Vegetables,Onion,08-01-2024,1155.00,Metric Tonnes,1500.17,Rs./Quintal
Maharashtra,Sangli,Vegetables,Onion,09-01-2024,323.00,Metric Tonnes,1200.00,Rs./Quintal
Maharashtra,Sangli,Vegetables,Onion,10-01-2024,1289.00,Metric Tonnes,1150.00,Rs./Quintal
Maharashtra,Sangli,Vegetables,Onion,11-01-2024,179.00,Metric Tonnes,1402.23,Rs./Quintal
Maharashtra,Sangli,Vegetables,Onion,12-01-2024,220.00,Metric Tonnes,1250.00,Rs./Quintal
Maharashtra,Sangli,Vegetables,Onion,13-01-2024,386.00,Metric Tonnes,1350.00,Rs./Quintal
Maharashtra,Sangli,Vegetables,Onion,15-01-2024,543.00,Metric Tonnes,1352.95,Rs./Quintal
Maharashtra,Sangli,Vegetables,Onion,16-01-2024,589.00,Metric Tonnes,1300.00,Rs./Quintal
Maharashtra,Sangli,Vegetables,Onion,17-01-2024,495.00,Metric Tonnes,1400.00,Rs./Quintal
Maharashtra,Sangli,Vegetables,Onion,18-01-2024,483.00,Metric Tonnes,1200.00,Rs./Quintal
Maharashtra,Sangli,Vegetables,Onion,19-01-2024,700.00,Metric Tonnes,1250.00,Rs./Quintal
Maharashtra,Sangli,Vegetables,Onion,20-01-2024,100.00,Metric Tonnes,1100.00,Rs./Quintal
Maharashtra,Sangli,Vegetables,Onion,23-01-2024,781.00,Metric Tonnes,1125.00,Rs./Quintal
Maharashtra,Sangli,Vegetables,Onion,24-01-2024,990.00,Metric Tonnes,900.00,Rs./Quintal
Maharashtra,Sangli,Vegetables,Onion,25-01-2024,807.00,Metric Tonnes,803.41,Rs./Quintal
Maharashtra,Sangli,Vegetables,Onion,27-01-2024,761.00,Metric Tonnes,1000.00,Rs./Quintal
Maharashtra,Sangli,Vegetables,Onion,29-01-2024,282.00,Metric Tonnes,950.00,Rs./Quintal
Maharashtra,Sangli,Vegetables,Onion,30-01-2024,457.00,Metric Tonnes,850.00,Rs./Quintal
Maharashtra,Sangli,Vegetables,Onion,31-01-2024,432.00,Metric Tonnes,1100.00,Rs./Quintal
Maharashtra,Sangli,Vegetables,Onion,01-02-2024,456.00,Metric Tonnes,1000.00,Rs./Quintal
Maharashtra,Sangli,Vegetables,Onion,02-02-2024,492.00,Metric Tonnes,1000.00,Rs./Quintal
Maharashtra,Sangli,Vegetables,Onion,03-02-2024,579.00,Metric Tonnes,900.00,Rs./Quintal
Maharashtra,Sangli,Vegetables,Onion,05-02-2024,469.00,Metric Tonnes,1002.99,Rs./Quintal
Maharashtra,Sangli,Vegetables,Onion,06-02-2024,540.00,Metric Tonnes,1000.00,Rs./Quintal
Maharashtra,Sangli,Vegetables,Onion,07-02-2024,472.00,Metric Tonnes,1125.00,Rs./Quintal
Maharashtra,Sangli,Vegetables,Onion,08-02-2024,3264.00,Metric Tonnes,1075.00,Rs./Quintal
Maharashtra,Sangli,Vegetables,Onion,09-02-2024,389.00,Metric Tonnes,1000.00,Rs./Quintal
Maharashtra,Sangli,Vegetables,Onion,10-02-2024,735.00,Metric Tonnes,1150.00,Rs./Quintal
Maharashtra,Sangli,Vegetables,Onion,12-02-2024,352.00,Metric Tonnes,1152.27,Rs./Quintal
Maharashtra,Sangli,Vegetables,Onion,13-02-2024,367.00,Metric Tonnes,1100.00,Rs./Quintal
Maharashtra,Sangli,Vegetables,Onion,14-02-2024,473.00,Metric Tonnes,1100.00,Rs./Quintal
Maharashtra,Sangli,Vegetables,Onion,15-02-2024,348.00,Metric Tonnes,1100.00,Rs./Quintal
Maharashtra,Sangli,Vegetables,Onion,17-02-2024,573.00,Metric Tonnes,1000.00,Rs./Quintal
Maharashtra,Sangli,Vegetables,Onion,19-02-2024,197.00,Metric Tonnes,1300.00,Rs./Quintal
Maharashtra,Sangli,Vegetables,Onion,20-02-2024,75.00,Metric Tonnes,1450.00,Rs./Quintal
Maharashtra,Sangli,Vegetables,Onion,21-02-2024,244.00,Metric Tonnes,1450.00,Rs./Quintal
Maharashtra,Sangli,Vegetables,Onion,22-02-2024,406.00,Metric Tonnes,1350.00,Rs./Quintal
Maharashtra,Sangli,Vegetables,Onion,27-02-2024,517.00,Metric Tonnes,1350.00,Rs./Quintal
Maharashtra,Sangli,Vegetables,Onion,28-02-2024,545.00,Metric Tonnes,1300.00,Rs./Quintal
Maharashtra,Sangli,Vegetables,Onion,29-02-2024,338.20,Metric Tonnes,1309.31,Rs./Quintal
Maharashtra,Sangli,Vegetables,Onion,02-03-2024,3.00,Metric Tonnes,1750.00,Rs./Quintal
Maharashtra,Sangli,Vegetables,Onion,05-03-2024,319.40,Metric Tonnes,1150.00,Rs./Quintal
Maharashtra,Sangli,Vegetables,Onion,06-03-2024,819.00,Metric Tonnes,1200.00,Rs./Quintal
Maharashtra,Sangli,Vegetables,Onion,07-03-2024,225.70,Metric Tonnes,1200.00,Rs./Quintal
Maharashtra,Sangli,Vegetables,Onion,09-03-2024,924.90,Metric Tonnes,1200.00,Rs./Quintal
Maharashtra,Sangli,Vegetables,Onion,11-03-2024,408.80,Metric Tonnes,1200.00,Rs./Quintal
Maharashtra,Sangli,Vegetables,Onion,12-03-2024,226.40,Metric Tonnes,1150.00,Rs./Quintal
Maharashtra,Sangli,Vegetables,Onion,13-03-2024,528.90,Metric Tonnes,1100.00,Rs./Quintal
Maharashtra,Sangli,Vegetables,Onion,14-03-2024,335.00,Metric Tonnes,1104.78,Rs./Quintal
Maharashtra,Sangli,Vegetables,Onion,15-03-2024,431.60,Metric Tonnes,1125.00,Rs./Quintal
Maharashtra,Sangli,Vegetables,Onion,16-03-2024,669.30,Metric Tonnes,1100.00,Rs./Quintal
Maharashtra,Sangli,Vegetables,Onion,18-03-2024,396.00,Metric Tonnes,1000.00,Rs./Quintal
Maharashtra,Sangli,Vegetables,Onion,19-03-2024,315.10,Metric Tonnes,1162.69,Rs./Quintal
Maharashtra,Sangli,Vegetables,Onion,20-03-2024,391.10,Metric Tonnes,1000.00,Rs./Quintal
Maharashtra,Sangli,Vegetables,Onion,21-03-2024,202.20,Metric Tonnes,1000.00,Rs./Quintal
Maharashtra,Sangli,Vegetables,Onion,22-03-2024,196.70,Metric Tonnes,1007.12,Rs./Quintal
Maharashtra,Sangli,Vegetables,Onion,23-03-2024,410.80,Metric Tonnes,1100.73,Rs./Quintal
Maharashtra,Sangli,Vegetables,Onion,25-03-2024,3.00,Metric Tonnes,1250.00,Rs./Quintal
Maharashtra,Sangli,Vegetables,Onion,26-03-2024,145.70,Metric Tonnes,1100.00,Rs./Quintal
Maharashtra,Sangli,Vegetables,Onion,27-03-2024,288.60,Metric Tonnes,1125.00,Rs./Quintal
Maharashtra,Sangli,Vegetables,Onion,28-03-2024,260.30,Metric Tonnes,1200.00,Rs./Quintal
Maharashtra,Sangli,Vegetables,Onion,29-03-2024,482.70,Metric Tonnes,1150.00,Rs./Quintal
Maharashtra,Sangli,Vegetables,Onion,30-03-2024,580.70,Metric Tonnes,1150.00,Rs./Quintal
Maharashtra,Sangli,Vegetables,Onion,01-04-2024,545.70,Metric Tonnes,1102.20,Rs./Quintal
Maharashtra,Sangli,Vegetables,Onion,02-04-2024,342.10,Metric Tonnes,1077.56,Rs./Quintal
Maharashtra,Sangli,Vegetables,Onion,03-04-2024,494.60,Metric Tonnes,1100.00,Rs./Quintal
Maharashtra,Sangli,Vegetables,Onion,04-04-2024,305.50,Metric Tonnes,1001.47,Rs./Quintal
Maharashtra,Sangli,Vegetables,Onion,05-04-2024,423.40,Metric Tonnes,1100.00,Rs./Quintal
Maharashtra,Sangli,Vegetables,Onion,06-04-2024,603.60,Metric Tonnes,1150.00,Rs./Quintal
Maharashtra,Sangli,Vegetables,Onion,07-04-2024,2.50,Metric Tonnes,1200.00,Rs./Quintal
Maharashtra,Sangli,Vegetables,Onion,08-04-2024,519.20,Metric Tonnes,1000.00,Rs./Quintal
Maharashtra,Sangli,Vegetables,Onion,13-04-2024,609.10,Metric Tonnes,950.00,Rs./Quintal
Maharashtra,Sangli,Vegetables,Onion,15-04-2024,349.80,Metric Tonnes,1050.00,Rs./Quintal
Maharashtra,Sangli,Vegetables,Onion,19-04-2024,9.00,Metric Tonnes,1200.00,Rs./Quintal
Maharashtra,Sangli,Vegetables,Onion,22-04-2024,398.00,Metric Tonnes,1050.00,Rs./Quintal
Maharashtra,Sangli,Vegetables,Onion,24-04-2024,273.00,Metric Tonnes,975.00,Rs./Quintal
Maharashtra,Sangli,Vegetables,Onion,25-04-2024,251.50,Metric Tonnes,960.34,Rs./Quintal
Maharashtra,Sangli,Vegetables,Onion,26-04-2024,315.60,Metric Tonnes,1048.65,Rs./Quintal
Maharashtra,Sangli,Vegetables,Onion,27-04-2024,396.00,Metric Tonnes,1050.00,Rs./Quintal
Maharashtra,Sangli,Vegetables,Onion,28-04-2024,2.50,Metric Tonnes,1100.00,Rs./Quintal
Maharashtra,Sangli,Vegetables,Onion,29-04-2024,306.30,Metric Tonnes,1100.00,Rs./Quintal
Maharashtra,Sangli,Vegetables,Onion,30-04-2024,243.80,Metric Tonnes,1100.00,Rs./Quintal
Maharashtra,Sangli,Vegetables,Onion,02-05-2024,301.80,Metric Tonnes,1450.00,Rs./Quintal
Maharashtra,Sangli,Vegetables,Onion,03-05-2024,226.10,Metric Tonnes,1346.35,Rs./Quintal
Maharashtra,Sangli,Vegetables,Onion,04-05-2024,294.70,Metric Tonnes,1375.00,Rs./Quintal
Maharashtra,Sangli,Vegetables,Onion,05-05-2024,2.50,Metric Tonnes,1550.00,Rs./Quintal
Maharashtra,Sangli,Vegetables,Onion,08-05-2024,695.00,Metric Tonnes,1400.00,Rs./Quintal
Maharashtra,Sangli,Vegetables,Onion,09-05-2024,290.60,Metric Tonnes,1355.09,Rs./Quintal
Maharashtra,Sangli,Vegetables,Onion,10-05-2024,373.20,Metric Tonnes,1375.00,Rs./Quintal
Maharashtra,Sangli,Vegetables,Onion,11-05-2024,483.60,Metric Tonnes,1226.76,Rs./Quintal
Maharashtra,Sangli,Vegetables,Onion,12-05-2024,5.50,Metric Tonnes,1550.00,Rs./Quintal
Maharashtra,Sangli,Vegetables,Onion,13-05-2024,358.30,Metric Tonnes,1200.00,Rs./Quintal
Maharashtra,Sangli,Vegetables,Onion,14-05-2024,281.10,Metric Tonnes,1108.00,Rs./Quintal
Maharashtra,Sangli,Vegetables,Onion,15-05-2024,288.70,Metric Tonnes,1250.00,Rs./Quintal
Maharashtra,Sangli,Vegetables,Onion,16-05-2024,313.10,Metric Tonnes,1198.40,Rs./Quintal
Maharashtra,Sangli,Vegetables,Onion,17-05-2024,333.80,Metric Tonnes,1351.20,Rs./Quintal
Maharashtra,Sangli,Vegetables,Onion,18-05-2024,520.10,Metric Tonnes,1325.00,Rs./Quintal
Maharashtra,Sangli,Vegetables,Onion,20-05-2024,454.80,Metric Tonnes,1350.00,Rs./Quintal
Maharashtra,Sangli,Vegetables,Onion,21-05-2024,263.60,Metric Tonnes,1203.64,Rs./Quintal
Maharashtra,Sangli,Vegetables,Onion,22-05-2024,378.10,Metric Tonnes,1350.00,Rs./Quintal
Maharashtra,Sangli,Vegetables,Onion,23-05-2024,295.90,Metric Tonnes,1325.00,Rs./Quintal
Maharashtra,Sangli,Vegetables,Onion,24-05-2024,231.10,Metric Tonnes,1352.16,Rs./Quintal
Maharashtra,Sangli,Vegetables,Onion,25-05-2024,306.70,Metric Tonnes,1325.00,Rs./Quintal
Maharashtra,Sangli,Vegetables,Onion,27-05-2024,276.40,Metric Tonnes,1600.00,Rs./Quintal
Maharashtra,Sangli,Vegetables,Onion,28-05-2024,270.90,Metric Tonnes,1450.00,Rs./Quintal
Maharashtra,Sangli,Vegetables,Onion,29-05-2024,253.20,Metric Tonnes,1550.00,Rs./Quintal
Maharashtra,Sangli,Vegetables,Onion,30-05-2024,289.00,Metric Tonnes,1527.38,Rs./Quintal
Maharashtra,Sangli,Vegetables,Onion,31-05-2024,248.10,Metric Tonnes,1603.53,Rs./Quintal
Maharashtra,Sangli,Vegetables,Onion,01-06-2024,362.20,Metric Tonnes,1707.18,Rs./Quintal
Maharashtra,Sangli,Vegetables,Onion,02-06-2024,5.00,Metric Tonnes,1750.00,Rs./Quintal
Maharashtra,Sangli,Vegetables,Onion,03-06-2024,364.90,Metric Tonnes,1604.38,Rs./Quintal
Maharashtra,Sangli,Vegetables,Onion,04-06-2024,194.60,Metric Tonnes,1744.96,Rs./Quintal
Maharashtra,Sangli,Vegetables,Onion,05-06-2024,213.10,Metric Tonnes,1800.00,Rs./Quintal
Maharashtra,Sangli,Vegetables,Onion,06-06-2024,135.60,Metric Tonnes,1814.75,Rs./Quintal
Maharashtra,Sangli,Vegetables,Onion,07-06-2024,162.00,Metric Tonnes,2072.69,Rs./Quintal
Maharashtra,Sangli,Vegetables,Onion,08-06-2024,343.90,Metric Tonnes,2100.00,Rs./Quintal
Maharashtra,Sangli,Vegetables,Onion,11-06-2024,288.50,Metric Tonnes,2200.00,Rs./Quintal
Maharashtra,Sangli,Vegetables,Onion,12-06-2024,524.50,Metric Tonnes,2000.00,Rs./Quintal
Maharashtra,Sangli,Vegetables,Onion,13-06-2024,232.40,Metric Tonnes,1864.74,Rs./Quintal
Maharashtra,Sangli,Vegetables,Onion,14-06-2024,251.00,Metric Tonnes,1851.39,Rs./Quintal
Maharashtra,Sangli,Vegetables,Onion,15-06-2024,353.20,Metric Tonnes,2100.00,Rs./Quintal
Maharashtra,Sangli,Vegetables,Onion,19-06-2024,273.00,Metric Tonnes,2100.00,Rs./Quintal
Maharashtra,Sangli,Vegetables,Onion,20-06-2024,4.00,Metric Tonnes,2750.00,Rs./Quintal
Maharashtra,Sangli,Vegetables,Onion,21-06-2024,216.50,Metric Tonnes,2104.62,Rs./Quintal
Maharashtra,Sangli,Vegetables,Onion,24-06-2024,300.00,Metric Tonnes,2000.00,Rs./Quintal
Maharashtra,Sangli,Vegetables,Onion,25-06-2024,162.50,Metric Tonnes,2000.00,Rs./Quintal
Maharashtra,Sangli,Vegetables,Onion,29-06-2024,274.50,Metric Tonnes,2010.93,Rs./Quintal
Maharashtra,Sangli,Vegetables,Onion,01-07-2024,156.60,Metric Tonnes,2100.00,Rs./Quintal
Maharashtra,Sangli,Vegetables,Onion,02-07-2024,3.00,Metric Tonnes,2750.00,Rs./Quintal
Maharashtra,Sangli,Vegetables,Onion,03-07-2024,343.80,Metric Tonnes,2100.00,Rs./Quintal
Maharashtra,Sangli,Vegetables,Onion,04-07-2024,254.00,Metric Tonnes,2159.45,Rs./Quintal
Maharashtra,Sangli,Vegetables,Onion,05-07-2024,346.00,Metric Tonnes,2154.62,Rs./Quintal
Maharashtra,Sangli,Vegetables,Onion,06-07-2024,467.50,Metric Tonnes,2050.00,Rs./Quintal
Maharashtra,Sangli,Vegetables,Onion,08-07-2024,349.20,Metric Tonnes,2000.00,Rs./Quintal
Maharashtra,Sangli,Vegetables,Onion,09-07-2024,144.70,Metric Tonnes,1954.15,Rs./Quintal
Maharashtra,Sangli,Vegetables,Onion,11-07-2024,275.70,Metric Tonnes,2075.00,Rs./Quintal
Maharashtra,Sangli,Vegetables,Onion,13-07-2024,387.40,Metric Tonnes,2100.00,Rs./Quintal
Maharashtra,Sangli,Vegetables,Onion,15-07-2024,338.70,Metric Tonnes,2059.30,Rs./Quintal
Maharashtra,Sangli,Vegetables,Onion,16-07-2024,317.20,Metric Tonnes,2333.98,Rs./Quintal
Maharashtra,Sangli,Vegetables,Onion,18-07-2024,315.00,Metric Tonnes,2150.00,Rs./Quintal
Maharashtra,Sangli,Vegetables,Onion,20-07-2024,481.40,Metric Tonnes,2225.00,Rs./Quintal
Maharashtra,Sangli,Vegetables,Onion,22-07-2024,330.20,Metric Tonnes,2109.84,Rs./Quintal
Maharashtra,Sangli,Vegetables,Onion,23-07-2024,181.00,Metric Tonnes,2100.00,Rs./Quintal
Maharashtra,Sangli,Vegetables,Onion,24-07-2024,350.40,Metric Tonnes,2100.00,Rs./Quintal
Maharashtra,Sangli,Vegetables,Onion,25-07-2024,138.00,Metric Tonnes,2123.55,Rs./Quintal
Maharashtra,Sangli,Vegetables,Onion,27-07-2024,401.20,Metric Tonnes,2132.17,Rs./Quintal
Maharashtra,Sangli,Vegetables,Onion,29-07-2024,417.00,Metric Tonnes,2000.00,Rs./Quintal
Maharashtra,Sangli,Vegetables,Onion,30-07-2024,226.30,Metric Tonnes,2000.00,Rs./Quintal
Maharashtra,Sangli,Vegetables,Onion,31-07-2024,361.20,Metric Tonnes,1900.00,Rs./Quintal
Maharashtra,Sangli,Vegetables,Onion,01-08-2024,237.40,Metric Tonnes,1921.06,Rs./Quintal
Maharashtra,Sangli,Vegetables,Onion,02-08-2024,269.90,Metric Tonnes,2005.09,Rs./Quintal
Maharashtra,Sangli,Vegetables,Onion,03-08-2024,455.70,Metric Tonnes,1907.46,Rs./Quintal
Maharashtra,Sangli,Vegetables,Onion,04-08-2024,2.50,Metric Tonnes,2550.00,Rs./Quintal
Maharashtra,Sangli,Vegetables,Onion,05-08-2024,269.00,Metric Tonnes,2134.29,Rs./Quintal
Maharashtra,Sangli,Vegetables,Onion,06-08-2024,202.60,Metric Tonnes,2079.69,Rs./Quintal
Maharashtra,Sangli,Vegetables,Onion,07-08-2024,429.80,Metric Tonnes,2100.00,Rs./Quintal
Maharashtra,Sangli,Vegetables,Onion,08-08-2024,285.80,Metric Tonnes,2105.69,Rs./Quintal
Maharashtra,Sangli,Vegetables,Onion,09-08-2024,269.30,Metric Tonnes,2100.84,Rs./Quintal
Maharashtra,Sangli,Vegetables,Onion,10-08-2024,333.60,Metric Tonnes,2309.74,Rs./Quintal
Maharashtra,Sangli,Vegetables,Onion,12-08-2024,254.10,Metric Tonnes,2650.00,Rs./Quintal
Maharashtra,Sangli,Vegetables,Onion,14-08-2024,485.50,Metric Tonnes,2600.00,Rs./Quintal
Maharashtra,Sangli,Vegetables,Onion,16-08-2024,303.20,Metric Tonnes,2350.00,Rs./Quintal
Maharashtra,Sangli,Vegetables,Onion,17-08-2024,335.10,Metric Tonnes,2400.00,Rs./Quintal
Maharashtra,Sangli,Vegetables,Onion,20-08-2024,92.00,Metric Tonnes,2750.00,Rs./Quintal
Maharashtra,Sangli,Vegetables,Onion,21-08-2024,243.90,Metric Tonnes,2975.00,Rs./Quintal
Maharashtra,Sangli,Vegetables,Onion,22-08-2024,297.00,Metric Tonnes,2862.12,Rs./Quintal
Maharashtra,Sangli,Vegetables,Onion,23-08-2024,266.50,Metric Tonnes,2850.00,Rs./Quintal
Maharashtra,Sangli,Vegetables,Onion,24-08-2024,377.50,Metric Tonnes,2900.00,Rs./Quintal
Maharashtra,Sangli,Vegetables,Onion,26-08-2024,209.50,Metric Tonnes,3112.41,Rs./Quintal
Maharashtra,Sangli,Vegetables,Onion,27-08-2024,105.40,Metric Tonnes,2900.00,Rs./Quintal
Maharashtra,Sangli,Vegetables,Onion,28-08-2024,320.70,Metric Tonnes,2900.00,Rs./Quintal
Maharashtra,Sangli,Vegetables,Onion,29-08-2024,122.80,Metric Tonnes,2984.20,Rs./Quintal
Maharashtra,Sangli,Vegetables,Onion,30-08-2024,295.00,Metric Tonnes,2900.00,Rs./Quintal
Maharashtra,Sangli,Vegetables,Onion,31-08-2024,354.30,Metric Tonnes,2711.85,Rs./Quintal
Maharashtra,Sangli,Vegetables,Onion,02-09-2024,171.10,Metric Tonnes,3218.70,Rs./Quintal
Maharashtra,Sangli,Vegetables,Onion,03-09-2024,131.20,Metric Tonnes,3563.72,Rs./Quintal
Maharashtra,Sangli,Vegetables,Onion,04-09-2024,402.00,Metric Tonnes,3300.00,Rs./Quintal
Maharashtra,Sangli,Vegetables,Onion,05-09-2024,235.50,Metric Tonnes,3268.68,Rs./Quintal
Maharashtra,Sangli,Vegetables,Onion,06-09-2024,383.30,Metric Tonnes,2964.61,Rs./Quintal
Maharashtra,Sangli,Vegetables,Onion,07-09-2024,17.80,Metric Tonnes,3200.00,Rs./Quintal
Maharashtra,Sangli,Vegetables,Onion,09-09-2024,193.20,Metric Tonnes,3100.00,Rs./Quintal
Maharashtra,Sangli,Vegetables,Onion,10-09-2024,160.00,Metric Tonnes,3000.00,Rs./Quintal
Maharashtra,Sangli,Vegetables,Onion,11-09-2024,211.70,Metric Tonnes,3100.00,Rs./Quintal
Maharashtra,Sangli,Vegetables,Onion,12-09-2024,84.70,Metric Tonnes,3159.03,Rs./Quintal
Maharashtra,Sangli,Vegetables,Onion,13-09-2024,177.00,Metric Tonnes,2950.00,Rs./Quintal
Maharashtra,Sangli,Vegetables,Onion,14-09-2024,267.10,Metric Tonnes,3100.00,Rs./Quintal
Maharashtra,Sangli,Vegetables,Onion,16-09-2024,202.60,Metric Tonnes,3550.00,Rs./Quintal
Maharashtra,Sangli,Vegetables,Onion,18-09-2024,256.20,Metric Tonnes,3350.00,Rs./Quintal
Maharashtra,Sangli,Vegetables,Onion,19-09-2024,130.70,Metric Tonnes,3300.00,Rs./Quintal
Maharashtra,Sangli,Vegetables,Onion,20-09-2024,187.10,Metric Tonnes,3299.87,Rs./Quintal
Maharashtra,Sangli,Vegetables,Onion,21-09-2024,312.00,Metric Tonnes,3400.00,Rs./Quintal
Maharashtra,Sangli,Vegetables,Onion,23-09-2024,293.30,Metric Tonnes,3350.00,Rs./Quintal
Maharashtra,Sangli,Vegetables,Onion,24-09-2024,202.10,Metric Tonnes,3372.76,Rs./Quintal
Maharashtra,Sangli,Vegetables,Onion,25-09-2024,293.00,Metric Tonnes,3150.00,Rs./Quintal
Maharashtra,Sangli,Vegetables,Onion,26-09-2024,123.90,Metric Tonnes,3500.00,Rs./Quintal
Maharashtra,Sangli,Vegetables,Onion,27-09-2024,235.90,Metric Tonnes,2350.00,Rs./Quintal
Maharashtra,Sangli,Vegetables,Onion,28-09-2024,358.00,Metric Tonnes,3000.00,Rs./Quintal
Maharashtra,Sangli,Vegetables,Onion,30-09-2024,433.60,Metric Tonnes,3000.00,Rs./Quintal
Maharashtra,Sangli,Vegetables,Onion,01-10-2024,260.00,Metric Tonnes,3100.00,Rs./Quintal
Maharashtra,Sangli,Vegetables,Onion,02-10-2024,300.70,Metric Tonnes,3200.00,Rs./Quintal
Maharashtra,Sangli,Vegetables,Onion,03-10-2024,166.00,Metric Tonnes,3000.00,Rs./Quintal
Maharashtra,Sangli,Vegetables,Onion,04-10-2024,209.00,Metric Tonnes,3000.00,Rs./Quintal
Maharashtra,Sangli,Vegetables,Onion,05-10-2024,442.50,Metric Tonnes,2950.00,Rs./Quintal
Maharashtra,Sangli,Vegetables,Onion,07-10-2024,447.70,Metric Tonnes,3150.00,Rs./Quintal
Maharashtra,Sangli,Vegetables,Onion,09-10-2024,445.90,Metric Tonnes,2700.00,Rs./Quintal
Maharashtra,Sangli,Vegetables,Onion,10-10-2024,307.00,Metric Tonnes,2713.68,Rs./Quintal
Maharashtra,Sangli,Vegetables,Onion,12-10-2024,534.80,Metric Tonnes,2660.10,Rs./Quintal
Maharashtra,Sangli,Vegetables,Onion,14-10-2024,375.80,Metric Tonnes,2750.00,Rs./Quintal
Maharashtra,Sangli,Vegetables,Onion,15-10-2024,396.20,Metric Tonnes,2600.00,Rs./Quintal
Maharashtra,Sangli,Vegetables,Onion,16-10-2024,351.00,Metric Tonnes,3000.00,Rs./Quintal
Maharashtra,Sangli,Vegetables,Onion,17-10-2024,255.00,Metric Tonnes,2769.61,Rs./Quintal
Maharashtra,Sangli,Vegetables,Onion,18-10-2024,267.50,Metric Tonnes,2900.00,Rs./Quintal
Maharashtra,Sangli,Vegetables,Onion,19-10-2024,508.80,Metric Tonnes,3250.00,Rs./Quintal
Maharashtra,Sangli,Vegetables,Onion,21-10-2024,573.90,Metric Tonnes,3255.23,Rs./Quintal
Maharashtra,Sangli,Vegetables,Onion,22-10-2024,313.80,Metric Tonnes,3111.47,Rs./Quintal
Maharashtra,Sangli,Vegetables,Onion,23-10-2024,717.50,Metric Tonnes,3600.00,Rs./Quintal
Maharashtra,Sangli,Vegetables,Onion,24-10-2024,394.50,Metric Tonnes,2800.00,Rs./Quintal
Maharashtra,Sangli,Vegetables,Onion,25-10-2024,304.10,Metric Tonnes,2750.00,Rs./Quintal
Maharashtra,Sangli,Vegetables,Onion,26-10-2024,629.30,Metric Tonnes,2800.00,Rs./Quintal
Maharashtra,Sangli,Vegetables,Onion,28-10-2024,779.00,Metric Tonnes,2756.42,Rs./Quintal
Maharashtra,Sangli,Vegetables,Onion,29-10-2024,604.50,Metric Tonnes,2850.00,Rs./Quintal
Maharashtra,Sangli,Vegetables,Onion,02-11-2024,473.40,Metric Tonnes,3000.00,Rs./Quintal
Maharashtra,Sangli,Vegetables,Onion,04-11-2024,362.80,Metric Tonnes,2984.18,Rs./Quintal
Maharashtra,Sangli,Vegetables,Onion,05-11-2024,316.70,Metric Tonnes,2950.00,Rs./Quintal
Maharashtra,Sangli,Vegetables,Onion,06-11-2024,461.00,Metric Tonnes,3500.00,Rs./Quintal
Maharashtra,Sangli,Vegetables,Onion,07-11-2024,372.00,Metric Tonnes,3630.11,Rs./Quintal
Maharashtra,Sangli,Vegetables,Onion,08-11-2024,347.40,Metric Tonnes,4000.00,Rs./Quintal
Maharashtra,Sangli,Vegetables,Onion,09-11-2024,579.00,Metric Tonnes,3850.00,Rs./Quintal
Maharashtra,Sangli,Vegetables,Onion,11-11-2024,639.50,Metric Tonnes,3755.86,Rs./Quintal
Maharashtra,Sangli,Vegetables,Onion,12-11-2024,453.00,Metric Tonnes,2800.00,Rs./Quintal
Maharashtra,Sangli,Vegetables,Onion,13-11-2024,789.50,Metric Tonnes,3500.00,Rs./Quintal
Maharashtra,Sangli,Vegetables,Onion,14-11-2024,484.10,Metric Tonnes,3600.00,Rs./Quintal
Maharashtra,Sangli,Vegetables,Onion,16-11-2024,945.80,Metric Tonnes,3250.00,Rs./Quintal
Maharashtra,Sangli,Vegetables,Onion,18-11-2024,521.00,Metric Tonnes,3750.00,Rs./Quintal
Maharashtra,Sangli,Vegetables,Onion,19-11-2024,3.20,Metric Tonnes,4100.00,Rs./Quintal
Maharashtra,Sangli,Vegetables,Onion,21-11-2024,9.00,Metric Tonnes,4722.22,Rs./Quintal
Maharashtra,Sangli,Vegetables,Onion,22-11-2024,326.90,Metric Tonnes,3458.03,Rs./Quintal
Maharashtra,Sangli,Vegetables,Onion,23-11-2024,303.80,Metric Tonnes,3038.00,Rs./Quintal
Maharashtra,Sangli,Vegetables,Onion,25-11-2024,324.40,Metric Tonnes,3753.47,Rs./Quintal
Maharashtra,Sangli,Vegetables,Onion,26-11-2024,374.70,Metric Tonnes,4055.60,Rs./Quintal
Maharashtra,Sangli,Vegetables,Onion,27-11-2024,299.80,Metric Tonnes,4000.00,Rs./Quintal
Maharashtra,Sangli,Vegetables,Onion,28-11-2024,246.50,Metric Tonnes,4100.00,Rs./Quintal
Maharashtra,Sangli,Vegetables,Onion,01-12-2024,3.70,Metric Tonnes,5500.00,Rs./Quintal
Maharashtra,Sangli,Vegetables,Onion,02-12-2024,517.70,Metric Tonnes,4000.00,Rs./Quintal
Maharashtra,Sangli,Vegetables,Onion,03-12-2024,267.30,Metric Tonnes,3758.42,Rs./Quintal
Maharashtra,Sangli,Vegetables,Onion,04-12-2024,334.60,Metric Tonnes,3750.00,Rs./Quintal
Maharashtra,Sangli,Vegetables,Onion,05-12-2024,190.70,Metric Tonnes,4000.00,Rs./Quintal
Maharashtra,Sangli,Vegetables,Onion,06-12-2024,212.60,Metric Tonnes,3760.58,Rs./Quintal
Maharashtra,Sangli,Vegetables,Onion,09-12-2024,280.70,Metric Tonnes,4250.89,Rs./Quintal
Maharashtra,Sangli,Vegetables,Onion,10-12-2024,2899.00,Metric Tonnes,4248.28,Rs./Quintal
Maharashtra,Sangli,Vegetables,Onion,11-12-2024,487.50,Metric Tonnes,3750.00,Rs./Quintal
Maharashtra,Sangli,Vegetables,Onion,12-12-2024,3.00,Metric Tonnes,4500.00,Rs./Quintal
Maharashtra,Sangli,Vegetables,Onion,13-12-2024,583.40,Metric Tonnes,3747.86,Rs./Quintal
Maharashtra,Sangli,Vegetables,Onion,14-12-2024,682.20,Metric Tonnes,2500.00,Rs./Quintal
Maharashtra,Sangli,Vegetables,Onion,15-12-2024,5.00,Metric Tonnes,3100.00,Rs./Quintal
Maharashtra,Sangli,Vegetables,Onion,16-12-2024,456.20,Metric Tonnes,2500.00,Rs./Quintal
Maharashtra,Sangli,Vegetables,Onion,17-12-2024,458.00,Metric Tonnes,2500.00,Rs./Quintal
Maharashtra,Sangli,Vegetables,Onion,18-12-2024,511.10,Metric Tonnes,2000.00,Rs./Quintal
Maharashtra,Sangli,Vegetables,Onion,19-12-2024,565.70,Metric Tonnes,1950.19,Rs./Quintal
Maharashtra,Sangli,Vegetables,Onion,20-12-2024,472.50,Metric Tonnes,1669.10,Rs./Quintal
Maharashtra,Sangli,Vegetables,Onion,21-12-2024,720.20,Metric Tonnes,1750.00,Rs./Quintal
Maharashtra,Sangli,Vegetables,Onion,22-12-2024,7.50,Metric Tonnes,2100.00,Rs./Quintal
Maharashtra,Sangli,Vegetables,Onion,23-12-2024,426.90,Metric Tonnes,1650.00,Rs./Quintal
Maharashtra,Sangli,Vegetables,Onion,24-12-2024,294.00,Metric Tonnes,2000.00,Rs./Quintal
Maharashtra,Sangli,Vegetables,Onion,26-12-2024,404.20,Metric Tonnes,2150.00,Rs./Quintal
Maharashtra,Sangli,Vegetables,Onion,27-12-2024,474.30,Metric Tonnes,2100.00,Rs./Quintal
Maharashtra,Sangli,Vegetables,Onion,28-12-2024,463.80,Metric Tonnes,2400.00,Rs./Quintal
Maharashtra,Sangli,Vegetables,Onion,29-12-2024,3.50,Metric Tonnes,1950.00,Rs./Quintal
Maharashtra,Sangli,Vegetables,Onion,30-12-2024,332.30,Metric Tonnes,2110.83,Rs./Quintal
Maharashtra,Sangli,Vegetables,Onion,31-12-2024,182.60,Metric Tonnes,2100.00,Rs./Quintal
Maharashtra,Sangli,Vegetables,Onion,01-01-2025,438.60,Metric Tonnes,2400.00,Rs./Quintal
Maharashtra,Sangli,Vegetables,Onion,02-01-2025,402.10,Metric Tonnes,2356.47,Rs./Quintal
Maharashtra,Sangli,Vegetables,Onion,03-01-2025,478.00,Metric Tonnes,3250.00,Rs./Quintal
Maharashtra,Sangli,Vegetables,Onion,04-01-2025,642.10,Metric Tonnes,2250.00,Rs./Quintal
Maharashtra,Sangli,Vegetables,Onion,06-01-2025,620.80,Metric Tonnes,2150.00,Rs./Quintal
Maharashtra,Sangli,Vegetables,Onion,07-01-2025,505.80,Metric Tonnes,2000.69,Rs./Quintal
Maharashtra,Sangli,Vegetables,Onion,08-01-2025,814.40,Metric Tonnes,1750.00,Rs./Quintal
Maharashtra,Sangli,Vegetables,Onion,09-01-2025,434.80,Metric Tonnes,1650.00,Rs./Quintal
Maharashtra,Sangli,Vegetables,Onion,10-01-2025,774.50,Metric Tonnes,1650.00,Rs./Quintal
Maharashtra,Sangli,Vegetables,Onion,11-01-2025,587.00,Metric Tonnes,1600.00,Rs./Quintal
Maharashtra,Sangli,Vegetables,Onion,14-01-2025,320.50,Metric Tonnes,1750.00,Rs./Quintal
Maharashtra,Sangli,Vegetables,Onion,15-01-2025,209.50,Metric Tonnes,2100.00,Rs./Quintal
Maharashtra,Sangli,Vegetables,Onion,16-01-2025,249.50,Metric Tonnes,1650.00,Rs./Quintal
Maharashtra,Sangli,Vegetables,Onion,18-01-2025,394.20,Metric Tonnes,2000.00,Rs./Quintal
Maharashtra,Sangli,Vegetables,Onion,20-01-2025,441.20,Metric Tonnes,1904.31,Rs./Quintal
Maharashtra,Sangli,Vegetables,Onion,21-01-2025,312.50,Metric Tonnes,1950.00,Rs./Quintal
Maharashtra,Sangli,Vegetables,Onion,22-01-2025,475.70,Metric Tonnes,2250.00,Rs./Quintal
Maharashtra,Sangli,Vegetables,Onion,23-01-2025,435.30,Metric Tonnes,2159.76,Rs./Quintal
Maharashtra,Sangli,Vegetables,Onion,24-01-2025,479.70,Metric Tonnes,1950.00,Rs./Quintal
Maharashtra,Sangli,Vegetables,Onion,25-01-2025,587.20,Metric Tonnes,2200.00,Rs./Quintal
Maharashtra,Sangli,Vegetables,Onion,27-01-2025,470.10,Metric Tonnes,2000.00,Rs./Quintal
Maharashtra,Sangli,Vegetables,Onion,28-01-2025,375.00,Metric Tonnes,2000.00,Rs./Quintal
Maharashtra,Sangli,Vegetables,Onion,29-01-2025,528.20,Metric Tonnes,2000.00,Rs./Quintal
Maharashtra,Sangli,Vegetables,Onion,30-01-2025,310.60,Metric Tonnes,1710.30,Rs./Quintal
Maharashtra,Sangli,Vegetables,Onion,31-01-2025,366.20,Metric Tonnes,1750.00,Rs./Quintal
Maharashtra,Sangli,Vegetables,Onion,01-02-2025,462.20,Metric Tonnes,1756.49,Rs./Quintal
Maharashtra,Sangli,Vegetables,Onion,03-02-2025,1339.20,Metric Tonnes,2005.97,Rs./Quintal
Maharashtra,Sangli,Vegetables,Onion,04-02-2025,249.10,Metric Tonnes,1950.00,Rs./Quintal
Maharashtra,Sangli,Vegetables,Onion,05-02-2025,476.70,Metric Tonnes,2050.00,Rs./Quintal
Maharashtra,Sangli,Vegetables,Onion,06-02-2025,276.30,Metric Tonnes,2100.00,Rs./Quintal
Maharashtra,Sangli,Vegetables,Onion,08-02-2025,393.40,Metric Tonnes,2250.00,Rs./Quintal
Maharashtra,Sangli,Vegetables,Onion,13-02-2025,293.40,Metric Tonnes,2209.88,Rs./Quintal
Maharashtra,Sangli,Vegetables,Onion,14-02-2025,284.10,Metric Tonnes,2008.45,Rs./Quintal
Maharashtra,Sangli,Vegetables,Onion,15-02-2025,538.50,Metric Tonnes,2355.57,Rs./Quintal
Maharashtra,Sangli,Vegetables,Onion,17-02-2025,446.00,Metric Tonnes,2357.29,Rs./Quintal
Maharashtra,Sangli,Vegetables,Onion,18-02-2025,359.10,Metric Tonnes,2100.00,Rs./Quintal
Maharashtra,Sangli,Vegetables,Onion,19-02-2025,357.20,Metric Tonnes,2300.00,Rs./Quintal
Maharashtra,Sangli,Vegetables,Onion,20-02-2025,322.00,Metric Tonnes,2206.83,Rs./Quintal
Maharashtra,Sangli,Vegetables,Onion,21-02-2025,468.00,Metric Tonnes,2250.00,Rs./Quintal
Maharashtra,Sangli,Vegetables,Onion,22-02-2025,771.70,Metric Tonnes,2000.00,Rs./Quintal
Maharashtra,Sangli,Vegetables,Onion,24-02-2025,541.60,Metric Tonnes,1898.52,Rs./Quintal
Maharashtra,Sangli,Vegetables,Onion,26-02-2025,506.20,Metric Tonnes,1900.00,Rs./Quintal
Maharashtra,Sangli,Vegetables,Onion,27-02-2025,319.20,Metric Tonnes,2002.74,Rs./Quintal
Maharashtra,Sangli,Vegetables,Onion,28-02-2025,333.10,Metric Tonnes,2000.00,Rs./Quintal
Maharashtra,Sangli,Vegetables,Onion,01-03-2025,640.70,Metric Tonnes,2000.00,Rs./Quintal
Maharashtra,Sangli,Vegetables,Onion,03-03-2025,482.10,Metric Tonnes,1801.14,Rs./Quintal
Maharashtra,Sangli,Vegetables,Onion,04-03-2025,392.70,Metric Tonnes,2000.00,Rs./Quintal
Maharashtra,Sangli,Vegetables,Onion,05-03-2025,518.60,Metric Tonnes,1900.00,Rs./Quintal
Maharashtra,Sangli,Vegetables,Onion,06-03-2025,346.60,Metric Tonnes,1850.00,Rs./Quintal
Maharashtra,Sangli,Vegetables,Onion,07-03-2025,513.70,Metric Tonnes,1800.00,Rs./Quintal
Maharashtra,Sangli,Vegetables,Onion,08-03-2025,745.70,Metric Tonnes,1800.00,Rs./Quintal
Maharashtra,Sangli,Vegetables,Onion,10-03-2025,736.40,Metric Tonnes,1450.00,Rs./Quintal
Maharashtra,Sangli,Vegetables,Onion,11-03-2025,637.70,Metric Tonnes,1000.00,Rs./Quintal
Maharashtra,Sangli,Vegetables,Onion,12-03-2025,607.60,Metric Tonnes,1050.00,Rs./Quintal
Maharashtra,Sangli,Vegetables,Onion,13-03-2025,279.00,Metric Tonnes,1262.00,Rs./Quintal
Maharashtra,Sangli,Vegetables,Onion,14-03-2025,1.00,Metric Tonnes,1650.00,Rs./Quintal
Maharashtra,Sangli,Vegetables,Onion,15-03-2025,413.20,Metric Tonnes,1200.00,Rs./Quintal
Maharashtra,Sangli,Vegetables,Onion,17-03-2025,449.10,Metric Tonnes,1300.00,Rs./Quintal
Maharashtra,Sangli,Vegetables,Onion,18-03-2025,464.30,Metric Tonnes,1200.00,Rs./Quintal
Maharashtra,Sangli,Vegetables,Onion,19-03-2025,582.50,Metric Tonnes,1400.00,Rs./Quintal
Maharashtra,Sangli,Vegetables,Onion,20-03-2025,397.30,Metric Tonnes,1200.00,Rs./Quintal
Maharashtra,Sangli,Vegetables,Onion,21-03-2025,476.70,Metric Tonnes,1250.00,Rs./Quintal
Maharashtra,Sangli,Vegetables,Onion,22-03-2025,674.10,Metric Tonnes,1200.00,Rs./Quintal
Maharashtra,Sangli,Vegetables,Onion,24-03-2025,281.60,Metric Tonnes,1312.43,Rs./Quintal
Maharashtra,Sangli,Vegetables,Onion,25-03-2025,317.30,Metric Tonnes,1400.00,Rs./Quintal
Maharashtra,Sangli,Vegetables,Onion,26-03-2025,439.60,Metric Tonnes,1300.00,Rs./Quintal
Maharashtra,Sangli,Vegetables,Onion,27-03-2025,431.90,Metric Tonnes,1400.00,Rs./Quintal
Maharashtra,Sangli,Vegetables,Onion,28-03-2025,457.10,Metric Tonnes,1250.00,Rs./Quintal
Maharashtra,Sangli,Vegetables,Onion,29-03-2025,385.50,Metric Tonnes,1100.00,Rs./Quintal
Maharashtra,Sangli,Vegetables,Onion,31-03-2025,5.00,Metric Tonnes,1350.00,Rs./Quintal
Maharashtra,Sangli,Vegetables,Onion,01-04-2025,336.00,Metric Tonnes,1400.00,Rs./Quintal
Maharashtra,Sangli,Vegetables,Onion,02-04-2025,489.40,Metric Tonnes,1200.00,Rs./Quintal
Maharashtra,Sangli,Vegetables,Onion,03-04-2025,565.40,Metric Tonnes,1203.10,Rs./Quintal
Maharashtra,Sangli,Vegetables,Onion,04-04-2025,484.00,Metric Tonnes,1102.07,Rs./Quintal
Maharashtra,Sangli,Vegetables,Onion,05-04-2025,632.20,Metric Tonnes,1100.00,Rs./Quintal
Maharashtra,Sangli,Vegetables,Onion,07-04-2025,458.40,Metric Tonnes,1050.00,Rs./Quintal
Maharashtra,Sangli,Vegetables,Onion,08-04-2025,513.50,Metric Tonnes,1001.17,Rs./Quintal
Maharashtra,Sangli,Vegetables,Onion,09-04-2025,484.60,Metric Tonnes,1000.00,Rs./Quintal
Maharashtra,Sangli,Vegetables,Onion,10-04-2025,293.60,Metric Tonnes,1000.00,Rs./Quintal
Maharashtra,Sangli,Vegetables,Onion,11-04-2025,478.70,Metric Tonnes,904.70,Rs./Quintal
Maharashtra,Sangli,Vegetables,Onion,12-04-2025,576.50,Metric Tonnes,901.21,Rs./Quintal
Maharashtra,Sangli,Vegetables,Onion,14-04-2025,3.00,Metric Tonnes,1250.00,Rs./Quintal
Maharashtra,Sangli,Vegetables,Onion,15-04-2025,419.80,Metric Tonnes,905.36,Rs./Quintal
Maharashtra,Sangli,Vegetables,Onion,16-04-2025,454.30,Metric Tonnes,900.00,Rs./Quintal
Maharashtra,Sangli,Vegetables,Onion,17-04-2025,282.30,Metric Tonnes,804.96,Rs./Quintal
Maharashtra,Sangli,Vegetables,Onion,18-04-2025,4.00,Metric Tonnes,1000.00,Rs./Quintal
Maharashtra,Sangli,Vegetables,Onion,19-04-2025,355.70,Metric Tonnes,900.00,Rs./Quintal
Maharashtra,Sangli,Vegetables,Onion,21-04-2025,365.70,Metric Tonnes,1003.83,Rs./Quintal
Maharashtra,Sangli,Vegetables,Onion,22-04-2025,330.80,Metric Tonnes,953.78,Rs./Quintal
Maharashtra,Sangli,Vegetables,Onion,23-04-2025,301.80,Metric Tonnes,900.00,Rs./Quintal
Maharashtra,Sangli,Vegetables,Onion,24-04-2025,350.00,Metric Tonnes,901.43,Rs./Quintal
Maharashtra,Sangli,Vegetables,Onion,25-04-2025,387.20,Metric Tonnes,950.00,Rs./Quintal
Maharashtra,Sangli,Vegetables,Onion,26-04-2025,659.60,Metric Tonnes,951.21,Rs./Quintal
Maharashtra,Sangli,Vegetables,Onion,27-04-2025,1.00,Metric Tonnes,750.00,Rs./Quintal
Maharashtra,Sangli,Vegetables,Onion,28-04-2025,430.10,Metric Tonnes,952.79,Rs./Quintal
Maharashtra,Sangli,Vegetables,Onion,29-04-2025,364.00,Metric Tonnes,900.00,Rs./Quintal
Maharashtra,Sangli,Vegetables,Onion,30-04-2025,407.50,Metric Tonnes,950.00,Rs./Quintal
Maharashtra,Sangli,Vegetables,Onion,01-05-2025,1.50,Metric Tonnes,750.00,Rs./Quintal
Maharashtra,Sangli,Vegetables,Onion,02-05-2025,267.30,Metric Tonnes,900.00,Rs./Quintal
Maharashtra,Sangli,Vegetables,Onion,03-05-2025,347.50,Metric Tonnes,900.00,Rs./Quintal
Maharashtra,Sangli,Vegetables,Onion,04-05-2025,5.00,Metric Tonnes,1550.00,Rs./Quintal
Maharashtra,Sangli,Vegetables,Onion,05-05-2025,318.90,Metric Tonnes,996.71,Rs./Quintal
Maharashtra,Sangli,Vegetables,Onion,06-05-2025,253.80,Metric Tonnes,915.17,Rs./Quintal
Maharashtra,Sangli,Vegetables,Onion,07-05-2025,415.10,Metric Tonnes,1000.00,Rs./Quintal
Maharashtra,Sangli,Vegetables,Onion,08-05-2025,350.70,Metric Tonnes,916.82,Rs./Quintal
Maharashtra,Sangli,Vegetables,Onion,09-05-2025,283.30,Metric Tonnes,950.00,Rs./Quintal
Maharashtra,Sangli,Vegetables,Onion,10-05-2025,389.20,Metric Tonnes,900.39,Rs./Quintal
Maharashtra,Sangli,Vegetables,Onion,11-05-2025,3.00,Metric Tonnes,1250.00,Rs./Quintal
Maharashtra,Sangli,Vegetables,Onion,12-05-2025,397.00,Metric Tonnes,950.00,Rs./Quintal
Maharashtra,Sangli,Vegetables,Onion,13-05-2025,250.30,Metric Tonnes,1000.00,Rs./Quintal
Maharashtra,Sangli,Vegetables,Onion,15-05-2025,287.80,Metric Tonnes,950.87,Rs./Quintal
Maharashtra,Sangli,Vegetables,Onion,16-05-2025,268.40,Metric Tonnes,1005.59,Rs./Quintal
Maharashtra,Sangli,Vegetables,Onion,17-05-2025,360.50,Metric Tonnes,953.33,Rs./Quintal
Maharashtra,Sangli,Vegetables,Onion,19-05-2025,452.60,Metric Tonnes,952.32,Rs./Quintal
Maharashtra,Sangli,Vegetables,Onion,20-05-2025,210.90,Metric Tonnes,1009.48,Rs./Quintal
Maharashtra,Sangli,Vegetables,Onion,21-05-2025,242.10,Metric Tonnes,1000.00,Rs./Quintal
Maharashtra,Sangli,Vegetables,Onion,22-05-2025,197.40,Metric Tonnes,970.26,Rs./Quintal
Maharashtra,Sangli,Vegetables,Onion,23-05-2025,252.10,Metric Tonnes,900.00,Rs./Quintal
Maharashtra,Sangli,Vegetables,Onion,24-05-2025,87.00,Metric Tonnes,1000.00,Rs./Quintal
Maharashtra,Sangli,Vegetables,Onion,26-05-2025,108.10,Metric Tonnes,1200.00,Rs./Quintal
Maharashtra,Sangli,Vegetables,Onion,27-05-2025,228.90,Metric Tonnes,1150.00,Rs./Quintal
Maharashtra,Sangli,Vegetables,Onion,28-05-2025,386.00,Metric Tonnes,1150.00,Rs./Quintal
Maharashtra,Sangli,Vegetables,Onion,29-05-2025,426.80,Metric Tonnes,1050.70,Rs./Quintal
Maharashtra,Sangli,Vegetables,Onion,30-05-2025,567.00,Metric Tonnes,1110.58,Rs./Quintal
Maharashtra,Sangli,Vegetables,Onion,31-05-2025,629.90,Metric Tonnes,1050.00,Rs./Quintal
Maharashtra,Sangli,Vegetables,Onion,02-06-2025,527.40,Metric Tonnes,1052.84,Rs./Quintal
Maharashtra,Sangli,Vegetables,Onion,03-06-2025,171.40,Metric Tonnes,1020.42,Rs./Quintal
Maharashtra,Sangli,Vegetables,Onion,04-06-2025,243.10,Metric Tonnes,950.00,Rs./Quintal
Maharashtra,Sangli,Vegetables,Onion,05-06-2025,127.70,Metric Tonnes,1101.17,Rs./Quintal
Maharashtra,Sangli,Vegetables,Onion,06-06-2025,3.00,Metric Tonnes,1450.00,Rs./Quintal
Maharashtra,Sangli,Vegetables,Onion,09-06-2025,253.10,Metric Tonnes,1155.53,Rs./Quintal
Maharashtra,Sangli,Vegetables,Onion,10-06-2025,195.70,Metric Tonnes,1100.00,Rs./Quintal
Maharashtra,Sangli,Vegetables,Onion,11-06-2025,196.70,Metric Tonnes,1400.00,Rs./Quintal
Maharashtra,Sangli,Vegetables,Onion,12-06-2025,159.70,Metric Tonnes,1382.83,Rs./Quintal
Maharashtra,Sangli,Vegetables,Onion,13-06-2025,192.30,Metric Tonnes,1400.00,Rs./Quintal
Maharashtra,Sangli,Vegetables,Onion,14-06-2025,746.20,Metric Tonnes,1400.00,Rs./Quintal
Maharashtra,Sangli,Vegetables,Onion,16-06-2025,707.40,Metric Tonnes,1354.59,Rs./Quintal
Maharashtra,Sangli,Vegetables,Onion,17-06-2025,300.00,Metric Tonnes,1350.00,Rs./Quintal
Maharashtra,Sangli,Vegetables,Onion,18-06-2025,302.90,Metric Tonnes,1300.00,Rs./Quintal
Maharashtra,Sangli,Vegetables,Onion,19-06-2025,198.10,Metric Tonnes,1300.00,Rs./Quintal
Maharashtra,Sangli,Vegetables,Onion,20-06-2025,102.30,Metric Tonnes,1300.00,Rs./Quintal
Maharashtra,Sangli,Vegetables,Onion,21-06-2025,252.90,Metric Tonnes,1365.00,Rs./Quintal
Maharashtra,Sangli,Vegetables,Onion,22-06-2025,4.00,Metric Tonnes,1750.00,Rs./Quintal
Maharashtra,Sangli,Vegetables,Onion,23-06-2025,255.30,Metric Tonnes,1300.00,Rs./Quintal
Maharashtra,Sangli,Vegetables,Onion,24-06-2025,142.40,Metric Tonnes,1353.51,Rs./Quintal
Maharashtra,Sangli,Vegetables,Onion,25-06-2025,253.70,Metric Tonnes,1350.00,Rs./Quintal
Maharashtra,Sangli,Vegetables,Onion,26-06-2025,133.80,Metric Tonnes,1350.00,Rs./Quintal
Maharashtra,Sangli,Vegetables,Onion,27-06-2025,2.50,Metric Tonnes,1450.00,Rs./Quintal
Maharashtra,Sangli,Vegetables,Onion,28-06-2025,246.50,Metric Tonnes,1300.00,Rs./Quintal
Maharashtra,Sangli,Vegetables,Onion,30-06-2025,228.40,Metric Tonnes,1307.88,Rs./Quintal
Maharashtra,Sangli,Vegetables,Onion,03-07-2025,159.10,Metric Tonnes,1318.38,Rs./Quintal
Maharashtra,Sangli,Vegetables,Onion,04-07-2025,3.00,Metric Tonnes,1550.00,Rs./Quintal
Maharashtra,Sangli,Vegetables,Onion,05-07-2025,326.60,Metric Tonnes,1256.12,Rs./Quintal
Maharashtra,Sangli,Vegetables,Onion,07-07-2025,4.00,Metric Tonnes,1750.00,Rs./Quintal
Maharashtra,Sangli,Vegetables,Onion,08-07-2025,277.40,Metric Tonnes,1250.00,Rs./Quintal
Maharashtra,Sangli,Vegetables,Onion,09-07-2025,203.30,Metric Tonnes,1250.00,Rs./Quintal
Maharashtra,Sangli,Vegetables,Onion,10-07-2025,130.80,Metric Tonnes,1224.46,Rs./Quintal
Maharashtra,Sangli,Vegetables,Onion,11-07-2025,175.90,Metric Tonnes,1203.55,Rs./Quintal
Maharashtra,Sangli,Vegetables,Onion,12-07-2025,281.10,Metric Tonnes,1150.00,Rs./Quintal
Maharashtra,Sangli,Vegetables,Onion,13-07-2025,2.50,Metric Tonnes,1450.00,Rs./Quintal
Maharashtra,Sangli,Vegetables,Onion,14-07-2025,233.80,Metric Tonnes,1206.42,Rs./Quintal
Maharashtra,Sangli,Vegetables,Onion,15-07-2025,179.30,Metric Tonnes,1150.00,Rs./Quintal
Maharashtra,Sangli,Vegetables,Onion,16-07-2025,212.70,Metric Tonnes,1150.00,Rs./Quintal
Maharashtra,Sangli,Vegetables,Onion,17-07-2025,84.40,Metric Tonnes,1214.54,Rs./Quintal
Maharashtra,Sangli,Vegetables,Onion,18-07-2025,162.70,Metric Tonnes,1206.15,Rs./Quintal
Maharashtra,Sangli,Vegetables,Onion,19-07-2025,289.50,Metric Tonnes,1225.00,Rs./Quintal
Maharashtra,Sangli,Vegetables,Onion,21-07-2025,268.10,Metric Tonnes,1182.09,Rs./Quintal
Maharashtra,Sangli,Vegetables,Onion,22-07-2025,245.20,Metric Tonnes,1150.51,Rs./Quintal
Maharashtra,Sangli,Vegetables,Onion,23-07-2025,238.10,Metric Tonnes,1150.00,Rs./Quintal
Maharashtra,Sangli,Vegetables,Onion,24-07-2025,157.10,Metric Tonnes,1150.00,Rs./Quintal
Maharashtra,Sangli,Vegetables,Onion,25-07-2025,225.00,Metric Tonnes,1200.00,Rs./Quintal
Maharashtra,Sangli,Vegetables,Onion,28-07-2025,201.60,Metric Tonnes,1150.00,Rs./Quintal
Maharashtra,Sangli,Vegetables,Onion,29-07-2025,154.30,Metric Tonnes,1200.00,Rs./Quintal
Maharashtra,Sangli,Vegetables,Onion,30-07-2025,148.10,Metric Tonnes,1150.00,Rs./Quintal
Maharashtra,Sangli,Vegetables,Onion,31-07-2025,95.90,Metric Tonnes,1170.86,Rs./Quintal
Maharashtra,Sangli,Vegetables,Onion,01-08-2025,246.20,Metric Tonnes,1100.00,Rs./Quintal
Maharashtra,Sangli,Vegetables,Onion,02-08-2025,361.90,Metric Tonnes,1100.00,Rs./Quintal
Maharashtra,Sangli,Vegetables,Onion,04-08-2025,308.00,Metric Tonnes,1075.00,Rs./Quintal
Maharashtra,Sangli,Vegetables,Onion,05-08-2025,139.90,Metric Tonnes,1050.00,Rs./Quintal
Maharashtra,Sangli,Vegetables,Onion,06-08-2025,318.50,Metric Tonnes,1050.00,Rs./Quintal
Maharashtra,Sangli,Vegetables,Onion,07-08-2025,130.10,Metric Tonnes,1059.22,Rs./Quintal
Maharashtra,Sangli,Vegetables,Onion,08-08-2025,197.70,Metric Tonnes,1050.00,Rs./Quintal
Maharashtra,Sangli,Vegetables,Onion,11-08-2025,123.70,Metric Tonnes,1162.93,Rs./Quintal
Maharashtra,Sangli,Vegetables,Onion,12-08-2025,111.40,Metric Tonnes,1350.00,Rs./Quintal
Maharashtra,Sangli,Vegetables,Onion,13-08-2025,321.40,Metric Tonnes,1300.00,Rs./Quintal
Maharashtra,Sangli,Vegetables,Onion,14-08-2025,349.90,Metric Tonnes,1250.00,Rs./Quintal
Maharashtra,Sangli,Vegetables,Onion,16-08-2025,470.40,Metric Tonnes,1206.80,Rs./Quintal
Maharashtra,Sangli,Vegetables,Onion,18-08-2025,433.10,Metric Tonnes,1155.54,Rs./Quintal
Maharashtra,Sangli,Vegetables,Onion,19-08-2025,85.50,Metric Tonnes,1300.00,Rs./Quintal
Maharashtra,Sangli,Vegetables,Onion,20-08-2025,273.30,Metric Tonnes,1250.00,Rs./Quintal
Maharashtra,Sangli,Vegetables,Onion,21-08-2025,181.80,Metric Tonnes,1210.73,Rs./Quintal
Maharashtra,Sangli,Vegetables,Onion,22-08-2025,328.50,Metric Tonnes,1150.00,Rs./Quintal
Maharashtra,Sangli,Vegetables,Onion,23-08-2025,590.30,Metric Tonnes,1100.00,Rs./Quintal
Maharashtra,Sangli,Vegetables,Onion,25-08-2025,348.50,Metric Tonnes,1155.74,Rs./Quintal
Maharashtra,Sangli,Vegetables,Onion,26-08-2025,361.40,Metric Tonnes,1150.00,Rs./Quintal
Maharashtra,Sangli,Vegetables,Onion,28-08-2025,373.70,Metric Tonnes,1200.00,Rs./Quintal
Maharashtra,Sangli,Vegetables,Onion,29-08-2025,217.20,Metric Tonnes,1054.60,Rs./Quintal
Maharashtra,Sangli,Vegetables,Onion,30-08-2025,251.10,Metric Tonnes,1100.00,Rs./Quintal
Maharashtra,Sangli,Vegetables,Onion,01-09-2025,276.90,Metric Tonnes,1179.69,Rs./Quintal
Maharashtra,Sangli,Vegetables,Onion,02-09-2025,224.50,Metric Tonnes,1100.00,Rs./Quintal
Maharashtra,Sangli,Vegetables,Onion,03-09-2025,235.30,Metric Tonnes,1150.00,Rs./Quintal
Maharashtra,Sangli,Vegetables,Onion,04-09-2025,177.30,Metric Tonnes,1159.02,Rs./Quintal
Maharashtra,Sangli,Vegetables,Onion,05-09-2025,241.50,Metric Tonnes,1100.00,Rs./Quintal
Maharashtra,Sangli,Vegetables,Onion,06-09-2025,342.10,Metric Tonnes,1154.09,Rs./Quintal
Maharashtra,Sangli,Vegetables,Onion,08-09-2025,291.70,Metric Tonnes,1111.14,Rs./Quintal
Maharashtra,Sangli,Vegetables,Onion,09-09-2025,256.70,Metric Tonnes,1100.00,Rs./Quintal
Maharashtra,Sangli,Vegetables,Onion,11-09-2025,200.30,Metric Tonnes,1108.99,Rs./Quintal
Maharashtra,Sangli,Vegetables,Onion,13-09-2025,330.10,Metric Tonnes,1050.00,Rs./Quintal
Maharashtra,Sangli,Vegetables,Onion,15-09-2025,237.30,Metric Tonnes,1105.27,Rs./Quintal
Maharashtra,Sangli,Vegetables,Onion,16-09-2025,146.30,Metric Tonnes,1300.00,Rs./Quintal
Maharashtra,Sangli,Vegetables,Onion,17-09-2025,297.80,Metric Tonnes,1300.00,Rs./Quintal
Maharashtra,Sangli,Vegetables,Onion,18-09-2025,353.50,Metric Tonnes,1150.28,Rs./Quintal
Maharashtra,Sangli,Vegetables,Onion,19-09-2025,342.90,Metric Tonnes,1101.46,Rs./Quintal
Maharashtra,Sangli,Vegetables,Onion,20-09-2025,356.20,Metric Tonnes,1050.00,Rs./Quintal
Maharashtra,Sangli,Vegetables,Onion,22-09-2025,192.50,Metric Tonnes,1157.27,Rs./Quintal
Maharashtra,Sangli,Vegetables,Onion,23-09-2025,77.20,Metric Tonnes,1050.00,Rs./Quintal
Maharashtra,Sangli,Vegetables,Onion,24-09-2025,208.40,Metric Tonnes,1100.00,Rs./Quintal
Maharashtra,Sangli,Vegetables,Onion,25-09-2025,294.20,Metric Tonnes,1111.47,Rs./Quintal
Maharashtra,Sangli,Vegetables,Onion,26-09-2025,418.80,Metric Tonnes,1002.39,Rs./Quintal
Maharashtra,Sangli,Vegetables,Onion,27-09-2025,358.00,Metric Tonnes,1100.00,Rs./Quintal
Maharashtra,Sangli,Vegetables,Onion,29-09-2025,150.40,Metric Tonnes,1110.64,Rs./Quintal
Maharashtra,Sangli,Vegetables,Onion,30-09-2025,245.30,Metric Tonnes,1163.76,Rs./Quintal
Maharashtra,Sangli,Vegetables,Onion,01-10-2025,354.20,Metric Tonnes,1225.00,Rs./Quintal
Maharashtra,Sangli,Vegetables,Onion,03-10-2025,281.10,Metric Tonnes,1106.67,Rs./Quintal
Maharashtra,Sangli,Vegetables,Onion,04-10-2025,458.80,Metric Tonnes,1200.00,Rs./Quintal
Maharashtra,Sangli,Vegetables,Onion,06-10-2025,618.60,Metric Tonnes,1154.85,Rs./Quintal
Maharashtra,Sangli,Vegetables,Onion,07-10-2025,289.50,Metric Tonnes,1100.00,Rs./Quintal
Maharashtra,Sangli,Vegetables,Onion,08-10-2025,358.60,Metric Tonnes,1050.00,Rs./Quintal
Maharashtra,Sangli,Vegetables,Onion,09-10-2025,252.60,Metric Tonnes,1057.42,Rs./Quintal
Maharashtra,Sangli,Vegetables,Onion,10-10-2025,317.00,Metric Tonnes,1075.00,Rs./Quintal
Maharashtra,Sangli,Vegetables,Onion,12-10-2025,7.50,Metric Tonnes,1000.00,Rs./Quintal
Maharashtra,Sangli,Vegetables,Onion,13-10-2025,317.40,Metric Tonnes,1244.09,Rs./Quintal
Maharashtra,Sangli,Vegetables,Onion,14-10-2025,155.70,Metric Tonnes,1142.77,Rs./Quintal
Maharashtra,Sangli,Vegetables,Onion,15-10-2025,300.60,Metric Tonnes,1150.00,Rs./Quintal
Maharashtra,Sangli,Vegetables,Onion,16-10-2025,223.70,Metric Tonnes,1146.65,Rs./Quintal
Maharashtra,Sangli,Vegetables,Onion,17-10-2025,593.60,Metric Tonnes,1146.21,Rs./Quintal
Maharashtra,Sangli,Vegetables,Onion,22-10-2025,266.00,Metric Tonnes,1150.00,Rs./Quintal
Maharashtra,Sangli,Vegetables,Onion,27-10-2025,318.90,Metric Tonnes,1400.00,Rs./Quintal
Maharashtra,Sangli,Vegetables,Onion,28-10-2025,198.30,Metric Tonnes,1253.03,Rs./Quintal
Maharashtra,Sangli,Vegetables,Onion,29-10-2025,473.50,Metric Tonnes,1250.00,Rs./Quintal
Maharashtra,Sangli,Vegetables,Onion,30-10-2025,207.20,Metric Tonnes,1250.00,Rs./Quintal
Maharashtra,Sangli,Vegetables,Onion,31-10-2025,279.50,Metric Tonnes,1394.63,Rs./Quintal
Maharashtra,Sangli,Vegetables,Onion,01-11-2025,369.50,Metric Tonnes,1300.00,Rs./Quintal
Maharashtra,Sangli,Vegetables,Onion,02-11-2025,2.50,Metric Tonnes,1100.00,Rs./Quintal
Maharashtra,Sangli,Vegetables,Onion,03-11-2025,283.10,Metric Tonnes,1350.00,Rs./Quintal
Maharashtra,Sangli,Vegetables,Onion,04-11-2025,308.30,Metric Tonnes,1347.97,Rs./Quintal
Maharashtra,Sangli,Vegetables,Onion,07-11-2025,298.90,Metric Tonnes,1051.25,Rs./Quintal
Maharashtra,Sangli,Vegetables,Onion,08-11-2025,426.30,Metric Tonnes,1150.00,Rs./Quintal
Maharashtra,Sangli,Vegetables,Onion,10-11-2025,377.70,Metric Tonnes,1250.00,Rs./Quintal
Maharashtra,Sangli,Vegetables,Onion,11-11-2025,183.50,Metric Tonnes,1250.00,Rs./Quintal
Maharashtra,Sangli,Vegetables,Onion,12-11-2025,354.10,Metric Tonnes,1150.00,Rs./Quintal
Maharashtra,Sangli,Vegetables,Onion,13-11-2025,173.50,Metric Tonnes,1200.00,Rs./Quintal
Maharashtra,Sangli,Vegetables,Onion,15-11-2025,413.70,Metric Tonnes,1250.00,Rs./Quintal
Maharashtra,Sangli,Vegetables,Onion,17-11-2025,325.00,Metric Tonnes,1150.00,Rs./Quintal
Maharashtra,Sangli,Vegetables,Onion,18-11-2025,204.20,Metric Tonnes,1200.00,Rs./Quintal
Maharashtra,Sangli,Vegetables,Onion,19-11-2025,343.10,Metric Tonnes,1250.00,Rs./Quintal
Maharashtra,Sangli,Vegetables,Onion,20-11-2025,219.90,Metric Tonnes,1300.00,Rs./Quintal
Maharashtra,Sangli,Vegetables,Onion,21-11-2025,253.80,Metric Tonnes,1250.00,Rs./Quintal
Maharashtra,Sangli,Vegetables,Onion,22-11-2025,431.20,Metric Tonnes,1200.00,Rs./Quintal
Maharashtra,Sangli,Vegetables,Onion,23-11-2025,8.00,Metric Tonnes,1200.00,Rs./Quintal
Maharashtra,Sangli,Vegetables,Onion,24-11-2025,440.40,Metric Tonnes,1250.00,Rs./Quintal
Maharashtra,Sangli,Vegetables,Onion,25-11-2025,186.40,Metric Tonnes,1200.00,Rs./Quintal
Maharashtra,Sangli,Vegetables,Onion,26-11-2025,256.80,Metric Tonnes,1100.00,Rs./Quintal
Maharashtra,Sangli,Vegetables,Onion,27-11-2025,203.70,Metric Tonnes,1151.60,Rs./Quintal
Maharashtra,Sangli,Vegetables,Onion,28-11-2025,188.70,Metric Tonnes,1197.09,Rs./Quintal
Maharashtra,Sangli,Vegetables,Onion,29-11-2025,344.00,Metric Tonnes,1250.00,Rs./Quintal
Maharashtra,Sangli,Vegetables,Onion,30-11-2025,11.50,Metric Tonnes,1000.00,Rs./Quintal
Maharashtra,Sangli,Vegetables,Onion,01-12-2025,373.90,Metric Tonnes,1350.00,Rs./Quintal
Maharashtra,Sangli,Vegetables,Onion,02-12-2025,216.40,Metric Tonnes,1150.00,Rs./Quintal
Maharashtra,Sangli,Vegetables,Onion,03-12-2025,321.80,Metric Tonnes,1150.00,Rs./Quintal
Maharashtra,Sangli,Vegetables,Onion,05-12-2025,202.80,Metric Tonnes,1197.68,Rs./Quintal
Maharashtra,Sangli,Vegetables,Onion,06-12-2025,312.60,Metric Tonnes,1150.00,Rs./Quintal
Maharashtra,Sangli,Vegetables,Onion,07-12-2025,8.20,Metric Tonnes,1200.00,Rs./Quintal
Maharashtra,Sangli,Vegetables,Onion,08-12-2025,277.80,Metric Tonnes,1374.64,Rs./Quintal
Maharashtra,Sangli,Vegetables,Onion,09-12-2025,4.70,Metric Tonnes,1300.00,Rs./Quintal
Maharashtra,Sangli,Vegetables,Onion,10-12-2025,237.10,Metric Tonnes,1500.00,Rs./Quintal
Maharashtra,Sangli,Vegetables,Onion,11-12-2025,152.40,Metric Tonnes,1390.75,Rs./Quintal
Maharashtra,Sangli,Vegetables,Onion,12-12-2025,124.80,Metric Tonnes,1484.94,Rs./Quintal
Maharashtra,Sangli,Vegetables,Onion,13-12-2025,255.80,Metric Tonnes,1900.00,Rs./Quintal
Maharashtra,Sangli,Vegetables,Onion,15-12-2025,340.40,Metric Tonnes,1907.05,Rs./Quintal
Maharashtra,Sangli,Vegetables,Onion,16-12-2025,122.70,Metric Tonnes,2207.21,Rs./Quintal
Maharashtra,Sangli,Vegetables,Onion,17-12-2025,487.10,Metric Tonnes,2000.00,Rs./Quintal
Maharashtra,Sangli,Vegetables,Onion,18-12-2025,226.80,Metric Tonnes,2000.00,Rs./Quintal
Maharashtra,Sangli,Vegetables,Onion,19-12-2025,474.20,Metric Tonnes,1662.41,Rs./Quintal
Maharashtra,Sangli,Vegetables,Onion,20-12-2025,530.10,Metric Tonnes,1450.00,Rs./Quintal
Maharashtra,Sangli,Vegetables,Onion,22-12-2025,346.50,Metric Tonnes,1600.00,Rs./Quintal
Maharashtra,Sangli,Vegetables,Onion,23-12-2025,266.20,Metric Tonnes,1600.00,Rs./Quintal
Maharashtra,Sangli,Vegetables,Onion,24-12-2025,549.30,Metric Tonnes,1500.00,Rs./Quintal
Maharashtra,Sangli,Vegetables,Onion,25-12-2025,262.10,Metric Tonnes,1250.00,Rs./Quintal
Maharashtra,Sangli,Vegetables,Onion,26-12-2025,418.80,Metric Tonnes,1500.00,Rs./Quintal
Maharashtra,Sangli,Vegetables,Onion,27-12-2025,570.60,Metric Tonnes,1500.00,Rs./Quintal
Maharashtra,Sangli,Vegetables,Onion,29-12-2025,429.60,Metric Tonnes,1700.93,Rs./Quintal
Maharashtra,Sangli,Vegetables,Onion,30-12-2025,364.30,Metric Tonnes,1521.77,Rs./Quintal
Maharashtra,Sangli,Vegetables,Onion,31-12-2025,529.00,Metric Tonnes,1700.00,Rs./Quintal
Maharashtra,Sangli,Vegetables,Onion,01-01-2026,333.40,Metric Tonnes,1250.00,Rs./Quintal
Maharashtra,Sangli,Vegetables,Onion,02-01-2026,432.50,Metric Tonnes,1500.00,Rs./Quintal
Maharashtra,Sangli,Vegetables,Onion,03-01-2026,766.70,Metric Tonnes,1400.00,Rs./Quintal
Maharashtra,Sangli,Vegetables,Onion,05-01-2026,621.50,Metric Tonnes,1549.68,Rs./Quintal
Maharashtra,Sangli,Vegetables,Onion,06-01-2026,543.60,Metric Tonnes,1400.00,Rs./Quintal
Maharashtra,Sangli,Vegetables,Onion,07-01-2026,708.70,Metric Tonnes,1300.00,Rs./Quintal
Maharashtra,Sangli,Vegetables,Onion,08-01-2026,403.70,Metric Tonnes,1493.91,Rs./Quintal
Maharashtra,Sangli,Vegetables,Onion,09-01-2026,442.50,Metric Tonnes,1244.70,Rs./Quintal
Maharashtra,Sangli,Vegetables,Onion,10-01-2026,637.90,Metric Tonnes,1300.00,Rs./Quintal
Maharashtra,Sangli,Vegetables,Onion,12-01-2026,610.80,Metric Tonnes,1351.31,Rs./Quintal
Maharashtra,Sangli,Vegetables,Onion,13-01-2026,308.30,Metric Tonnes,1250.00,Rs./Quintal
Maharashtra,Sangli,Vegetables,Onion,16-01-2026,448.80,Metric Tonnes,1350.00,Rs./Quintal
Maharashtra,Sangli,Vegetables,Onion,17-01-2026,504.30,Metric Tonnes,1250.00,Rs./Quintal
Maharashtra,Sangli,Vegetables,Onion,18-01-2026,4.00,Metric Tonnes,1300.00,Rs./Quintal
Maharashtra,Sangli,Vegetables,Onion,19-01-2026,564.00,Metric Tonnes,1301.42,Rs./Quintal
Maharashtra,Sangli,Vegetables,Onion,20-01-2026,391.90,Metric Tonnes,1350.00,Rs./Quintal
Maharashtra,Sangli,Vegetables,Onion,21-01-2026,617.90,Metric Tonnes,1350.00,Rs./Quintal
Maharashtra,Sangli,Vegetables,Onion,22-01-2026,332.60,Metric Tonnes,1256.49,Rs./Quintal
Maharashtra,Sangli,Vegetables,Onion,23-01-2026,681.30,Metric Tonnes,1334.35,Rs./Quintal
Maharashtra,Sangli,Vegetables,Onion,24-01-2026,621.70,Metric Tonnes,1250.00,Rs./Quintal
Maharashtra,Sangli,Vegetables,Onion,27-01-2026,716.70,Metric Tonnes,1203.24,Rs./Quintal
Maharashtra,Sangli,Vegetables,Onion,28-01-2026,656.80,Metric Tonnes,1250.00,Rs./Quintal
Maharashtra,Sangli,Vegetables,Onion,30-01-2026,745.70,Metric Tonnes,1198.23,Rs./Quintal
Maharashtra,Sangli,Vegetables,Onion,31-01-2026,809.70,Metric Tonnes,1150.00,Rs./Quintal
Maharashtra,Sangli,Vegetables,Onion,02-02-2026,765.20,Metric Tonnes,1052.61,Rs./Quintal
Maharashtra,Sangli,Vegetables,Onion,03-02-2026,527.20,Metric Tonnes,1004.10,Rs./Quintal
Maharashtra,Sangli,Vegetables,Onion,04-02-2026,513.40,Metric Tonnes,1050.00,Rs./Quintal
Maharashtra,Sangli,Vegetables,Onion,05-02-2026,410.10,Metric Tonnes,1000.00,Rs./Quintal
Maharashtra,Sangli,Vegetables,Onion,06-02-2026,429.20,Metric Tonnes,1050.00,Rs./Quintal
Maharashtra,Sangli,Vegetables,Onion,07-02-2026,271.20,Metric Tonnes,1250.00,Rs./Quintal
Maharashtra,Sangli,Vegetables,Onion,09-02-2026,568.40,Metric Tonnes,1102.20,Rs./Quintal
Maharashtra,Sangli,Vegetables,Onion,10-02-2026,423.20,Metric Tonnes,1051.26,Rs./Quintal
Maharashtra,Sangli,Vegetables,Onion,11-02-2026,831.80,Metric Tonnes,1000.00,Rs./Quintal
Maharashtra,Sangli,Vegetables,Onion,12-02-2026,355.40,Metric Tonnes,1017.50,Rs./Quintal
Maharashtra,Sangli,Vegetables,Onion,13-02-2026,390.50,Metric Tonnes,1050.00,Rs./Quintal
Maharashtra,Sangli,Vegetables,Onion,14-02-2026,737.20,Metric Tonnes,1050.00,Rs./Quintal
Maharashtra,Sangli,Vegetables,Onion,16-02-2026,584.90,Metric Tonnes,1050.00,Rs./Quintal
Maharashtra,Sangli,Vegetables,Onion,17-02-2026,474.80,Metric Tonnes,1026.84,Rs./Quintal
Maharashtra,Sangli,Vegetables,Onion,18-02-2026,759.60,Metric Tonnes,1125.00,Rs./Quintal
Maharashtra,Sangli,Vegetables,Onion,19-02-2026,481.70,Metric Tonnes,1097.67,Rs./Quintal
Maharashtra,Sangli,Vegetables,Onion,20-02-2026,512.70,Metric Tonnes,1024.71,Rs./Quintal
Maharashtra,Sangli,Vegetables,Onion,21-02-2026,699.30,Metric Tonnes,1100.00,Rs./Quintal
Maharashtra,Sangli,Vegetables,Onion,22-02-2026,5.70,Metric Tonnes,1100.00,Rs./Quintal
Maharashtra,Sangli,Vegetables,Onion,23-02-2026,523.30,Metric Tonnes,1000.00,Rs./Quintal
Maharashtra,Sangli,Vegetables,Onion,24-02-2026,526.10,Metric Tonnes,1000.00,Rs./Quintal
Maharashtra,Sangli,Vegetables,Onion,25-02-2026,616.40,Metric Tonnes,1025.00,Rs./Quintal
Maharashtra,Sangli,Vegetables,Onion,26-02-2026,359.80,Metric Tonnes,1000.00,Rs./Quintal
Maharashtra,Sangli,Vegetables,Onion,27-02-2026,903.40,Metric Tonnes,950.00,Rs./Quintal
Maharashtra,Sangli,Vegetables,Onion,28-02-2026,601.50,Metric Tonnes,950.00,Rs./Quintal
Maharashtra,Sangli,Vegetables,Onion,02-03-2026,497.20,Metric Tonnes,1000.00,Rs./Quintal
Maharashtra,Sangli,Vegetables,Onion,03-03-2026,12.90,Metric Tonnes,800.00,Rs./Quintal
Maharashtra,Sangli,Vegetables,Onion,04-03-2026,815.60,Metric Tonnes,950.00,Rs./Quintal
Maharashtra,Sangli,Vegetables,Onion,05-03-2026,382.20,Metric Tonnes,974.21,Rs./Quintal
Maharashtra,Sangli,Vegetables,Onion,06-03-2026,426.50,Metric Tonnes,1000.00,Rs./Quintal
Maharashtra,Sangli,Vegetables,Onion,07-03-2026,607.30,Metric Tonnes,1000.00,Rs./Quintal
Maharashtra,Sangli,Vegetables,Onion,09-03-2026,539.50,Metric Tonnes,1050.00,Rs./Quintal
Maharashtra,Sangli,Vegetables,Onion,10-03-2026,519.10,Metric Tonnes,1007.08,Rs./Quintal
Maharashtra,Sangli,Vegetables,Onion,11-03-2026,583.50,Metric Tonnes,1050.00,Rs./Quintal
Maharashtra,Sangli,Vegetables,Onion,12-03-2026,428.80,Metric Tonnes,1048.50,Rs./Quintal
Maharashtra,Sangli,Vegetables,Onion,13-03-2026,602.50,Metric Tonnes,1025.00,Rs./Quintal
Maharashtra,Sangli,Vegetables,Onion,14-03-2026,825.50,Metric Tonnes,1000.00,Rs./Quintal
Maharashtra,Sangli,Vegetables,Onion,15-03-2026,31.40,Metric Tonnes,1000.00,Rs./Quintal
Maharashtra,Sangli,Vegetables,Onion,16-03-2026,786.10,Metric Tonnes,950.00,Rs./Quintal
Maharashtra,Sangli,Vegetables,Onion,17-03-2026,577.90,Metric Tonnes,950.00,Rs./Quintal
Maharashtra,Sangli,Vegetables,Onion,18-03-2026,556.80,Metric Tonnes,925.00,Rs./Quintal
Maharashtra,Sangli,Vegetables,Onion,19-03-2026,260.40,Metric Tonnes,1004.42,Rs./Quintal
Maharashtra,Sangli,Vegetables,Onion,20-03-2026,370.10,Metric Tonnes,900.00,Rs./Quintal
Maharashtra,Sangli,Vegetables,Onion,23-03-2026,539.50,Metric Tonnes,950.00,Rs./Quintal
Maharashtra,Sangli,Vegetables,Onion,24-03-2026,298.60,Metric Tonnes,956.15,Rs./Quintal
Maharashtra,Sangli,Vegetables,Onion,25-03-2026,570.60,Metric Tonnes,1000.00,Rs./Quintal
Maharashtra,Sangli,Vegetables,Onion,26-03-2026,488.20,Metric Tonnes,937.40,Rs./Quintal
Maharashtra,Sangli,Vegetables,Onion,27-03-2026,534.00,Metric Tonnes,902.43,Rs./Quintal
Maharashtra,Sangli,Vegetables,Onion,28-03-2026,624.60,Metric Tonnes,975.00,Rs./Quintal
Maharashtra,Sangli,Vegetables,Onion,30-03-2026,584.30,Metric Tonnes,950.00,Rs./Quintal
Maharashtra,Sangli,Vegetables,Onion,31-03-2026,24.10,Metric Tonnes,1100.00,Rs./Quintal
Maharashtra,Sangli,Vegetables,Onion,01-04-2026,589.20,Metric Tonnes,950.00,Rs./Quintal
Maharashtra,Sangli,Vegetables,Onion,02-04-2026,346.50,Metric Tonnes,850.00,Rs./Quintal
Maharashtra,Sangli,Vegetables,Onion,03-04-2026,367.20,Metric Tonnes,875.00,Rs./Quintal
Maharashtra,Sangli,Vegetables,Onion,04-04-2026,488.00,Metric Tonnes,950.00,Rs./Quintal
Maharashtra,Sangli,Vegetables,Onion,05-04-2026,34.10,Metric Tonnes,1100.00,Rs./Quintal
Maharashtra,Sangli,Vegetables,Onion,06-04-2026,472.80,Metric Tonnes,950.00,Rs./Quintal
Maharashtra,Sangli,Vegetables,Onion,07-04-2026,563.00,Metric Tonnes,850.53,Rs./Quintal
Maharashtra,Sangli,Vegetables,Onion,08-04-2026,529.60,Metric Tonnes,850.00,Rs./Quintal
Maharashtra,Sangli,Vegetables,Onion,09-04-2026,406.40,Metric Tonnes,851.85,Rs./Quintal
Maharashtra,Sangli,Vegetables,Onion,10-04-2026,382.30,Metric Tonnes,871.12,Rs./Quintal
Maharashtra,Sangli,Vegetables,Onion,11-04-2026,434.00,Metric Tonnes,851.04,Rs./Quintal
Maharashtra,Sangli,Vegetables,Onion,12-04-2026,20.80,Metric Tonnes,1150.00,Rs./Quintal
Maharashtra,Sangli,Vegetables,Onion,13-04-2026,289.60,Metric Tonnes,901.38,Rs./Quintal
Maharashtra,Sangli,Vegetables,Onion,14-04-2026,366.60,Metric Tonnes,864.80,Rs./Quintal
Maharashtra,Sangli,Vegetables,Onion,15-04-2026,447.60,Metric Tonnes,900.00,Rs./Quintal
Maharashtra,Sangli,Vegetables,Onion,16-04-2026,403.80,Metric Tonnes,906.64,Rs./Quintal
Maharashtra,Sangli,Vegetables,Onion,17-04-2026,434.80,Metric Tonnes,900.00,Rs./Quintal
Maharashtra,Sangli,Vegetables,Onion,18-04-2026,671.40,Metric Tonnes,900.74,Rs./Quintal
Maharashtra,Sangli,Vegetables,Onion,19-04-2026,34.40,Metric Tonnes,884.88,Rs./Quintal
Maharashtra,Sangli,Vegetables,Onion,20-04-2026,498.80,Metric Tonnes,900.00,Rs./Quintal
Maharashtra,Sangli,Vegetables,Onion,21-04-2026,11.80,Metric Tonnes,1100.00,Rs./Quintal
Maharashtra,Sangli,Vegetables,Onion,22-04-2026,433.70,Metric Tonnes,900.00,Rs./Quintal
Maharashtra,Sangli,Vegetables,Onion,23-04-2026,307.80,Metric Tonnes,763.94,Rs./Quintal
Maharashtra,Sangli,Vegetables,Onion,24-04-2026,254.80,Metric Tonnes,725.00,Rs./Quintal
Maharashtra,Sangli,Vegetables,Onion,25-04-2026,267.40,Metric Tonnes,750.00,Rs./Quintal
Maharashtra,Sangli,Vegetables,Onion,27-04-2026,317.70,Metric Tonnes,803.15,Rs./Quintal
Maharashtra,Sangli,Vegetables,Onion,28-04-2026,244.10,Metric Tonnes,926.23,Rs./Quintal
Maharashtra,Sangli,Vegetables,Onion,29-04-2026,416.40,Metric Tonnes,1000.00,Rs./Quintal
Maharashtra,Sangli,Vegetables,Onion,30-04-2026,387.70,Metric Tonnes,950.00,Rs./Quintal
Maharashtra,Sangli,Vegetables,Onion,02-05-2026,3.00,Metric Tonnes,850.00,Rs./Quintal
Maharashtra,Sangli,Vegetables,Onion,04-05-2026,482.60,Metric Tonnes,876.30,Rs./Quintal
Maharashtra,Sangli,Vegetables,Onion,05-05-2026,428.20,Metric Tonnes,850.00,Rs./Quintal
Maharashtra,Sangli,Vegetables,Onion,06-05-2026,519.60,Metric Tonnes,900.00,Rs./Quintal
Maharashtra,Sangli,Vegetables,Onion,07-05-2026,448.30,Metric Tonnes,876.39,Rs./Quintal
Maharashtra,Sangli,Vegetables,Onion,08-05-2026,523.70,Metric Tonnes,825.00,Rs./Quintal
Maharashtra,Sangli,Vegetables,Onion,09-05-2026,417.20,Metric Tonnes,900.00,Rs./Quintal
Maharashtra,Sangli,Vegetables,Onion,11-05-2026,409.60,Metric Tonnes,850.00,Rs./Quintal
Maharashtra,Sangli,Vegetables,Onion,12-05-2026,263.90,Metric Tonnes,900.76,Rs./Quintal
Maharashtra,Sangli,Vegetables,Onion,13-05-2026,343.50,Metric Tonnes,950.00,Rs./Quintal
Maharashtra,Sangli,Vegetables,Onion,14-05-2026,241.20,Metric Tonnes,900.00,Rs./Quintal
Maharashtra,Sangli,Vegetables,Onion,15-05-2026,367.80,Metric Tonnes,925.00,Rs./Quintal
Maharashtra,Sangli,Vegetables,Onion,16-05-2026,337.30,Metric Tonnes,900.00,Rs./Quintal
Maharashtra,Sangli,Vegetables,Onion,18-05-2026,475.20,Metric Tonnes,950.21,Rs./Quintal
Maharashtra,Sangli,Vegetables,Onion,19-05-2026,287.60,Metric Tonnes,926.83,Rs./Quintal
Maharashtra,Sangli,Vegetables,Onion,20-05-2026,462.50,Metric Tonnes,975.00,Rs./Quintal
Maharashtra,Sangli,Vegetables,Onion,21-05-2026,349.60,Metric Tonnes,853.58,Rs./Quintal
Maharashtra,Sangli,Vegetables,Onion,22-05-2026,274.60,Metric Tonnes,925.00,Rs./Quintal
Maharashtra,Sangli,Vegetables,Onion,23-05-2026,362.70,Metric Tonnes,975.00,Rs./Quintal
Maharashtra,Sangli,Vegetables,Onion,25-05-2026,316.50,Metric Tonnes,901.90,Rs./Quintal
Maharashtra,Sangli,Vegetables,Onion,26-05-2026,197.20,Metric Tonnes,875.00,Rs./Quintal
Maharashtra,Sangli,Vegetables,Onion,27-05-2026,253.30,Metric Tonnes,1100.00,Rs./Quintal
Maharashtra,Sangli,Vegetables,Onion,28-05-2026,4.00,Metric Tonnes,1300.00,Rs./Quintal
Maharashtra,Sangli,Vegetables,Onion,29-05-2026,367.20,Metric Tonnes,1150.00,Rs./Quintal
Maharashtra,Sangli,Vegetables,Onion,30-05-2026,313.20,Metric Tonnes,1179.15,Rs./Quintal
Maharashtra,Sangli,Vegetables,Onion,01-06-2026,333.80,Metric Tonnes,1254.19,Rs./Quintal
Maharashtra,Sangli,Vegetables,Onion,02-06-2026,283.00,Metric Tonnes,1150.00,Rs./Quintal
Maharashtra,Sangli,Vegetables,Onion,03-06-2026,408.00,Metric Tonnes,1275.00,Rs./Quintal
Maharashtra,Sangli,Vegetables,Onion,04-06-2026,200.10,Metric Tonnes,1214.99,Rs./Quintal
Maharashtra,Sangli,Vegetables,Onion,05-06-2026,314.70,Metric Tonnes,900.00,Rs./Quintal
Maharashtra,Sangli,Vegetables,Onion,06-06-2026,525.80,Metric Tonnes,1250.00,Rs./Quintal
Maharashtra,Sangli,Vegetables,Onion,08-06-2026,374.80,Metric Tonnes,1157.34,Rs./Quintal
Maharashtra,Sangli,Vegetables,Onion,09-06-2026,133.90,Metric Tonnes,1050.00,Rs./Quintal
Maharashtra,Sangli,Vegetables,Onion,10-06-2026,261.00,Metric Tonnes,1200.00,Rs./Quintal
Maharashtra,Sangli,Vegetables,Onion,11-06-2026,204.80,Metric Tonnes,1158.06,Rs./Quintal
Maharashtra,Sangli,Vegetables,Onion,12-06-2026,214.10,Metric Tonnes,1007.47,Rs./Quintal
Maharashtra,Sangli,Vegetables,Onion,13-06-2026,231.90,Metric Tonnes,1225.00,Rs./Quintal
Maharashtra,Sangli,Vegetables,Onion,14-06-2026,5.00,Metric Tonnes,1600.00,Rs./Quintal
Maharashtra,Sangli,Vegetables,Onion,15-06-2026,253.40,Metric Tonnes,1204.74,Rs./Quintal
Maharashtra,Sangli,Vegetables,Onion,16-06-2026,138.30,Metric Tonnes,1100.00,Rs./Quintal
Maharashtra,Sangli,Vegetables,Onion,17-06-2026,227.70,Metric Tonnes,1350.00,Rs./Quintal
Maharashtra,Sangli,Vegetables,Onion,18-06-2026,223.20,Metric Tonnes,1354.03,Rs./Quintal
Maharashtra,Sangli,Vegetables,Onion,19-06-2026,319.80,Metric Tonnes,1403.75,Rs./Quintal
Maharashtra,Sangli,Vegetables,Onion,20-06-2026,404.20,Metric Tonnes,1500.00,Rs./Quintal
Maharashtra,Sangli,Vegetables,Onion,21-06-2026,2.00,Metric Tonnes,1800.00,Rs./Quintal
Maharashtra,Sangli,Vegetables,Onion,22-06-2026,2.00,Metric Tonnes,1800.00,Rs./Quintal
Maharashtra,Sangli,Vegetables,Onion,23-06-2026,452.60,Metric Tonnes,1413.71,Rs./Quintal
Maharashtra,Sangli,Vegetables,Onion,24-06-2026,297.70,Metric Tonnes,1400.00,Rs./Quintal
Maharashtra,Sangli,Vegetables,Onion,25-06-2026,5.00,Metric Tonnes,2000.00,Rs./Quintal
Maharashtra,Sangli,Vegetables,Onion,26-06-2026,619.40,Metric Tonnes,1750.00,Rs./Quintal
Maharashtra,Sangli,Vegetables,Onion,27-06-2026,453.80,Metric Tonnes,1650.00,Rs./Quintal
Maharashtra,Sangli,Vegetables,Onion,29-06-2026,384.90,Metric Tonnes,1559.87,Rs./Quintal
Maharashtra,Sangli,Vegetables,Onion,30-06-2026,147.80,Metric Tonnes,1550.00,Rs./Quintal
Maharashtra,Sangli,Vegetables,Onion,01-07-2026,323.00,Metric Tonnes,1650.00,Rs./Quintal
Maharashtra,Sangli,Vegetables,Onion,02-07-2026,241.10,Metric Tonnes,1823.23,Rs./Quintal
Maharashtra,Sangli,Vegetables,Onion,03-07-2026,252.90,Metric Tonnes,1750.00,Rs./Quintal
Maharashtra,Sangli,Vegetables,Onion,04-07-2026,297.00,Metric Tonnes,1800.00,Rs./Quintal
Maharashtra,Sangli,Vegetables,Onion,06-07-2026,190.00,Metric Tonnes,2255.26,Rs./Quintal
Maharashtra,Sangli,Vegetables,Onion,07-07-2026,173.60,Metric Tonnes,2154.03,Rs./Quintal
Maharashtra,Sangli,Vegetables,Onion,08-07-2026,326.00,Metric Tonnes,2150.00,Rs./Quintal
Maharashtra,Sangli,Vegetables,Onion,09-07-2026,213.30,Metric Tonnes,2156.56,Rs./Quintal
Maharashtra,Sangli,Vegetables,Onion,10-07-2026,414.90,Metric Tonnes,2050.00,Rs./Quintal
Maharashtra,Sangli,Vegetables,Onion,11-07-2026,509.20,Metric Tonnes,1856.38,Rs./Quintal
Maharashtra,Sangli,Vegetables,Onion,13-07-2026,297.60,Metric Tonnes,1862.60,Rs./Quintal
Maharashtra,Sangli,Vegetables,Onion,14-07-2026,243.70,Metric Tonnes,1880.13,Rs./Quintal
Maharashtra,Sangli,Vegetables,Onion,15-07-2026,207.50,Metric Tonnes,1800.00,Rs./Quintal
Maharashtra,Sangli,Vegetables,Onion,16-07-2026,115.80,Metric Tonnes,1949.83,Rs./Quintal
Maharashtra,Sangli,Vegetables,Onion,17-07-2026,6.00,Metric Tonnes,1933.33,Rs./Quintal
Maharashtra,Sangli,Vegetables,Onion,18-07-2026,341.60,Metric Tonnes,1950.00,Rs./Quintal
Maharashtra,Sangli,Vegetables,Onion,19-07-2026,2.00,Metric Tonnes,2500.00,Rs./Quintal
Maharashtra,Sangli,Vegetables,Onion,20-07-2026,259.20,Metric Tonnes,1521.22,Rs./Quintal
Maharashtra,Sangli,Vegetables,Onion,21-07-2026,207.00,Metric Tonnes,2000.00,Rs./Quintal
Maharashtra,Sangli,Vegetables,Onion,22-07-2026,366.60,Metric Tonnes,1900.00,Rs./Quintal
Maharashtra,Sangli,Vegetables,Onion,23-07-2026,205.50,Metric Tonnes,2004.26,Rs./Quintal
Maharashtra,Sangli,Vegetables,Onion,27-07-2026,285.00,Metric Tonnes,1912.28,Rs./Quintal
Maharashtra,Sangli,Vegetables,Onion,28-07-2026,174.40,Metric Tonnes,1750.00,Rs./Quintal
Maharashtra,Sangli,Vegetables,Onion,29-07-2026,372.30,Metric Tonnes,1850.00,Rs./Quintal
Maharashtra,Sangli,Vegetables,Onion,30-07-2026,206.70,Metric Tonnes,1772.98,Rs./Quintal
Maharashtra,Sangli,Vegetables,Onion,31-07-2026,1.50,Metric Tonnes,2600.00,Rs./Quintal
Maharashtra,Sangli,Vegetables,Onion,01-08-2026,289.60,Metric Tonnes,1764.68,Rs./Quintal
Maharashtra,Sangli,Vegetables,Onion,02-08-2026,4.00,Metric Tonnes,1750.00,Rs./Quintal
Maharashtra,Sangli,Vegetables,Onion,03-08-2026,330.00,Metric Tonnes,1750.00,Rs./Quintal
Maharashtra,Sangli,Vegetables,Onion,04-08-2026,155.80,Metric Tonnes,1720.22,Rs./Quintal
Maharashtra,Sangli,Vegetables,Onion,05-08-2026,231.50,Metric Tonnes,1900.00,Rs./Quintal
Maharashtra,Sangli,Vegetables,Onion,06-08-2026,143.30,Metric Tonnes,2046.96,Rs./Quintal
Maharashtra,Sangli,Vegetables,Onion,07-08-2026,314.40,Metric Tonnes,2000.00,Rs./Quintal
Maharashtra,Sangli,Vegetables,Onion,08-08-2026,283.70,Metric Tonnes,2000.00,Rs./Quintal
Maharashtra,Sangli,Vegetables,Onion,09-08-2026,5.50,Metric Tonnes,2281.82,Rs./Quintal
Maharashtra,Sangli,Vegetables,Onion,10-08-2026,290.50,Metric Tonnes,1900.00,Rs./Quintal
Maharashtra,Sangli,Vegetables,Onion,11-08-2026,132.10,Metric Tonnes,2000.00,Rs./Quintal
Maharashtra,Sangli,Vegetables,Onion,12-08-2026,230.10,Metric Tonnes,2250.00,Rs./Quintal
Maharashtra,Sangli,Vegetables,Onion,13-08-2026,187.30,Metric Tonnes,2103.47,Rs./Quintal
Maharashtra,Sangli,Vegetables,Onion,15-08-2026,10.00,Metric Tonnes,2800.00,Rs./Quintal
Maharashtra,Sangli,Vegetables,Onion,17-08-2026,297.00,Metric Tonnes,2405.39,Rs./Quintal
Maharashtra,Sangli,Vegetables,Onion,18-08-2026,93.00,Metric Tonnes,2750.00,Rs./Quintal
Maharashtra,Sangli,Vegetables,Onion,19-08-2026,268.40,Metric Tonnes,3300.00,Rs./Quintal
Maharashtra,Sangli,Vegetables,Onion,20-08-2026,326.80,Metric Tonnes,3009.94,Rs./Quintal
Maharashtra,Sangli,Vegetables,Onion,21-08-2026,344.20,Metric Tonnes,2500.00,Rs./Quintal
Maharashtra,Sangli,Vegetables,Onion,22-08-2026,541.40,Metric Tonnes,2604.99,Rs./Quintal
Maharashtra,Sangli,Vegetables,Onion,23-08-2026,7.50,Metric Tonnes,3133.33,Rs./Quintal
Maharashtra,Sangli,Vegetables,Onion,24-08-2026,216.20,Metric Tonnes,2623.13,Rs./Quintal
Maharashtra,Sangli,Vegetables,Onion,25-08-2026,171.80,Metric Tonnes,3082.54,Rs./Quintal
Maharashtra,Sangli,Vegetables,Onion,26-08-2026,401.10,Metric Tonnes,3100.00,Rs./Quintal
Maharashtra,Sangli,Vegetables,Onion,27-08-2026,307.50,Metric Tonnes,2866.34,Rs./Quintal
Maharashtra,Sangli,Vegetables,Onion,29-08-2026,476.40,Metric Tonnes,2902.94,Rs./Quintal
Maharashtra,Sangli,Vegetables,Onion,30-08-2026,5.00,Metric Tonnes,3600.00,Rs./Quintal
Maharashtra,Sangli,Vegetables,Onion,31-08-2026,158.50,Metric Tonnes,3218.93,Rs./Quintal
Maharashtra,Sangli,Vegetables,Onion,01-09-2026,2465.00,Metric Tonnes,3200.00,Rs./Quintal
Maharashtra,Sangli,Vegetables,Onion,02-09-2026,298.40,Metric Tonnes,3350.00,Rs./Quintal
Maharashtra,Sangli,Vegetables,Onion,03-09-2026,1361.00,Metric Tonnes,3653.12,Rs./Quintal
Maharashtra,Sangli,Vegetables,Onion,04-09-2026,3.00,Metric Tonnes,4200.00,Rs./Quintal
Maharashtra,Sangli,Vegetables,Onion,05-09-2026,249.70,Metric Tonnes,3400.00,Rs./Quintal
Maharashtra,Sangli,Vegetables,Onion,06-09-2026,4.40,Metric Tonnes,4486.36,Rs./Quintal
Maharashtra,Sangli,Vegetables,Onion,07-09-2026,248.30,Metric Tonnes,3460.87,Rs./Quintal
Maharashtra,Sangli,Vegetables,Onion,08-09-2026,79.60,Metric Tonnes,3300.00,Rs./Quintal
Maharashtra,Sangli,Vegetables,Onion,09-09-2026,286.20,Metric Tonnes,3500.00,Rs./Quintal

Note:
Weighted Average Price = ∑(arrival quantity * modal price) / ∑arrival quantity

