,,,,All Type of Report (All Grades) for 01-Jan-2021 to 09-Sep-2026,,,,
State/UT,District,Commodity Group,Commodity,Date,Arrival Quantity 01-01-2021 to 09-09-2026,Arrival Unit,Modal Price 01-01-2021 to 09-09-2026,Price Unit
Maharashtra,Kolhapur,Vegetables,Onion,01-01-2021,84.00,Metric Tonnes,2700.00,Rs./Quintal
Maharashtra,Kolhapur,Vegetables,Onion,02-01-2021,439.00,Metric Tonnes,2800.00,Rs./Quintal
Maharashtra,Kolhapur,Vegetables,Onion,04-01-2021,445.00,Metric Tonnes,2800.00,Rs./Quintal
Maharashtra,Kolhapur,Vegetables,Onion,05-01-2021,402.00,Metric Tonnes,2500.00,Rs./Quintal
Maharashtra,Kolhapur,Vegetables,Onion,06-01-2021,410.00,Metric Tonnes,2200.00,Rs./Quintal
Maharashtra,Kolhapur,Vegetables,Onion,14-01-2021,161.00,Metric Tonnes,2700.00,Rs./Quintal
Maharashtra,Kolhapur,Vegetables,Onion,16-01-2021,275.00,Metric Tonnes,3000.00,Rs./Quintal
Maharashtra,Kolhapur,Vegetables,Onion,18-01-2021,423.00,Metric Tonnes,2900.00,Rs./Quintal
Maharashtra,Kolhapur,Vegetables,Onion,19-01-2021,239.00,Metric Tonnes,2900.00,Rs./Quintal
Maharashtra,Kolhapur,Vegetables,Onion,20-01-2021,489.00,Metric Tonnes,2800.00,Rs./Quintal
Maharashtra,Kolhapur,Vegetables,Onion,21-01-2021,470.00,Metric Tonnes,2600.00,Rs./Quintal
Maharashtra,Kolhapur,Vegetables,Onion,22-01-2021,521.00,Metric Tonnes,2700.00,Rs./Quintal
Maharashtra,Kolhapur,Vegetables,Onion,23-01-2021,838.00,Metric Tonnes,2500.00,Rs./Quintal
Maharashtra,Kolhapur,Vegetables,Onion,25-01-2021,809.00,Metric Tonnes,2400.00,Rs./Quintal
Maharashtra,Kolhapur,Vegetables,Onion,27-01-2021,571.00,Metric Tonnes,2200.00,Rs./Quintal
Maharashtra,Kolhapur,Vegetables,Onion,28-01-2021,302.00,Metric Tonnes,2300.00,Rs./Quintal
Maharashtra,Kolhapur,Vegetables,Onion,29-01-2021,441.00,Metric Tonnes,2300.00,Rs./Quintal
Maharashtra,Kolhapur,Vegetables,Onion,30-01-2021,553.00,Metric Tonnes,2500.00,Rs./Quintal
Maharashtra,Kolhapur,Vegetables,Onion,01-02-2021,539.00,Metric Tonnes,2500.00,Rs./Quintal
Maharashtra,Kolhapur,Vegetables,Onion,02-02-2021,326.00,Metric Tonnes,2600.00,Rs./Quintal
Maharashtra,Kolhapur,Vegetables,Onion,03-02-2021,368.00,Metric Tonnes,3000.00,Rs./Quintal
Maharashtra,Kolhapur,Vegetables,Onion,04-02-2021,413.00,Metric Tonnes,2900.00,Rs./Quintal
Maharashtra,Kolhapur,Vegetables,Onion,05-02-2021,373.00,Metric Tonnes,2700.00,Rs./Quintal
Maharashtra,Kolhapur,Vegetables,Onion,06-02-2021,439.00,Metric Tonnes,2700.00,Rs./Quintal
Maharashtra,Kolhapur,Vegetables,Onion,09-02-2021,302.00,Metric Tonnes,3000.00,Rs./Quintal
Maharashtra,Kolhapur,Vegetables,Onion,10-02-2021,399.00,Metric Tonnes,3200.00,Rs./Quintal
Maharashtra,Kolhapur,Vegetables,Onion,11-02-2021,337.00,Metric Tonnes,3200.00,Rs./Quintal
Maharashtra,Kolhapur,Vegetables,Onion,12-02-2021,459.00,Metric Tonnes,3000.00,Rs./Quintal
Maharashtra,Kolhapur,Vegetables,Onion,13-02-2021,497.00,Metric Tonnes,3000.00,Rs./Quintal
Maharashtra,Kolhapur,Vegetables,Onion,15-02-2021,462.00,Metric Tonnes,3200.00,Rs./Quintal
Maharashtra,Kolhapur,Vegetables,Onion,16-02-2021,299.00,Metric Tonnes,3500.00,Rs./Quintal
Maharashtra,Kolhapur,Vegetables,Onion,17-02-2021,601.00,Metric Tonnes,3300.00,Rs./Quintal
Maharashtra,Kolhapur,Vegetables,Onion,18-02-2021,346.00,Metric Tonnes,3200.00,Rs./Quintal
Maharashtra,Kolhapur,Vegetables,Onion,20-02-2021,849.00,Metric Tonnes,3200.00,Rs./Quintal
Maharashtra,Kolhapur,Vegetables,Onion,22-02-2021,571.00,Metric Tonnes,3200.00,Rs./Quintal
Maharashtra,Kolhapur,Vegetables,Onion,23-02-2021,436.00,Metric Tonnes,3300.00,Rs./Quintal
Maharashtra,Kolhapur,Vegetables,Onion,24-02-2021,549.00,Metric Tonnes,3200.00,Rs./Quintal
Maharashtra,Kolhapur,Vegetables,Onion,25-02-2021,475.00,Metric Tonnes,2800.00,Rs./Quintal
Maharashtra,Kolhapur,Vegetables,Onion,26-02-2021,464.00,Metric Tonnes,2600.00,Rs./Quintal
Maharashtra,Kolhapur,Vegetables,Onion,27-02-2021,467.00,Metric Tonnes,2300.00,Rs./Quintal
Maharashtra,Kolhapur,Vegetables,Onion,01-03-2021,395.00,Metric Tonnes,2500.00,Rs./Quintal
Maharashtra,Kolhapur,Vegetables,Onion,02-03-2021,288.00,Metric Tonnes,2400.00,Rs./Quintal
Maharashtra,Kolhapur,Vegetables,Onion,03-03-2021,413.00,Metric Tonnes,2400.00,Rs./Quintal
Maharashtra,Kolhapur,Vegetables,Onion,04-03-2021,333.00,Metric Tonnes,2300.00,Rs./Quintal
Maharashtra,Kolhapur,Vegetables,Onion,05-03-2021,434.00,Metric Tonnes,2200.00,Rs./Quintal
Maharashtra,Kolhapur,Vegetables,Onion,06-03-2021,439.00,Metric Tonnes,2300.00,Rs./Quintal
Maharashtra,Kolhapur,Vegetables,Onion,08-03-2021,752.00,Metric Tonnes,1500.00,Rs./Quintal
Maharashtra,Kolhapur,Vegetables,Onion,09-03-2021,442.00,Metric Tonnes,1400.00,Rs./Quintal
Maharashtra,Kolhapur,Vegetables,Onion,10-03-2021,698.00,Metric Tonnes,1500.00,Rs./Quintal
Maharashtra,Kolhapur,Vegetables,Onion,11-03-2021,377.00,Metric Tonnes,1350.00,Rs./Quintal
Maharashtra,Kolhapur,Vegetables,Onion,12-03-2021,357.00,Metric Tonnes,1400.00,Rs./Quintal
Maharashtra,Kolhapur,Vegetables,Onion,13-03-2021,723.00,Metric Tonnes,1500.00,Rs./Quintal
Maharashtra,Kolhapur,Vegetables,Onion,15-03-2021,714.00,Metric Tonnes,1500.00,Rs./Quintal
Maharashtra,Kolhapur,Vegetables,Onion,16-03-2021,437.00,Metric Tonnes,1400.00,Rs./Quintal
Maharashtra,Kolhapur,Vegetables,Onion,22-03-2021,378.00,Metric Tonnes,1200.00,Rs./Quintal
Maharashtra,Kolhapur,Vegetables,Onion,23-03-2021,267.00,Metric Tonnes,1350.00,Rs./Quintal
Maharashtra,Kolhapur,Vegetables,Onion,24-03-2021,422.00,Metric Tonnes,1200.00,Rs./Quintal
Maharashtra,Kolhapur,Vegetables,Onion,25-03-2021,204.00,Metric Tonnes,1300.00,Rs./Quintal
Maharashtra,Kolhapur,Vegetables,Onion,26-03-2021,423.00,Metric Tonnes,1300.00,Rs./Quintal
Maharashtra,Kolhapur,Vegetables,Onion,27-03-2021,788.00,Metric Tonnes,1200.00,Rs./Quintal
Maharashtra,Kolhapur,Vegetables,Onion,30-03-2021,641.00,Metric Tonnes,1200.00,Rs./Quintal
Maharashtra,Kolhapur,Vegetables,Onion,31-03-2021,469.00,Metric Tonnes,1150.00,Rs./Quintal
Maharashtra,Kolhapur,Vegetables,Onion,01-04-2021,440.00,Metric Tonnes,1100.00,Rs./Quintal
Maharashtra,Kolhapur,Vegetables,Onion,03-04-2021,701.00,Metric Tonnes,1200.00,Rs./Quintal
Maharashtra,Kolhapur,Vegetables,Onion,05-04-2021,544.00,Metric Tonnes,1000.00,Rs./Quintal
Maharashtra,Kolhapur,Vegetables,Onion,07-04-2021,737.00,Metric Tonnes,1100.00,Rs./Quintal
Maharashtra,Kolhapur,Vegetables,Onion,08-04-2021,528.00,Metric Tonnes,1100.00,Rs./Quintal
Maharashtra,Kolhapur,Vegetables,Onion,09-04-2021,701.00,Metric Tonnes,1000.00,Rs./Quintal
Maharashtra,Kolhapur,Vegetables,Onion,10-04-2021,25.00,Metric Tonnes,1000.00,Rs./Quintal
Maharashtra,Kolhapur,Vegetables,Onion,12-04-2021,928.00,Metric Tonnes,1100.00,Rs./Quintal
Maharashtra,Kolhapur,Vegetables,Onion,13-04-2021,358.00,Metric Tonnes,1000.00,Rs./Quintal
Maharashtra,Kolhapur,Vegetables,Onion,14-04-2021,313.00,Metric Tonnes,1300.00,Rs./Quintal
Maharashtra,Kolhapur,Vegetables,Onion,15-04-2021,503.00,Metric Tonnes,1200.00,Rs./Quintal
Maharashtra,Kolhapur,Vegetables,Onion,16-04-2021,466.00,Metric Tonnes,1100.00,Rs./Quintal
Maharashtra,Kolhapur,Vegetables,Onion,17-04-2021,495.00,Metric Tonnes,1000.00,Rs./Quintal
Maharashtra,Kolhapur,Vegetables,Onion,19-04-2021,728.00,Metric Tonnes,1100.00,Rs./Quintal
Maharashtra,Kolhapur,Vegetables,Onion,20-04-2021,516.00,Metric Tonnes,900.00,Rs./Quintal
Maharashtra,Kolhapur,Vegetables,Onion,21-04-2021,590.00,Metric Tonnes,1000.00,Rs./Quintal
Maharashtra,Kolhapur,Vegetables,Onion,22-04-2021,643.00,Metric Tonnes,800.00,Rs./Quintal
Maharashtra,Kolhapur,Vegetables,Onion,23-04-2021,384.00,Metric Tonnes,900.00,Rs./Quintal
Maharashtra,Kolhapur,Vegetables,Onion,24-04-2021,268.00,Metric Tonnes,1000.00,Rs./Quintal
Maharashtra,Kolhapur,Vegetables,Onion,26-04-2021,581.00,Metric Tonnes,1000.00,Rs./Quintal
Maharashtra,Kolhapur,Vegetables,Onion,27-04-2021,423.00,Metric Tonnes,1100.00,Rs./Quintal
Maharashtra,Kolhapur,Vegetables,Onion,28-04-2021,610.00,Metric Tonnes,1000.00,Rs./Quintal
Maharashtra,Kolhapur,Vegetables,Onion,29-04-2021,485.00,Metric Tonnes,1000.00,Rs./Quintal
Maharashtra,Kolhapur,Vegetables,Onion,30-04-2021,647.00,Metric Tonnes,1000.00,Rs./Quintal
Maharashtra,Kolhapur,Vegetables,Onion,03-05-2021,789.00,Metric Tonnes,900.00,Rs./Quintal
Maharashtra,Kolhapur,Vegetables,Onion,04-05-2021,433.00,Metric Tonnes,1000.00,Rs./Quintal
Maharashtra,Kolhapur,Vegetables,Onion,05-05-2021,686.00,Metric Tonnes,1000.00,Rs./Quintal
Maharashtra,Kolhapur,Vegetables,Onion,06-05-2021,392.00,Metric Tonnes,1000.00,Rs./Quintal
Maharashtra,Kolhapur,Vegetables,Onion,07-05-2021,539.00,Metric Tonnes,900.00,Rs./Quintal
Maharashtra,Kolhapur,Vegetables,Onion,08-05-2021,528.00,Metric Tonnes,1000.00,Rs./Quintal
Maharashtra,Kolhapur,Vegetables,Onion,10-05-2021,696.00,Metric Tonnes,1000.00,Rs./Quintal
Maharashtra,Kolhapur,Vegetables,Onion,11-05-2021,455.00,Metric Tonnes,1000.00,Rs./Quintal
Maharashtra,Kolhapur,Vegetables,Onion,12-05-2021,444.00,Metric Tonnes,1200.00,Rs./Quintal
Maharashtra,Kolhapur,Vegetables,Onion,13-05-2021,548.00,Metric Tonnes,1000.00,Rs./Quintal
Maharashtra,Kolhapur,Vegetables,Onion,15-05-2021,677.00,Metric Tonnes,1100.00,Rs./Quintal
Maharashtra,Kolhapur,Vegetables,Onion,24-05-2021,597.00,Metric Tonnes,1300.00,Rs./Quintal
Maharashtra,Kolhapur,Vegetables,Onion,25-05-2021,292.00,Metric Tonnes,1200.00,Rs./Quintal
Maharashtra,Kolhapur,Vegetables,Onion,26-05-2021,586.00,Metric Tonnes,1300.00,Rs./Quintal
Maharashtra,Kolhapur,Vegetables,Onion,27-05-2021,457.00,Metric Tonnes,1300.00,Rs./Quintal
Maharashtra,Kolhapur,Vegetables,Onion,28-05-2021,484.00,Metric Tonnes,1200.00,Rs./Quintal
Maharashtra,Kolhapur,Vegetables,Onion,29-05-2021,601.00,Metric Tonnes,1300.00,Rs./Quintal
Maharashtra,Kolhapur,Vegetables,Onion,31-05-2021,588.00,Metric Tonnes,1300.00,Rs./Quintal
Maharashtra,Kolhapur,Vegetables,Onion,01-06-2021,369.00,Metric Tonnes,1200.00,Rs./Quintal
Maharashtra,Kolhapur,Vegetables,Onion,02-06-2021,378.00,Metric Tonnes,1400.00,Rs./Quintal
Maharashtra,Kolhapur,Vegetables,Onion,03-06-2021,356.00,Metric Tonnes,1400.00,Rs./Quintal
Maharashtra,Kolhapur,Vegetables,Onion,04-06-2021,525.00,Metric Tonnes,1500.00,Rs./Quintal
Maharashtra,Kolhapur,Vegetables,Onion,05-06-2021,478.00,Metric Tonnes,1400.00,Rs./Quintal
Maharashtra,Kolhapur,Vegetables,Onion,07-06-2021,640.00,Metric Tonnes,1400.00,Rs./Quintal
Maharashtra,Kolhapur,Vegetables,Onion,08-06-2021,281.00,Metric Tonnes,1300.00,Rs./Quintal
Maharashtra,Kolhapur,Vegetables,Onion,09-06-2021,432.00,Metric Tonnes,1400.00,Rs./Quintal
Maharashtra,Kolhapur,Vegetables,Onion,10-06-2021,294.00,Metric Tonnes,1500.00,Rs./Quintal
Maharashtra,Kolhapur,Vegetables,Onion,11-06-2021,388.00,Metric Tonnes,1300.00,Rs./Quintal
Maharashtra,Kolhapur,Vegetables,Onion,12-06-2021,295.00,Metric Tonnes,1398.64,Rs./Quintal
Maharashtra,Kolhapur,Vegetables,Onion,14-06-2021,499.00,Metric Tonnes,1394.46,Rs./Quintal
Maharashtra,Kolhapur,Vegetables,Onion,15-06-2021,250.00,Metric Tonnes,1406.00,Rs./Quintal
Maharashtra,Kolhapur,Vegetables,Onion,16-06-2021,260.00,Metric Tonnes,1403.46,Rs./Quintal
Maharashtra,Kolhapur,Vegetables,Onion,17-06-2021,315.00,Metric Tonnes,1400.00,Rs./Quintal
Maharashtra,Kolhapur,Vegetables,Onion,18-06-2021,240.00,Metric Tonnes,1400.00,Rs./Quintal
Maharashtra,Kolhapur,Vegetables,Onion,19-06-2021,370.00,Metric Tonnes,1501.62,Rs./Quintal
Maharashtra,Kolhapur,Vegetables,Onion,21-06-2021,418.00,Metric Tonnes,1500.00,Rs./Quintal
Maharashtra,Kolhapur,Vegetables,Onion,22-06-2021,259.00,Metric Tonnes,1500.00,Rs./Quintal
Maharashtra,Kolhapur,Vegetables,Onion,23-06-2021,469.00,Metric Tonnes,1600.00,Rs./Quintal
Maharashtra,Kolhapur,Vegetables,Onion,24-06-2021,339.00,Metric Tonnes,1600.00,Rs./Quintal
Maharashtra,Kolhapur,Vegetables,Onion,25-06-2021,457.00,Metric Tonnes,1600.00,Rs./Quintal
Maharashtra,Kolhapur,Vegetables,Onion,26-06-2021,370.00,Metric Tonnes,1500.00,Rs./Quintal
Maharashtra,Kolhapur,Vegetables,Onion,28-06-2021,425.00,Metric Tonnes,1500.00,Rs./Quintal
Maharashtra,Kolhapur,Vegetables,Onion,29-06-2021,212.00,Metric Tonnes,1608.49,Rs./Quintal
Maharashtra,Kolhapur,Vegetables,Onion,30-06-2021,343.00,Metric Tonnes,1600.00,Rs./Quintal
Maharashtra,Kolhapur,Vegetables,Onion,01-07-2021,295.00,Metric Tonnes,1600.00,Rs./Quintal
Maharashtra,Kolhapur,Vegetables,Onion,02-07-2021,262.00,Metric Tonnes,1500.00,Rs./Quintal
Maharashtra,Kolhapur,Vegetables,Onion,03-07-2021,424.00,Metric Tonnes,1500.00,Rs./Quintal
Maharashtra,Kolhapur,Vegetables,Onion,05-07-2021,322.00,Metric Tonnes,1600.00,Rs./Quintal
Maharashtra,Kolhapur,Vegetables,Onion,06-07-2021,272.00,Metric Tonnes,1700.00,Rs./Quintal
Maharashtra,Kolhapur,Vegetables,Onion,07-07-2021,364.00,Metric Tonnes,1600.00,Rs./Quintal
Maharashtra,Kolhapur,Vegetables,Onion,08-07-2021,227.00,Metric Tonnes,1600.00,Rs./Quintal
Maharashtra,Kolhapur,Vegetables,Onion,09-07-2021,350.00,Metric Tonnes,1700.00,Rs./Quintal
Maharashtra,Kolhapur,Vegetables,Onion,10-07-2021,530.00,Metric Tonnes,1600.00,Rs./Quintal
Maharashtra,Kolhapur,Vegetables,Onion,12-07-2021,503.00,Metric Tonnes,1600.00,Rs./Quintal
Maharashtra,Kolhapur,Vegetables,Onion,13-07-2021,360.00,Metric Tonnes,1500.00,Rs./Quintal
Maharashtra,Kolhapur,Vegetables,Onion,14-07-2021,285.00,Metric Tonnes,1503.51,Rs./Quintal
Maharashtra,Kolhapur,Vegetables,Onion,15-07-2021,167.00,Metric Tonnes,1403.59,Rs./Quintal
Maharashtra,Kolhapur,Vegetables,Onion,16-07-2021,230.00,Metric Tonnes,1600.00,Rs./Quintal
Maharashtra,Kolhapur,Vegetables,Onion,17-07-2021,307.00,Metric Tonnes,1600.00,Rs./Quintal
Maharashtra,Kolhapur,Vegetables,Onion,19-07-2021,205.00,Metric Tonnes,1600.00,Rs./Quintal
Maharashtra,Kolhapur,Vegetables,Onion,20-07-2021,287.00,Metric Tonnes,1500.00,Rs./Quintal
Maharashtra,Kolhapur,Vegetables,Onion,22-07-2021,352.00,Metric Tonnes,1600.00,Rs./Quintal
Maharashtra,Kolhapur,Vegetables,Onion,26-07-2021,18.00,Metric Tonnes,1600.00,Rs./Quintal
Maharashtra,Kolhapur,Vegetables,Onion,27-07-2021,208.00,Metric Tonnes,1600.00,Rs./Quintal
Maharashtra,Kolhapur,Vegetables,Onion,28-07-2021,325.00,Metric Tonnes,1700.00,Rs./Quintal
Maharashtra,Kolhapur,Vegetables,Onion,29-07-2021,319.00,Metric Tonnes,1600.00,Rs./Quintal
Maharashtra,Kolhapur,Vegetables,Onion,30-07-2021,325.00,Metric Tonnes,1700.00,Rs./Quintal
Maharashtra,Kolhapur,Vegetables,Onion,31-07-2021,556.00,Metric Tonnes,1500.00,Rs./Quintal
Maharashtra,Kolhapur,Vegetables,Onion,02-08-2021,541.00,Metric Tonnes,1700.00,Rs./Quintal
Maharashtra,Kolhapur,Vegetables,Onion,03-08-2021,416.00,Metric Tonnes,1600.00,Rs./Quintal
Maharashtra,Kolhapur,Vegetables,Onion,04-08-2021,351.00,Metric Tonnes,1500.00,Rs./Quintal
Maharashtra,Kolhapur,Vegetables,Onion,06-08-2021,337.00,Metric Tonnes,1500.00,Rs./Quintal
Maharashtra,Kolhapur,Vegetables,Onion,07-08-2021,352.00,Metric Tonnes,1500.00,Rs./Quintal
Maharashtra,Kolhapur,Vegetables,Onion,09-08-2021,334.00,Metric Tonnes,1500.00,Rs./Quintal
Maharashtra,Kolhapur,Vegetables,Onion,10-08-2021,261.00,Metric Tonnes,1500.00,Rs./Quintal
Maharashtra,Kolhapur,Vegetables,Onion,11-08-2021,331.00,Metric Tonnes,1506.04,Rs./Quintal
Maharashtra,Kolhapur,Vegetables,Onion,12-08-2021,179.00,Metric Tonnes,1505.59,Rs./Quintal
Maharashtra,Kolhapur,Vegetables,Onion,13-08-2021,290.00,Metric Tonnes,1484.66,Rs./Quintal
Maharashtra,Kolhapur,Vegetables,Onion,14-08-2021,432.00,Metric Tonnes,1502.08,Rs./Quintal
Maharashtra,Kolhapur,Vegetables,Onion,17-08-2021,535.00,Metric Tonnes,1500.00,Rs./Quintal
Maharashtra,Kolhapur,Vegetables,Onion,18-08-2021,145.00,Metric Tonnes,1503.45,Rs./Quintal
Maharashtra,Kolhapur,Vegetables,Onion,19-08-2021,46.00,Metric Tonnes,1578.26,Rs./Quintal
Maharashtra,Kolhapur,Vegetables,Onion,23-08-2021,283.00,Metric Tonnes,1600.00,Rs./Quintal
Maharashtra,Kolhapur,Vegetables,Onion,24-08-2021,284.00,Metric Tonnes,1600.00,Rs./Quintal
Maharashtra,Kolhapur,Vegetables,Onion,25-08-2021,349.00,Metric Tonnes,1500.00,Rs./Quintal
Maharashtra,Kolhapur,Vegetables,Onion,26-08-2021,386.00,Metric Tonnes,1500.00,Rs./Quintal
Maharashtra,Kolhapur,Vegetables,Onion,27-08-2021,437.00,Metric Tonnes,1550.00,Rs./Quintal
Maharashtra,Kolhapur,Vegetables,Onion,28-08-2021,587.00,Metric Tonnes,1400.00,Rs./Quintal
Maharashtra,Kolhapur,Vegetables,Onion,30-08-2021,579.00,Metric Tonnes,1396.89,Rs./Quintal
Maharashtra,Kolhapur,Vegetables,Onion,31-08-2021,278.00,Metric Tonnes,1400.00,Rs./Quintal
Maharashtra,Kolhapur,Vegetables,Onion,01-09-2021,130.00,Metric Tonnes,1400.00,Rs./Quintal
Maharashtra,Kolhapur,Vegetables,Onion,02-09-2021,277.00,Metric Tonnes,1400.00,Rs./Quintal
Maharashtra,Kolhapur,Vegetables,Onion,03-09-2021,278.00,Metric Tonnes,1375.07,Rs./Quintal
Maharashtra,Kolhapur,Vegetables,Onion,04-09-2021,513.00,Metric Tonnes,1500.00,Rs./Quintal
Maharashtra,Kolhapur,Vegetables,Onion,06-09-2021,347.00,Metric Tonnes,1600.86,Rs./Quintal
Maharashtra,Kolhapur,Vegetables,Onion,07-09-2021,316.00,Metric Tonnes,1500.95,Rs./Quintal
Maharashtra,Kolhapur,Vegetables,Onion,08-09-2021,339.00,Metric Tonnes,1500.00,Rs./Quintal
Maharashtra,Kolhapur,Vegetables,Onion,09-09-2021,408.00,Metric Tonnes,1500.00,Rs./Quintal
Maharashtra,Kolhapur,Vegetables,Onion,11-09-2021,779.00,Metric Tonnes,1400.00,Rs./Quintal
Maharashtra,Kolhapur,Vegetables,Onion,13-09-2021,299.00,Metric Tonnes,1500.00,Rs./Quintal
Maharashtra,Kolhapur,Vegetables,Onion,15-09-2021,420.00,Metric Tonnes,1400.00,Rs./Quintal
Maharashtra,Kolhapur,Vegetables,Onion,16-09-2021,170.00,Metric Tonnes,1500.00,Rs./Quintal
Maharashtra,Kolhapur,Vegetables,Onion,17-09-2021,227.00,Metric Tonnes,1400.00,Rs./Quintal
Maharashtra,Kolhapur,Vegetables,Onion,18-09-2021,340.00,Metric Tonnes,1500.00,Rs./Quintal
Maharashtra,Kolhapur,Vegetables,Onion,20-09-2021,340.00,Metric Tonnes,1600.00,Rs./Quintal
Maharashtra,Kolhapur,Vegetables,Onion,21-09-2021,393.00,Metric Tonnes,1600.00,Rs./Quintal
Maharashtra,Kolhapur,Vegetables,Onion,22-09-2021,447.00,Metric Tonnes,1600.00,Rs./Quintal
Maharashtra,Kolhapur,Vegetables,Onion,23-09-2021,466.00,Metric Tonnes,1600.00,Rs./Quintal
Maharashtra,Kolhapur,Vegetables,Onion,24-09-2021,418.00,Metric Tonnes,1401.91,Rs./Quintal
Maharashtra,Kolhapur,Vegetables,Onion,25-09-2021,559.00,Metric Tonnes,1400.00,Rs./Quintal
Maharashtra,Kolhapur,Vegetables,Onion,27-09-2021,519.00,Metric Tonnes,1402.89,Rs./Quintal
Maharashtra,Kolhapur,Vegetables,Onion,28-09-2021,244.00,Metric Tonnes,1409.84,Rs./Quintal
Maharashtra,Kolhapur,Vegetables,Onion,29-09-2021,367.00,Metric Tonnes,1602.72,Rs./Quintal
Maharashtra,Kolhapur,Vegetables,Onion,30-09-2021,391.00,Metric Tonnes,1600.00,Rs./Quintal
Maharashtra,Kolhapur,Vegetables,Onion,01-10-2021,271.00,Metric Tonnes,1795.57,Rs./Quintal
Maharashtra,Kolhapur,Vegetables,Onion,02-10-2021,435.00,Metric Tonnes,1700.00,Rs./Quintal
Maharashtra,Kolhapur,Vegetables,Onion,04-10-2021,479.00,Metric Tonnes,1700.00,Rs./Quintal
Maharashtra,Kolhapur,Vegetables,Onion,05-10-2021,339.00,Metric Tonnes,1800.00,Rs./Quintal
Maharashtra,Kolhapur,Vegetables,Onion,06-10-2021,433.00,Metric Tonnes,1800.00,Rs./Quintal
Maharashtra,Kolhapur,Vegetables,Onion,07-10-2021,267.00,Metric Tonnes,1800.00,Rs./Quintal
Maharashtra,Kolhapur,Vegetables,Onion,08-10-2021,267.00,Metric Tonnes,2000.00,Rs./Quintal
Maharashtra,Kolhapur,Vegetables,Onion,09-10-2021,470.00,Metric Tonnes,1800.00,Rs./Quintal
Maharashtra,Kolhapur,Vegetables,Onion,11-10-2021,6.00,Metric Tonnes,1800.00,Rs./Quintal
Maharashtra,Kolhapur,Vegetables,Onion,12-10-2021,502.00,Metric Tonnes,2689.24,Rs./Quintal
Maharashtra,Kolhapur,Vegetables,Onion,13-10-2021,588.00,Metric Tonnes,2794.90,Rs./Quintal
Maharashtra,Kolhapur,Vegetables,Onion,14-10-2021,323.00,Metric Tonnes,2000.00,Rs./Quintal
Maharashtra,Kolhapur,Vegetables,Onion,16-10-2021,384.00,Metric Tonnes,2200.00,Rs./Quintal
Maharashtra,Kolhapur,Vegetables,Onion,18-10-2021,608.00,Metric Tonnes,2000.00,Rs./Quintal
Maharashtra,Kolhapur,Vegetables,Onion,19-10-2021,393.00,Metric Tonnes,2000.00,Rs./Quintal
Maharashtra,Kolhapur,Vegetables,Onion,20-10-2021,474.00,Metric Tonnes,2000.00,Rs./Quintal
Maharashtra,Kolhapur,Vegetables,Onion,21-10-2021,406.00,Metric Tonnes,1800.00,Rs./Quintal
Maharashtra,Kolhapur,Vegetables,Onion,22-10-2021,429.00,Metric Tonnes,1600.00,Rs./Quintal
Maharashtra,Kolhapur,Vegetables,Onion,23-10-2021,448.00,Metric Tonnes,1800.00,Rs./Quintal
Maharashtra,Kolhapur,Vegetables,Onion,25-10-2021,398.00,Metric Tonnes,1800.00,Rs./Quintal
Maharashtra,Kolhapur,Vegetables,Onion,26-10-2021,329.00,Metric Tonnes,1700.00,Rs./Quintal
Maharashtra,Kolhapur,Vegetables,Onion,27-10-2021,387.00,Metric Tonnes,1800.00,Rs./Quintal
Maharashtra,Kolhapur,Vegetables,Onion,28-10-2021,439.00,Metric Tonnes,1800.00,Rs./Quintal
Maharashtra,Kolhapur,Vegetables,Onion,29-10-2021,539.00,Metric Tonnes,1502.78,Rs./Quintal
Maharashtra,Kolhapur,Vegetables,Onion,30-10-2021,518.00,Metric Tonnes,1800.00,Rs./Quintal
Maharashtra,Kolhapur,Vegetables,Onion,01-11-2021,422.00,Metric Tonnes,1700.00,Rs./Quintal
Maharashtra,Kolhapur,Vegetables,Onion,02-11-2021,210.00,Metric Tonnes,1800.00,Rs./Quintal
Maharashtra,Kolhapur,Vegetables,Onion,03-11-2021,150.00,Metric Tonnes,1800.00,Rs./Quintal
Maharashtra,Kolhapur,Vegetables,Onion,05-11-2021,438.00,Metric Tonnes,1700.00,Rs./Quintal
Maharashtra,Kolhapur,Vegetables,Onion,06-11-2021,331.00,Metric Tonnes,1500.00,Rs./Quintal
Maharashtra,Kolhapur,Vegetables,Onion,08-11-2021,592.00,Metric Tonnes,2000.00,Rs./Quintal
Maharashtra,Kolhapur,Vegetables,Onion,09-11-2021,443.00,Metric Tonnes,2000.00,Rs./Quintal
Maharashtra,Kolhapur,Vegetables,Onion,10-11-2021,531.00,Metric Tonnes,1900.00,Rs./Quintal
Maharashtra,Kolhapur,Vegetables,Onion,11-11-2021,606.00,Metric Tonnes,2000.00,Rs./Quintal
Maharashtra,Kolhapur,Vegetables,Onion,12-11-2021,569.00,Metric Tonnes,1800.00,Rs./Quintal
Maharashtra,Kolhapur,Vegetables,Onion,13-11-2021,694.00,Metric Tonnes,1798.27,Rs./Quintal
Maharashtra,Kolhapur,Vegetables,Onion,15-11-2021,478.00,Metric Tonnes,1998.95,Rs./Quintal
Maharashtra,Kolhapur,Vegetables,Onion,16-11-2021,245.00,Metric Tonnes,1800.00,Rs./Quintal
Maharashtra,Kolhapur,Vegetables,Onion,17-11-2021,467.00,Metric Tonnes,1800.00,Rs./Quintal
Maharashtra,Kolhapur,Vegetables,Onion,18-11-2021,271.00,Metric Tonnes,1800.00,Rs./Quintal
Maharashtra,Kolhapur,Vegetables,Onion,20-11-2021,597.00,Metric Tonnes,1700.00,Rs./Quintal
Maharashtra,Kolhapur,Vegetables,Onion,22-11-2021,451.00,Metric Tonnes,1800.00,Rs./Quintal
Maharashtra,Kolhapur,Vegetables,Onion,23-11-2021,473.00,Metric Tonnes,1803.17,Rs./Quintal
Maharashtra,Kolhapur,Vegetables,Onion,24-11-2021,660.00,Metric Tonnes,1600.00,Rs./Quintal
Maharashtra,Kolhapur,Vegetables,Onion,25-11-2021,618.00,Metric Tonnes,1401.94,Rs./Quintal
Maharashtra,Kolhapur,Vegetables,Onion,26-11-2021,547.00,Metric Tonnes,1200.00,Rs./Quintal
Maharashtra,Kolhapur,Vegetables,Onion,27-11-2021,359.00,Metric Tonnes,1408.36,Rs./Quintal
Maharashtra,Kolhapur,Vegetables,Onion,29-11-2021,574.00,Metric Tonnes,1200.00,Rs./Quintal
Maharashtra,Kolhapur,Vegetables,Onion,30-11-2021,342.00,Metric Tonnes,1207.02,Rs./Quintal
Maharashtra,Kolhapur,Vegetables,Onion,01-12-2021,544.00,Metric Tonnes,1200.00,Rs./Quintal
Maharashtra,Kolhapur,Vegetables,Onion,02-12-2021,119.00,Metric Tonnes,1500.00,Rs./Quintal
Maharashtra,Kolhapur,Vegetables,Onion,03-12-2021,125.00,Metric Tonnes,1412.80,Rs./Quintal
Maharashtra,Kolhapur,Vegetables,Onion,04-12-2021,432.00,Metric Tonnes,1601.39,Rs./Quintal
Maharashtra,Kolhapur,Vegetables,Onion,06-12-2021,459.00,Metric Tonnes,1400.00,Rs./Quintal
Maharashtra,Kolhapur,Vegetables,Onion,07-12-2021,480.00,Metric Tonnes,1400.00,Rs./Quintal
Maharashtra,Kolhapur,Vegetables,Onion,08-12-2021,428.00,Metric Tonnes,1600.00,Rs./Quintal
Maharashtra,Kolhapur,Vegetables,Onion,09-12-2021,467.00,Metric Tonnes,1700.00,Rs./Quintal
Maharashtra,Kolhapur,Vegetables,Onion,10-12-2021,518.00,Metric Tonnes,1800.00,Rs./Quintal
Maharashtra,Kolhapur,Vegetables,Onion,11-12-2021,582.00,Metric Tonnes,1699.48,Rs./Quintal
Maharashtra,Kolhapur,Vegetables,Onion,13-12-2021,614.00,Metric Tonnes,1600.00,Rs./Quintal
Maharashtra,Kolhapur,Vegetables,Onion,14-12-2021,266.00,Metric Tonnes,1597.74,Rs./Quintal
Maharashtra,Kolhapur,Vegetables,Onion,15-12-2021,382.00,Metric Tonnes,1796.86,Rs./Quintal
Maharashtra,Kolhapur,Vegetables,Onion,16-12-2021,302.00,Metric Tonnes,1891.72,Rs./Quintal
Maharashtra,Kolhapur,Vegetables,Onion,17-12-2021,307.00,Metric Tonnes,1800.00,Rs./Quintal
Maharashtra,Kolhapur,Vegetables,Onion,18-12-2021,374.00,Metric Tonnes,2000.00,Rs./Quintal
Maharashtra,Kolhapur,Vegetables,Onion,20-12-2021,374.00,Metric Tonnes,2000.00,Rs./Quintal
Maharashtra,Kolhapur,Vegetables,Onion,21-12-2021,316.00,Metric Tonnes,1900.00,Rs./Quintal
Maharashtra,Kolhapur,Vegetables,Onion,22-12-2021,489.00,Metric Tonnes,1700.00,Rs./Quintal
Maharashtra,Kolhapur,Vegetables,Onion,23-12-2021,313.00,Metric Tonnes,1603.19,Rs./Quintal
Maharashtra,Kolhapur,Vegetables,Onion,24-12-2021,442.00,Metric Tonnes,1400.00,Rs./Quintal
Maharashtra,Kolhapur,Vegetables,Onion,25-12-2021,474.00,Metric Tonnes,1600.00,Rs./Quintal
Maharashtra,Kolhapur,Vegetables,Onion,27-12-2021,451.00,Metric Tonnes,1700.00,Rs./Quintal
Maharashtra,Kolhapur,Vegetables,Onion,28-12-2021,394.00,Metric Tonnes,1600.00,Rs./Quintal
Maharashtra,Kolhapur,Vegetables,Onion,29-12-2021,421.00,Metric Tonnes,1401.90,Rs./Quintal
Maharashtra,Kolhapur,Vegetables,Onion,30-12-2021,337.00,Metric Tonnes,1500.00,Rs./Quintal
Maharashtra,Kolhapur,Vegetables,Onion,31-12-2021,293.00,Metric Tonnes,1400.00,Rs./Quintal
Maharashtra,Kolhapur,Vegetables,Onion,01-01-2022,482.00,Metric Tonnes,1597.93,Rs./Quintal
Maharashtra,Kolhapur,Vegetables,Onion,03-01-2022,477.00,Metric Tonnes,1800.00,Rs./Quintal
Maharashtra,Kolhapur,Vegetables,Onion,04-01-2022,265.00,Metric Tonnes,1600.00,Rs./Quintal
Maharashtra,Kolhapur,Vegetables,Onion,05-01-2022,585.00,Metric Tonnes,1800.00,Rs./Quintal
Maharashtra,Kolhapur,Vegetables,Onion,06-01-2022,5.00,Metric Tonnes,1600.00,Rs./Quintal
Maharashtra,Kolhapur,Vegetables,Onion,07-01-2022,478.00,Metric Tonnes,1403.14,Rs./Quintal
Maharashtra,Kolhapur,Vegetables,Onion,08-01-2022,484.00,Metric Tonnes,1800.00,Rs./Quintal
Maharashtra,Kolhapur,Vegetables,Onion,10-01-2022,750.00,Metric Tonnes,1601.33,Rs./Quintal
Maharashtra,Kolhapur,Vegetables,Onion,11-01-2022,718.00,Metric Tonnes,1600.84,Rs./Quintal
Maharashtra,Kolhapur,Vegetables,Onion,12-01-2022,694.00,Metric Tonnes,1500.72,Rs./Quintal
Maharashtra,Kolhapur,Vegetables,Onion,14-01-2022,194.00,Metric Tonnes,1400.00,Rs./Quintal
Maharashtra,Kolhapur,Vegetables,Onion,17-01-2022,480.00,Metric Tonnes,1400.00,Rs./Quintal
Maharashtra,Kolhapur,Vegetables,Onion,18-01-2022,329.00,Metric Tonnes,1200.61,Rs./Quintal
Maharashtra,Kolhapur,Vegetables,Onion,19-01-2022,474.00,Metric Tonnes,1200.00,Rs./Quintal
Maharashtra,Kolhapur,Vegetables,Onion,20-01-2022,322.00,Metric Tonnes,1104.66,Rs./Quintal
Maharashtra,Kolhapur,Vegetables,Onion,21-01-2022,501.00,Metric Tonnes,1201.60,Rs./Quintal
Maharashtra,Kolhapur,Vegetables,Onion,22-01-2022,747.00,Metric Tonnes,1100.00,Rs./Quintal
Maharashtra,Kolhapur,Vegetables,Onion,24-01-2022,687.00,Metric Tonnes,1200.00,Rs./Quintal
Maharashtra,Kolhapur,Vegetables,Onion,25-01-2022,904.00,Metric Tonnes,1000.00,Rs./Quintal
Maharashtra,Kolhapur,Vegetables,Onion,27-01-2022,622.00,Metric Tonnes,1200.00,Rs./Quintal
Maharashtra,Kolhapur,Vegetables,Onion,28-01-2022,521.00,Metric Tonnes,1100.00,Rs./Quintal
Maharashtra,Kolhapur,Vegetables,Onion,29-01-2022,956.00,Metric Tonnes,1200.00,Rs./Quintal
Maharashtra,Kolhapur,Vegetables,Onion,31-01-2022,804.00,Metric Tonnes,1300.00,Rs./Quintal
Maharashtra,Kolhapur,Vegetables,Onion,01-02-2022,527.00,Metric Tonnes,1200.00,Rs./Quintal
Maharashtra,Kolhapur,Vegetables,Onion,02-02-2022,706.00,Metric Tonnes,1400.00,Rs./Quintal
Maharashtra,Kolhapur,Vegetables,Onion,03-02-2022,460.00,Metric Tonnes,1300.00,Rs./Quintal
Maharashtra,Kolhapur,Vegetables,Onion,04-02-2022,614.00,Metric Tonnes,1200.00,Rs./Quintal
Maharashtra,Kolhapur,Vegetables,Onion,05-02-2022,721.00,Metric Tonnes,1500.00,Rs./Quintal
Maharashtra,Kolhapur,Vegetables,Onion,07-02-2022,480.00,Metric Tonnes,1800.00,Rs./Quintal
Maharashtra,Kolhapur,Vegetables,Onion,08-02-2022,464.00,Metric Tonnes,1600.00,Rs./Quintal
Maharashtra,Kolhapur,Vegetables,Onion,09-02-2022,441.00,Metric Tonnes,1600.00,Rs./Quintal
Maharashtra,Kolhapur,Vegetables,Onion,10-02-2022,487.00,Metric Tonnes,1800.00,Rs./Quintal
Maharashtra,Kolhapur,Vegetables,Onion,11-02-2022,370.00,Metric Tonnes,1800.00,Rs./Quintal
Maharashtra,Kolhapur,Vegetables,Onion,12-02-2022,620.00,Metric Tonnes,2000.00,Rs./Quintal
Maharashtra,Kolhapur,Vegetables,Onion,14-02-2022,667.00,Metric Tonnes,2000.00,Rs./Quintal
Maharashtra,Kolhapur,Vegetables,Onion,15-02-2022,569.00,Metric Tonnes,1800.00,Rs./Quintal
Maharashtra,Kolhapur,Vegetables,Onion,16-02-2022,594.00,Metric Tonnes,2000.00,Rs./Quintal
Maharashtra,Kolhapur,Vegetables,Onion,17-02-2022,479.00,Metric Tonnes,1798.75,Rs./Quintal
Maharashtra,Kolhapur,Vegetables,Onion,18-02-2022,754.00,Metric Tonnes,1800.00,Rs./Quintal
Maharashtra,Kolhapur,Vegetables,Onion,21-02-2022,917.00,Metric Tonnes,1700.00,Rs./Quintal
Maharashtra,Kolhapur,Vegetables,Onion,22-02-2022,674.00,Metric Tonnes,1800.00,Rs./Quintal
Maharashtra,Kolhapur,Vegetables,Onion,23-02-2022,824.00,Metric Tonnes,1600.00,Rs./Quintal
Maharashtra,Kolhapur,Vegetables,Onion,24-02-2022,518.00,Metric Tonnes,1500.00,Rs./Quintal
Maharashtra,Kolhapur,Vegetables,Onion,25-02-2022,761.00,Metric Tonnes,1700.00,Rs./Quintal
Maharashtra,Kolhapur,Vegetables,Onion,26-02-2022,834.00,Metric Tonnes,1500.00,Rs./Quintal
Maharashtra,Kolhapur,Vegetables,Onion,28-02-2022,1199.00,Metric Tonnes,1300.00,Rs./Quintal
Maharashtra,Kolhapur,Vegetables,Onion,01-03-2022,422.00,Metric Tonnes,1300.00,Rs./Quintal
Maharashtra,Kolhapur,Vegetables,Onion,02-03-2022,651.00,Metric Tonnes,1200.00,Rs./Quintal
Maharashtra,Kolhapur,Vegetables,Onion,03-03-2022,580.00,Metric Tonnes,1400.00,Rs./Quintal
Maharashtra,Kolhapur,Vegetables,Onion,04-03-2022,606.00,Metric Tonnes,1402.97,Rs./Quintal
Maharashtra,Kolhapur,Vegetables,Onion,05-03-2022,721.00,Metric Tonnes,1500.00,Rs./Quintal
Maharashtra,Kolhapur,Vegetables,Onion,07-03-2022,832.00,Metric Tonnes,1600.00,Rs./Quintal
Maharashtra,Kolhapur,Vegetables,Onion,08-03-2022,597.00,Metric Tonnes,1401.51,Rs./Quintal
Maharashtra,Kolhapur,Vegetables,Onion,09-03-2022,731.00,Metric Tonnes,1500.00,Rs./Quintal
Maharashtra,Kolhapur,Vegetables,Onion,10-03-2022,600.00,Metric Tonnes,1400.00,Rs./Quintal
Maharashtra,Kolhapur,Vegetables,Onion,11-03-2022,622.00,Metric Tonnes,1300.00,Rs./Quintal
Maharashtra,Kolhapur,Vegetables,Onion,12-03-2022,867.00,Metric Tonnes,1400.00,Rs./Quintal
Maharashtra,Kolhapur,Vegetables,Onion,14-03-2022,870.00,Metric Tonnes,1200.00,Rs./Quintal
Maharashtra,Kolhapur,Vegetables,Onion,15-03-2022,687.00,Metric Tonnes,1200.87,Rs./Quintal
Maharashtra,Kolhapur,Vegetables,Onion,16-03-2022,718.00,Metric Tonnes,1005.01,Rs./Quintal
Maharashtra,Kolhapur,Vegetables,Onion,17-03-2022,609.00,Metric Tonnes,1000.00,Rs./Quintal
Maharashtra,Kolhapur,Vegetables,Onion,19-03-2022,742.00,Metric Tonnes,1200.00,Rs./Quintal
Maharashtra,Kolhapur,Vegetables,Onion,21-03-2022,938.00,Metric Tonnes,1000.00,Rs./Quintal
Maharashtra,Kolhapur,Vegetables,Onion,23-03-2022,1144.00,Metric Tonnes,1000.00,Rs./Quintal
Maharashtra,Kolhapur,Vegetables,Onion,24-03-2022,542.00,Metric Tonnes,1000.00,Rs./Quintal
Maharashtra,Kolhapur,Vegetables,Onion,25-03-2022,594.00,Metric Tonnes,1006.06,Rs./Quintal
Maharashtra,Kolhapur,Vegetables,Onion,26-03-2022,624.00,Metric Tonnes,1100.00,Rs./Quintal
Maharashtra,Kolhapur,Vegetables,Onion,28-03-2022,661.00,Metric Tonnes,1000.00,Rs./Quintal
Maharashtra,Kolhapur,Vegetables,Onion,29-03-2022,389.00,Metric Tonnes,1000.00,Rs./Quintal
Maharashtra,Kolhapur,Vegetables,Onion,30-03-2022,649.00,Metric Tonnes,900.00,Rs./Quintal
Maharashtra,Kolhapur,Vegetables,Onion,31-03-2022,289.00,Metric Tonnes,1102.08,Rs./Quintal
Maharashtra,Kolhapur,Vegetables,Onion,01-04-2022,373.00,Metric Tonnes,1000.00,Rs./Quintal
Maharashtra,Kolhapur,Vegetables,Onion,02-04-2022,712.00,Metric Tonnes,1200.00,Rs./Quintal
Maharashtra,Kolhapur,Vegetables,Onion,04-04-2022,635.00,Metric Tonnes,1000.00,Rs./Quintal
Maharashtra,Kolhapur,Vegetables,Onion,05-04-2022,767.00,Metric Tonnes,1000.00,Rs./Quintal
Maharashtra,Kolhapur,Vegetables,Onion,06-04-2022,1070.00,Metric Tonnes,1000.00,Rs./Quintal
Maharashtra,Kolhapur,Vegetables,Onion,07-04-2022,798.00,Metric Tonnes,900.00,Rs./Quintal
Maharashtra,Kolhapur,Vegetables,Onion,08-04-2022,725.00,Metric Tonnes,800.00,Rs./Quintal
Maharashtra,Kolhapur,Vegetables,Onion,09-04-2022,680.00,Metric Tonnes,800.00,Rs./Quintal
Maharashtra,Kolhapur,Vegetables,Onion,11-04-2022,514.00,Metric Tonnes,800.00,Rs./Quintal
Maharashtra,Kolhapur,Vegetables,Onion,12-04-2022,420.00,Metric Tonnes,800.00,Rs./Quintal
Maharashtra,Kolhapur,Vegetables,Onion,13-04-2022,550.00,Metric Tonnes,800.00,Rs./Quintal
Maharashtra,Kolhapur,Vegetables,Onion,14-04-2022,331.00,Metric Tonnes,800.00,Rs./Quintal
Maharashtra,Kolhapur,Vegetables,Onion,15-04-2022,444.00,Metric Tonnes,800.00,Rs./Quintal
Maharashtra,Kolhapur,Vegetables,Onion,16-04-2022,530.00,Metric Tonnes,900.00,Rs./Quintal
Maharashtra,Kolhapur,Vegetables,Onion,18-04-2022,313.00,Metric Tonnes,1000.00,Rs./Quintal
Maharashtra,Kolhapur,Vegetables,Onion,19-04-2022,380.00,Metric Tonnes,1000.00,Rs./Quintal
Maharashtra,Kolhapur,Vegetables,Onion,20-04-2022,598.00,Metric Tonnes,1001.51,Rs./Quintal
Maharashtra,Kolhapur,Vegetables,Onion,21-04-2022,704.00,Metric Tonnes,1000.00,Rs./Quintal
Maharashtra,Kolhapur,Vegetables,Onion,22-04-2022,740.00,Metric Tonnes,900.00,Rs./Quintal
Maharashtra,Kolhapur,Vegetables,Onion,23-04-2022,784.00,Metric Tonnes,1000.00,Rs./Quintal
Maharashtra,Kolhapur,Vegetables,Onion,25-04-2022,446.00,Metric Tonnes,900.00,Rs./Quintal
Maharashtra,Kolhapur,Vegetables,Onion,26-04-2022,359.00,Metric Tonnes,1000.00,Rs./Quintal
Maharashtra,Kolhapur,Vegetables,Onion,27-04-2022,469.00,Metric Tonnes,1000.00,Rs./Quintal
Maharashtra,Kolhapur,Vegetables,Onion,28-04-2022,483.00,Metric Tonnes,1000.00,Rs./Quintal
Maharashtra,Kolhapur,Vegetables,Onion,29-04-2022,521.00,Metric Tonnes,900.00,Rs./Quintal
Maharashtra,Kolhapur,Vegetables,Onion,30-04-2022,511.00,Metric Tonnes,1000.00,Rs./Quintal
Maharashtra,Kolhapur,Vegetables,Onion,02-05-2022,682.00,Metric Tonnes,1000.00,Rs./Quintal
Maharashtra,Kolhapur,Vegetables,Onion,04-05-2022,628.00,Metric Tonnes,1000.00,Rs./Quintal
Maharashtra,Kolhapur,Vegetables,Onion,05-05-2022,648.00,Metric Tonnes,1000.00,Rs./Quintal
Maharashtra,Kolhapur,Vegetables,Onion,06-05-2022,676.00,Metric Tonnes,1000.00,Rs./Quintal
Maharashtra,Kolhapur,Vegetables,Onion,09-05-2022,679.00,Metric Tonnes,1000.59,Rs./Quintal
Maharashtra,Kolhapur,Vegetables,Onion,10-05-2022,525.00,Metric Tonnes,903.81,Rs./Quintal
Maharashtra,Kolhapur,Vegetables,Onion,11-05-2022,623.00,Metric Tonnes,900.00,Rs./Quintal
Maharashtra,Kolhapur,Vegetables,Onion,14-05-2022,750.00,Metric Tonnes,1000.00,Rs./Quintal
Maharashtra,Kolhapur,Vegetables,Onion,16-05-2022,580.00,Metric Tonnes,900.00,Rs./Quintal
Maharashtra,Kolhapur,Vegetables,Onion,17-05-2022,514.00,Metric Tonnes,1000.00,Rs./Quintal
Maharashtra,Kolhapur,Vegetables,Onion,18-05-2022,517.00,Metric Tonnes,900.00,Rs./Quintal
Maharashtra,Kolhapur,Vegetables,Onion,19-05-2022,474.00,Metric Tonnes,1000.00,Rs./Quintal
Maharashtra,Kolhapur,Vegetables,Onion,20-05-2022,406.00,Metric Tonnes,900.00,Rs./Quintal
Maharashtra,Kolhapur,Vegetables,Onion,21-05-2022,719.00,Metric Tonnes,900.00,Rs./Quintal
Maharashtra,Kolhapur,Vegetables,Onion,23-05-2022,855.00,Metric Tonnes,900.00,Rs./Quintal
Maharashtra,Kolhapur,Vegetables,Onion,24-05-2022,429.00,Metric Tonnes,1000.00,Rs./Quintal
Maharashtra,Kolhapur,Vegetables,Onion,25-05-2022,541.00,Metric Tonnes,1000.00,Rs./Quintal
Maharashtra,Kolhapur,Vegetables,Onion,26-05-2022,386.00,Metric Tonnes,1000.00,Rs./Quintal
Maharashtra,Kolhapur,Vegetables,Onion,27-05-2022,390.00,Metric Tonnes,1000.00,Rs./Quintal
Maharashtra,Kolhapur,Vegetables,Onion,28-05-2022,615.00,Metric Tonnes,1000.00,Rs./Quintal
Maharashtra,Kolhapur,Vegetables,Onion,30-05-2022,672.00,Metric Tonnes,900.00,Rs./Quintal
Maharashtra,Kolhapur,Vegetables,Onion,31-05-2022,462.00,Metric Tonnes,1000.00,Rs./Quintal
Maharashtra,Kolhapur,Vegetables,Onion,01-06-2022,330.00,Metric Tonnes,1000.00,Rs./Quintal
Maharashtra,Kolhapur,Vegetables,Onion,04-06-2022,480.00,Metric Tonnes,1100.00,Rs./Quintal
Maharashtra,Kolhapur,Vegetables,Onion,07-06-2022,347.00,Metric Tonnes,1000.00,Rs./Quintal
Maharashtra,Kolhapur,Vegetables,Onion,08-06-2022,387.00,Metric Tonnes,1100.00,Rs./Quintal
Maharashtra,Kolhapur,Vegetables,Onion,09-06-2022,232.00,Metric Tonnes,1100.00,Rs./Quintal
Maharashtra,Kolhapur,Vegetables,Onion,10-06-2022,369.00,Metric Tonnes,1200.00,Rs./Quintal
Maharashtra,Kolhapur,Vegetables,Onion,11-06-2022,654.00,Metric Tonnes,1200.00,Rs./Quintal
Maharashtra,Kolhapur,Vegetables,Onion,14-06-2022,463.00,Metric Tonnes,1200.00,Rs./Quintal
Maharashtra,Kolhapur,Vegetables,Onion,15-06-2022,464.00,Metric Tonnes,1400.00,Rs./Quintal
Maharashtra,Kolhapur,Vegetables,Onion,17-06-2022,278.00,Metric Tonnes,1200.00,Rs./Quintal
Maharashtra,Kolhapur,Vegetables,Onion,18-06-2022,425.00,Metric Tonnes,1200.00,Rs./Quintal
Maharashtra,Kolhapur,Vegetables,Onion,20-06-2022,481.00,Metric Tonnes,1200.00,Rs./Quintal
Maharashtra,Kolhapur,Vegetables,Onion,21-06-2022,269.00,Metric Tonnes,1107.43,Rs./Quintal
Maharashtra,Kolhapur,Vegetables,Onion,22-06-2022,276.00,Metric Tonnes,1208.70,Rs./Quintal
Maharashtra,Kolhapur,Vegetables,Onion,23-06-2022,187.00,Metric Tonnes,1200.00,Rs./Quintal
Maharashtra,Kolhapur,Vegetables,Onion,24-06-2022,206.00,Metric Tonnes,1200.00,Rs./Quintal
Maharashtra,Kolhapur,Vegetables,Onion,25-06-2022,396.00,Metric Tonnes,1200.00,Rs./Quintal
Maharashtra,Kolhapur,Vegetables,Onion,27-06-2022,421.00,Metric Tonnes,1000.00,Rs./Quintal
Maharashtra,Kolhapur,Vegetables,Onion,28-06-2022,263.00,Metric Tonnes,1200.00,Rs./Quintal
Maharashtra,Kolhapur,Vegetables,Onion,29-06-2022,304.00,Metric Tonnes,1200.00,Rs./Quintal
Maharashtra,Kolhapur,Vegetables,Onion,30-06-2022,298.00,Metric Tonnes,1000.00,Rs./Quintal
Maharashtra,Kolhapur,Vegetables,Onion,01-07-2022,336.00,Metric Tonnes,1000.00,Rs./Quintal
Maharashtra,Kolhapur,Vegetables,Onion,04-07-2022,320.00,Metric Tonnes,1000.00,Rs./Quintal
Maharashtra,Kolhapur,Vegetables,Onion,05-07-2022,156.00,Metric Tonnes,1200.00,Rs./Quintal
Maharashtra,Kolhapur,Vegetables,Onion,06-07-2022,160.00,Metric Tonnes,1000.00,Rs./Quintal
Maharashtra,Kolhapur,Vegetables,Onion,07-07-2022,107.00,Metric Tonnes,1200.00,Rs./Quintal
Maharashtra,Kolhapur,Vegetables,Onion,08-07-2022,176.00,Metric Tonnes,1200.00,Rs./Quintal
Maharashtra,Kolhapur,Vegetables,Onion,09-07-2022,280.00,Metric Tonnes,1200.00,Rs./Quintal
Maharashtra,Kolhapur,Vegetables,Onion,11-07-2022,198.00,Metric Tonnes,1200.00,Rs./Quintal
Maharashtra,Kolhapur,Vegetables,Onion,12-07-2022,211.00,Metric Tonnes,1100.00,Rs./Quintal
Maharashtra,Kolhapur,Vegetables,Onion,13-07-2022,220.00,Metric Tonnes,1208.18,Rs./Quintal
Maharashtra,Kolhapur,Vegetables,Onion,14-07-2022,124.00,Metric Tonnes,1400.00,Rs./Quintal
Maharashtra,Kolhapur,Vegetables,Onion,15-07-2022,170.00,Metric Tonnes,1400.00,Rs./Quintal
Maharashtra,Kolhapur,Vegetables,Onion,16-07-2022,401.00,Metric Tonnes,1200.00,Rs./Quintal
Maharashtra,Kolhapur,Vegetables,Onion,18-07-2022,657.00,Metric Tonnes,1000.00,Rs./Quintal
Maharashtra,Kolhapur,Vegetables,Onion,19-07-2022,130.00,Metric Tonnes,1000.00,Rs./Quintal
Maharashtra,Kolhapur,Vegetables,Onion,20-07-2022,174.00,Metric Tonnes,1200.00,Rs./Quintal
Maharashtra,Kolhapur,Vegetables,Onion,21-07-2022,294.00,Metric Tonnes,1200.00,Rs./Quintal
Maharashtra,Kolhapur,Vegetables,Onion,22-07-2022,204.00,Metric Tonnes,1000.00,Rs./Quintal
Maharashtra,Kolhapur,Vegetables,Onion,23-07-2022,367.00,Metric Tonnes,1200.00,Rs./Quintal
Maharashtra,Kolhapur,Vegetables,Onion,25-07-2022,264.00,Metric Tonnes,1000.00,Rs./Quintal
Maharashtra,Kolhapur,Vegetables,Onion,26-07-2022,241.00,Metric Tonnes,1000.00,Rs./Quintal
Maharashtra,Kolhapur,Vegetables,Onion,27-07-2022,138.00,Metric Tonnes,1000.00,Rs./Quintal
Maharashtra,Kolhapur,Vegetables,Onion,28-07-2022,203.00,Metric Tonnes,1100.00,Rs./Quintal
Maharashtra,Kolhapur,Vegetables,Onion,29-07-2022,270.00,Metric Tonnes,1100.00,Rs./Quintal
Maharashtra,Kolhapur,Vegetables,Onion,30-07-2022,389.00,Metric Tonnes,1200.00,Rs./Quintal
Maharashtra,Kolhapur,Vegetables,Onion,02-08-2022,230.00,Metric Tonnes,1000.00,Rs./Quintal
Maharashtra,Kolhapur,Vegetables,Onion,03-08-2022,249.00,Metric Tonnes,1000.00,Rs./Quintal
Maharashtra,Kolhapur,Vegetables,Onion,04-08-2022,262.00,Metric Tonnes,1200.00,Rs./Quintal
Maharashtra,Kolhapur,Vegetables,Onion,05-08-2022,230.00,Metric Tonnes,1000.00,Rs./Quintal
Maharashtra,Kolhapur,Vegetables,Onion,06-08-2022,225.00,Metric Tonnes,1200.00,Rs./Quintal
Maharashtra,Kolhapur,Vegetables,Onion,08-08-2022,325.00,Metric Tonnes,1000.00,Rs./Quintal
Maharashtra,Kolhapur,Vegetables,Onion,09-08-2022,252.00,Metric Tonnes,1000.00,Rs./Quintal
Maharashtra,Kolhapur,Vegetables,Onion,10-08-2022,204.00,Metric Tonnes,1200.00,Rs./Quintal
Maharashtra,Kolhapur,Vegetables,Onion,11-08-2022,203.00,Metric Tonnes,1000.00,Rs./Quintal
Maharashtra,Kolhapur,Vegetables,Onion,12-08-2022,123.00,Metric Tonnes,1200.00,Rs./Quintal
Maharashtra,Kolhapur,Vegetables,Onion,13-08-2022,515.00,Metric Tonnes,1200.00,Rs./Quintal
Maharashtra,Kolhapur,Vegetables,Onion,16-08-2022,146.00,Metric Tonnes,1200.00,Rs./Quintal
Maharashtra,Kolhapur,Vegetables,Onion,17-08-2022,315.00,Metric Tonnes,1200.00,Rs./Quintal
Maharashtra,Kolhapur,Vegetables,Onion,18-08-2022,258.00,Metric Tonnes,1200.00,Rs./Quintal
Maharashtra,Kolhapur,Vegetables,Onion,19-08-2022,401.00,Metric Tonnes,1200.00,Rs./Quintal
Maharashtra,Kolhapur,Vegetables,Onion,20-08-2022,635.00,Metric Tonnes,1200.00,Rs./Quintal
Maharashtra,Kolhapur,Vegetables,Onion,22-08-2022,660.00,Metric Tonnes,1200.00,Rs./Quintal
Maharashtra,Kolhapur,Vegetables,Onion,23-08-2022,385.00,Metric Tonnes,1000.00,Rs./Quintal
Maharashtra,Kolhapur,Vegetables,Onion,24-08-2022,438.00,Metric Tonnes,1000.00,Rs./Quintal
Maharashtra,Kolhapur,Vegetables,Onion,25-08-2022,278.00,Metric Tonnes,1000.00,Rs./Quintal
Maharashtra,Kolhapur,Vegetables,Onion,26-08-2022,328.00,Metric Tonnes,1000.00,Rs./Quintal
Maharashtra,Kolhapur,Vegetables,Onion,27-08-2022,435.00,Metric Tonnes,1000.00,Rs./Quintal
Maharashtra,Kolhapur,Vegetables,Onion,30-08-2022,243.00,Metric Tonnes,1000.00,Rs./Quintal
Maharashtra,Kolhapur,Vegetables,Onion,02-09-2022,231.00,Metric Tonnes,1000.00,Rs./Quintal
Maharashtra,Kolhapur,Vegetables,Onion,03-09-2022,355.00,Metric Tonnes,1200.00,Rs./Quintal
Maharashtra,Kolhapur,Vegetables,Onion,07-09-2022,264.00,Metric Tonnes,1000.00,Rs./Quintal
Maharashtra,Kolhapur,Vegetables,Onion,08-09-2022,326.00,Metric Tonnes,1200.00,Rs./Quintal
Maharashtra,Kolhapur,Vegetables,Onion,10-09-2022,310.00,Metric Tonnes,1200.00,Rs./Quintal
Maharashtra,Kolhapur,Vegetables,Onion,13-09-2022,307.00,Metric Tonnes,1000.00,Rs./Quintal
Maharashtra,Kolhapur,Vegetables,Onion,15-09-2022,302.00,Metric Tonnes,1000.00,Rs./Quintal
Maharashtra,Kolhapur,Vegetables,Onion,17-09-2022,334.00,Metric Tonnes,1000.00,Rs./Quintal
Maharashtra,Kolhapur,Vegetables,Onion,19-09-2022,562.00,Metric Tonnes,1000.00,Rs./Quintal
Maharashtra,Kolhapur,Vegetables,Onion,20-09-2022,409.00,Metric Tonnes,1000.00,Rs./Quintal
Maharashtra,Kolhapur,Vegetables,Onion,22-09-2022,194.00,Metric Tonnes,1000.00,Rs./Quintal
Maharashtra,Kolhapur,Vegetables,Onion,23-09-2022,204.00,Metric Tonnes,1000.00,Rs./Quintal
Maharashtra,Kolhapur,Vegetables,Onion,24-09-2022,227.00,Metric Tonnes,1000.00,Rs./Quintal
Maharashtra,Kolhapur,Vegetables,Onion,26-09-2022,153.00,Metric Tonnes,1000.00,Rs./Quintal
Maharashtra,Kolhapur,Vegetables,Onion,28-09-2022,213.00,Metric Tonnes,1200.00,Rs./Quintal
Maharashtra,Kolhapur,Vegetables,Onion,29-09-2022,388.00,Metric Tonnes,1200.00,Rs./Quintal
Maharashtra,Kolhapur,Vegetables,Onion,30-09-2022,447.00,Metric Tonnes,1000.00,Rs./Quintal
Maharashtra,Kolhapur,Vegetables,Onion,01-10-2022,512.00,Metric Tonnes,1200.00,Rs./Quintal
Maharashtra,Kolhapur,Vegetables,Onion,03-10-2022,457.00,Metric Tonnes,1000.00,Rs./Quintal
Maharashtra,Kolhapur,Vegetables,Onion,04-10-2022,421.00,Metric Tonnes,1100.00,Rs./Quintal
Maharashtra,Kolhapur,Vegetables,Onion,06-10-2022,241.00,Metric Tonnes,1100.00,Rs./Quintal
Maharashtra,Kolhapur,Vegetables,Onion,07-10-2022,192.00,Metric Tonnes,1200.00,Rs./Quintal
Maharashtra,Kolhapur,Vegetables,Onion,08-10-2022,424.00,Metric Tonnes,1400.00,Rs./Quintal
Maharashtra,Kolhapur,Vegetables,Onion,10-10-2022,855.00,Metric Tonnes,1400.00,Rs./Quintal
Maharashtra,Kolhapur,Vegetables,Onion,12-10-2022,394.00,Metric Tonnes,1400.00,Rs./Quintal
Maharashtra,Kolhapur,Vegetables,Onion,13-10-2022,375.00,Metric Tonnes,1500.00,Rs./Quintal
Maharashtra,Kolhapur,Vegetables,Onion,14-10-2022,346.00,Metric Tonnes,1600.00,Rs./Quintal
Maharashtra,Kolhapur,Vegetables,Onion,15-10-2022,592.00,Metric Tonnes,1700.00,Rs./Quintal
Maharashtra,Kolhapur,Vegetables,Onion,17-10-2022,742.00,Metric Tonnes,1600.00,Rs./Quintal
Maharashtra,Kolhapur,Vegetables,Onion,18-10-2022,312.00,Metric Tonnes,1400.00,Rs./Quintal
Maharashtra,Kolhapur,Vegetables,Onion,19-10-2022,477.00,Metric Tonnes,1500.00,Rs./Quintal
Maharashtra,Kolhapur,Vegetables,Onion,20-10-2022,234.00,Metric Tonnes,1400.00,Rs./Quintal
Maharashtra,Kolhapur,Vegetables,Onion,21-10-2022,495.00,Metric Tonnes,1500.00,Rs./Quintal
Maharashtra,Kolhapur,Vegetables,Onion,22-10-2022,584.00,Metric Tonnes,1600.00,Rs./Quintal
Maharashtra,Kolhapur,Vegetables,Onion,26-10-2022,497.00,Metric Tonnes,1700.00,Rs./Quintal
Maharashtra,Kolhapur,Vegetables,Onion,27-10-2022,171.00,Metric Tonnes,1600.00,Rs./Quintal
Maharashtra,Kolhapur,Vegetables,Onion,28-10-2022,293.00,Metric Tonnes,1700.00,Rs./Quintal
Maharashtra,Kolhapur,Vegetables,Onion,29-10-2022,535.00,Metric Tonnes,2000.00,Rs./Quintal
Maharashtra,Kolhapur,Vegetables,Onion,31-10-2022,608.00,Metric Tonnes,2000.00,Rs./Quintal
Maharashtra,Kolhapur,Vegetables,Onion,01-11-2022,430.00,Metric Tonnes,2000.00,Rs./Quintal
Maharashtra,Kolhapur,Vegetables,Onion,02-11-2022,625.00,Metric Tonnes,2200.00,Rs./Quintal
Maharashtra,Kolhapur,Vegetables,Onion,03-11-2022,529.00,Metric Tonnes,2000.00,Rs./Quintal
Maharashtra,Kolhapur,Vegetables,Onion,04-11-2022,604.00,Metric Tonnes,2000.00,Rs./Quintal
Maharashtra,Kolhapur,Vegetables,Onion,05-11-2022,852.00,Metric Tonnes,2000.00,Rs./Quintal
Maharashtra,Kolhapur,Vegetables,Onion,07-11-2022,629.00,Metric Tonnes,1700.00,Rs./Quintal
Maharashtra,Kolhapur,Vegetables,Onion,09-11-2022,441.00,Metric Tonnes,1700.00,Rs./Quintal
Maharashtra,Kolhapur,Vegetables,Onion,10-11-2022,298.00,Metric Tonnes,1700.00,Rs./Quintal
Maharashtra,Kolhapur,Vegetables,Onion,11-11-2022,359.00,Metric Tonnes,1700.00,Rs./Quintal
Maharashtra,Kolhapur,Vegetables,Onion,12-11-2022,655.00,Metric Tonnes,1600.00,Rs./Quintal
Maharashtra,Kolhapur,Vegetables,Onion,15-11-2022,425.00,Metric Tonnes,1800.00,Rs./Quintal
Maharashtra,Kolhapur,Vegetables,Onion,16-11-2022,466.00,Metric Tonnes,1700.00,Rs./Quintal
Maharashtra,Kolhapur,Vegetables,Onion,17-11-2022,466.00,Metric Tonnes,1600.00,Rs./Quintal
Maharashtra,Kolhapur,Vegetables,Onion,18-11-2022,532.00,Metric Tonnes,1500.00,Rs./Quintal
Maharashtra,Kolhapur,Vegetables,Onion,19-11-2022,515.00,Metric Tonnes,1400.00,Rs./Quintal
Maharashtra,Kolhapur,Vegetables,Onion,21-11-2022,284.00,Metric Tonnes,1400.00,Rs./Quintal
Maharashtra,Kolhapur,Vegetables,Onion,22-11-2022,226.00,Metric Tonnes,1400.00,Rs./Quintal
Maharashtra,Kolhapur,Vegetables,Onion,23-11-2022,317.00,Metric Tonnes,1500.00,Rs./Quintal
Maharashtra,Kolhapur,Vegetables,Onion,24-11-2022,326.00,Metric Tonnes,1400.00,Rs./Quintal
Maharashtra,Kolhapur,Vegetables,Onion,26-11-2022,626.00,Metric Tonnes,1600.00,Rs./Quintal
Maharashtra,Kolhapur,Vegetables,Onion,28-11-2022,534.00,Metric Tonnes,1500.00,Rs./Quintal
Maharashtra,Kolhapur,Vegetables,Onion,30-11-2022,492.00,Metric Tonnes,1400.00,Rs./Quintal
Maharashtra,Kolhapur,Vegetables,Onion,02-12-2022,338.00,Metric Tonnes,1200.00,Rs./Quintal
Maharashtra,Kolhapur,Vegetables,Onion,03-12-2022,391.00,Metric Tonnes,1400.00,Rs./Quintal
Maharashtra,Kolhapur,Vegetables,Onion,06-12-2022,416.00,Metric Tonnes,1200.00,Rs./Quintal
Maharashtra,Kolhapur,Vegetables,Onion,08-12-2022,467.00,Metric Tonnes,1200.00,Rs./Quintal
Maharashtra,Kolhapur,Vegetables,Onion,09-12-2022,491.00,Metric Tonnes,1200.00,Rs./Quintal
Maharashtra,Kolhapur,Vegetables,Onion,10-12-2022,624.00,Metric Tonnes,1400.00,Rs./Quintal
Maharashtra,Kolhapur,Vegetables,Onion,12-12-2022,761.00,Metric Tonnes,1200.00,Rs./Quintal
Maharashtra,Kolhapur,Vegetables,Onion,13-12-2022,343.00,Metric Tonnes,1000.00,Rs./Quintal
Maharashtra,Kolhapur,Vegetables,Onion,14-12-2022,480.00,Metric Tonnes,1200.00,Rs./Quintal
Maharashtra,Kolhapur,Vegetables,Onion,15-12-2022,291.00,Metric Tonnes,1200.00,Rs./Quintal
Maharashtra,Kolhapur,Vegetables,Onion,16-12-2022,335.00,Metric Tonnes,1200.00,Rs./Quintal
Maharashtra,Kolhapur,Vegetables,Onion,17-12-2022,596.00,Metric Tonnes,1200.00,Rs./Quintal
Maharashtra,Kolhapur,Vegetables,Onion,19-12-2022,512.00,Metric Tonnes,1200.00,Rs./Quintal
Maharashtra,Kolhapur,Vegetables,Onion,20-12-2022,445.00,Metric Tonnes,1200.00,Rs./Quintal
Maharashtra,Kolhapur,Vegetables,Onion,21-12-2022,538.00,Metric Tonnes,1200.00,Rs./Quintal
Maharashtra,Kolhapur,Vegetables,Onion,23-12-2022,408.00,Metric Tonnes,1400.00,Rs./Quintal
Maharashtra,Kolhapur,Vegetables,Onion,24-12-2022,541.00,Metric Tonnes,1200.00,Rs./Quintal
Maharashtra,Kolhapur,Vegetables,Onion,26-12-2022,564.00,Metric Tonnes,1200.00,Rs./Quintal
Maharashtra,Kolhapur,Vegetables,Onion,28-12-2022,683.00,Metric Tonnes,1200.00,Rs./Quintal
Maharashtra,Kolhapur,Vegetables,Onion,29-12-2022,530.00,Metric Tonnes,1200.00,Rs./Quintal
Maharashtra,Kolhapur,Vegetables,Onion,30-12-2022,631.00,Metric Tonnes,1200.00,Rs./Quintal
Maharashtra,Kolhapur,Vegetables,Onion,31-12-2022,629.00,Metric Tonnes,1200.00,Rs./Quintal
Maharashtra,Kolhapur,Vegetables,Onion,02-01-2023,614.00,Metric Tonnes,1200.00,Rs./Quintal
Maharashtra,Kolhapur,Vegetables,Onion,03-01-2023,453.00,Metric Tonnes,1400.00,Rs./Quintal
Maharashtra,Kolhapur,Vegetables,Onion,04-01-2023,707.00,Metric Tonnes,1200.00,Rs./Quintal
Maharashtra,Kolhapur,Vegetables,Onion,07-01-2023,715.00,Metric Tonnes,1200.00,Rs./Quintal
Maharashtra,Kolhapur,Vegetables,Onion,11-01-2023,619.00,Metric Tonnes,1200.00,Rs./Quintal
Maharashtra,Kolhapur,Vegetables,Onion,12-01-2023,646.00,Metric Tonnes,1200.00,Rs./Quintal
Maharashtra,Kolhapur,Vegetables,Onion,14-01-2023,502.00,Metric Tonnes,1200.00,Rs./Quintal
Maharashtra,Kolhapur,Vegetables,Onion,17-01-2023,434.00,Metric Tonnes,1400.00,Rs./Quintal
Maharashtra,Kolhapur,Vegetables,Onion,21-01-2023,873.00,Metric Tonnes,1400.00,Rs./Quintal
Maharashtra,Kolhapur,Vegetables,Onion,23-01-2023,914.00,Metric Tonnes,1200.00,Rs./Quintal
Maharashtra,Kolhapur,Vegetables,Onion,24-01-2023,699.00,Metric Tonnes,1200.00,Rs./Quintal
Maharashtra,Kolhapur,Vegetables,Onion,25-01-2023,1313.00,Metric Tonnes,1000.00,Rs./Quintal
Maharashtra,Kolhapur,Vegetables,Onion,27-01-2023,706.00,Metric Tonnes,1000.42,Rs./Quintal
Maharashtra,Kolhapur,Vegetables,Onion,28-01-2023,758.00,Metric Tonnes,1200.00,Rs./Quintal
Maharashtra,Kolhapur,Vegetables,Onion,30-01-2023,703.00,Metric Tonnes,1000.00,Rs./Quintal
Maharashtra,Kolhapur,Vegetables,Onion,31-01-2023,546.00,Metric Tonnes,1000.00,Rs./Quintal
Maharashtra,Kolhapur,Vegetables,Onion,01-02-2023,466.00,Metric Tonnes,1000.00,Rs./Quintal
Maharashtra,Kolhapur,Vegetables,Onion,02-02-2023,807.00,Metric Tonnes,1000.00,Rs./Quintal
Maharashtra,Kolhapur,Vegetables,Onion,03-02-2023,745.00,Metric Tonnes,800.00,Rs./Quintal
Maharashtra,Kolhapur,Vegetables,Onion,04-02-2023,782.00,Metric Tonnes,901.02,Rs./Quintal
Maharashtra,Kolhapur,Vegetables,Onion,06-02-2023,636.00,Metric Tonnes,1000.00,Rs./Quintal
Maharashtra,Kolhapur,Vegetables,Onion,07-02-2023,508.00,Metric Tonnes,1000.00,Rs./Quintal
Maharashtra,Kolhapur,Vegetables,Onion,08-02-2023,618.00,Metric Tonnes,1009.71,Rs./Quintal
Maharashtra,Kolhapur,Vegetables,Onion,09-02-2023,520.00,Metric Tonnes,1000.00,Rs./Quintal
Maharashtra,Kolhapur,Vegetables,Onion,10-02-2023,528.00,Metric Tonnes,900.00,Rs./Quintal
Maharashtra,Kolhapur,Vegetables,Onion,11-02-2023,814.00,Metric Tonnes,1000.00,Rs./Quintal
Maharashtra,Kolhapur,Vegetables,Onion,13-02-2023,914.00,Metric Tonnes,1000.00,Rs./Quintal
Maharashtra,Kolhapur,Vegetables,Onion,14-02-2023,750.00,Metric Tonnes,800.00,Rs./Quintal
Maharashtra,Kolhapur,Vegetables,Onion,15-02-2023,781.00,Metric Tonnes,800.00,Rs./Quintal
Maharashtra,Kolhapur,Vegetables,Onion,16-02-2023,527.00,Metric Tonnes,900.00,Rs./Quintal
Maharashtra,Kolhapur,Vegetables,Onion,17-02-2023,501.00,Metric Tonnes,900.00,Rs./Quintal
Maharashtra,Kolhapur,Vegetables,Onion,18-02-2023,516.00,Metric Tonnes,1000.00,Rs./Quintal
Maharashtra,Kolhapur,Vegetables,Onion,20-02-2023,600.00,Metric Tonnes,800.00,Rs./Quintal
Maharashtra,Kolhapur,Vegetables,Onion,21-02-2023,510.00,Metric Tonnes,800.00,Rs./Quintal
Maharashtra,Kolhapur,Vegetables,Onion,22-02-2023,595.00,Metric Tonnes,900.00,Rs./Quintal
Maharashtra,Kolhapur,Vegetables,Onion,23-02-2023,537.00,Metric Tonnes,800.00,Rs./Quintal
Maharashtra,Kolhapur,Vegetables,Onion,24-02-2023,398.00,Metric Tonnes,800.00,Rs./Quintal
Maharashtra,Kolhapur,Vegetables,Onion,25-02-2023,769.00,Metric Tonnes,800.00,Rs./Quintal
Maharashtra,Kolhapur,Vegetables,Onion,27-02-2023,691.00,Metric Tonnes,800.00,Rs./Quintal
Maharashtra,Kolhapur,Vegetables,Onion,28-02-2023,433.00,Metric Tonnes,800.00,Rs./Quintal
Maharashtra,Kolhapur,Vegetables,Onion,01-03-2023,371.00,Metric Tonnes,900.00,Rs./Quintal
Maharashtra,Kolhapur,Vegetables,Onion,02-03-2023,381.00,Metric Tonnes,1000.00,Rs./Quintal
Maharashtra,Kolhapur,Vegetables,Onion,03-03-2023,395.00,Metric Tonnes,1000.00,Rs./Quintal
Maharashtra,Kolhapur,Vegetables,Onion,04-03-2023,663.00,Metric Tonnes,1000.00,Rs./Quintal
Maharashtra,Kolhapur,Vegetables,Onion,06-03-2023,1052.00,Metric Tonnes,900.00,Rs./Quintal
Maharashtra,Kolhapur,Vegetables,Onion,08-03-2023,916.00,Metric Tonnes,900.00,Rs./Quintal
Maharashtra,Kolhapur,Vegetables,Onion,09-03-2023,579.00,Metric Tonnes,800.00,Rs./Quintal
Maharashtra,Kolhapur,Vegetables,Onion,10-03-2023,657.00,Metric Tonnes,800.00,Rs./Quintal
Maharashtra,Kolhapur,Vegetables,Onion,11-03-2023,1062.00,Metric Tonnes,900.00,Rs./Quintal
Maharashtra,Kolhapur,Vegetables,Onion,13-03-2023,909.00,Metric Tonnes,800.00,Rs./Quintal
Maharashtra,Kolhapur,Vegetables,Onion,14-03-2023,599.00,Metric Tonnes,701.34,Rs./Quintal
Maharashtra,Kolhapur,Vegetables,Onion,15-03-2023,552.00,Metric Tonnes,800.00,Rs./Quintal
Maharashtra,Kolhapur,Vegetables,Onion,16-03-2023,429.00,Metric Tonnes,800.00,Rs./Quintal
Maharashtra,Kolhapur,Vegetables,Onion,17-03-2023,533.00,Metric Tonnes,803.75,Rs./Quintal
Maharashtra,Kolhapur,Vegetables,Onion,18-03-2023,485.00,Metric Tonnes,1000.00,Rs./Quintal
Maharashtra,Kolhapur,Vegetables,Onion,20-03-2023,810.00,Metric Tonnes,900.00,Rs./Quintal
Maharashtra,Kolhapur,Vegetables,Onion,21-03-2023,519.00,Metric Tonnes,700.00,Rs./Quintal
Maharashtra,Kolhapur,Vegetables,Onion,22-03-2023,716.00,Metric Tonnes,800.00,Rs./Quintal
Maharashtra,Kolhapur,Vegetables,Onion,23-03-2023,316.00,Metric Tonnes,811.39,Rs./Quintal
Maharashtra,Kolhapur,Vegetables,Onion,24-03-2023,596.00,Metric Tonnes,900.00,Rs./Quintal
Maharashtra,Kolhapur,Vegetables,Onion,25-03-2023,900.00,Metric Tonnes,800.00,Rs./Quintal
Maharashtra,Kolhapur,Vegetables,Onion,27-03-2023,995.00,Metric Tonnes,800.00,Rs./Quintal
Maharashtra,Kolhapur,Vegetables,Onion,28-03-2023,808.00,Metric Tonnes,700.00,Rs./Quintal
Maharashtra,Kolhapur,Vegetables,Onion,29-03-2023,1339.00,Metric Tonnes,700.00,Rs./Quintal
Maharashtra,Kolhapur,Vegetables,Onion,30-03-2023,1311.00,Metric Tonnes,701.83,Rs./Quintal
Maharashtra,Kolhapur,Vegetables,Onion,31-03-2023,1505.00,Metric Tonnes,619.93,Rs./Quintal
Maharashtra,Kolhapur,Vegetables,Onion,01-04-2023,103.00,Metric Tonnes,624.27,Rs./Quintal
Maharashtra,Kolhapur,Vegetables,Onion,03-04-2023,222.00,Metric Tonnes,621.62,Rs./Quintal
Maharashtra,Kolhapur,Vegetables,Onion,04-04-2023,271.00,Metric Tonnes,800.00,Rs./Quintal
Maharashtra,Kolhapur,Vegetables,Onion,05-04-2023,753.00,Metric Tonnes,900.00,Rs./Quintal
Maharashtra,Kolhapur,Vegetables,Onion,06-04-2023,648.00,Metric Tonnes,800.00,Rs./Quintal
Maharashtra,Kolhapur,Vegetables,Onion,07-04-2023,706.00,Metric Tonnes,606.23,Rs./Quintal
Maharashtra,Kolhapur,Vegetables,Onion,08-04-2023,924.00,Metric Tonnes,700.00,Rs./Quintal
Maharashtra,Kolhapur,Vegetables,Onion,10-04-2023,1056.00,Metric Tonnes,800.00,Rs./Quintal
Maharashtra,Kolhapur,Vegetables,Onion,11-04-2023,472.00,Metric Tonnes,608.47,Rs./Quintal
Maharashtra,Kolhapur,Vegetables,Onion,12-04-2023,667.00,Metric Tonnes,600.00,Rs./Quintal
Maharashtra,Kolhapur,Vegetables,Onion,13-04-2023,374.00,Metric Tonnes,600.00,Rs./Quintal
Maharashtra,Kolhapur,Vegetables,Onion,14-04-2023,509.00,Metric Tonnes,800.00,Rs./Quintal
Maharashtra,Kolhapur,Vegetables,Onion,15-04-2023,790.00,Metric Tonnes,700.00,Rs./Quintal
Maharashtra,Kolhapur,Vegetables,Onion,17-04-2023,957.00,Metric Tonnes,700.00,Rs./Quintal
Maharashtra,Kolhapur,Vegetables,Onion,18-04-2023,662.00,Metric Tonnes,600.00,Rs./Quintal
Maharashtra,Kolhapur,Vegetables,Onion,19-04-2023,590.00,Metric Tonnes,700.00,Rs./Quintal
Maharashtra,Kolhapur,Vegetables,Onion,20-04-2023,471.00,Metric Tonnes,600.00,Rs./Quintal
Maharashtra,Kolhapur,Vegetables,Onion,21-04-2023,639.00,Metric Tonnes,700.00,Rs./Quintal
Maharashtra,Kolhapur,Vegetables,Onion,24-04-2023,917.00,Metric Tonnes,700.00,Rs./Quintal
Maharashtra,Kolhapur,Vegetables,Onion,25-04-2023,561.00,Metric Tonnes,600.00,Rs./Quintal
Maharashtra,Kolhapur,Vegetables,Onion,26-04-2023,486.00,Metric Tonnes,700.00,Rs./Quintal
Maharashtra,Kolhapur,Vegetables,Onion,27-04-2023,690.00,Metric Tonnes,800.00,Rs./Quintal
Maharashtra,Kolhapur,Vegetables,Onion,29-04-2023,1224.00,Metric Tonnes,800.00,Rs./Quintal
Maharashtra,Kolhapur,Vegetables,Onion,02-05-2023,971.00,Metric Tonnes,700.00,Rs./Quintal
Maharashtra,Kolhapur,Vegetables,Onion,03-05-2023,538.00,Metric Tonnes,800.00,Rs./Quintal
Maharashtra,Kolhapur,Vegetables,Onion,04-05-2023,568.00,Metric Tonnes,800.00,Rs./Quintal
Maharashtra,Kolhapur,Vegetables,Onion,05-05-2023,583.00,Metric Tonnes,800.00,Rs./Quintal
Maharashtra,Kolhapur,Vegetables,Onion,06-05-2023,1095.00,Metric Tonnes,800.00,Rs./Quintal
Maharashtra,Kolhapur,Vegetables,Onion,08-05-2023,1123.00,Metric Tonnes,800.00,Rs./Quintal
Maharashtra,Kolhapur,Vegetables,Onion,09-05-2023,675.00,Metric Tonnes,800.00,Rs./Quintal
Maharashtra,Kolhapur,Vegetables,Onion,10-05-2023,868.00,Metric Tonnes,700.00,Rs./Quintal
Maharashtra,Kolhapur,Vegetables,Onion,11-05-2023,599.00,Metric Tonnes,600.00,Rs./Quintal
Maharashtra,Kolhapur,Vegetables,Onion,12-05-2023,542.00,Metric Tonnes,700.00,Rs./Quintal
Maharashtra,Kolhapur,Vegetables,Onion,13-05-2023,604.00,Metric Tonnes,700.00,Rs./Quintal
Maharashtra,Kolhapur,Vegetables,Onion,15-05-2023,814.00,Metric Tonnes,700.00,Rs./Quintal
Maharashtra,Kolhapur,Vegetables,Onion,16-05-2023,511.00,Metric Tonnes,800.00,Rs./Quintal
Maharashtra,Kolhapur,Vegetables,Onion,17-05-2023,637.00,Metric Tonnes,828.26,Rs./Quintal
Maharashtra,Kolhapur,Vegetables,Onion,18-05-2023,622.00,Metric Tonnes,800.00,Rs./Quintal
Maharashtra,Kolhapur,Vegetables,Onion,19-05-2023,599.00,Metric Tonnes,800.00,Rs./Quintal
Maharashtra,Kolhapur,Vegetables,Onion,20-05-2023,902.00,Metric Tonnes,801.77,Rs./Quintal
Maharashtra,Kolhapur,Vegetables,Onion,22-05-2023,954.00,Metric Tonnes,800.00,Rs./Quintal
Maharashtra,Kolhapur,Vegetables,Onion,23-05-2023,585.00,Metric Tonnes,805.13,Rs./Quintal
Maharashtra,Kolhapur,Vegetables,Onion,24-05-2023,762.00,Metric Tonnes,801.84,Rs./Quintal
Maharashtra,Kolhapur,Vegetables,Onion,25-05-2023,619.00,Metric Tonnes,806.14,Rs./Quintal
Maharashtra,Kolhapur,Vegetables,Onion,26-05-2023,433.00,Metric Tonnes,800.00,Rs./Quintal
Maharashtra,Kolhapur,Vegetables,Onion,27-05-2023,608.00,Metric Tonnes,800.00,Rs./Quintal
Maharashtra,Kolhapur,Vegetables,Onion,29-05-2023,854.00,Metric Tonnes,800.00,Rs./Quintal
Maharashtra,Kolhapur,Vegetables,Onion,30-05-2023,421.00,Metric Tonnes,812.59,Rs./Quintal
Maharashtra,Kolhapur,Vegetables,Onion,31-05-2023,567.00,Metric Tonnes,944.13,Rs./Quintal
Maharashtra,Kolhapur,Vegetables,Onion,01-06-2023,396.00,Metric Tonnes,900.00,Rs./Quintal
Maharashtra,Kolhapur,Vegetables,Onion,02-06-2023,530.00,Metric Tonnes,900.00,Rs./Quintal
Maharashtra,Kolhapur,Vegetables,Onion,03-06-2023,595.00,Metric Tonnes,1000.00,Rs./Quintal
Maharashtra,Kolhapur,Vegetables,Onion,05-06-2023,604.00,Metric Tonnes,1000.00,Rs./Quintal
Maharashtra,Kolhapur,Vegetables,Onion,06-06-2023,530.00,Metric Tonnes,1000.00,Rs./Quintal
Maharashtra,Kolhapur,Vegetables,Onion,07-06-2023,647.00,Metric Tonnes,916.01,Rs./Quintal
Maharashtra,Kolhapur,Vegetables,Onion,08-06-2023,470.00,Metric Tonnes,900.00,Rs./Quintal
Maharashtra,Kolhapur,Vegetables,Onion,09-06-2023,413.00,Metric Tonnes,1000.00,Rs./Quintal
Maharashtra,Kolhapur,Vegetables,Onion,10-06-2023,517.00,Metric Tonnes,1006.58,Rs./Quintal
Maharashtra,Kolhapur,Vegetables,Onion,12-06-2023,567.00,Metric Tonnes,900.00,Rs./Quintal
Maharashtra,Kolhapur,Vegetables,Onion,13-06-2023,372.00,Metric Tonnes,1036.29,Rs./Quintal
Maharashtra,Kolhapur,Vegetables,Onion,14-06-2023,366.00,Metric Tonnes,995.63,Rs./Quintal
Maharashtra,Kolhapur,Vegetables,Onion,15-06-2023,308.00,Metric Tonnes,1000.00,Rs./Quintal
Maharashtra,Kolhapur,Vegetables,Onion,16-06-2023,399.00,Metric Tonnes,1028.07,Rs./Quintal
Maharashtra,Kolhapur,Vegetables,Onion,17-06-2023,422.00,Metric Tonnes,1000.00,Rs./Quintal
Maharashtra,Kolhapur,Vegetables,Onion,19-06-2023,476.00,Metric Tonnes,1000.00,Rs./Quintal
Maharashtra,Kolhapur,Vegetables,Onion,20-06-2023,349.00,Metric Tonnes,1000.00,Rs./Quintal
Maharashtra,Kolhapur,Vegetables,Onion,21-06-2023,447.00,Metric Tonnes,1000.00,Rs./Quintal
Maharashtra,Kolhapur,Vegetables,Onion,22-06-2023,418.00,Metric Tonnes,1000.00,Rs./Quintal
Maharashtra,Kolhapur,Vegetables,Onion,23-06-2023,569.00,Metric Tonnes,917.57,Rs./Quintal
Maharashtra,Kolhapur,Vegetables,Onion,24-06-2023,489.00,Metric Tonnes,1000.00,Rs./Quintal
Maharashtra,Kolhapur,Vegetables,Onion,26-06-2023,227.00,Metric Tonnes,900.00,Rs./Quintal
Maharashtra,Kolhapur,Vegetables,Onion,27-06-2023,399.00,Metric Tonnes,1000.00,Rs./Quintal
Maharashtra,Kolhapur,Vegetables,Onion,28-06-2023,397.00,Metric Tonnes,1000.00,Rs./Quintal
Maharashtra,Kolhapur,Vegetables,Onion,30-06-2023,392.00,Metric Tonnes,1000.00,Rs./Quintal
Maharashtra,Kolhapur,Vegetables,Onion,01-07-2023,426.00,Metric Tonnes,1013.15,Rs./Quintal
Maharashtra,Kolhapur,Vegetables,Onion,02-07-2023,11.00,Metric Tonnes,1200.00,Rs./Quintal
Maharashtra,Kolhapur,Vegetables,Onion,03-07-2023,559.00,Metric Tonnes,1100.00,Rs./Quintal
Maharashtra,Kolhapur,Vegetables,Onion,04-07-2023,229.00,Metric Tonnes,1100.00,Rs./Quintal
Maharashtra,Kolhapur,Vegetables,Onion,05-07-2023,343.00,Metric Tonnes,1200.00,Rs./Quintal
Maharashtra,Kolhapur,Vegetables,Onion,06-07-2023,252.00,Metric Tonnes,1200.00,Rs./Quintal
Maharashtra,Kolhapur,Vegetables,Onion,07-07-2023,345.00,Metric Tonnes,1200.00,Rs./Quintal
Maharashtra,Kolhapur,Vegetables,Onion,08-07-2023,503.00,Metric Tonnes,1200.00,Rs./Quintal
Maharashtra,Kolhapur,Vegetables,Onion,10-07-2023,549.00,Metric Tonnes,1200.00,Rs./Quintal
Maharashtra,Kolhapur,Vegetables,Onion,11-07-2023,182.00,Metric Tonnes,1184.62,Rs./Quintal
Maharashtra,Kolhapur,Vegetables,Onion,12-07-2023,378.00,Metric Tonnes,1207.94,Rs./Quintal
Maharashtra,Kolhapur,Vegetables,Onion,13-07-2023,251.00,Metric Tonnes,1209.96,Rs./Quintal
Maharashtra,Kolhapur,Vegetables,Onion,14-07-2023,235.00,Metric Tonnes,1200.00,Rs./Quintal
Maharashtra,Kolhapur,Vegetables,Onion,15-07-2023,428.00,Metric Tonnes,1200.00,Rs./Quintal
Maharashtra,Kolhapur,Vegetables,Onion,17-07-2023,325.00,Metric Tonnes,1200.00,Rs./Quintal
Maharashtra,Kolhapur,Vegetables,Onion,18-07-2023,253.00,Metric Tonnes,1200.00,Rs./Quintal
Maharashtra,Kolhapur,Vegetables,Onion,19-07-2023,333.00,Metric Tonnes,1195.80,Rs./Quintal
Maharashtra,Kolhapur,Vegetables,Onion,20-07-2023,123.00,Metric Tonnes,1200.00,Rs./Quintal
Maharashtra,Kolhapur,Vegetables,Onion,21-07-2023,325.00,Metric Tonnes,1200.00,Rs./Quintal
Maharashtra,Kolhapur,Vegetables,Onion,22-07-2023,453.00,Metric Tonnes,1209.93,Rs./Quintal
Maharashtra,Kolhapur,Vegetables,Onion,24-07-2023,383.00,Metric Tonnes,1100.00,Rs./Quintal
Maharashtra,Kolhapur,Vegetables,Onion,25-07-2023,299.00,Metric Tonnes,1100.00,Rs./Quintal
Maharashtra,Kolhapur,Vegetables,Onion,26-07-2023,203.00,Metric Tonnes,1102.46,Rs./Quintal
Maharashtra,Kolhapur,Vegetables,Onion,27-07-2023,218.00,Metric Tonnes,1200.00,Rs./Quintal
Maharashtra,Kolhapur,Vegetables,Onion,28-07-2023,168.00,Metric Tonnes,1233.33,Rs./Quintal
Maharashtra,Kolhapur,Vegetables,Onion,29-07-2023,285.00,Metric Tonnes,1200.00,Rs./Quintal
Maharashtra,Kolhapur,Vegetables,Onion,30-07-2023,8.00,Metric Tonnes,1700.00,Rs./Quintal
Maharashtra,Kolhapur,Vegetables,Onion,31-07-2023,406.00,Metric Tonnes,1200.00,Rs./Quintal
Maharashtra,Kolhapur,Vegetables,Onion,01-08-2023,352.00,Metric Tonnes,1288.07,Rs./Quintal
Maharashtra,Kolhapur,Vegetables,Onion,02-08-2023,352.00,Metric Tonnes,1297.16,Rs./Quintal
Maharashtra,Kolhapur,Vegetables,Onion,03-08-2023,360.00,Metric Tonnes,1400.00,Rs./Quintal
Maharashtra,Kolhapur,Vegetables,Onion,04-08-2023,520.00,Metric Tonnes,12841.15,Rs./Quintal
Maharashtra,Kolhapur,Vegetables,Onion,05-08-2023,574.00,Metric Tonnes,1400.00,Rs./Quintal
Maharashtra,Kolhapur,Vegetables,Onion,06-08-2023,9.00,Metric Tonnes,1300.00,Rs./Quintal
Maharashtra,Kolhapur,Vegetables,Onion,07-08-2023,561.00,Metric Tonnes,1300.00,Rs./Quintal
Maharashtra,Kolhapur,Vegetables,Onion,08-08-2023,313.00,Metric Tonnes,1391.05,Rs./Quintal
Maharashtra,Kolhapur,Vegetables,Onion,09-08-2023,464.00,Metric Tonnes,1397.84,Rs./Quintal
Maharashtra,Kolhapur,Vegetables,Onion,10-08-2023,372.00,Metric Tonnes,1500.00,Rs./Quintal
Maharashtra,Kolhapur,Vegetables,Onion,11-08-2023,320.00,Metric Tonnes,1593.75,Rs./Quintal
Maharashtra,Kolhapur,Vegetables,Onion,12-08-2023,534.00,Metric Tonnes,1800.00,Rs./Quintal
Maharashtra,Kolhapur,Vegetables,Onion,14-08-2023,722.00,Metric Tonnes,1794.18,Rs./Quintal
Maharashtra,Kolhapur,Vegetables,Onion,16-08-2023,9.00,Metric Tonnes,1900.00,Rs./Quintal
Maharashtra,Kolhapur,Vegetables,Onion,17-08-2023,546.00,Metric Tonnes,1700.00,Rs./Quintal
Maharashtra,Kolhapur,Vegetables,Onion,18-08-2023,690.00,Metric Tonnes,1700.00,Rs./Quintal
Maharashtra,Kolhapur,Vegetables,Onion,19-08-2023,611.00,Metric Tonnes,1600.00,Rs./Quintal
Maharashtra,Kolhapur,Vegetables,Onion,21-08-2023,290.00,Metric Tonnes,1700.00,Rs./Quintal
Maharashtra,Kolhapur,Vegetables,Onion,22-08-2023,197.00,Metric Tonnes,1800.00,Rs./Quintal
Maharashtra,Kolhapur,Vegetables,Onion,23-08-2023,276.00,Metric Tonnes,1800.00,Rs./Quintal
Maharashtra,Kolhapur,Vegetables,Onion,24-08-2023,340.00,Metric Tonnes,1800.00,Rs./Quintal
Maharashtra,Kolhapur,Vegetables,Onion,25-08-2023,395.00,Metric Tonnes,2383.54,Rs./Quintal
Maharashtra,Kolhapur,Vegetables,Onion,26-08-2023,756.00,Metric Tonnes,1800.93,Rs./Quintal
Maharashtra,Kolhapur,Vegetables,Onion,28-08-2023,467.00,Metric Tonnes,1800.00,Rs./Quintal
Maharashtra,Kolhapur,Vegetables,Onion,29-08-2023,367.00,Metric Tonnes,1705.45,Rs./Quintal
Maharashtra,Kolhapur,Vegetables,Onion,30-08-2023,332.00,Metric Tonnes,1600.00,Rs./Quintal
Maharashtra,Kolhapur,Vegetables,Onion,31-08-2023,319.00,Metric Tonnes,1600.00,Rs./Quintal
Maharashtra,Kolhapur,Vegetables,Onion,01-09-2023,254.00,Metric Tonnes,1700.00,Rs./Quintal
Maharashtra,Kolhapur,Vegetables,Onion,02-09-2023,523.00,Metric Tonnes,1800.00,Rs./Quintal
Maharashtra,Kolhapur,Vegetables,Onion,03-09-2023,5.00,Metric Tonnes,1900.00,Rs./Quintal
Maharashtra,Kolhapur,Vegetables,Onion,04-09-2023,443.00,Metric Tonnes,1800.00,Rs./Quintal
Maharashtra,Kolhapur,Vegetables,Onion,05-09-2023,358.00,Metric Tonnes,1800.00,Rs./Quintal
Maharashtra,Kolhapur,Vegetables,Onion,06-09-2023,532.00,Metric Tonnes,1700.00,Rs./Quintal
Maharashtra,Kolhapur,Vegetables,Onion,08-09-2023,443.00,Metric Tonnes,1800.00,Rs./Quintal
Maharashtra,Kolhapur,Vegetables,Onion,09-09-2023,375.00,Metric Tonnes,1800.00,Rs./Quintal
Maharashtra,Kolhapur,Vegetables,Onion,11-09-2023,408.00,Metric Tonnes,1800.00,Rs./Quintal
Maharashtra,Kolhapur,Vegetables,Onion,12-09-2023,292.00,Metric Tonnes,1800.00,Rs./Quintal
Maharashtra,Kolhapur,Vegetables,Onion,13-09-2023,524.00,Metric Tonnes,1700.00,Rs./Quintal
Maharashtra,Kolhapur,Vegetables,Onion,14-09-2023,373.00,Metric Tonnes,1800.00,Rs./Quintal
Maharashtra,Kolhapur,Vegetables,Onion,15-09-2023,394.00,Metric Tonnes,1700.00,Rs./Quintal
Maharashtra,Kolhapur,Vegetables,Onion,16-09-2023,629.00,Metric Tonnes,1900.00,Rs./Quintal
Maharashtra,Kolhapur,Vegetables,Onion,18-09-2023,450.00,Metric Tonnes,1900.00,Rs./Quintal
Maharashtra,Kolhapur,Vegetables,Onion,20-09-2023,322.00,Metric Tonnes,1900.00,Rs./Quintal
Maharashtra,Kolhapur,Vegetables,Onion,21-09-2023,276.00,Metric Tonnes,1800.00,Rs./Quintal
Maharashtra,Kolhapur,Vegetables,Onion,22-09-2023,420.00,Metric Tonnes,1800.00,Rs./Quintal
Maharashtra,Kolhapur,Vegetables,Onion,25-09-2023,468.00,Metric Tonnes,1914.10,Rs./Quintal
Maharashtra,Kolhapur,Vegetables,Onion,26-09-2023,302.00,Metric Tonnes,1800.00,Rs./Quintal
Maharashtra,Kolhapur,Vegetables,Onion,27-09-2023,469.00,Metric Tonnes,1800.00,Rs./Quintal
Maharashtra,Kolhapur,Vegetables,Onion,28-09-2023,241.00,Metric Tonnes,1900.00,Rs./Quintal
Maharashtra,Kolhapur,Vegetables,Onion,29-09-2023,342.00,Metric Tonnes,1800.00,Rs./Quintal
Maharashtra,Kolhapur,Vegetables,Onion,30-09-2023,670.00,Metric Tonnes,1800.00,Rs./Quintal
Maharashtra,Kolhapur,Vegetables,Onion,02-10-2023,280.00,Metric Tonnes,1800.00,Rs./Quintal
Maharashtra,Kolhapur,Vegetables,Onion,03-10-2023,268.00,Metric Tonnes,1800.00,Rs./Quintal
Maharashtra,Kolhapur,Vegetables,Onion,04-10-2023,519.00,Metric Tonnes,1900.00,Rs./Quintal
Maharashtra,Kolhapur,Vegetables,Onion,05-10-2023,474.00,Metric Tonnes,1800.00,Rs./Quintal
Maharashtra,Kolhapur,Vegetables,Onion,06-10-2023,618.00,Metric Tonnes,1800.00,Rs./Quintal
Maharashtra,Kolhapur,Vegetables,Onion,07-10-2023,695.00,Metric Tonnes,1800.00,Rs./Quintal
Maharashtra,Kolhapur,Vegetables,Onion,09-10-2023,635.00,Metric Tonnes,1800.00,Rs./Quintal
Maharashtra,Kolhapur,Vegetables,Onion,10-10-2023,563.00,Metric Tonnes,1847.96,Rs./Quintal
Maharashtra,Kolhapur,Vegetables,Onion,11-10-2023,550.00,Metric Tonnes,1800.00,Rs./Quintal
Maharashtra,Kolhapur,Vegetables,Onion,12-10-2023,354.00,Metric Tonnes,1833.90,Rs./Quintal
Maharashtra,Kolhapur,Vegetables,Onion,13-10-2023,441.00,Metric Tonnes,1800.00,Rs./Quintal
Maharashtra,Kolhapur,Vegetables,Onion,14-10-2023,316.00,Metric Tonnes,2000.00,Rs./Quintal
Maharashtra,Kolhapur,Vegetables,Onion,16-10-2023,232.00,Metric Tonnes,2200.00,Rs./Quintal
Maharashtra,Kolhapur,Vegetables,Onion,17-10-2023,341.00,Metric Tonnes,2300.00,Rs./Quintal
Maharashtra,Kolhapur,Vegetables,Onion,18-10-2023,739.00,Metric Tonnes,2800.00,Rs./Quintal
Maharashtra,Kolhapur,Vegetables,Onion,19-10-2023,495.00,Metric Tonnes,2500.00,Rs./Quintal
Maharashtra,Kolhapur,Vegetables,Onion,20-10-2023,427.00,Metric Tonnes,2371.90,Rs./Quintal
Maharashtra,Kolhapur,Vegetables,Onion,21-10-2023,441.00,Metric Tonnes,2800.00,Rs./Quintal
Maharashtra,Kolhapur,Vegetables,Onion,23-10-2023,563.00,Metric Tonnes,2600.00,Rs./Quintal
Maharashtra,Kolhapur,Vegetables,Onion,25-10-2023,281.00,Metric Tonnes,3600.00,Rs./Quintal
Maharashtra,Kolhapur,Vegetables,Onion,26-10-2023,387.00,Metric Tonnes,3600.00,Rs./Quintal
Maharashtra,Kolhapur,Vegetables,Onion,27-10-2023,739.00,Metric Tonnes,3400.00,Rs./Quintal
Maharashtra,Kolhapur,Vegetables,Onion,28-10-2023,676.00,Metric Tonnes,3405.92,Rs./Quintal
Maharashtra,Kolhapur,Vegetables,Onion,30-10-2023,474.00,Metric Tonnes,3200.00,Rs./Quintal
Maharashtra,Kolhapur,Vegetables,Onion,31-10-2023,330.00,Metric Tonnes,3200.00,Rs./Quintal
Maharashtra,Kolhapur,Vegetables,Onion,01-11-2023,351.00,Metric Tonnes,3300.00,Rs./Quintal
Maharashtra,Kolhapur,Vegetables,Onion,02-11-2023,154.00,Metric Tonnes,3200.00,Rs./Quintal
Maharashtra,Kolhapur,Vegetables,Onion,03-11-2023,372.00,Metric Tonnes,3200.00,Rs./Quintal
Maharashtra,Kolhapur,Vegetables,Onion,04-11-2023,407.00,Metric Tonnes,3300.00,Rs./Quintal
Maharashtra,Kolhapur,Vegetables,Onion,06-11-2023,566.00,Metric Tonnes,3000.00,Rs./Quintal
Maharashtra,Kolhapur,Vegetables,Onion,07-11-2023,411.00,Metric Tonnes,3054.74,Rs./Quintal
Maharashtra,Kolhapur,Vegetables,Onion,08-11-2023,362.00,Metric Tonnes,3041.44,Rs./Quintal
Maharashtra,Kolhapur,Vegetables,Onion,09-11-2023,316.00,Metric Tonnes,3000.00,Rs./Quintal
Maharashtra,Kolhapur,Vegetables,Onion,10-11-2023,397.00,Metric Tonnes,3000.00,Rs./Quintal
Maharashtra,Kolhapur,Vegetables,Onion,11-11-2023,478.00,Metric Tonnes,3400.00,Rs./Quintal
Maharashtra,Kolhapur,Vegetables,Onion,14-11-2023,597.00,Metric Tonnes,3400.00,Rs./Quintal
Maharashtra,Kolhapur,Vegetables,Onion,15-11-2023,182.00,Metric Tonnes,3000.00,Rs./Quintal
Maharashtra,Kolhapur,Vegetables,Onion,16-11-2023,241.00,Metric Tonnes,3000.00,Rs./Quintal
Maharashtra,Kolhapur,Vegetables,Onion,17-11-2023,252.00,Metric Tonnes,3000.00,Rs./Quintal
Maharashtra,Kolhapur,Vegetables,Onion,18-11-2023,443.00,Metric Tonnes,3000.00,Rs./Quintal
Maharashtra,Kolhapur,Vegetables,Onion,20-11-2023,490.00,Metric Tonnes,3000.00,Rs./Quintal
Maharashtra,Kolhapur,Vegetables,Onion,21-11-2023,431.00,Metric Tonnes,3000.00,Rs./Quintal
Maharashtra,Kolhapur,Vegetables,Onion,22-11-2023,606.00,Metric Tonnes,2800.00,Rs./Quintal
Maharashtra,Kolhapur,Vegetables,Onion,23-11-2023,581.00,Metric Tonnes,2700.00,Rs./Quintal
Maharashtra,Kolhapur,Vegetables,Onion,24-11-2023,572.00,Metric Tonnes,2400.00,Rs./Quintal
Maharashtra,Kolhapur,Vegetables,Onion,25-11-2023,713.00,Metric Tonnes,2600.00,Rs./Quintal
Maharashtra,Kolhapur,Vegetables,Onion,28-11-2023,362.00,Metric Tonnes,3000.00,Rs./Quintal
Maharashtra,Kolhapur,Vegetables,Onion,29-11-2023,320.00,Metric Tonnes,2800.00,Rs./Quintal
Maharashtra,Kolhapur,Vegetables,Onion,30-11-2023,375.00,Metric Tonnes,2800.00,Rs./Quintal
Maharashtra,Kolhapur,Vegetables,Onion,04-12-2023,465.00,Metric Tonnes,3200.00,Rs./Quintal
Maharashtra,Kolhapur,Vegetables,Onion,05-12-2023,411.00,Metric Tonnes,3000.00,Rs./Quintal
Maharashtra,Kolhapur,Vegetables,Onion,06-12-2023,444.00,Metric Tonnes,3000.00,Rs./Quintal
Maharashtra,Kolhapur,Vegetables,Onion,07-12-2023,378.00,Metric Tonnes,3033.07,Rs./Quintal
Maharashtra,Kolhapur,Vegetables,Onion,08-12-2023,454.00,Metric Tonnes,3006.61,Rs./Quintal
Maharashtra,Kolhapur,Vegetables,Onion,09-12-2023,690.00,Metric Tonnes,2600.00,Rs./Quintal
Maharashtra,Kolhapur,Vegetables,Onion,11-12-2023,605.00,Metric Tonnes,2600.00,Rs./Quintal
Maharashtra,Kolhapur,Vegetables,Onion,12-12-2023,494.00,Metric Tonnes,2800.00,Rs./Quintal
Maharashtra,Kolhapur,Vegetables,Onion,13-12-2023,1058.00,Metric Tonnes,2600.00,Rs./Quintal
Maharashtra,Kolhapur,Vegetables,Onion,14-12-2023,28.00,Metric Tonnes,2000.00,Rs./Quintal
Maharashtra,Kolhapur,Vegetables,Onion,15-12-2023,1624.00,Metric Tonnes,2000.00,Rs./Quintal
Maharashtra,Kolhapur,Vegetables,Onion,16-12-2023,931.00,Metric Tonnes,1800.00,Rs./Quintal
Maharashtra,Kolhapur,Vegetables,Onion,18-12-2023,974.00,Metric Tonnes,1700.00,Rs./Quintal
Maharashtra,Kolhapur,Vegetables,Onion,19-12-2023,653.00,Metric Tonnes,1704.59,Rs./Quintal
Maharashtra,Kolhapur,Vegetables,Onion,20-12-2023,680.00,Metric Tonnes,1800.00,Rs./Quintal
Maharashtra,Kolhapur,Vegetables,Onion,21-12-2023,637.00,Metric Tonnes,1805.65,Rs./Quintal
Maharashtra,Kolhapur,Vegetables,Onion,22-12-2023,798.00,Metric Tonnes,1610.15,Rs./Quintal
Maharashtra,Kolhapur,Vegetables,Onion,23-12-2023,801.00,Metric Tonnes,1500.00,Rs./Quintal
Maharashtra,Kolhapur,Vegetables,Onion,25-12-2023,501.00,Metric Tonnes,1800.00,Rs./Quintal
Maharashtra,Kolhapur,Vegetables,Onion,26-12-2023,544.00,Metric Tonnes,1506.43,Rs./Quintal
Maharashtra,Kolhapur,Vegetables,Onion,27-12-2023,643.00,Metric Tonnes,1701.87,Rs./Quintal
Maharashtra,Kolhapur,Vegetables,Onion,28-12-2023,710.00,Metric Tonnes,1600.00,Rs./Quintal
Maharashtra,Kolhapur,Vegetables,Onion,29-12-2023,682.00,Metric Tonnes,1500.00,Rs./Quintal
Maharashtra,Kolhapur,Vegetables,Onion,30-12-2023,868.00,Metric Tonnes,1400.00,Rs./Quintal
Maharashtra,Kolhapur,Vegetables,Onion,01-01-2024,839.00,Metric Tonnes,1400.00,Rs./Quintal
Maharashtra,Kolhapur,Vegetables,Onion,02-01-2024,831.00,Metric Tonnes,1400.00,Rs./Quintal
Maharashtra,Kolhapur,Vegetables,Onion,03-01-2024,694.00,Metric Tonnes,1400.00,Rs./Quintal
Maharashtra,Kolhapur,Vegetables,Onion,04-01-2024,559.00,Metric Tonnes,1500.00,Rs./Quintal
Maharashtra,Kolhapur,Vegetables,Onion,05-01-2024,890.00,Metric Tonnes,1599.21,Rs./Quintal
Maharashtra,Kolhapur,Vegetables,Onion,06-01-2024,1150.00,Metric Tonnes,1599.30,Rs./Quintal
Maharashtra,Kolhapur,Vegetables,Onion,08-01-2024,1132.00,Metric Tonnes,1500.00,Rs./Quintal
Maharashtra,Kolhapur,Vegetables,Onion,09-01-2024,897.00,Metric Tonnes,1599.11,Rs./Quintal
Maharashtra,Kolhapur,Vegetables,Onion,10-01-2024,926.00,Metric Tonnes,1400.32,Rs./Quintal
Maharashtra,Kolhapur,Vegetables,Onion,11-01-2024,482.00,Metric Tonnes,1500.00,Rs./Quintal
Maharashtra,Kolhapur,Vegetables,Onion,12-01-2024,491.00,Metric Tonnes,1500.00,Rs./Quintal
Maharashtra,Kolhapur,Vegetables,Onion,13-01-2024,815.00,Metric Tonnes,1500.00,Rs./Quintal
Maharashtra,Kolhapur,Vegetables,Onion,15-01-2024,869.00,Metric Tonnes,1500.00,Rs./Quintal
Maharashtra,Kolhapur,Vegetables,Onion,16-01-2024,5.00,Metric Tonnes,2000.00,Rs./Quintal
Maharashtra,Kolhapur,Vegetables,Onion,17-01-2024,484.00,Metric Tonnes,1500.00,Rs./Quintal
Maharashtra,Kolhapur,Vegetables,Onion,18-01-2024,493.00,Metric Tonnes,1500.00,Rs./Quintal
Maharashtra,Kolhapur,Vegetables,Onion,19-01-2024,949.00,Metric Tonnes,1500.00,Rs./Quintal
Maharashtra,Kolhapur,Vegetables,Onion,20-01-2024,1086.00,Metric Tonnes,1400.00,Rs./Quintal
Maharashtra,Kolhapur,Vegetables,Onion,21-01-2024,8.00,Metric Tonnes,1200.00,Rs./Quintal
Maharashtra,Kolhapur,Vegetables,Onion,23-01-2024,1467.00,Metric Tonnes,1200.00,Rs./Quintal
Maharashtra,Kolhapur,Vegetables,Onion,24-01-2024,1583.00,Metric Tonnes,1000.00,Rs./Quintal
Maharashtra,Kolhapur,Vegetables,Onion,25-01-2024,1137.00,Metric Tonnes,900.00,Rs./Quintal
Maharashtra,Kolhapur,Vegetables,Onion,26-01-2024,7.00,Metric Tonnes,1200.00,Rs./Quintal
Maharashtra,Kolhapur,Vegetables,Onion,27-01-2024,565.00,Metric Tonnes,903.72,Rs./Quintal
Maharashtra,Kolhapur,Vegetables,Onion,29-01-2024,307.00,Metric Tonnes,1000.00,Rs./Quintal
Maharashtra,Kolhapur,Vegetables,Onion,30-01-2024,268.00,Metric Tonnes,1000.00,Rs./Quintal
Maharashtra,Kolhapur,Vegetables,Onion,31-01-2024,480.00,Metric Tonnes,1000.00,Rs./Quintal
Maharashtra,Kolhapur,Vegetables,Onion,01-02-2024,701.00,Metric Tonnes,1100.00,Rs./Quintal
Maharashtra,Kolhapur,Vegetables,Onion,02-02-2024,777.00,Metric Tonnes,1203.86,Rs./Quintal
Maharashtra,Kolhapur,Vegetables,Onion,03-02-2024,966.00,Metric Tonnes,1202.48,Rs./Quintal
Maharashtra,Kolhapur,Vegetables,Onion,04-02-2024,4.00,Metric Tonnes,1200.00,Rs./Quintal
Maharashtra,Kolhapur,Vegetables,Onion,05-02-2024,705.00,Metric Tonnes,1200.00,Rs./Quintal
Maharashtra,Kolhapur,Vegetables,Onion,06-02-2024,797.00,Metric Tonnes,1000.75,Rs./Quintal
Maharashtra,Kolhapur,Vegetables,Onion,07-02-2024,813.00,Metric Tonnes,1000.00,Rs./Quintal
Maharashtra,Kolhapur,Vegetables,Onion,08-02-2024,628.00,Metric Tonnes,1000.00,Rs./Quintal
Maharashtra,Kolhapur,Vegetables,Onion,09-02-2024,533.00,Metric Tonnes,1000.00,Rs./Quintal
Maharashtra,Kolhapur,Vegetables,Onion,10-02-2024,729.00,Metric Tonnes,1000.00,Rs./Quintal
Maharashtra,Kolhapur,Vegetables,Onion,12-02-2024,602.00,Metric Tonnes,1000.00,Rs./Quintal
Maharashtra,Kolhapur,Vegetables,Onion,13-02-2024,380.00,Metric Tonnes,1000.00,Rs./Quintal
Maharashtra,Kolhapur,Vegetables,Onion,14-02-2024,664.00,Metric Tonnes,1000.00,Rs./Quintal
Maharashtra,Kolhapur,Vegetables,Onion,15-02-2024,360.00,Metric Tonnes,1000.00,Rs./Quintal
Maharashtra,Kolhapur,Vegetables,Onion,16-02-2024,376.00,Metric Tonnes,1000.00,Rs./Quintal
Maharashtra,Kolhapur,Vegetables,Onion,17-02-2024,676.00,Metric Tonnes,1000.00,Rs./Quintal
Maharashtra,Kolhapur,Vegetables,Onion,20-02-2024,342.00,Metric Tonnes,1600.00,Rs./Quintal
Maharashtra,Kolhapur,Vegetables,Onion,21-02-2024,285.00,Metric Tonnes,1608.42,Rs./Quintal
Maharashtra,Kolhapur,Vegetables,Onion,22-02-2024,529.00,Metric Tonnes,1200.00,Rs./Quintal
Maharashtra,Kolhapur,Vegetables,Onion,23-02-2024,486.00,Metric Tonnes,1400.00,Rs./Quintal
Maharashtra,Kolhapur,Vegetables,Onion,24-02-2024,513.00,Metric Tonnes,1500.00,Rs./Quintal
Maharashtra,Kolhapur,Vegetables,Onion,27-02-2024,1158.00,Metric Tonnes,1500.00,Rs./Quintal
Maharashtra,Kolhapur,Vegetables,Onion,28-02-2024,629.20,Metric Tonnes,1400.00,Rs./Quintal
Maharashtra,Kolhapur,Vegetables,Onion,29-02-2024,738.80,Metric Tonnes,1301.16,Rs./Quintal
Maharashtra,Kolhapur,Vegetables,Onion,01-03-2024,748.10,Metric Tonnes,1299.22,Rs./Quintal
Maharashtra,Kolhapur,Vegetables,Onion,02-03-2024,928.40,Metric Tonnes,1300.00,Rs./Quintal
Maharashtra,Kolhapur,Vegetables,Onion,03-03-2024,5.00,Metric Tonnes,1500.00,Rs./Quintal
Maharashtra,Kolhapur,Vegetables,Onion,04-03-2024,722.10,Metric Tonnes,1200.00,Rs./Quintal
Maharashtra,Kolhapur,Vegetables,Onion,05-03-2024,439.40,Metric Tonnes,1200.00,Rs./Quintal
Maharashtra,Kolhapur,Vegetables,Onion,06-03-2024,743.10,Metric Tonnes,1400.00,Rs./Quintal
Maharashtra,Kolhapur,Vegetables,Onion,07-03-2024,499.40,Metric Tonnes,1200.00,Rs./Quintal
Maharashtra,Kolhapur,Vegetables,Onion,08-03-2024,452.90,Metric Tonnes,1200.00,Rs./Quintal
Maharashtra,Kolhapur,Vegetables,Onion,09-03-2024,961.20,Metric Tonnes,1400.42,Rs./Quintal
Maharashtra,Kolhapur,Vegetables,Onion,11-03-2024,899.00,Metric Tonnes,1200.00,Rs./Quintal
Maharashtra,Kolhapur,Vegetables,Onion,12-03-2024,490.00,Metric Tonnes,1200.00,Rs./Quintal
Maharashtra,Kolhapur,Vegetables,Onion,13-03-2024,748.90,Metric Tonnes,1300.00,Rs./Quintal
Maharashtra,Kolhapur,Vegetables,Onion,14-03-2024,342.20,Metric Tonnes,1213.56,Rs./Quintal
Maharashtra,Kolhapur,Vegetables,Onion,15-03-2024,541.00,Metric Tonnes,1105.91,Rs./Quintal
Maharashtra,Kolhapur,Vegetables,Onion,16-03-2024,838.80,Metric Tonnes,1200.00,Rs./Quintal
Maharashtra,Kolhapur,Vegetables,Onion,18-03-2024,690.30,Metric Tonnes,1200.00,Rs./Quintal
Maharashtra,Kolhapur,Vegetables,Onion,19-03-2024,367.10,Metric Tonnes,1020.02,Rs./Quintal
Maharashtra,Kolhapur,Vegetables,Onion,20-03-2024,574.70,Metric Tonnes,1200.00,Rs./Quintal
Maharashtra,Kolhapur,Vegetables,Onion,21-03-2024,276.40,Metric Tonnes,1117.66,Rs./Quintal
Maharashtra,Kolhapur,Vegetables,Onion,22-03-2024,305.50,Metric Tonnes,1200.00,Rs./Quintal
Maharashtra,Kolhapur,Vegetables,Onion,23-03-2024,525.30,Metric Tonnes,1300.00,Rs./Quintal
Maharashtra,Kolhapur,Vegetables,Onion,26-03-2024,436.60,Metric Tonnes,1200.00,Rs./Quintal
Maharashtra,Kolhapur,Vegetables,Onion,27-03-2024,308.80,Metric Tonnes,1300.00,Rs./Quintal
Maharashtra,Kolhapur,Vegetables,Onion,28-03-2024,316.40,Metric Tonnes,1400.00,Rs./Quintal
Maharashtra,Kolhapur,Vegetables,Onion,29-03-2024,693.30,Metric Tonnes,1400.00,Rs./Quintal
Maharashtra,Kolhapur,Vegetables,Onion,30-03-2024,7.00,Metric Tonnes,1200.00,Rs./Quintal
Maharashtra,Kolhapur,Vegetables,Onion,01-04-2024,1002.80,Metric Tonnes,1300.00,Rs./Quintal
Maharashtra,Kolhapur,Vegetables,Onion,02-04-2024,357.20,Metric Tonnes,1200.00,Rs./Quintal
Maharashtra,Kolhapur,Vegetables,Onion,03-04-2024,613.80,Metric Tonnes,1311.40,Rs./Quintal
Maharashtra,Kolhapur,Vegetables,Onion,04-04-2024,431.90,Metric Tonnes,1200.00,Rs./Quintal
Maharashtra,Kolhapur,Vegetables,Onion,05-04-2024,474.50,Metric Tonnes,1212.64,Rs./Quintal
Maharashtra,Kolhapur,Vegetables,Onion,06-04-2024,734.70,Metric Tonnes,1200.00,Rs./Quintal
Maharashtra,Kolhapur,Vegetables,Onion,08-04-2024,520.10,Metric Tonnes,1200.00,Rs./Quintal
Maharashtra,Kolhapur,Vegetables,Onion,09-04-2024,460.30,Metric Tonnes,1200.00,Rs./Quintal
Maharashtra,Kolhapur,Vegetables,Onion,13-04-2024,646.00,Metric Tonnes,1200.00,Rs./Quintal
Maharashtra,Kolhapur,Vegetables,Onion,15-04-2024,617.30,Metric Tonnes,1200.00,Rs./Quintal
Maharashtra,Kolhapur,Vegetables,Onion,19-04-2024,335.30,Metric Tonnes,1200.00,Rs./Quintal
Maharashtra,Kolhapur,Vegetables,Onion,22-04-2024,485.20,Metric Tonnes,1208.24,Rs./Quintal
Maharashtra,Kolhapur,Vegetables,Onion,23-04-2024,2.10,Metric Tonnes,1900.00,Rs./Quintal
Maharashtra,Kolhapur,Vegetables,Onion,24-04-2024,424.60,Metric Tonnes,1200.00,Rs./Quintal
Maharashtra,Kolhapur,Vegetables,Onion,25-04-2024,204.80,Metric Tonnes,1200.00,Rs./Quintal
Maharashtra,Kolhapur,Vegetables,Onion,26-04-2024,386.70,Metric Tonnes,1210.09,Rs./Quintal
Maharashtra,Kolhapur,Vegetables,Onion,27-04-2024,450.50,Metric Tonnes,1202.00,Rs./Quintal
Maharashtra,Kolhapur,Vegetables,Onion,28-04-2024,4.50,Metric Tonnes,1800.00,Rs./Quintal
Maharashtra,Kolhapur,Vegetables,Onion,29-04-2024,329.50,Metric Tonnes,1200.00,Rs./Quintal
Maharashtra,Kolhapur,Vegetables,Onion,30-04-2024,265.00,Metric Tonnes,1224.53,Rs./Quintal
Maharashtra,Kolhapur,Vegetables,Onion,02-05-2024,462.80,Metric Tonnes,1319.01,Rs./Quintal
Maharashtra,Kolhapur,Vegetables,Onion,03-05-2024,302.80,Metric Tonnes,1420.81,Rs./Quintal
Maharashtra,Kolhapur,Vegetables,Onion,04-05-2024,484.40,Metric Tonnes,1400.00,Rs./Quintal
Maharashtra,Kolhapur,Vegetables,Onion,05-05-2024,12.00,Metric Tonnes,1700.00,Rs./Quintal
Maharashtra,Kolhapur,Vegetables,Onion,06-05-2024,899.40,Metric Tonnes,1500.00,Rs./Quintal
Maharashtra,Kolhapur,Vegetables,Onion,08-05-2024,911.70,Metric Tonnes,1408.23,Rs./Quintal
Maharashtra,Kolhapur,Vegetables,Onion,09-05-2024,603.40,Metric Tonnes,1411.44,Rs./Quintal
Maharashtra,Kolhapur,Vegetables,Onion,10-05-2024,587.70,Metric Tonnes,1413.61,Rs./Quintal
Maharashtra,Kolhapur,Vegetables,Onion,11-05-2024,573.40,Metric Tonnes,1409.42,Rs./Quintal
Maharashtra,Kolhapur,Vegetables,Onion,12-05-2024,15.00,Metric Tonnes,1700.00,Rs./Quintal
Maharashtra,Kolhapur,Vegetables,Onion,13-05-2024,425.60,Metric Tonnes,1400.00,Rs./Quintal
Maharashtra,Kolhapur,Vegetables,Onion,14-05-2024,332.80,Metric Tonnes,1406.61,Rs./Quintal
Maharashtra,Kolhapur,Vegetables,Onion,15-05-2024,464.60,Metric Tonnes,1409.69,Rs./Quintal
Maharashtra,Kolhapur,Vegetables,Onion,16-05-2024,359.10,Metric Tonnes,1410.03,Rs./Quintal
Maharashtra,Kolhapur,Vegetables,Onion,17-05-2024,356.70,Metric Tonnes,1400.00,Rs./Quintal
Maharashtra,Kolhapur,Vegetables,Onion,18-05-2024,742.60,Metric Tonnes,1405.66,Rs./Quintal
Maharashtra,Kolhapur,Vegetables,Onion,19-05-2024,9.50,Metric Tonnes,1800.00,Rs./Quintal
Maharashtra,Kolhapur,Vegetables,Onion,20-05-2024,721.80,Metric Tonnes,1400.00,Rs./Quintal
Maharashtra,Kolhapur,Vegetables,Onion,21-05-2024,458.60,Metric Tonnes,1400.00,Rs./Quintal
Maharashtra,Kolhapur,Vegetables,Onion,22-05-2024,458.50,Metric Tonnes,1400.00,Rs./Quintal
Maharashtra,Kolhapur,Vegetables,Onion,23-05-2024,398.00,Metric Tonnes,1400.00,Rs./Quintal
Maharashtra,Kolhapur,Vegetables,Onion,24-05-2024,431.30,Metric Tonnes,1400.00,Rs./Quintal
Maharashtra,Kolhapur,Vegetables,Onion,25-05-2024,587.70,Metric Tonnes,1414.46,Rs./Quintal
Maharashtra,Kolhapur,Vegetables,Onion,26-05-2024,31.00,Metric Tonnes,1900.00,Rs./Quintal
Maharashtra,Kolhapur,Vegetables,Onion,27-05-2024,675.20,Metric Tonnes,1432.58,Rs./Quintal
Maharashtra,Kolhapur,Vegetables,Onion,28-05-2024,410.90,Metric Tonnes,1525.55,Rs./Quintal
Maharashtra,Kolhapur,Vegetables,Onion,29-05-2024,429.00,Metric Tonnes,1700.00,Rs./Quintal
Maharashtra,Kolhapur,Vegetables,Onion,30-05-2024,348.50,Metric Tonnes,1700.00,Rs./Quintal
Maharashtra,Kolhapur,Vegetables,Onion,31-05-2024,606.40,Metric Tonnes,1612.37,Rs./Quintal
Maharashtra,Kolhapur,Vegetables,Onion,01-06-2024,794.90,Metric Tonnes,1600.00,Rs./Quintal
Maharashtra,Kolhapur,Vegetables,Onion,03-06-2024,627.50,Metric Tonnes,1700.00,Rs./Quintal
Maharashtra,Kolhapur,Vegetables,Onion,04-06-2024,340.60,Metric Tonnes,1700.00,Rs./Quintal
Maharashtra,Kolhapur,Vegetables,Onion,05-06-2024,298.80,Metric Tonnes,1731.79,Rs./Quintal
Maharashtra,Kolhapur,Vegetables,Onion,06-06-2024,196.20,Metric Tonnes,1722.43,Rs./Quintal
Maharashtra,Kolhapur,Vegetables,Onion,07-06-2024,193.00,Metric Tonnes,1904.15,Rs./Quintal
Maharashtra,Kolhapur,Vegetables,Onion,08-06-2024,462.70,Metric Tonnes,1972.62,Rs./Quintal
Maharashtra,Kolhapur,Vegetables,Onion,10-06-2024,743.30,Metric Tonnes,1600.00,Rs./Quintal
Maharashtra,Kolhapur,Vegetables,Onion,11-06-2024,678.30,Metric Tonnes,1788.46,Rs./Quintal
Maharashtra,Kolhapur,Vegetables,Onion,12-06-2024,617.20,Metric Tonnes,1713.42,Rs./Quintal
Maharashtra,Kolhapur,Vegetables,Onion,13-06-2024,445.90,Metric Tonnes,1886.12,Rs./Quintal
Maharashtra,Kolhapur,Vegetables,Onion,14-06-2024,473.10,Metric Tonnes,2000.00,Rs./Quintal
Maharashtra,Kolhapur,Vegetables,Onion,15-06-2024,639.30,Metric Tonnes,2018.77,Rs./Quintal
Maharashtra,Kolhapur,Vegetables,Onion,18-06-2024,406.30,Metric Tonnes,2000.00,Rs./Quintal
Maharashtra,Kolhapur,Vegetables,Onion,19-06-2024,477.00,Metric Tonnes,2227.67,Rs./Quintal
Maharashtra,Kolhapur,Vegetables,Onion,20-06-2024,503.70,Metric Tonnes,2200.00,Rs./Quintal
Maharashtra,Kolhapur,Vegetables,Onion,21-06-2024,601.40,Metric Tonnes,2211.31,Rs./Quintal
Maharashtra,Kolhapur,Vegetables,Onion,22-06-2024,785.60,Metric Tonnes,2207.13,Rs./Quintal
Maharashtra,Kolhapur,Vegetables,Onion,24-06-2024,406.10,Metric Tonnes,2200.00,Rs./Quintal
Maharashtra,Kolhapur,Vegetables,Onion,25-06-2024,383.70,Metric Tonnes,2100.00,Rs./Quintal
Maharashtra,Kolhapur,Vegetables,Onion,26-06-2024,410.80,Metric Tonnes,2100.00,Rs./Quintal
Maharashtra,Kolhapur,Vegetables,Onion,27-06-2024,404.00,Metric Tonnes,2100.00,Rs./Quintal
Maharashtra,Kolhapur,Vegetables,Onion,28-06-2024,289.30,Metric Tonnes,2200.00,Rs./Quintal
Maharashtra,Kolhapur,Vegetables,Onion,29-06-2024,394.30,Metric Tonnes,2215.22,Rs./Quintal
Maharashtra,Kolhapur,Vegetables,Onion,30-06-2024,14.00,Metric Tonnes,2700.00,Rs./Quintal
Maharashtra,Kolhapur,Vegetables,Onion,01-07-2024,213.90,Metric Tonnes,2200.00,Rs./Quintal
Maharashtra,Kolhapur,Vegetables,Onion,02-07-2024,312.70,Metric Tonnes,2200.00,Rs./Quintal
Maharashtra,Kolhapur,Vegetables,Onion,03-07-2024,514.80,Metric Tonnes,2217.68,Rs./Quintal
Maharashtra,Kolhapur,Vegetables,Onion,04-07-2024,450.20,Metric Tonnes,2218.66,Rs./Quintal
Maharashtra,Kolhapur,Vegetables,Onion,05-07-2024,409.00,Metric Tonnes,2219.07,Rs./Quintal
Maharashtra,Kolhapur,Vegetables,Onion,06-07-2024,552.20,Metric Tonnes,2208.87,Rs./Quintal
Maharashtra,Kolhapur,Vegetables,Onion,08-07-2024,430.50,Metric Tonnes,2200.00,Rs./Quintal
Maharashtra,Kolhapur,Vegetables,Onion,09-07-2024,205.60,Metric Tonnes,2218.97,Rs./Quintal
Maharashtra,Kolhapur,Vegetables,Onion,10-07-2024,403.90,Metric Tonnes,2214.86,Rs./Quintal
Maharashtra,Kolhapur,Vegetables,Onion,11-07-2024,384.10,Metric Tonnes,2228.12,Rs./Quintal
Maharashtra,Kolhapur,Vegetables,Onion,12-07-2024,470.30,Metric Tonnes,2200.00,Rs./Quintal
Maharashtra,Kolhapur,Vegetables,Onion,13-07-2024,539.30,Metric Tonnes,2215.58,Rs./Quintal
Maharashtra,Kolhapur,Vegetables,Onion,15-07-2024,394.80,Metric Tonnes,2200.00,Rs./Quintal
Maharashtra,Kolhapur,Vegetables,Onion,16-07-2024,293.30,Metric Tonnes,2216.37,Rs./Quintal
Maharashtra,Kolhapur,Vegetables,Onion,17-07-2024,244.70,Metric Tonnes,2200.00,Rs./Quintal
Maharashtra,Kolhapur,Vegetables,Onion,18-07-2024,287.10,Metric Tonnes,2200.00,Rs./Quintal
Maharashtra,Kolhapur,Vegetables,Onion,19-07-2024,433.80,Metric Tonnes,2200.00,Rs./Quintal
Maharashtra,Kolhapur,Vegetables,Onion,20-07-2024,578.50,Metric Tonnes,2200.00,Rs./Quintal
Maharashtra,Kolhapur,Vegetables,Onion,22-07-2024,376.90,Metric Tonnes,2217.51,Rs./Quintal
Maharashtra,Kolhapur,Vegetables,Onion,23-07-2024,288.30,Metric Tonnes,2200.00,Rs./Quintal
Maharashtra,Kolhapur,Vegetables,Onion,24-07-2024,232.70,Metric Tonnes,2200.00,Rs./Quintal
Maharashtra,Kolhapur,Vegetables,Onion,25-07-2024,166.90,Metric Tonnes,2217.97,Rs./Quintal
Maharashtra,Kolhapur,Vegetables,Onion,26-07-2024,110.60,Metric Tonnes,2300.00,Rs./Quintal
Maharashtra,Kolhapur,Vegetables,Onion,27-07-2024,228.70,Metric Tonnes,2508.75,Rs./Quintal
Maharashtra,Kolhapur,Vegetables,Onion,29-07-2024,515.40,Metric Tonnes,2300.00,Rs./Quintal
Maharashtra,Kolhapur,Vegetables,Onion,30-07-2024,417.10,Metric Tonnes,2300.00,Rs./Quintal
Maharashtra,Kolhapur,Vegetables,Onion,31-07-2024,484.60,Metric Tonnes,2211.14,Rs./Quintal
Maharashtra,Kolhapur,Vegetables,Onion,01-08-2024,392.00,Metric Tonnes,2226.79,Rs./Quintal
Maharashtra,Kolhapur,Vegetables,Onion,02-08-2024,410.90,Metric Tonnes,2318.25,Rs./Quintal
Maharashtra,Kolhapur,Vegetables,Onion,03-08-2024,413.90,Metric Tonnes,2314.50,Rs./Quintal
Maharashtra,Kolhapur,Vegetables,Onion,04-08-2024,17.50,Metric Tonnes,2800.00,Rs./Quintal
Maharashtra,Kolhapur,Vegetables,Onion,05-08-2024,396.00,Metric Tonnes,2200.00,Rs./Quintal
Maharashtra,Kolhapur,Vegetables,Onion,06-08-2024,286.40,Metric Tonnes,2100.00,Rs./Quintal
Maharashtra,Kolhapur,Vegetables,Onion,07-08-2024,542.80,Metric Tonnes,2213.82,Rs./Quintal
Maharashtra,Kolhapur,Vegetables,Onion,08-08-2024,443.30,Metric Tonnes,2229.78,Rs./Quintal
Maharashtra,Kolhapur,Vegetables,Onion,09-08-2024,475.40,Metric Tonnes,2209.57,Rs./Quintal
Maharashtra,Kolhapur,Vegetables,Onion,10-08-2024,465.30,Metric Tonnes,2412.04,Rs./Quintal
Maharashtra,Kolhapur,Vegetables,Onion,11-08-2024,26.00,Metric Tonnes,3200.00,Rs./Quintal
Maharashtra,Kolhapur,Vegetables,Onion,12-08-2024,564.20,Metric Tonnes,2500.00,Rs./Quintal
Maharashtra,Kolhapur,Vegetables,Onion,13-08-2024,360.50,Metric Tonnes,2500.00,Rs./Quintal
Maharashtra,Kolhapur,Vegetables,Onion,14-08-2024,583.40,Metric Tonnes,2605.31,Rs./Quintal
Maharashtra,Kolhapur,Vegetables,Onion,16-08-2024,428.80,Metric Tonnes,2800.00,Rs./Quintal
Maharashtra,Kolhapur,Vegetables,Onion,17-08-2024,547.00,Metric Tonnes,2507.31,Rs./Quintal
Maharashtra,Kolhapur,Vegetables,Onion,19-08-2024,252.90,Metric Tonnes,2500.00,Rs./Quintal
Maharashtra,Kolhapur,Vegetables,Onion,20-08-2024,129.40,Metric Tonnes,2580.37,Rs./Quintal
Maharashtra,Kolhapur,Vegetables,Onion,21-08-2024,321.30,Metric Tonnes,3000.00,Rs./Quintal
Maharashtra,Kolhapur,Vegetables,Onion,22-08-2024,361.60,Metric Tonnes,3024.89,Rs./Quintal
Maharashtra,Kolhapur,Vegetables,Onion,23-08-2024,502.90,Metric Tonnes,3219.69,Rs./Quintal
Maharashtra,Kolhapur,Vegetables,Onion,24-08-2024,609.30,Metric Tonnes,3214.77,Rs./Quintal
Maharashtra,Kolhapur,Vegetables,Onion,25-08-2024,9.00,Metric Tonnes,3800.00,Rs./Quintal
Maharashtra,Kolhapur,Vegetables,Onion,26-08-2024,333.00,Metric Tonnes,3228.83,Rs./Quintal
Maharashtra,Kolhapur,Vegetables,Onion,27-08-2024,15.70,Metric Tonnes,3560.51,Rs./Quintal
Maharashtra,Kolhapur,Vegetables,Onion,28-08-2024,388.90,Metric Tonnes,3200.00,Rs./Quintal
Maharashtra,Kolhapur,Vegetables,Onion,29-08-2024,325.80,Metric Tonnes,3200.00,Rs./Quintal
Maharashtra,Kolhapur,Vegetables,Onion,30-08-2024,381.30,Metric Tonnes,3040.91,Rs./Quintal
Maharashtra,Kolhapur,Vegetables,Onion,31-08-2024,585.10,Metric Tonnes,3022.22,Rs./Quintal
Maharashtra,Kolhapur,Vegetables,Onion,02-09-2024,317.50,Metric Tonnes,3000.00,Rs./Quintal
Maharashtra,Kolhapur,Vegetables,Onion,03-09-2024,167.60,Metric Tonnes,3445.94,Rs./Quintal
Maharashtra,Kolhapur,Vegetables,Onion,04-09-2024,641.30,Metric Tonnes,3444.60,Rs./Quintal
Maharashtra,Kolhapur,Vegetables,Onion,05-09-2024,459.90,Metric Tonnes,3222.61,Rs./Quintal
Maharashtra,Kolhapur,Vegetables,Onion,06-09-2024,526.40,Metric Tonnes,3027.07,Rs./Quintal
Maharashtra,Kolhapur,Vegetables,Onion,08-09-2024,14.00,Metric Tonnes,4500.00,Rs./Quintal
Maharashtra,Kolhapur,Vegetables,Onion,09-09-2024,246.70,Metric Tonnes,3000.00,Rs./Quintal
Maharashtra,Kolhapur,Vegetables,Onion,10-09-2024,226.20,Metric Tonnes,3119.36,Rs./Quintal
Maharashtra,Kolhapur,Vegetables,Onion,11-09-2024,285.10,Metric Tonnes,3000.00,Rs./Quintal
Maharashtra,Kolhapur,Vegetables,Onion,13-09-2024,307.80,Metric Tonnes,3026.80,Rs./Quintal
Maharashtra,Kolhapur,Vegetables,Onion,14-09-2024,366.50,Metric Tonnes,3234.38,Rs./Quintal
Maharashtra,Kolhapur,Vegetables,Onion,15-09-2024,7.00,Metric Tonnes,4800.00,Rs./Quintal
Maharashtra,Kolhapur,Vegetables,Onion,16-09-2024,195.00,Metric Tonnes,3300.00,Rs./Quintal
Maharashtra,Kolhapur,Vegetables,Onion,17-09-2024,205.50,Metric Tonnes,3200.00,Rs./Quintal
Maharashtra,Kolhapur,Vegetables,Onion,18-09-2024,302.60,Metric Tonnes,3263.85,Rs./Quintal
Maharashtra,Kolhapur,Vegetables,Onion,19-09-2024,156.10,Metric Tonnes,3300.00,Rs./Quintal
Maharashtra,Kolhapur,Vegetables,Onion,20-09-2024,227.00,Metric Tonnes,3300.00,Rs./Quintal
Maharashtra,Kolhapur,Vegetables,Onion,21-09-2024,405.00,Metric Tonnes,3400.00,Rs./Quintal
Maharashtra,Kolhapur,Vegetables,Onion,23-09-2024,234.30,Metric Tonnes,3300.00,Rs./Quintal
Maharashtra,Kolhapur,Vegetables,Onion,24-09-2024,348.20,Metric Tonnes,3363.47,Rs./Quintal
Maharashtra,Kolhapur,Vegetables,Onion,25-09-2024,460.80,Metric Tonnes,3277.47,Rs./Quintal
Maharashtra,Kolhapur,Vegetables,Onion,26-09-2024,275.00,Metric Tonnes,3316.36,Rs./Quintal
Maharashtra,Kolhapur,Vegetables,Onion,27-09-2024,321.50,Metric Tonnes,3269.67,Rs./Quintal
Maharashtra,Kolhapur,Vegetables,Onion,28-09-2024,610.10,Metric Tonnes,3231.47,Rs./Quintal
Maharashtra,Kolhapur,Vegetables,Onion,29-09-2024,14.00,Metric Tonnes,4700.00,Rs./Quintal
Maharashtra,Kolhapur,Vegetables,Onion,30-09-2024,396.90,Metric Tonnes,3000.00,Rs./Quintal
Maharashtra,Kolhapur,Vegetables,Onion,01-10-2024,236.10,Metric Tonnes,3000.00,Rs./Quintal
Maharashtra,Kolhapur,Vegetables,Onion,02-10-2024,370.10,Metric Tonnes,3043.77,Rs./Quintal
Maharashtra,Kolhapur,Vegetables,Onion,03-10-2024,100.90,Metric Tonnes,3000.00,Rs./Quintal
Maharashtra,Kolhapur,Vegetables,Onion,04-10-2024,150.30,Metric Tonnes,3439.72,Rs./Quintal
Maharashtra,Kolhapur,Vegetables,Onion,05-10-2024,384.90,Metric Tonnes,3058.46,Rs./Quintal
Maharashtra,Kolhapur,Vegetables,Onion,07-10-2024,596.40,Metric Tonnes,3000.00,Rs./Quintal
Maharashtra,Kolhapur,Vegetables,Onion,09-10-2024,372.10,Metric Tonnes,3000.00,Rs./Quintal
Maharashtra,Kolhapur,Vegetables,Onion,10-10-2024,271.50,Metric Tonnes,3000.00,Rs./Quintal
Maharashtra,Kolhapur,Vegetables,Onion,11-10-2024,411.90,Metric Tonnes,3023.31,Rs./Quintal
Maharashtra,Kolhapur,Vegetables,Onion,12-10-2024,14.00,Metric Tonnes,3500.00,Rs./Quintal
Maharashtra,Kolhapur,Vegetables,Onion,14-10-2024,221.20,Metric Tonnes,3200.00,Rs./Quintal
Maharashtra,Kolhapur,Vegetables,Onion,15-10-2024,359.70,Metric Tonnes,3200.00,Rs./Quintal
Maharashtra,Kolhapur,Vegetables,Onion,16-10-2024,336.30,Metric Tonnes,3200.00,Rs./Quintal
Maharashtra,Kolhapur,Vegetables,Onion,17-10-2024,296.20,Metric Tonnes,3021.94,Rs./Quintal
Maharashtra,Kolhapur,Vegetables,Onion,18-10-2024,142.50,Metric Tonnes,3242.11,Rs./Quintal
Maharashtra,Kolhapur,Vegetables,Onion,19-10-2024,430.40,Metric Tonnes,3211.15,Rs./Quintal
Maharashtra,Kolhapur,Vegetables,Onion,21-10-2024,342.80,Metric Tonnes,3200.00,Rs./Quintal
Maharashtra,Kolhapur,Vegetables,Onion,22-10-2024,296.80,Metric Tonnes,3200.00,Rs./Quintal
Maharashtra,Kolhapur,Vegetables,Onion,23-10-2024,244.00,Metric Tonnes,3300.00,Rs./Quintal
Maharashtra,Kolhapur,Vegetables,Onion,24-10-2024,402.60,Metric Tonnes,3500.00,Rs./Quintal
Maharashtra,Kolhapur,Vegetables,Onion,25-10-2024,308.40,Metric Tonnes,3310.70,Rs./Quintal
Maharashtra,Kolhapur,Vegetables,Onion,26-10-2024,699.20,Metric Tonnes,3300.00,Rs./Quintal
Maharashtra,Kolhapur,Vegetables,Onion,28-10-2024,557.50,Metric Tonnes,3000.00,Rs./Quintal
Maharashtra,Kolhapur,Vegetables,Onion,29-10-2024,601.30,Metric Tonnes,2809.31,Rs./Quintal
Maharashtra,Kolhapur,Vegetables,Onion,30-10-2024,525.00,Metric Tonnes,2500.00,Rs./Quintal
Maharashtra,Kolhapur,Vegetables,Onion,02-11-2024,313.10,Metric Tonnes,2600.00,Rs./Quintal
Maharashtra,Kolhapur,Vegetables,Onion,04-11-2024,247.10,Metric Tonnes,3000.00,Rs./Quintal
Maharashtra,Kolhapur,Vegetables,Onion,05-11-2024,312.70,Metric Tonnes,3000.00,Rs./Quintal
Maharashtra,Kolhapur,Vegetables,Onion,06-11-2024,401.80,Metric Tonnes,3000.00,Rs./Quintal
Maharashtra,Kolhapur,Vegetables,Onion,07-11-2024,392.20,Metric Tonnes,3200.00,Rs./Quintal
Maharashtra,Kolhapur,Vegetables,Onion,08-11-2024,445.40,Metric Tonnes,3000.00,Rs./Quintal
Maharashtra,Kolhapur,Vegetables,Onion,09-11-2024,582.50,Metric Tonnes,3000.00,Rs./Quintal
Maharashtra,Kolhapur,Vegetables,Onion,11-11-2024,501.30,Metric Tonnes,3000.00,Rs./Quintal
Maharashtra,Kolhapur,Vegetables,Onion,12-11-2024,558.60,Metric Tonnes,2797.49,Rs./Quintal
Maharashtra,Kolhapur,Vegetables,Onion,13-11-2024,685.00,Metric Tonnes,2696.20,Rs./Quintal
Maharashtra,Kolhapur,Vegetables,Onion,14-11-2024,705.10,Metric Tonnes,2500.00,Rs./Quintal
Maharashtra,Kolhapur,Vegetables,Onion,16-11-2024,808.80,Metric Tonnes,2591.47,Rs./Quintal
Maharashtra,Kolhapur,Vegetables,Onion,17-11-2024,23.00,Metric Tonnes,3000.00,Rs./Quintal
Maharashtra,Kolhapur,Vegetables,Onion,18-11-2024,455.30,Metric Tonnes,2600.00,Rs./Quintal
Maharashtra,Kolhapur,Vegetables,Onion,19-11-2024,552.00,Metric Tonnes,2600.00,Rs./Quintal
Maharashtra,Kolhapur,Vegetables,Onion,21-11-2024,320.60,Metric Tonnes,2600.00,Rs./Quintal
Maharashtra,Kolhapur,Vegetables,Onion,22-11-2024,345.00,Metric Tonnes,2600.00,Rs./Quintal
Maharashtra,Kolhapur,Vegetables,Onion,23-11-2024,275.00,Metric Tonnes,2600.00,Rs./Quintal
Maharashtra,Kolhapur,Vegetables,Onion,25-11-2024,557.60,Metric Tonnes,2600.00,Rs./Quintal
Maharashtra,Kolhapur,Vegetables,Onion,26-11-2024,335.50,Metric Tonnes,2868.26,Rs./Quintal
Maharashtra,Kolhapur,Vegetables,Onion,27-11-2024,523.10,Metric Tonnes,2760.58,Rs./Quintal
Maharashtra,Kolhapur,Vegetables,Onion,28-11-2024,312.70,Metric Tonnes,2735.05,Rs./Quintal
Maharashtra,Kolhapur,Vegetables,Onion,02-12-2024,686.20,Metric Tonnes,2500.00,Rs./Quintal
Maharashtra,Kolhapur,Vegetables,Onion,03-12-2024,243.70,Metric Tonnes,2584.94,Rs./Quintal
Maharashtra,Kolhapur,Vegetables,Onion,04-12-2024,477.70,Metric Tonnes,2400.00,Rs./Quintal
Maharashtra,Kolhapur,Vegetables,Onion,05-12-2024,338.00,Metric Tonnes,2670.12,Rs./Quintal
Maharashtra,Kolhapur,Vegetables,Onion,06-12-2024,351.00,Metric Tonnes,2709.69,Rs./Quintal
Maharashtra,Kolhapur,Vegetables,Onion,07-12-2024,364.10,Metric Tonnes,2632.66,Rs./Quintal
Maharashtra,Kolhapur,Vegetables,Onion,09-12-2024,419.60,Metric Tonnes,2700.00,Rs./Quintal
Maharashtra,Kolhapur,Vegetables,Onion,10-12-2024,260.60,Metric Tonnes,2700.00,Rs./Quintal
Maharashtra,Kolhapur,Vegetables,Onion,11-12-2024,572.90,Metric Tonnes,2800.00,Rs./Quintal
Maharashtra,Kolhapur,Vegetables,Onion,12-12-2024,419.50,Metric Tonnes,2800.00,Rs./Quintal
Maharashtra,Kolhapur,Vegetables,Onion,13-12-2024,507.30,Metric Tonnes,2400.00,Rs./Quintal
Maharashtra,Kolhapur,Vegetables,Onion,14-12-2024,665.80,Metric Tonnes,2400.00,Rs./Quintal
Maharashtra,Kolhapur,Vegetables,Onion,16-12-2024,536.30,Metric Tonnes,2300.00,Rs./Quintal
Maharashtra,Kolhapur,Vegetables,Onion,17-12-2024,382.60,Metric Tonnes,2200.00,Rs./Quintal
Maharashtra,Kolhapur,Vegetables,Onion,18-12-2024,556.00,Metric Tonnes,2290.65,Rs./Quintal
Maharashtra,Kolhapur,Vegetables,Onion,19-12-2024,463.40,Metric Tonnes,2199.20,Rs./Quintal
Maharashtra,Kolhapur,Vegetables,Onion,20-12-2024,585.80,Metric Tonnes,2000.00,Rs./Quintal
Maharashtra,Kolhapur,Vegetables,Onion,21-12-2024,790.00,Metric Tonnes,1832.28,Rs./Quintal
Maharashtra,Kolhapur,Vegetables,Onion,23-12-2024,401.50,Metric Tonnes,1800.00,Rs./Quintal
Maharashtra,Kolhapur,Vegetables,Onion,24-12-2024,380.60,Metric Tonnes,2000.00,Rs./Quintal
Maharashtra,Kolhapur,Vegetables,Onion,25-12-2024,318.90,Metric Tonnes,2146.75,Rs./Quintal
Maharashtra,Kolhapur,Vegetables,Onion,26-12-2024,352.10,Metric Tonnes,2104.52,Rs./Quintal
Maharashtra,Kolhapur,Vegetables,Onion,27-12-2024,512.80,Metric Tonnes,2000.00,Rs./Quintal
Maharashtra,Kolhapur,Vegetables,Onion,28-12-2024,527.50,Metric Tonnes,2247.39,Rs./Quintal
Maharashtra,Kolhapur,Vegetables,Onion,29-12-2024,26.00,Metric Tonnes,3400.00,Rs./Quintal
Maharashtra,Kolhapur,Vegetables,Onion,30-12-2024,410.00,Metric Tonnes,2000.00,Rs./Quintal
Maharashtra,Kolhapur,Vegetables,Onion,31-12-2024,275.40,Metric Tonnes,2071.90,Rs./Quintal
Maharashtra,Kolhapur,Vegetables,Onion,01-01-2025,443.80,Metric Tonnes,2258.58,Rs./Quintal
Maharashtra,Kolhapur,Vegetables,Onion,02-01-2025,328.10,Metric Tonnes,2260.96,Rs./Quintal
Maharashtra,Kolhapur,Vegetables,Onion,03-01-2025,363.10,Metric Tonnes,2300.00,Rs./Quintal
Maharashtra,Kolhapur,Vegetables,Onion,04-01-2025,21.00,Metric Tonnes,3500.00,Rs./Quintal
Maharashtra,Kolhapur,Vegetables,Onion,06-01-2025,749.00,Metric Tonnes,2000.00,Rs./Quintal
Maharashtra,Kolhapur,Vegetables,Onion,07-01-2025,509.00,Metric Tonnes,2170.73,Rs./Quintal
Maharashtra,Kolhapur,Vegetables,Onion,08-01-2025,680.30,Metric Tonnes,2166.15,Rs./Quintal
Maharashtra,Kolhapur,Vegetables,Onion,09-01-2025,592.80,Metric Tonnes,2033.74,Rs./Quintal
Maharashtra,Kolhapur,Vegetables,Onion,10-01-2025,604.10,Metric Tonnes,2006.62,Rs./Quintal
Maharashtra,Kolhapur,Vegetables,Onion,11-01-2025,895.60,Metric Tonnes,1131.26,Rs./Quintal
Maharashtra,Kolhapur,Vegetables,Onion,13-01-2025,302.00,Metric Tonnes,1800.00,Rs./Quintal
Maharashtra,Kolhapur,Vegetables,Onion,14-01-2025,99.80,Metric Tonnes,1800.00,Rs./Quintal
Maharashtra,Kolhapur,Vegetables,Onion,16-01-2025,165.30,Metric Tonnes,2200.00,Rs./Quintal
Maharashtra,Kolhapur,Vegetables,Onion,17-01-2025,310.10,Metric Tonnes,2000.00,Rs./Quintal
Maharashtra,Kolhapur,Vegetables,Onion,18-01-2025,476.00,Metric Tonnes,2044.12,Rs./Quintal
Maharashtra,Kolhapur,Vegetables,Onion,19-01-2025,20.00,Metric Tonnes,2800.00,Rs./Quintal
Maharashtra,Kolhapur,Vegetables,Onion,20-01-2025,541.10,Metric Tonnes,2000.00,Rs./Quintal
Maharashtra,Kolhapur,Vegetables,Onion,21-01-2025,328.80,Metric Tonnes,1900.00,Rs./Quintal
Maharashtra,Kolhapur,Vegetables,Onion,22-01-2025,409.20,Metric Tonnes,1800.00,Rs./Quintal
Maharashtra,Kolhapur,Vegetables,Onion,23-01-2025,246.60,Metric Tonnes,1950.85,Rs./Quintal
Maharashtra,Kolhapur,Vegetables,Onion,24-01-2025,454.80,Metric Tonnes,1800.00,Rs./Quintal
Maharashtra,Kolhapur,Vegetables,Onion,25-01-2025,670.80,Metric Tonnes,1853.67,Rs./Quintal
Maharashtra,Kolhapur,Vegetables,Onion,26-01-2025,30.00,Metric Tonnes,2600.00,Rs./Quintal
Maharashtra,Kolhapur,Vegetables,Onion,27-01-2025,505.30,Metric Tonnes,1800.00,Rs./Quintal
Maharashtra,Kolhapur,Vegetables,Onion,28-01-2025,474.00,Metric Tonnes,1700.00,Rs./Quintal
Maharashtra,Kolhapur,Vegetables,Onion,29-01-2025,546.00,Metric Tonnes,1734.07,Rs./Quintal
Maharashtra,Kolhapur,Vegetables,Onion,30-01-2025,356.90,Metric Tonnes,1558.28,Rs./Quintal
Maharashtra,Kolhapur,Vegetables,Onion,31-01-2025,493.30,Metric Tonnes,1566.90,Rs./Quintal
Maharashtra,Kolhapur,Vegetables,Onion,01-02-2025,526.40,Metric Tonnes,1700.00,Rs./Quintal
Maharashtra,Kolhapur,Vegetables,Onion,03-02-2025,2205.20,Metric Tonnes,2000.00,Rs./Quintal
Maharashtra,Kolhapur,Vegetables,Onion,04-02-2025,238.40,Metric Tonnes,2000.00,Rs./Quintal
Maharashtra,Kolhapur,Vegetables,Onion,05-02-2025,401.10,Metric Tonnes,2000.00,Rs./Quintal
Maharashtra,Kolhapur,Vegetables,Onion,06-02-2025,213.00,Metric Tonnes,2200.00,Rs./Quintal
Maharashtra,Kolhapur,Vegetables,Onion,07-02-2025,309.20,Metric Tonnes,2000.00,Rs./Quintal
Maharashtra,Kolhapur,Vegetables,Onion,08-02-2025,540.00,Metric Tonnes,2209.26,Rs./Quintal
Maharashtra,Kolhapur,Vegetables,Onion,12-02-2025,27.00,Metric Tonnes,2400.00,Rs./Quintal
Maharashtra,Kolhapur,Vegetables,Onion,13-02-2025,272.60,Metric Tonnes,2007.70,Rs./Quintal
Maharashtra,Kolhapur,Vegetables,Onion,14-02-2025,406.50,Metric Tonnes,2025.58,Rs./Quintal
Maharashtra,Kolhapur,Vegetables,Onion,15-02-2025,580.00,Metric Tonnes,2230.17,Rs./Quintal
Maharashtra,Kolhapur,Vegetables,Onion,17-02-2025,703.10,Metric Tonnes,2200.00,Rs./Quintal
Maharashtra,Kolhapur,Vegetables,Onion,18-02-2025,557.20,Metric Tonnes,2000.00,Rs./Quintal
Maharashtra,Kolhapur,Vegetables,Onion,20-02-2025,713.80,Metric Tonnes,2000.73,Rs./Quintal
Maharashtra,Kolhapur,Vegetables,Onion,21-02-2025,513.50,Metric Tonnes,1831.55,Rs./Quintal
Maharashtra,Kolhapur,Vegetables,Onion,22-02-2025,719.90,Metric Tonnes,2017.50,Rs./Quintal
Maharashtra,Kolhapur,Vegetables,Onion,24-02-2025,699.80,Metric Tonnes,1900.00,Rs./Quintal
Maharashtra,Kolhapur,Vegetables,Onion,25-02-2025,548.20,Metric Tonnes,1845.60,Rs./Quintal
Maharashtra,Kolhapur,Vegetables,Onion,26-02-2025,448.20,Metric Tonnes,1800.00,Rs./Quintal
Maharashtra,Kolhapur,Vegetables,Onion,27-02-2025,459.60,Metric Tonnes,1800.00,Rs./Quintal
Maharashtra,Kolhapur,Vegetables,Onion,28-02-2025,464.20,Metric Tonnes,1743.08,Rs./Quintal
Maharashtra,Kolhapur,Vegetables,Onion,01-03-2025,611.00,Metric Tonnes,1834.04,Rs./Quintal
Maharashtra,Kolhapur,Vegetables,Onion,02-03-2025,25.00,Metric Tonnes,2800.00,Rs./Quintal
Maharashtra,Kolhapur,Vegetables,Onion,03-03-2025,690.00,Metric Tonnes,1900.00,Rs./Quintal
Maharashtra,Kolhapur,Vegetables,Onion,04-03-2025,443.10,Metric Tonnes,1756.87,Rs./Quintal
Maharashtra,Kolhapur,Vegetables,Onion,05-03-2025,685.80,Metric Tonnes,1743.74,Rs./Quintal
Maharashtra,Kolhapur,Vegetables,Onion,06-03-2025,541.60,Metric Tonnes,1743.21,Rs./Quintal
Maharashtra,Kolhapur,Vegetables,Onion,07-03-2025,511.20,Metric Tonnes,1600.00,Rs./Quintal
Maharashtra,Kolhapur,Vegetables,Onion,08-03-2025,889.70,Metric Tonnes,1600.00,Rs./Quintal
Maharashtra,Kolhapur,Vegetables,Onion,10-03-2025,935.20,Metric Tonnes,1400.00,Rs./Quintal
Maharashtra,Kolhapur,Vegetables,Onion,11-03-2025,547.50,Metric Tonnes,1400.00,Rs./Quintal
Maharashtra,Kolhapur,Vegetables,Onion,12-03-2025,628.40,Metric Tonnes,1204.20,Rs./Quintal
Maharashtra,Kolhapur,Vegetables,Onion,15-03-2025,433.90,Metric Tonnes,1477.44,Rs./Quintal
Maharashtra,Kolhapur,Vegetables,Onion,16-03-2025,28.00,Metric Tonnes,2500.00,Rs./Quintal
Maharashtra,Kolhapur,Vegetables,Onion,17-03-2025,640.40,Metric Tonnes,1500.00,Rs./Quintal
Maharashtra,Kolhapur,Vegetables,Onion,18-03-2025,496.10,Metric Tonnes,1562.08,Rs./Quintal
Maharashtra,Kolhapur,Vegetables,Onion,20-03-2025,941.40,Metric Tonnes,1431.87,Rs./Quintal
Maharashtra,Kolhapur,Vegetables,Onion,21-03-2025,592.80,Metric Tonnes,1200.00,Rs./Quintal
Maharashtra,Kolhapur,Vegetables,Onion,22-03-2025,788.00,Metric Tonnes,1200.00,Rs./Quintal
Maharashtra,Kolhapur,Vegetables,Onion,23-03-2025,35.00,Metric Tonnes,2700.00,Rs./Quintal
Maharashtra,Kolhapur,Vegetables,Onion,24-03-2025,406.20,Metric Tonnes,1400.00,Rs./Quintal
Maharashtra,Kolhapur,Vegetables,Onion,25-03-2025,243.00,Metric Tonnes,1549.79,Rs./Quintal
Maharashtra,Kolhapur,Vegetables,Onion,26-03-2025,442.10,Metric Tonnes,1300.00,Rs./Quintal
Maharashtra,Kolhapur,Vegetables,Onion,27-03-2025,366.30,Metric Tonnes,1300.00,Rs./Quintal
Maharashtra,Kolhapur,Vegetables,Onion,28-03-2025,583.50,Metric Tonnes,1257.93,Rs./Quintal
Maharashtra,Kolhapur,Vegetables,Onion,29-03-2025,749.30,Metric Tonnes,1239.24,Rs./Quintal
Maharashtra,Kolhapur,Vegetables,Onion,01-04-2025,302.20,Metric Tonnes,1200.00,Rs./Quintal
Maharashtra,Kolhapur,Vegetables,Onion,02-04-2025,339.60,Metric Tonnes,1200.00,Rs./Quintal
Maharashtra,Kolhapur,Vegetables,Onion,03-04-2025,609.00,Metric Tonnes,1200.00,Rs./Quintal
Maharashtra,Kolhapur,Vegetables,Onion,04-04-2025,473.80,Metric Tonnes,1232.71,Rs./Quintal
Maharashtra,Kolhapur,Vegetables,Onion,05-04-2025,720.10,Metric Tonnes,1227.77,Rs./Quintal
Maharashtra,Kolhapur,Vegetables,Onion,06-04-2025,27.00,Metric Tonnes,2000.00,Rs./Quintal
Maharashtra,Kolhapur,Vegetables,Onion,07-04-2025,717.90,Metric Tonnes,1200.00,Rs./Quintal
Maharashtra,Kolhapur,Vegetables,Onion,08-04-2025,430.20,Metric Tonnes,1245.56,Rs./Quintal
Maharashtra,Kolhapur,Vegetables,Onion,09-04-2025,698.00,Metric Tonnes,1223.07,Rs./Quintal
Maharashtra,Kolhapur,Vegetables,Onion,10-04-2025,617.20,Metric Tonnes,1100.00,Rs./Quintal
Maharashtra,Kolhapur,Vegetables,Onion,11-04-2025,754.00,Metric Tonnes,1037.14,Rs./Quintal
Maharashtra,Kolhapur,Vegetables,Onion,12-04-2025,805.10,Metric Tonnes,926.08,Rs./Quintal
Maharashtra,Kolhapur,Vegetables,Onion,14-04-2025,191.00,Metric Tonnes,900.00,Rs./Quintal
Maharashtra,Kolhapur,Vegetables,Onion,15-04-2025,256.50,Metric Tonnes,1051.46,Rs./Quintal
Maharashtra,Kolhapur,Vegetables,Onion,16-04-2025,295.70,Metric Tonnes,1042.27,Rs./Quintal
Maharashtra,Kolhapur,Vegetables,Onion,17-04-2025,414.60,Metric Tonnes,1052.10,Rs./Quintal
Maharashtra,Kolhapur,Vegetables,Onion,18-04-2025,427.80,Metric Tonnes,1100.00,Rs./Quintal
Maharashtra,Kolhapur,Vegetables,Onion,19-04-2025,466.10,Metric Tonnes,1100.00,Rs./Quintal
Maharashtra,Kolhapur,Vegetables,Onion,20-04-2025,28.00,Metric Tonnes,1500.00,Rs./Quintal
Maharashtra,Kolhapur,Vegetables,Onion,21-04-2025,533.10,Metric Tonnes,1100.00,Rs./Quintal
Maharashtra,Kolhapur,Vegetables,Onion,22-04-2025,429.50,Metric Tonnes,1000.00,Rs./Quintal
Maharashtra,Kolhapur,Vegetables,Onion,23-04-2025,555.50,Metric Tonnes,1037.80,Rs./Quintal
Maharashtra,Kolhapur,Vegetables,Onion,24-04-2025,538.60,Metric Tonnes,1014.48,Rs./Quintal
Maharashtra,Kolhapur,Vegetables,Onion,25-04-2025,566.30,Metric Tonnes,1021.19,Rs./Quintal
Maharashtra,Kolhapur,Vegetables,Onion,26-04-2025,767.00,Metric Tonnes,1016.69,Rs./Quintal
Maharashtra,Kolhapur,Vegetables,Onion,28-04-2025,745.00,Metric Tonnes,1000.00,Rs./Quintal
Maharashtra,Kolhapur,Vegetables,Onion,29-04-2025,530.30,Metric Tonnes,1026.40,Rs./Quintal
Maharashtra,Kolhapur,Vegetables,Onion,30-04-2025,618.40,Metric Tonnes,1016.17,Rs./Quintal
Maharashtra,Kolhapur,Vegetables,Onion,01-05-2025,25.00,Metric Tonnes,1500.00,Rs./Quintal
Maharashtra,Kolhapur,Vegetables,Onion,02-05-2025,475.50,Metric Tonnes,1010.94,Rs./Quintal
Maharashtra,Kolhapur,Vegetables,Onion,03-05-2025,623.00,Metric Tonnes,1013.48,Rs./Quintal
Maharashtra,Kolhapur,Vegetables,Onion,05-05-2025,702.70,Metric Tonnes,1100.00,Rs./Quintal
Maharashtra,Kolhapur,Vegetables,Onion,06-05-2025,502.10,Metric Tonnes,1100.00,Rs./Quintal
Maharashtra,Kolhapur,Vegetables,Onion,07-05-2025,545.90,Metric Tonnes,1000.00,Rs./Quintal
Maharashtra,Kolhapur,Vegetables,Onion,08-05-2025,481.10,Metric Tonnes,1000.00,Rs./Quintal
Maharashtra,Kolhapur,Vegetables,Onion,09-05-2025,571.20,Metric Tonnes,1000.00,Rs./Quintal
Maharashtra,Kolhapur,Vegetables,Onion,10-05-2025,696.00,Metric Tonnes,1020.11,Rs./Quintal
Maharashtra,Kolhapur,Vegetables,Onion,11-05-2025,29.00,Metric Tonnes,1400.00,Rs./Quintal
Maharashtra,Kolhapur,Vegetables,Onion,12-05-2025,831.50,Metric Tonnes,1000.00,Rs./Quintal
Maharashtra,Kolhapur,Vegetables,Onion,13-05-2025,523.70,Metric Tonnes,900.00,Rs./Quintal
Maharashtra,Kolhapur,Vegetables,Onion,15-05-2025,418.00,Metric Tonnes,1017.22,Rs./Quintal
Maharashtra,Kolhapur,Vegetables,Onion,16-05-2025,373.90,Metric Tonnes,1032.09,Rs./Quintal
Maharashtra,Kolhapur,Vegetables,Onion,17-05-2025,507.30,Metric Tonnes,1000.00,Rs./Quintal
Maharashtra,Kolhapur,Vegetables,Onion,18-05-2025,25.00,Metric Tonnes,1300.00,Rs./Quintal
Maharashtra,Kolhapur,Vegetables,Onion,19-05-2025,685.90,Metric Tonnes,1000.00,Rs./Quintal
Maharashtra,Kolhapur,Vegetables,Onion,20-05-2025,459.60,Metric Tonnes,1011.31,Rs./Quintal
Maharashtra,Kolhapur,Vegetables,Onion,21-05-2025,439.00,Metric Tonnes,1000.00,Rs./Quintal
Maharashtra,Kolhapur,Vegetables,Onion,22-05-2025,408.10,Metric Tonnes,1106.86,Rs./Quintal
Maharashtra,Kolhapur,Vegetables,Onion,23-05-2025,481.50,Metric Tonnes,1011.63,Rs./Quintal
Maharashtra,Kolhapur,Vegetables,Onion,24-05-2025,234.10,Metric Tonnes,1019.65,Rs./Quintal
Maharashtra,Kolhapur,Vegetables,Onion,26-05-2025,163.90,Metric Tonnes,1200.00,Rs./Quintal
Maharashtra,Kolhapur,Vegetables,Onion,27-05-2025,296.30,Metric Tonnes,1400.00,Rs./Quintal
Maharashtra,Kolhapur,Vegetables,Onion,28-05-2025,379.30,Metric Tonnes,1480.23,Rs./Quintal
Maharashtra,Kolhapur,Vegetables,Onion,29-05-2025,641.80,Metric Tonnes,1392.52,Rs./Quintal
Maharashtra,Kolhapur,Vegetables,Onion,30-05-2025,930.00,Metric Tonnes,1008.06,Rs./Quintal
Maharashtra,Kolhapur,Vegetables,Onion,31-05-2025,1116.40,Metric Tonnes,1104.48,Rs./Quintal
Maharashtra,Kolhapur,Vegetables,Onion,02-06-2025,835.50,Metric Tonnes,1000.00,Rs./Quintal
Maharashtra,Kolhapur,Vegetables,Onion,03-06-2025,446.40,Metric Tonnes,1018.15,Rs./Quintal
Maharashtra,Kolhapur,Vegetables,Onion,04-06-2025,410.60,Metric Tonnes,1200.00,Rs./Quintal
Maharashtra,Kolhapur,Vegetables,Onion,05-06-2025,254.80,Metric Tonnes,1207.85,Rs./Quintal
Maharashtra,Kolhapur,Vegetables,Onion,06-06-2025,353.20,Metric Tonnes,1209.34,Rs./Quintal
Maharashtra,Kolhapur,Vegetables,Onion,08-06-2025,26.00,Metric Tonnes,1400.00,Rs./Quintal
Maharashtra,Kolhapur,Vegetables,Onion,09-06-2025,417.00,Metric Tonnes,1200.00,Rs./Quintal
Maharashtra,Kolhapur,Vegetables,Onion,10-06-2025,163.30,Metric Tonnes,1217.15,Rs./Quintal
Maharashtra,Kolhapur,Vegetables,Onion,11-06-2025,288.30,Metric Tonnes,1200.00,Rs./Quintal
Maharashtra,Kolhapur,Vegetables,Onion,12-06-2025,314.10,Metric Tonnes,1200.00,Rs./Quintal
Maharashtra,Kolhapur,Vegetables,Onion,13-06-2025,237.00,Metric Tonnes,1200.00,Rs./Quintal
Maharashtra,Kolhapur,Vegetables,Onion,14-06-2025,375.20,Metric Tonnes,1200.00,Rs./Quintal
Maharashtra,Kolhapur,Vegetables,Onion,16-06-2025,874.00,Metric Tonnes,1200.00,Rs./Quintal
Maharashtra,Kolhapur,Vegetables,Onion,17-06-2025,213.90,Metric Tonnes,1200.00,Rs./Quintal
Maharashtra,Kolhapur,Vegetables,Onion,18-06-2025,326.10,Metric Tonnes,1200.00,Rs./Quintal
Maharashtra,Kolhapur,Vegetables,Onion,19-06-2025,276.00,Metric Tonnes,1200.00,Rs./Quintal
Maharashtra,Kolhapur,Vegetables,Onion,20-06-2025,134.30,Metric Tonnes,1200.00,Rs./Quintal
Maharashtra,Kolhapur,Vegetables,Onion,21-06-2025,300.10,Metric Tonnes,1200.00,Rs./Quintal
Maharashtra,Kolhapur,Vegetables,Onion,23-06-2025,239.80,Metric Tonnes,1200.00,Rs./Quintal
Maharashtra,Kolhapur,Vegetables,Onion,24-06-2025,213.30,Metric Tonnes,1236.57,Rs./Quintal
Maharashtra,Kolhapur,Vegetables,Onion,25-06-2025,167.30,Metric Tonnes,1200.00,Rs./Quintal
Maharashtra,Kolhapur,Vegetables,Onion,26-06-2025,175.00,Metric Tonnes,1200.00,Rs./Quintal
Maharashtra,Kolhapur,Vegetables,Onion,27-06-2025,194.00,Metric Tonnes,1274.74,Rs./Quintal
Maharashtra,Kolhapur,Vegetables,Onion,28-06-2025,351.70,Metric Tonnes,1236.96,Rs./Quintal
Maharashtra,Kolhapur,Vegetables,Onion,30-06-2025,336.30,Metric Tonnes,1200.00,Rs./Quintal
Maharashtra,Kolhapur,Vegetables,Onion,01-07-2025,194.50,Metric Tonnes,1200.00,Rs./Quintal
Maharashtra,Kolhapur,Vegetables,Onion,03-07-2025,183.60,Metric Tonnes,1200.00,Rs./Quintal
Maharashtra,Kolhapur,Vegetables,Onion,04-07-2025,276.20,Metric Tonnes,1200.00,Rs./Quintal
Maharashtra,Kolhapur,Vegetables,Onion,05-07-2025,301.10,Metric Tonnes,1200.00,Rs./Quintal
Maharashtra,Kolhapur,Vegetables,Onion,07-07-2025,265.00,Metric Tonnes,1200.00,Rs./Quintal
Maharashtra,Kolhapur,Vegetables,Onion,08-07-2025,260.60,Metric Tonnes,1244.51,Rs./Quintal
Maharashtra,Kolhapur,Vegetables,Onion,09-07-2025,172.70,Metric Tonnes,1200.00,Rs./Quintal
Maharashtra,Kolhapur,Vegetables,Onion,10-07-2025,187.00,Metric Tonnes,1200.00,Rs./Quintal
Maharashtra,Kolhapur,Vegetables,Onion,11-07-2025,228.80,Metric Tonnes,1219.23,Rs./Quintal
Maharashtra,Kolhapur,Vegetables,Onion,12-07-2025,351.80,Metric Tonnes,1235.25,Rs./Quintal
Maharashtra,Kolhapur,Vegetables,Onion,13-07-2025,24.00,Metric Tonnes,1700.00,Rs./Quintal
Maharashtra,Kolhapur,Vegetables,Onion,14-07-2025,426.60,Metric Tonnes,1200.00,Rs./Quintal
Maharashtra,Kolhapur,Vegetables,Onion,15-07-2025,211.80,Metric Tonnes,1200.00,Rs./Quintal
Maharashtra,Kolhapur,Vegetables,Onion,16-07-2025,166.00,Metric Tonnes,1200.00,Rs./Quintal
Maharashtra,Kolhapur,Vegetables,Onion,17-07-2025,351.40,Metric Tonnes,1215.94,Rs./Quintal
Maharashtra,Kolhapur,Vegetables,Onion,18-07-2025,387.90,Metric Tonnes,1215.47,Rs./Quintal
Maharashtra,Kolhapur,Vegetables,Onion,19-07-2025,397.60,Metric Tonnes,1200.00,Rs./Quintal
Maharashtra,Kolhapur,Vegetables,Onion,21-07-2025,442.40,Metric Tonnes,1000.00,Rs./Quintal
Maharashtra,Kolhapur,Vegetables,Onion,22-07-2025,330.90,Metric Tonnes,1130.55,Rs./Quintal
Maharashtra,Kolhapur,Vegetables,Onion,23-07-2025,338.20,Metric Tonnes,1049.67,Rs./Quintal
Maharashtra,Kolhapur,Vegetables,Onion,24-07-2025,223.20,Metric Tonnes,1093.19,Rs./Quintal
Maharashtra,Kolhapur,Vegetables,Onion,25-07-2025,268.50,Metric Tonnes,1031.28,Rs./Quintal
Maharashtra,Kolhapur,Vegetables,Onion,27-07-2025,27.00,Metric Tonnes,1400.00,Rs./Quintal
Maharashtra,Kolhapur,Vegetables,Onion,28-07-2025,319.50,Metric Tonnes,1000.00,Rs./Quintal
Maharashtra,Kolhapur,Vegetables,Onion,30-07-2025,305.60,Metric Tonnes,1054.97,Rs./Quintal
Maharashtra,Kolhapur,Vegetables,Onion,31-07-2025,325.00,Metric Tonnes,1000.00,Rs./Quintal
Maharashtra,Kolhapur,Vegetables,Onion,01-08-2025,303.10,Metric Tonnes,1055.43,Rs./Quintal
Maharashtra,Kolhapur,Vegetables,Onion,02-08-2025,528.30,Metric Tonnes,1026.50,Rs./Quintal
Maharashtra,Kolhapur,Vegetables,Onion,04-08-2025,380.30,Metric Tonnes,1000.00,Rs./Quintal
Maharashtra,Kolhapur,Vegetables,Onion,05-08-2025,339.40,Metric Tonnes,871.60,Rs./Quintal
Maharashtra,Kolhapur,Vegetables,Onion,06-08-2025,422.00,Metric Tonnes,841.23,Rs./Quintal
Maharashtra,Kolhapur,Vegetables,Onion,07-08-2025,220.00,Metric Tonnes,868.18,Rs./Quintal
Maharashtra,Kolhapur,Vegetables,Onion,08-08-2025,255.10,Metric Tonnes,800.00,Rs./Quintal
Maharashtra,Kolhapur,Vegetables,Onion,11-08-2025,149.40,Metric Tonnes,1000.00,Rs./Quintal
Maharashtra,Kolhapur,Vegetables,Onion,12-08-2025,235.80,Metric Tonnes,1283.12,Rs./Quintal
Maharashtra,Kolhapur,Vegetables,Onion,13-08-2025,754.40,Metric Tonnes,1276.88,Rs./Quintal
Maharashtra,Kolhapur,Vegetables,Onion,14-08-2025,472.80,Metric Tonnes,1200.00,Rs./Quintal
Maharashtra,Kolhapur,Vegetables,Onion,16-08-2025,634.50,Metric Tonnes,1200.00,Rs./Quintal
Maharashtra,Kolhapur,Vegetables,Onion,18-08-2025,424.20,Metric Tonnes,1000.00,Rs./Quintal
Maharashtra,Kolhapur,Vegetables,Onion,19-08-2025,256.50,Metric Tonnes,1048.34,Rs./Quintal
Maharashtra,Kolhapur,Vegetables,Onion,20-08-2025,267.40,Metric Tonnes,1041.88,Rs./Quintal
Maharashtra,Kolhapur,Vegetables,Onion,21-08-2025,229.50,Metric Tonnes,1054.03,Rs./Quintal
Maharashtra,Kolhapur,Vegetables,Onion,22-08-2025,412.60,Metric Tonnes,1100.00,Rs./Quintal
Maharashtra,Kolhapur,Vegetables,Onion,23-08-2025,672.10,Metric Tonnes,1120.09,Rs./Quintal
Maharashtra,Kolhapur,Vegetables,Onion,25-08-2025,719.10,Metric Tonnes,1112.79,Rs./Quintal
Maharashtra,Kolhapur,Vegetables,Onion,26-08-2025,646.10,Metric Tonnes,1000.00,Rs./Quintal
Maharashtra,Kolhapur,Vegetables,Onion,28-08-2025,490.50,Metric Tonnes,940.77,Rs./Quintal
Maharashtra,Kolhapur,Vegetables,Onion,29-08-2025,187.90,Metric Tonnes,900.00,Rs./Quintal
Maharashtra,Kolhapur,Vegetables,Onion,30-08-2025,220.70,Metric Tonnes,1000.00,Rs./Quintal
Maharashtra,Kolhapur,Vegetables,Onion,01-09-2025,398.40,Metric Tonnes,1000.00,Rs./Quintal
Maharashtra,Kolhapur,Vegetables,Onion,02-09-2025,27.00,Metric Tonnes,1400.00,Rs./Quintal
Maharashtra,Kolhapur,Vegetables,Onion,03-09-2025,467.40,Metric Tonnes,1024.82,Rs./Quintal
Maharashtra,Kolhapur,Vegetables,Onion,04-09-2025,321.00,Metric Tonnes,1056.70,Rs./Quintal
Maharashtra,Kolhapur,Vegetables,Onion,05-09-2025,370.30,Metric Tonnes,1000.00,Rs./Quintal
Maharashtra,Kolhapur,Vegetables,Onion,06-09-2025,286.40,Metric Tonnes,1108.24,Rs./Quintal
Maharashtra,Kolhapur,Vegetables,Onion,08-09-2025,529.60,Metric Tonnes,1000.00,Rs./Quintal
Maharashtra,Kolhapur,Vegetables,Onion,09-09-2025,353.60,Metric Tonnes,1020.36,Rs./Quintal
Maharashtra,Kolhapur,Vegetables,Onion,10-09-2025,516.80,Metric Tonnes,1019.35,Rs./Quintal
Maharashtra,Kolhapur,Vegetables,Onion,11-09-2025,486.70,Metric Tonnes,1000.00,Rs./Quintal
Maharashtra,Kolhapur,Vegetables,Onion,12-09-2025,394.50,Metric Tonnes,1026.36,Rs./Quintal
Maharashtra,Kolhapur,Vegetables,Onion,13-09-2025,425.50,Metric Tonnes,900.00,Rs./Quintal
Maharashtra,Kolhapur,Vegetables,Onion,15-09-2025,215.30,Metric Tonnes,900.00,Rs./Quintal
Maharashtra,Kolhapur,Vegetables,Onion,16-09-2025,152.50,Metric Tonnes,1014.75,Rs./Quintal
Maharashtra,Kolhapur,Vegetables,Onion,17-09-2025,286.60,Metric Tonnes,900.00,Rs./Quintal
Maharashtra,Kolhapur,Vegetables,Onion,18-09-2025,306.80,Metric Tonnes,900.00,Rs./Quintal
Maharashtra,Kolhapur,Vegetables,Onion,19-09-2025,220.00,Metric Tonnes,900.00,Rs./Quintal
Maharashtra,Kolhapur,Vegetables,Onion,20-09-2025,459.90,Metric Tonnes,1022.83,Rs./Quintal
Maharashtra,Kolhapur,Vegetables,Onion,21-09-2025,26.00,Metric Tonnes,1400.00,Rs./Quintal
Maharashtra,Kolhapur,Vegetables,Onion,22-09-2025,240.30,Metric Tonnes,1000.00,Rs./Quintal
Maharashtra,Kolhapur,Vegetables,Onion,23-09-2025,178.40,Metric Tonnes,1065.02,Rs./Quintal
Maharashtra,Kolhapur,Vegetables,Onion,24-09-2025,262.20,Metric Tonnes,1039.66,Rs./Quintal
Maharashtra,Kolhapur,Vegetables,Onion,25-09-2025,543.30,Metric Tonnes,1019.14,Rs./Quintal
Maharashtra,Kolhapur,Vegetables,Onion,26-09-2025,509.40,Metric Tonnes,1030.62,Rs./Quintal
Maharashtra,Kolhapur,Vegetables,Onion,27-09-2025,464.10,Metric Tonnes,800.00,Rs./Quintal
Maharashtra,Kolhapur,Vegetables,Onion,29-09-2025,191.90,Metric Tonnes,900.00,Rs./Quintal
Maharashtra,Kolhapur,Vegetables,Onion,30-09-2025,207.20,Metric Tonnes,984.46,Rs./Quintal
Maharashtra,Kolhapur,Vegetables,Onion,01-10-2025,310.70,Metric Tonnes,900.00,Rs./Quintal
Maharashtra,Kolhapur,Vegetables,Onion,02-10-2025,27.00,Metric Tonnes,1400.00,Rs./Quintal
Maharashtra,Kolhapur,Vegetables,Onion,03-10-2025,138.40,Metric Tonnes,1086.71,Rs./Quintal
Maharashtra,Kolhapur,Vegetables,Onion,04-10-2025,413.30,Metric Tonnes,1002.03,Rs./Quintal
Maharashtra,Kolhapur,Vegetables,Onion,06-10-2025,730.50,Metric Tonnes,1000.00,Rs./Quintal
Maharashtra,Kolhapur,Vegetables,Onion,07-10-2025,454.20,Metric Tonnes,1024.66,Rs./Quintal
Maharashtra,Kolhapur,Vegetables,Onion,08-10-2025,610.70,Metric Tonnes,1000.00,Rs./Quintal
Maharashtra,Kolhapur,Vegetables,Onion,09-10-2025,500.40,Metric Tonnes,1000.00,Rs./Quintal
Maharashtra,Kolhapur,Vegetables,Onion,13-10-2025,368.40,Metric Tonnes,900.00,Rs./Quintal
Maharashtra,Kolhapur,Vegetables,Onion,14-10-2025,211.00,Metric Tonnes,900.00,Rs./Quintal
Maharashtra,Kolhapur,Vegetables,Onion,15-10-2025,528.60,Metric Tonnes,971.40,Rs./Quintal
Maharashtra,Kolhapur,Vegetables,Onion,16-10-2025,278.30,Metric Tonnes,912.58,Rs./Quintal
Maharashtra,Kolhapur,Vegetables,Onion,17-10-2025,417.20,Metric Tonnes,900.00,Rs./Quintal
Maharashtra,Kolhapur,Vegetables,Onion,18-10-2025,692.00,Metric Tonnes,1015.61,Rs./Quintal
Maharashtra,Kolhapur,Vegetables,Onion,22-10-2025,411.50,Metric Tonnes,1000.00,Rs./Quintal
Maharashtra,Kolhapur,Vegetables,Onion,23-10-2025,139.80,Metric Tonnes,800.00,Rs./Quintal
Maharashtra,Kolhapur,Vegetables,Onion,24-10-2025,137.60,Metric Tonnes,900.00,Rs./Quintal
Maharashtra,Kolhapur,Vegetables,Onion,27-10-2025,456.40,Metric Tonnes,1000.00,Rs./Quintal
Maharashtra,Kolhapur,Vegetables,Onion,28-10-2025,475.40,Metric Tonnes,953.85,Rs./Quintal
Maharashtra,Kolhapur,Vegetables,Onion,29-10-2025,436.40,Metric Tonnes,900.00,Rs./Quintal
Maharashtra,Kolhapur,Vegetables,Onion,30-10-2025,581.00,Metric Tonnes,1031.33,Rs./Quintal
Maharashtra,Kolhapur,Vegetables,Onion,31-10-2025,436.00,Metric Tonnes,1017.89,Rs./Quintal
Maharashtra,Kolhapur,Vegetables,Onion,01-11-2025,680.80,Metric Tonnes,1022.03,Rs./Quintal
Maharashtra,Kolhapur,Vegetables,Onion,03-11-2025,630.80,Metric Tonnes,1000.00,Rs./Quintal
Maharashtra,Kolhapur,Vegetables,Onion,04-11-2025,486.90,Metric Tonnes,1000.00,Rs./Quintal
Maharashtra,Kolhapur,Vegetables,Onion,05-11-2025,28.00,Metric Tonnes,1700.00,Rs./Quintal
Maharashtra,Kolhapur,Vegetables,Onion,07-11-2025,421.60,Metric Tonnes,1024.67,Rs./Quintal
Maharashtra,Kolhapur,Vegetables,Onion,08-11-2025,714.90,Metric Tonnes,1015.11,Rs./Quintal
Maharashtra,Kolhapur,Vegetables,Onion,10-11-2025,606.30,Metric Tonnes,1000.00,Rs./Quintal
Maharashtra,Kolhapur,Vegetables,Onion,11-11-2025,419.40,Metric Tonnes,900.00,Rs./Quintal
Maharashtra,Kolhapur,Vegetables,Onion,12-11-2025,480.90,Metric Tonnes,1036.18,Rs./Quintal
Maharashtra,Kolhapur,Vegetables,Onion,13-11-2025,394.90,Metric Tonnes,1028.36,Rs./Quintal
Maharashtra,Kolhapur,Vegetables,Onion,14-11-2025,425.30,Metric Tonnes,1000.00,Rs./Quintal
Maharashtra,Kolhapur,Vegetables,Onion,15-11-2025,498.90,Metric Tonnes,1020.85,Rs./Quintal
Maharashtra,Kolhapur,Vegetables,Onion,16-11-2025,35.00,Metric Tonnes,1400.00,Rs./Quintal
Maharashtra,Kolhapur,Vegetables,Onion,17-11-2025,475.40,Metric Tonnes,1000.00,Rs./Quintal
Maharashtra,Kolhapur,Vegetables,Onion,18-11-2025,373.50,Metric Tonnes,1029.99,Rs./Quintal
Maharashtra,Kolhapur,Vegetables,Onion,19-11-2025,434.70,Metric Tonnes,1000.00,Rs./Quintal
Maharashtra,Kolhapur,Vegetables,Onion,20-11-2025,487.10,Metric Tonnes,1021.35,Rs./Quintal
Maharashtra,Kolhapur,Vegetables,Onion,21-11-2025,511.30,Metric Tonnes,1000.00,Rs./Quintal
Maharashtra,Kolhapur,Vegetables,Onion,22-11-2025,624.40,Metric Tonnes,1043.24,Rs./Quintal
Maharashtra,Kolhapur,Vegetables,Onion,23-11-2025,30.00,Metric Tonnes,1500.00,Rs./Quintal
Maharashtra,Kolhapur,Vegetables,Onion,24-11-2025,534.40,Metric Tonnes,900.00,Rs./Quintal
Maharashtra,Kolhapur,Vegetables,Onion,25-11-2025,407.60,Metric Tonnes,900.00,Rs./Quintal
Maharashtra,Kolhapur,Vegetables,Onion,26-11-2025,401.90,Metric Tonnes,900.00,Rs./Quintal
Maharashtra,Kolhapur,Vegetables,Onion,27-11-2025,423.80,Metric Tonnes,1000.00,Rs./Quintal
Maharashtra,Kolhapur,Vegetables,Onion,28-11-2025,389.40,Metric Tonnes,1000.00,Rs./Quintal
Maharashtra,Kolhapur,Vegetables,Onion,29-11-2025,561.20,Metric Tonnes,1113.90,Rs./Quintal
Maharashtra,Kolhapur,Vegetables,Onion,30-11-2025,35.00,Metric Tonnes,1400.00,Rs./Quintal
Maharashtra,Kolhapur,Vegetables,Onion,01-12-2025,479.50,Metric Tonnes,1000.00,Rs./Quintal
Maharashtra,Kolhapur,Vegetables,Onion,02-12-2025,314.80,Metric Tonnes,1000.00,Rs./Quintal
Maharashtra,Kolhapur,Vegetables,Onion,03-12-2025,432.10,Metric Tonnes,1100.00,Rs./Quintal
Maharashtra,Kolhapur,Vegetables,Onion,04-12-2025,344.20,Metric Tonnes,1000.00,Rs./Quintal
Maharashtra,Kolhapur,Vegetables,Onion,05-12-2025,419.80,Metric Tonnes,1000.00,Rs./Quintal
Maharashtra,Kolhapur,Vegetables,Onion,06-12-2025,562.40,Metric Tonnes,1100.00,Rs./Quintal
Maharashtra,Kolhapur,Vegetables,Onion,07-12-2025,25.00,Metric Tonnes,1400.00,Rs./Quintal
Maharashtra,Kolhapur,Vegetables,Onion,08-12-2025,565.10,Metric Tonnes,1000.00,Rs./Quintal
Maharashtra,Kolhapur,Vegetables,Onion,09-12-2025,350.30,Metric Tonnes,1200.00,Rs./Quintal
Maharashtra,Kolhapur,Vegetables,Onion,10-12-2025,397.30,Metric Tonnes,1215.10,Rs./Quintal
Maharashtra,Kolhapur,Vegetables,Onion,11-12-2025,265.50,Metric Tonnes,1421.09,Rs./Quintal
Maharashtra,Kolhapur,Vegetables,Onion,13-12-2025,638.40,Metric Tonnes,1778.85,Rs./Quintal
Maharashtra,Kolhapur,Vegetables,Onion,15-12-2025,466.30,Metric Tonnes,1900.00,Rs./Quintal
Maharashtra,Kolhapur,Vegetables,Onion,16-12-2025,503.80,Metric Tonnes,2000.00,Rs./Quintal
Maharashtra,Kolhapur,Vegetables,Onion,17-12-2025,656.80,Metric Tonnes,1800.00,Rs./Quintal
Maharashtra,Kolhapur,Vegetables,Onion,18-12-2025,591.00,Metric Tonnes,1608.80,Rs./Quintal
Maharashtra,Kolhapur,Vegetables,Onion,19-12-2025,536.80,Metric Tonnes,1330.74,Rs./Quintal
Maharashtra,Kolhapur,Vegetables,Onion,20-12-2025,549.80,Metric Tonnes,1307.28,Rs./Quintal
Maharashtra,Kolhapur,Vegetables,Onion,21-12-2025,33.00,Metric Tonnes,1700.00,Rs./Quintal
Maharashtra,Kolhapur,Vegetables,Onion,22-12-2025,395.90,Metric Tonnes,1400.00,Rs./Quintal
Maharashtra,Kolhapur,Vegetables,Onion,23-12-2025,313.30,Metric Tonnes,1700.00,Rs./Quintal
Maharashtra,Kolhapur,Vegetables,Onion,24-12-2025,548.70,Metric Tonnes,1508.20,Rs./Quintal
Maharashtra,Kolhapur,Vegetables,Onion,25-12-2025,445.90,Metric Tonnes,1300.00,Rs./Quintal
Maharashtra,Kolhapur,Vegetables,Onion,26-12-2025,550.40,Metric Tonnes,1320.35,Rs./Quintal
Maharashtra,Kolhapur,Vegetables,Onion,27-12-2025,845.00,Metric Tonnes,1400.00,Rs./Quintal
Maharashtra,Kolhapur,Vegetables,Onion,29-12-2025,785.00,Metric Tonnes,1300.00,Rs./Quintal
Maharashtra,Kolhapur,Vegetables,Onion,30-12-2025,639.00,Metric Tonnes,1208.14,Rs./Quintal
Maharashtra,Kolhapur,Vegetables,Onion,31-12-2025,661.80,Metric Tonnes,1304.68,Rs./Quintal
Maharashtra,Kolhapur,Vegetables,Onion,01-01-2026,546.80,Metric Tonnes,1202.38,Rs./Quintal
Maharashtra,Kolhapur,Vegetables,Onion,02-01-2026,461.50,Metric Tonnes,1100.00,Rs./Quintal
Maharashtra,Kolhapur,Vegetables,Onion,03-01-2026,915.40,Metric Tonnes,1308.85,Rs./Quintal
Maharashtra,Kolhapur,Vegetables,Onion,04-01-2026,26.00,Metric Tonnes,1400.00,Rs./Quintal
Maharashtra,Kolhapur,Vegetables,Onion,05-01-2026,785.00,Metric Tonnes,1100.00,Rs./Quintal
Maharashtra,Kolhapur,Vegetables,Onion,06-01-2026,551.00,Metric Tonnes,1119.60,Rs./Quintal
Maharashtra,Kolhapur,Vegetables,Onion,07-01-2026,622.40,Metric Tonnes,1100.00,Rs./Quintal
Maharashtra,Kolhapur,Vegetables,Onion,08-01-2026,492.50,Metric Tonnes,1100.00,Rs./Quintal
Maharashtra,Kolhapur,Vegetables,Onion,09-01-2026,714.00,Metric Tonnes,1203.64,Rs./Quintal
Maharashtra,Kolhapur,Vegetables,Onion,10-01-2026,958.30,Metric Tonnes,1209.08,Rs./Quintal
Maharashtra,Kolhapur,Vegetables,Onion,11-01-2026,26.00,Metric Tonnes,1500.00,Rs./Quintal
Maharashtra,Kolhapur,Vegetables,Onion,12-01-2026,622.30,Metric Tonnes,1200.00,Rs./Quintal
Maharashtra,Kolhapur,Vegetables,Onion,13-01-2026,450.00,Metric Tonnes,1200.00,Rs./Quintal
Maharashtra,Kolhapur,Vegetables,Onion,14-01-2026,426.00,Metric Tonnes,1200.00,Rs./Quintal
Maharashtra,Kolhapur,Vegetables,Onion,15-01-2026,26.00,Metric Tonnes,1400.00,Rs./Quintal
Maharashtra,Kolhapur,Vegetables,Onion,16-01-2026,223.50,Metric Tonnes,1313.87,Rs./Quintal
Maharashtra,Kolhapur,Vegetables,Onion,17-01-2026,733.50,Metric Tonnes,1110.63,Rs./Quintal
Maharashtra,Kolhapur,Vegetables,Onion,19-01-2026,741.80,Metric Tonnes,1200.00,Rs./Quintal
Maharashtra,Kolhapur,Vegetables,Onion,20-01-2026,503.00,Metric Tonnes,1000.00,Rs./Quintal
Maharashtra,Kolhapur,Vegetables,Onion,21-01-2026,633.00,Metric Tonnes,1208.21,Rs./Quintal
Maharashtra,Kolhapur,Vegetables,Onion,22-01-2026,531.00,Metric Tonnes,1117.51,Rs./Quintal
Maharashtra,Kolhapur,Vegetables,Onion,23-01-2026,635.80,Metric Tonnes,1100.00,Rs./Quintal
Maharashtra,Kolhapur,Vegetables,Onion,24-01-2026,1025.60,Metric Tonnes,1100.00,Rs./Quintal
Maharashtra,Kolhapur,Vegetables,Onion,25-01-2026,27.00,Metric Tonnes,1600.00,Rs./Quintal
Maharashtra,Kolhapur,Vegetables,Onion,27-01-2026,800.00,Metric Tonnes,1100.00,Rs./Quintal
Maharashtra,Kolhapur,Vegetables,Onion,28-01-2026,961.40,Metric Tonnes,1100.00,Rs./Quintal
Maharashtra,Kolhapur,Vegetables,Onion,30-01-2026,1057.50,Metric Tonnes,1000.00,Rs./Quintal
Maharashtra,Kolhapur,Vegetables,Onion,31-01-2026,804.20,Metric Tonnes,1113.43,Rs./Quintal
Maharashtra,Kolhapur,Vegetables,Onion,02-02-2026,647.50,Metric Tonnes,1200.00,Rs./Quintal
Maharashtra,Kolhapur,Vegetables,Onion,03-02-2026,565.90,Metric Tonnes,1200.00,Rs./Quintal
Maharashtra,Kolhapur,Vegetables,Onion,04-02-2026,770.00,Metric Tonnes,1208.05,Rs./Quintal
Maharashtra,Kolhapur,Vegetables,Onion,05-02-2026,670.30,Metric Tonnes,1019.69,Rs./Quintal
Maharashtra,Kolhapur,Vegetables,Onion,06-02-2026,822.80,Metric Tonnes,1000.00,Rs./Quintal
Maharashtra,Kolhapur,Vegetables,Onion,08-02-2026,31.00,Metric Tonnes,1400.00,Rs./Quintal
Maharashtra,Kolhapur,Vegetables,Onion,09-02-2026,526.10,Metric Tonnes,1000.00,Rs./Quintal
Maharashtra,Kolhapur,Vegetables,Onion,10-02-2026,546.00,Metric Tonnes,1019.05,Rs./Quintal
Maharashtra,Kolhapur,Vegetables,Onion,11-02-2026,711.80,Metric Tonnes,1024.59,Rs./Quintal
Maharashtra,Kolhapur,Vegetables,Onion,12-02-2026,626.50,Metric Tonnes,1030.17,Rs./Quintal
Maharashtra,Kolhapur,Vegetables,Onion,13-02-2026,638.30,Metric Tonnes,1016.29,Rs./Quintal
Maharashtra,Kolhapur,Vegetables,Onion,14-02-2026,1151.00,Metric Tonnes,1107.30,Rs./Quintal
Maharashtra,Kolhapur,Vegetables,Onion,15-02-2026,25.00,Metric Tonnes,1600.00,Rs./Quintal
Maharashtra,Kolhapur,Vegetables,Onion,16-02-2026,740.00,Metric Tonnes,1000.00,Rs./Quintal
Maharashtra,Kolhapur,Vegetables,Onion,17-02-2026,721.00,Metric Tonnes,1014.42,Rs./Quintal
Maharashtra,Kolhapur,Vegetables,Onion,18-02-2026,1221.00,Metric Tonnes,1110.65,Rs./Quintal
Maharashtra,Kolhapur,Vegetables,Onion,20-02-2026,919.00,Metric Tonnes,1011.75,Rs./Quintal
Maharashtra,Kolhapur,Vegetables,Onion,21-02-2026,957.00,Metric Tonnes,1013.06,Rs./Quintal
Maharashtra,Kolhapur,Vegetables,Onion,22-02-2026,27.00,Metric Tonnes,1600.00,Rs./Quintal
Maharashtra,Kolhapur,Vegetables,Onion,23-02-2026,860.50,Metric Tonnes,1100.00,Rs./Quintal
Maharashtra,Kolhapur,Vegetables,Onion,24-02-2026,652.00,Metric Tonnes,900.00,Rs./Quintal
Maharashtra,Kolhapur,Vegetables,Onion,25-02-2026,1001.60,Metric Tonnes,1161.74,Rs./Quintal
Maharashtra,Kolhapur,Vegetables,Onion,26-02-2026,582.60,Metric Tonnes,832.44,Rs./Quintal
Maharashtra,Kolhapur,Vegetables,Onion,27-02-2026,429.60,Metric Tonnes,848.42,Rs./Quintal
Maharashtra,Kolhapur,Vegetables,Onion,28-02-2026,788.10,Metric Tonnes,917.13,Rs./Quintal
Maharashtra,Kolhapur,Vegetables,Onion,02-03-2026,576.10,Metric Tonnes,900.00,Rs./Quintal
Maharashtra,Kolhapur,Vegetables,Onion,03-03-2026,26.00,Metric Tonnes,1400.00,Rs./Quintal
Maharashtra,Kolhapur,Vegetables,Onion,04-03-2026,435.60,Metric Tonnes,900.00,Rs./Quintal
Maharashtra,Kolhapur,Vegetables,Onion,05-03-2026,308.00,Metric Tonnes,900.00,Rs./Quintal
Maharashtra,Kolhapur,Vegetables,Onion,06-03-2026,523.90,Metric Tonnes,904.96,Rs./Quintal
Maharashtra,Kolhapur,Vegetables,Onion,07-03-2026,898.80,Metric Tonnes,1014.46,Rs./Quintal
Maharashtra,Kolhapur,Vegetables,Onion,09-03-2026,771.70,Metric Tonnes,1100.00,Rs./Quintal
Maharashtra,Kolhapur,Vegetables,Onion,10-03-2026,585.40,Metric Tonnes,1008.54,Rs./Quintal
Maharashtra,Kolhapur,Vegetables,Onion,11-03-2026,776.80,Metric Tonnes,1119.31,Rs./Quintal
Maharashtra,Kolhapur,Vegetables,Onion,12-03-2026,669.00,Metric Tonnes,1029.30,Rs./Quintal
Maharashtra,Kolhapur,Vegetables,Onion,13-03-2026,625.80,Metric Tonnes,1018.54,Rs./Quintal
Maharashtra,Kolhapur,Vegetables,Onion,14-03-2026,1041.30,Metric Tonnes,1009.99,Rs./Quintal
Maharashtra,Kolhapur,Vegetables,Onion,16-03-2026,937.00,Metric Tonnes,1000.00,Rs./Quintal
Maharashtra,Kolhapur,Vegetables,Onion,17-03-2026,691.40,Metric Tonnes,927.34,Rs./Quintal
Maharashtra,Kolhapur,Vegetables,Onion,18-03-2026,816.00,Metric Tonnes,827.45,Rs./Quintal
Maharashtra,Kolhapur,Vegetables,Onion,19-03-2026,395.00,Metric Tonnes,841.01,Rs./Quintal
Maharashtra,Kolhapur,Vegetables,Onion,20-03-2026,444.30,Metric Tonnes,929.26,Rs./Quintal
Maharashtra,Kolhapur,Vegetables,Onion,22-03-2026,30.00,Metric Tonnes,1500.00,Rs./Quintal
Maharashtra,Kolhapur,Vegetables,Onion,23-03-2026,849.70,Metric Tonnes,1000.00,Rs./Quintal
Maharashtra,Kolhapur,Vegetables,Onion,24-03-2026,536.30,Metric Tonnes,1022.38,Rs./Quintal
Maharashtra,Kolhapur,Vegetables,Onion,25-03-2026,566.10,Metric Tonnes,1036.74,Rs./Quintal
Maharashtra,Kolhapur,Vegetables,Onion,26-03-2026,439.40,Metric Tonnes,1000.00,Rs./Quintal
Maharashtra,Kolhapur,Vegetables,Onion,27-03-2026,615.40,Metric Tonnes,1012.67,Rs./Quintal
Maharashtra,Kolhapur,Vegetables,Onion,28-03-2026,954.30,Metric Tonnes,1009.22,Rs./Quintal
Maharashtra,Kolhapur,Vegetables,Onion,29-03-2026,29.00,Metric Tonnes,1400.00,Rs./Quintal
Maharashtra,Kolhapur,Vegetables,Onion,30-03-2026,1183.40,Metric Tonnes,1000.00,Rs./Quintal
Maharashtra,Kolhapur,Vegetables,Onion,31-03-2026,529.90,Metric Tonnes,800.00,Rs./Quintal
Maharashtra,Kolhapur,Vegetables,Onion,01-04-2026,588.00,Metric Tonnes,900.00,Rs./Quintal
Maharashtra,Kolhapur,Vegetables,Onion,02-04-2026,394.20,Metric Tonnes,847.18,Rs./Quintal
Maharashtra,Kolhapur,Vegetables,Onion,03-04-2026,306.00,Metric Tonnes,800.00,Rs./Quintal
Maharashtra,Kolhapur,Vegetables,Onion,04-04-2026,399.30,Metric Tonnes,1000.00,Rs./Quintal
Maharashtra,Kolhapur,Vegetables,Onion,05-04-2026,28.00,Metric Tonnes,1600.00,Rs./Quintal
Maharashtra,Kolhapur,Vegetables,Onion,06-04-2026,589.00,Metric Tonnes,1000.00,Rs./Quintal
Maharashtra,Kolhapur,Vegetables,Onion,07-04-2026,458.30,Metric Tonnes,900.00,Rs./Quintal
Maharashtra,Kolhapur,Vegetables,Onion,08-04-2026,730.00,Metric Tonnes,1011.51,Rs./Quintal
Maharashtra,Kolhapur,Vegetables,Onion,09-04-2026,454.70,Metric Tonnes,917.81,Rs./Quintal
Maharashtra,Kolhapur,Vegetables,Onion,10-04-2026,536.60,Metric Tonnes,904.85,Rs./Quintal
Maharashtra,Kolhapur,Vegetables,Onion,11-04-2026,679.60,Metric Tonnes,1000.00,Rs./Quintal
Maharashtra,Kolhapur,Vegetables,Onion,12-04-2026,26.00,Metric Tonnes,1200.00,Rs./Quintal
Maharashtra,Kolhapur,Vegetables,Onion,13-04-2026,710.20,Metric Tonnes,1000.00,Rs./Quintal
Maharashtra,Kolhapur,Vegetables,Onion,14-04-2026,512.00,Metric Tonnes,900.00,Rs./Quintal
Maharashtra,Kolhapur,Vegetables,Onion,15-04-2026,712.40,Metric Tonnes,910.95,Rs./Quintal
Maharashtra,Kolhapur,Vegetables,Onion,16-04-2026,377.10,Metric Tonnes,800.00,Rs./Quintal
Maharashtra,Kolhapur,Vegetables,Onion,17-04-2026,665.60,Metric Tonnes,809.92,Rs./Quintal
Maharashtra,Kolhapur,Vegetables,Onion,18-04-2026,887.10,Metric Tonnes,906.76,Rs./Quintal
Maharashtra,Kolhapur,Vegetables,Onion,21-04-2026,405.40,Metric Tonnes,800.00,Rs./Quintal
Maharashtra,Kolhapur,Vegetables,Onion,22-04-2026,474.20,Metric Tonnes,1006.96,Rs./Quintal
Maharashtra,Kolhapur,Vegetables,Onion,23-04-2026,320.10,Metric Tonnes,900.00,Rs./Quintal
Maharashtra,Kolhapur,Vegetables,Onion,24-04-2026,418.30,Metric Tonnes,922.23,Rs./Quintal
Maharashtra,Kolhapur,Vegetables,Onion,25-04-2026,639.30,Metric Tonnes,1000.00,Rs./Quintal
Maharashtra,Kolhapur,Vegetables,Onion,27-04-2026,570.30,Metric Tonnes,1000.00,Rs./Quintal
Maharashtra,Kolhapur,Vegetables,Onion,28-04-2026,552.30,Metric Tonnes,1016.30,Rs./Quintal
Maharashtra,Kolhapur,Vegetables,Onion,29-04-2026,595.20,Metric Tonnes,1000.00,Rs./Quintal
Maharashtra,Kolhapur,Vegetables,Onion,30-04-2026,508.40,Metric Tonnes,1006.29,Rs./Quintal
Maharashtra,Kolhapur,Vegetables,Onion,01-05-2026,31.00,Metric Tonnes,1200.00,Rs./Quintal
Maharashtra,Kolhapur,Vegetables,Onion,02-05-2026,916.50,Metric Tonnes,1007.20,Rs./Quintal
Maharashtra,Kolhapur,Vegetables,Onion,03-05-2026,33.00,Metric Tonnes,1200.00,Rs./Quintal
Maharashtra,Kolhapur,Vegetables,Onion,04-05-2026,678.70,Metric Tonnes,1000.00,Rs./Quintal
Maharashtra,Kolhapur,Vegetables,Onion,05-05-2026,616.60,Metric Tonnes,1005.68,Rs./Quintal
Maharashtra,Kolhapur,Vegetables,Onion,06-05-2026,808.30,Metric Tonnes,1000.00,Rs./Quintal
Maharashtra,Kolhapur,Vegetables,Onion,07-05-2026,507.50,Metric Tonnes,919.70,Rs./Quintal
Maharashtra,Kolhapur,Vegetables,Onion,08-05-2026,661.10,Metric Tonnes,1000.00,Rs./Quintal
Maharashtra,Kolhapur,Vegetables,Onion,09-05-2026,889.50,Metric Tonnes,1010.12,Rs./Quintal
Maharashtra,Kolhapur,Vegetables,Onion,11-05-2026,619.10,Metric Tonnes,1000.00,Rs./Quintal
Maharashtra,Kolhapur,Vegetables,Onion,12-05-2026,417.30,Metric Tonnes,1000.00,Rs./Quintal
Maharashtra,Kolhapur,Vegetables,Onion,13-05-2026,527.70,Metric Tonnes,1004.93,Rs./Quintal
Maharashtra,Kolhapur,Vegetables,Onion,14-05-2026,278.00,Metric Tonnes,1000.00,Rs./Quintal
Maharashtra,Kolhapur,Vegetables,Onion,15-05-2026,480.80,Metric Tonnes,1010.82,Rs./Quintal
Maharashtra,Kolhapur,Vegetables,Onion,16-05-2026,651.50,Metric Tonnes,1004.76,Rs./Quintal
Maharashtra,Kolhapur,Vegetables,Onion,18-05-2026,646.40,Metric Tonnes,1100.00,Rs./Quintal
Maharashtra,Kolhapur,Vegetables,Onion,19-05-2026,391.90,Metric Tonnes,1000.00,Rs./Quintal
Maharashtra,Kolhapur,Vegetables,Onion,20-05-2026,607.90,Metric Tonnes,1014.81,Rs./Quintal
Maharashtra,Kolhapur,Vegetables,Onion,21-05-2026,432.00,Metric Tonnes,1006.25,Rs./Quintal
Maharashtra,Kolhapur,Vegetables,Onion,22-05-2026,575.00,Metric Tonnes,1013.57,Rs./Quintal
Maharashtra,Kolhapur,Vegetables,Onion,23-05-2026,675.00,Metric Tonnes,1103.85,Rs./Quintal
Maharashtra,Kolhapur,Vegetables,Onion,24-05-2026,26.00,Metric Tonnes,1100.00,Rs./Quintal
Maharashtra,Kolhapur,Vegetables,Onion,25-05-2026,847.20,Metric Tonnes,1100.00,Rs./Quintal
Maharashtra,Kolhapur,Vegetables,Onion,26-05-2026,501.50,Metric Tonnes,1012.36,Rs./Quintal
Maharashtra,Kolhapur,Vegetables,Onion,27-05-2026,538.50,Metric Tonnes,1104.83,Rs./Quintal
Maharashtra,Kolhapur,Vegetables,Onion,28-05-2026,26.00,Metric Tonnes,1200.00,Rs./Quintal
Maharashtra,Kolhapur,Vegetables,Onion,29-05-2026,570.80,Metric Tonnes,1205.61,Rs./Quintal
Maharashtra,Kolhapur,Vegetables,Onion,30-05-2026,523.00,Metric Tonnes,1200.00,Rs./Quintal
Maharashtra,Kolhapur,Vegetables,Onion,01-06-2026,552.10,Metric Tonnes,1200.00,Rs./Quintal
Maharashtra,Kolhapur,Vegetables,Onion,02-06-2026,576.60,Metric Tonnes,1100.00,Rs./Quintal
Maharashtra,Kolhapur,Vegetables,Onion,03-06-2026,331.40,Metric Tonnes,1209.35,Rs./Quintal
Maharashtra,Kolhapur,Vegetables,Onion,04-06-2026,520.50,Metric Tonnes,1110.37,Rs./Quintal
Maharashtra,Kolhapur,Vegetables,Onion,05-06-2026,472.50,Metric Tonnes,1022.01,Rs./Quintal
Maharashtra,Kolhapur,Vegetables,Onion,06-06-2026,421.60,Metric Tonnes,1119.92,Rs./Quintal
Maharashtra,Kolhapur,Vegetables,Onion,07-06-2026,26.00,Metric Tonnes,1400.00,Rs./Quintal
Maharashtra,Kolhapur,Vegetables,Onion,08-06-2026,606.80,Metric Tonnes,1200.00,Rs./Quintal
Maharashtra,Kolhapur,Vegetables,Onion,09-06-2026,286.00,Metric Tonnes,1100.00,Rs./Quintal
Maharashtra,Kolhapur,Vegetables,Onion,10-06-2026,609.50,Metric Tonnes,1200.00,Rs./Quintal
Maharashtra,Kolhapur,Vegetables,Onion,11-06-2026,361.50,Metric Tonnes,1013.83,Rs./Quintal
Maharashtra,Kolhapur,Vegetables,Onion,12-06-2026,435.30,Metric Tonnes,1017.92,Rs./Quintal
Maharashtra,Kolhapur,Vegetables,Onion,13-06-2026,433.90,Metric Tonnes,1200.00,Rs./Quintal
Maharashtra,Kolhapur,Vegetables,Onion,14-06-2026,27.00,Metric Tonnes,1300.00,Rs./Quintal
Maharashtra,Kolhapur,Vegetables,Onion,15-06-2026,394.30,Metric Tonnes,1200.00,Rs./Quintal
Maharashtra,Kolhapur,Vegetables,Onion,16-06-2026,189.40,Metric Tonnes,1216.37,Rs./Quintal
Maharashtra,Kolhapur,Vegetables,Onion,17-06-2026,453.50,Metric Tonnes,1307.50,Rs./Quintal
Maharashtra,Kolhapur,Vegetables,Onion,18-06-2026,341.70,Metric Tonnes,1309.36,Rs./Quintal
Maharashtra,Kolhapur,Vegetables,Onion,19-06-2026,447.40,Metric Tonnes,1205.81,Rs./Quintal
Maharashtra,Kolhapur,Vegetables,Onion,20-06-2026,609.80,Metric Tonnes,1304.92,Rs./Quintal
Maharashtra,Kolhapur,Vegetables,Onion,21-06-2026,27.00,Metric Tonnes,1400.00,Rs./Quintal
Maharashtra,Kolhapur,Vegetables,Onion,22-06-2026,607.30,Metric Tonnes,1200.00,Rs./Quintal
Maharashtra,Kolhapur,Vegetables,Onion,23-06-2026,276.20,Metric Tonnes,1200.00,Rs./Quintal
Maharashtra,Kolhapur,Vegetables,Onion,24-06-2026,281.90,Metric Tonnes,1217.74,Rs./Quintal
Maharashtra,Kolhapur,Vegetables,Onion,25-06-2026,27.00,Metric Tonnes,1400.00,Rs./Quintal
Maharashtra,Kolhapur,Vegetables,Onion,26-06-2026,221.40,Metric Tonnes,1400.00,Rs./Quintal
Maharashtra,Kolhapur,Vegetables,Onion,27-06-2026,490.00,Metric Tonnes,1500.00,Rs./Quintal
Maharashtra,Kolhapur,Vegetables,Onion,29-06-2026,533.20,Metric Tonnes,1600.00,Rs./Quintal
Maharashtra,Kolhapur,Vegetables,Onion,30-06-2026,393.20,Metric Tonnes,1387.28,Rs./Quintal
Maharashtra,Kolhapur,Vegetables,Onion,01-07-2026,603.60,Metric Tonnes,1300.00,Rs./Quintal
Maharashtra,Kolhapur,Vegetables,Onion,02-07-2026,476.40,Metric Tonnes,1300.00,Rs./Quintal
Maharashtra,Kolhapur,Vegetables,Onion,03-07-2026,394.00,Metric Tonnes,1334.52,Rs./Quintal
Maharashtra,Kolhapur,Vegetables,Onion,04-07-2026,260.50,Metric Tonnes,1523.80,Rs./Quintal
Maharashtra,Kolhapur,Vegetables,Onion,05-07-2026,27.00,Metric Tonnes,1700.00,Rs./Quintal
Maharashtra,Kolhapur,Vegetables,Onion,06-07-2026,194.20,Metric Tonnes,1600.00,Rs./Quintal
Maharashtra,Kolhapur,Vegetables,Onion,07-07-2026,147.10,Metric Tonnes,1600.00,Rs./Quintal
Maharashtra,Kolhapur,Vegetables,Onion,08-07-2026,448.50,Metric Tonnes,1700.00,Rs./Quintal
Maharashtra,Kolhapur,Vegetables,Onion,09-07-2026,516.30,Metric Tonnes,1744.74,Rs./Quintal
Maharashtra,Kolhapur,Vegetables,Onion,10-07-2026,652.30,Metric Tonnes,1623.00,Rs./Quintal
Maharashtra,Kolhapur,Vegetables,Onion,11-07-2026,769.70,Metric Tonnes,1621.05,Rs./Quintal
Maharashtra,Kolhapur,Vegetables,Onion,12-07-2026,10.00,Metric Tonnes,2000.00,Rs./Quintal
Maharashtra,Kolhapur,Vegetables,Onion,13-07-2026,324.50,Metric Tonnes,1700.00,Rs./Quintal
Maharashtra,Kolhapur,Vegetables,Onion,14-07-2026,208.60,Metric Tonnes,1653.69,Rs./Quintal
Maharashtra,Kolhapur,Vegetables,Onion,15-07-2026,231.10,Metric Tonnes,1646.73,Rs./Quintal
Maharashtra,Kolhapur,Vegetables,Onion,16-07-2026,219.70,Metric Tonnes,1700.00,Rs./Quintal
Maharashtra,Kolhapur,Vegetables,Onion,17-07-2026,413.80,Metric Tonnes,1626.10,Rs./Quintal
Maharashtra,Kolhapur,Vegetables,Onion,18-07-2026,525.10,Metric Tonnes,1711.05,Rs./Quintal
Maharashtra,Kolhapur,Vegetables,Onion,19-07-2026,26.00,Metric Tonnes,2100.00,Rs./Quintal
Maharashtra,Kolhapur,Vegetables,Onion,20-07-2026,404.70,Metric Tonnes,1700.00,Rs./Quintal
Maharashtra,Kolhapur,Vegetables,Onion,21-07-2026,396.90,Metric Tonnes,1729.23,Rs./Quintal
Maharashtra,Kolhapur,Vegetables,Onion,22-07-2026,516.50,Metric Tonnes,1727.11,Rs./Quintal
Maharashtra,Kolhapur,Vegetables,Onion,23-07-2026,399.90,Metric Tonnes,1647.26,Rs./Quintal
Maharashtra,Kolhapur,Vegetables,Onion,24-07-2026,433.70,Metric Tonnes,1737.35,Rs./Quintal
Maharashtra,Kolhapur,Vegetables,Onion,25-07-2026,404.60,Metric Tonnes,1600.00,Rs./Quintal
Maharashtra,Kolhapur,Vegetables,Onion,27-07-2026,371.60,Metric Tonnes,1500.00,Rs./Quintal
Maharashtra,Kolhapur,Vegetables,Onion,28-07-2026,331.00,Metric Tonnes,1689.43,Rs./Quintal
Maharashtra,Kolhapur,Vegetables,Onion,29-07-2026,465.70,Metric Tonnes,1624.05,Rs./Quintal
Maharashtra,Kolhapur,Vegetables,Onion,30-07-2026,237.30,Metric Tonnes,1700.00,Rs./Quintal
Maharashtra,Kolhapur,Vegetables,Onion,31-07-2026,348.80,Metric Tonnes,1724.94,Rs./Quintal
Maharashtra,Kolhapur,Vegetables,Onion,01-08-2026,365.60,Metric Tonnes,1836.93,Rs./Quintal
Maharashtra,Kolhapur,Vegetables,Onion,02-08-2026,26.00,Metric Tonnes,2300.00,Rs./Quintal
Maharashtra,Kolhapur,Vegetables,Onion,03-08-2026,517.10,Metric Tonnes,1900.00,Rs./Quintal
Maharashtra,Kolhapur,Vegetables,Onion,04-08-2026,354.10,Metric Tonnes,1909.04,Rs./Quintal
Maharashtra,Kolhapur,Vegetables,Onion,05-08-2026,425.20,Metric Tonnes,1809.88,Rs./Quintal
Maharashtra,Kolhapur,Vegetables,Onion,06-08-2026,307.00,Metric Tonnes,1800.00,Rs./Quintal
Maharashtra,Kolhapur,Vegetables,Onion,07-08-2026,396.30,Metric Tonnes,1932.80,Rs./Quintal
Maharashtra,Kolhapur,Vegetables,Onion,08-08-2026,464.20,Metric Tonnes,2005.82,Rs./Quintal
Maharashtra,Kolhapur,Vegetables,Onion,09-08-2026,21.00,Metric Tonnes,2000.00,Rs./Quintal
Maharashtra,Kolhapur,Vegetables,Onion,11-08-2026,523.60,Metric Tonnes,2005.92,Rs./Quintal
Maharashtra,Kolhapur,Vegetables,Onion,12-08-2026,314.20,Metric Tonnes,2031.51,Rs./Quintal
Maharashtra,Kolhapur,Vegetables,Onion,13-08-2026,336.50,Metric Tonnes,2192.57,Rs./Quintal
Maharashtra,Kolhapur,Vegetables,Onion,14-08-2026,669.80,Metric Tonnes,2303.88,Rs./Quintal
Maharashtra,Kolhapur,Vegetables,Onion,16-08-2026,27.00,Metric Tonnes,2600.00,Rs./Quintal
Maharashtra,Kolhapur,Vegetables,Onion,17-08-2026,618.70,Metric Tonnes,2300.00,Rs./Quintal
Maharashtra,Kolhapur,Vegetables,Onion,18-08-2026,390.30,Metric Tonnes,2300.00,Rs./Quintal
Maharashtra,Kolhapur,Vegetables,Onion,19-08-2026,561.50,Metric Tonnes,2430.99,Rs./Quintal
Maharashtra,Kolhapur,Vegetables,Onion,20-08-2026,651.80,Metric Tonnes,2200.00,Rs./Quintal
Maharashtra,Kolhapur,Vegetables,Onion,21-08-2026,763.10,Metric Tonnes,2348.75,Rs./Quintal
Maharashtra,Kolhapur,Vegetables,Onion,22-08-2026,770.90,Metric Tonnes,2326.85,Rs./Quintal
Maharashtra,Kolhapur,Vegetables,Onion,23-08-2026,28.00,Metric Tonnes,3500.00,Rs./Quintal
Maharashtra,Kolhapur,Vegetables,Onion,24-08-2026,331.90,Metric Tonnes,2300.00,Rs./Quintal
Maharashtra,Kolhapur,Vegetables,Onion,25-08-2026,364.70,Metric Tonnes,2300.00,Rs./Quintal
Maharashtra,Kolhapur,Vegetables,Onion,26-08-2026,548.00,Metric Tonnes,2361.31,Rs./Quintal
Maharashtra,Kolhapur,Vegetables,Onion,27-08-2026,463.30,Metric Tonnes,2370.15,Rs./Quintal
Maharashtra,Kolhapur,Vegetables,Onion,28-08-2026,335.10,Metric Tonnes,2300.00,Rs./Quintal
Maharashtra,Kolhapur,Vegetables,Onion,29-08-2026,574.50,Metric Tonnes,2400.00,Rs./Quintal
Maharashtra,Kolhapur,Vegetables,Onion,30-08-2026,28.00,Metric Tonnes,3100.00,Rs./Quintal
Maharashtra,Kolhapur,Vegetables,Onion,31-08-2026,274.00,Metric Tonnes,2800.00,Rs./Quintal
Maharashtra,Kolhapur,Vegetables,Onion,01-09-2026,328.00,Metric Tonnes,3000.00,Rs./Quintal
Maharashtra,Kolhapur,Vegetables,Onion,02-09-2026,588.50,Metric Tonnes,3215.29,Rs./Quintal
Maharashtra,Kolhapur,Vegetables,Onion,03-09-2026,438.30,Metric Tonnes,3000.00,Rs./Quintal
Maharashtra,Kolhapur,Vegetables,Onion,04-09-2026,500.20,Metric Tonnes,3200.00,Rs./Quintal
Maharashtra,Kolhapur,Vegetables,Onion,05-09-2026,696.70,Metric Tonnes,3200.00,Rs./Quintal
Maharashtra,Kolhapur,Vegetables,Onion,07-09-2026,491.70,Metric Tonnes,3000.00,Rs./Quintal
Maharashtra,Kolhapur,Vegetables,Onion,08-09-2026,334.90,Metric Tonnes,3000.00,Rs./Quintal
Maharashtra,Kolhapur,Vegetables,Onion,09-09-2026,553.20,Metric Tonnes,3009.76,Rs./Quintal

Note:
Weighted Average Price = ∑(arrival quantity * modal price) / ∑arrival quantity

