State/UT,District,Market,Commodity Group,Commodity,Variety,Grade,Min Price,Max Price,Modal Price,Price Unit,Arrival Quantity,Arrival Unit,Arrival Date,source_file
Maharashtra,Kolhapur,Kolhapur,Vegetables,Onion,Other,Local,500.0,2000.0,1000.0,Rs./Quintal,395.60,Metric Tonnes,2025-11-07,Daily_Price_Arrival_Report-07-11-2025_to_25-09-2026_for_Sangli_Kolhapur_Onion.csv
Maharashtra,Kolhapur,Kolhapur,Vegetables,Onion,Other,Local,500.0,2000.0,1000.0,Rs./Quintal,687.90,Metric Tonnes,2025-11-08,Daily_Price_Arrival_Report-07-11-2025_to_25-09-2026_for_Sangli_Kolhapur_Onion.csv
Maharashtra,Kolhapur,Kolhapur,Vegetables,Onion,Other,Local,500.0,2000.0,1000.0,Rs./Quintal,606.30,Metric Tonnes,2025-11-10,Daily_Price_Arrival_Report-07-11-2025_to_25-09-2026_for_Sangli_Kolhapur_Onion.csv
Maharashtra,Kolhapur,Kolhapur,Vegetables,Onion,Other,Local,500.0,1900.0,900.0,Rs./Quintal,419.40,Metric Tonnes,2025-11-11,Daily_Price_Arrival_Report-07-11-2025_to_25-09-2026_for_Sangli_Kolhapur_Onion.csv
Maharashtra,Kolhapur,Kolhapur,Vegetables,Onion,Other,Local,500.0,2000.0,1000.0,Rs./Quintal,451.90,Metric Tonnes,2025-11-12,Daily_Price_Arrival_Report-07-11-2025_to_25-09-2026_for_Sangli_Kolhapur_Onion.csv
Maharashtra,Kolhapur,Kolhapur,Vegetables,Onion,Other,Local,500.0,2000.0,1000.0,Rs./Quintal,366.90,Metric Tonnes,2025-11-13,Daily_Price_Arrival_Report-07-11-2025_to_25-09-2026_for_Sangli_Kolhapur_Onion.csv
Maharashtra,Kolhapur,Kolhapur,Vegetables,Onion,Other,Local,500.0,2000.0,1000.0,Rs./Quintal,425.30,Metric Tonnes,2025-11-14,Daily_Price_Arrival_Report-07-11-2025_to_25-09-2026_for_Sangli_Kolhapur_Onion.csv
Maharashtra,Kolhapur,Kolhapur,Vegetables,Onion,Other,Local,500.0,2100.0,1000.0,Rs./Quintal,472.90,Metric Tonnes,2025-11-15,Daily_Price_Arrival_Report-07-11-2025_to_25-09-2026_for_Sangli_Kolhapur_Onion.csv
Maharashtra,Kolhapur,Kolhapur,Vegetables,Onion,Other,Local,500.0,2100.0,1000.0,Rs./Quintal,475.40,Metric Tonnes,2025-11-17,Daily_Price_Arrival_Report-07-11-2025_to_25-09-2026_for_Sangli_Kolhapur_Onion.csv
Maharashtra,Kolhapur,Kolhapur,Vegetables,Onion,Other,Local,500.0,2000.0,1000.0,Rs./Quintal,345.50,Metric Tonnes,2025-11-18,Daily_Price_Arrival_Report-07-11-2025_to_25-09-2026_for_Sangli_Kolhapur_Onion.csv
Maharashtra,Kolhapur,Kolhapur,Vegetables,Onion,Other,Local,500.0,2100.0,1000.0,Rs./Quintal,434.70,Metric Tonnes,2025-11-19,Daily_Price_Arrival_Report-07-11-2025_to_25-09-2026_for_Sangli_Kolhapur_Onion.csv
Maharashtra,Kolhapur,Kolhapur,Vegetables,Onion,Other,Local,500.0,2000.0,1000.0,Rs./Quintal,461.10,Metric Tonnes,2025-11-20,Daily_Price_Arrival_Report-07-11-2025_to_25-09-2026_for_Sangli_Kolhapur_Onion.csv
Maharashtra,Kolhapur,Kolhapur,Vegetables,Onion,Other,Local,500.0,2000.0,1000.0,Rs./Quintal,511.30,Metric Tonnes,2025-11-21,Daily_Price_Arrival_Report-07-11-2025_to_25-09-2026_for_Sangli_Kolhapur_Onion.csv
Maharashtra,Kolhapur,Kolhapur,Vegetables,Onion,Other,Local,500.0,2000.0,1000.0,Rs./Quintal,579.40,Metric Tonnes,2025-11-22,Daily_Price_Arrival_Report-07-11-2025_to_25-09-2026_for_Sangli_Kolhapur_Onion.csv
Maharashtra,Kolhapur,Kolhapur,Vegetables,Onion,Other,Local,500.0,1800.0,900.0,Rs./Quintal,534.40,Metric Tonnes,2025-11-24,Daily_Price_Arrival_Report-07-11-2025_to_25-09-2026_for_Sangli_Kolhapur_Onion.csv
Maharashtra,Kolhapur,Kolhapur,Vegetables,Onion,Other,Local,500.0,1800.0,900.0,Rs./Quintal,407.60,Metric Tonnes,2025-11-25,Daily_Price_Arrival_Report-07-11-2025_to_25-09-2026_for_Sangli_Kolhapur_Onion.csv
Maharashtra,Kolhapur,Kolhapur,Vegetables,Onion,Other,Local,500.0,1700.0,900.0,Rs./Quintal,401.90,Metric Tonnes,2025-11-26,Daily_Price_Arrival_Report-07-11-2025_to_25-09-2026_for_Sangli_Kolhapur_Onion.csv
Maharashtra,Kolhapur,Kolhapur,Vegetables,Onion,Other,Local,500.0,1900.0,1000.0,Rs./Quintal,423.80,Metric Tonnes,2025-11-27,Daily_Price_Arrival_Report-07-11-2025_to_25-09-2026_for_Sangli_Kolhapur_Onion.csv
Maharashtra,Kolhapur,Kolhapur,Vegetables,Onion,Other,Local,500.0,1800.0,1000.0,Rs./Quintal,389.40,Metric Tonnes,2025-11-28,Daily_Price_Arrival_Report-07-11-2025_to_25-09-2026_for_Sangli_Kolhapur_Onion.csv
Maharashtra,Kolhapur,Kolhapur,Vegetables,Onion,Other,Local,500.0,1900.0,1100.0,Rs./Quintal,535.20,Metric Tonnes,2025-11-29,Daily_Price_Arrival_Report-07-11-2025_to_25-09-2026_for_Sangli_Kolhapur_Onion.csv
Maharashtra,Kolhapur,Kolhapur,Vegetables,Onion,Other,Local,500.0,1800.0,1000.0,Rs./Quintal,479.50,Metric Tonnes,2025-12-01,Daily_Price_Arrival_Report-07-11-2025_to_25-09-2026_for_Sangli_Kolhapur_Onion.csv
Maharashtra,Kolhapur,Kolhapur,Vegetables,Onion,Other,Local,500.0,1800.0,1000.0,Rs./Quintal,314.80,Metric Tonnes,2025-12-02,Daily_Price_Arrival_Report-07-11-2025_to_25-09-2026_for_Sangli_Kolhapur_Onion.csv
Maharashtra,Kolhapur,Kolhapur,Vegetables,Onion,Other,Local,500.0,2000.0,1100.0,Rs./Quintal,432.10,Metric Tonnes,2025-12-03,Daily_Price_Arrival_Report-07-11-2025_to_25-09-2026_for_Sangli_Kolhapur_Onion.csv
Maharashtra,Kolhapur,Kolhapur,Vegetables,Onion,Other,Local,500.0,1800.0,1000.0,Rs./Quintal,344.20,Metric Tonnes,2025-12-04,Daily_Price_Arrival_Report-07-11-2025_to_25-09-2026_for_Sangli_Kolhapur_Onion.csv
Maharashtra,Kolhapur,Kolhapur,Vegetables,Onion,Other,Local,500.0,1800.0,1000.0,Rs./Quintal,419.80,Metric Tonnes,2025-12-05,Daily_Price_Arrival_Report-07-11-2025_to_25-09-2026_for_Sangli_Kolhapur_Onion.csv
Maharashtra,Kolhapur,Kolhapur,Vegetables,Onion,Other,Local,500.0,2100.0,1100.0,Rs./Quintal,562.40,Metric Tonnes,2025-12-06,Daily_Price_Arrival_Report-07-11-2025_to_25-09-2026_for_Sangli_Kolhapur_Onion.csv
Maharashtra,Kolhapur,Kolhapur,Vegetables,Onion,Other,Local,500.0,2100.0,1000.0,Rs./Quintal,565.10,Metric Tonnes,2025-12-08,Daily_Price_Arrival_Report-07-11-2025_to_25-09-2026_for_Sangli_Kolhapur_Onion.csv
Maharashtra,Kolhapur,Kolhapur,Vegetables,Onion,Other,Local,500.0,2200.0,1200.0,Rs./Quintal,350.30,Metric Tonnes,2025-12-09,Daily_Price_Arrival_Report-07-11-2025_to_25-09-2026_for_Sangli_Kolhapur_Onion.csv
Maharashtra,Kolhapur,Kolhapur,Vegetables,Onion,Other,Local,500.0,2200.0,1200.0,Rs./Quintal,367.30,Metric Tonnes,2025-12-10,Daily_Price_Arrival_Report-07-11-2025_to_25-09-2026_for_Sangli_Kolhapur_Onion.csv
Maharashtra,Kolhapur,Kolhapur,Vegetables,Onion,Other,Local,500.0,2700.0,1400.0,Rs./Quintal,237.50,Metric Tonnes,2025-12-11,Daily_Price_Arrival_Report-07-11-2025_to_25-09-2026_for_Sangli_Kolhapur_Onion.csv
Maharashtra,Kolhapur,Kolhapur,Vegetables,Onion,Other,Local,800.0,3200.0,1800.0,Rs./Quintal,593.40,Metric Tonnes,2025-12-13,Daily_Price_Arrival_Report-07-11-2025_to_25-09-2026_for_Sangli_Kolhapur_Onion.csv
Maharashtra,Kolhapur,Kolhapur,Vegetables,Onion,Other,Local,800.0,4000.0,1900.0,Rs./Quintal,466.30,Metric Tonnes,2025-12-15,Daily_Price_Arrival_Report-07-11-2025_to_25-09-2026_for_Sangli_Kolhapur_Onion.csv
Maharashtra,Kolhapur,Kolhapur,Vegetables,Onion,Other,Local,800.0,4000.0,2000.0,Rs./Quintal,472.80,Metric Tonnes,2025-12-16,Daily_Price_Arrival_Report-07-11-2025_to_25-09-2026_for_Sangli_Kolhapur_Onion.csv
Maharashtra,Kolhapur,Kolhapur,Vegetables,Onion,Other,Local,500.0,4000.0,1800.0,Rs./Quintal,656.80,Metric Tonnes,2025-12-17,Daily_Price_Arrival_Report-07-11-2025_to_25-09-2026_for_Sangli_Kolhapur_Onion.csv
Maharashtra,Kolhapur,Kolhapur,Vegetables,Onion,Other,Local,500.0,3000.0,1600.0,Rs./Quintal,565.00,Metric Tonnes,2025-12-18,Daily_Price_Arrival_Report-07-11-2025_to_25-09-2026_for_Sangli_Kolhapur_Onion.csv
Maharashtra,Kolhapur,Kolhapur,Vegetables,Onion,Other,Local,500.0,2500.0,1300.0,Rs./Quintal,503.80,Metric Tonnes,2025-12-19,Daily_Price_Arrival_Report-07-11-2025_to_25-09-2026_for_Sangli_Kolhapur_Onion.csv
Maharashtra,Kolhapur,Kolhapur,Vegetables,Onion,Other,Local,500.0,2500.0,1300.0,Rs./Quintal,509.80,Metric Tonnes,2025-12-20,Daily_Price_Arrival_Report-07-11-2025_to_25-09-2026_for_Sangli_Kolhapur_Onion.csv
Maharashtra,Kolhapur,Kolhapur,Vegetables,Onion,Other,Local,500.0,2700.0,1400.0,Rs./Quintal,395.90,Metric Tonnes,2025-12-22,Daily_Price_Arrival_Report-07-11-2025_to_25-09-2026_for_Sangli_Kolhapur_Onion.csv
Maharashtra,Kolhapur,Kolhapur,Vegetables,Onion,Other,Local,500.0,3300.0,1700.0,Rs./Quintal,313.30,Metric Tonnes,2025-12-23,Daily_Price_Arrival_Report-07-11-2025_to_25-09-2026_for_Sangli_Kolhapur_Onion.csv
Maharashtra,Kolhapur,Kolhapur,Vegetables,Onion,Other,Local,500.0,2500.0,1500.0,Rs./Quintal,503.70,Metric Tonnes,2025-12-24,Daily_Price_Arrival_Report-07-11-2025_to_25-09-2026_for_Sangli_Kolhapur_Onion.csv
Maharashtra,Kolhapur,Kolhapur,Vegetables,Onion,Other,Local,500.0,2500.0,1300.0,Rs./Quintal,445.90,Metric Tonnes,2025-12-25,Daily_Price_Arrival_Report-07-11-2025_to_25-09-2026_for_Sangli_Kolhapur_Onion.csv
Maharashtra,Kolhapur,Kolhapur,Vegetables,Onion,Other,Local,500.0,2500.0,1300.0,Rs./Quintal,522.40,Metric Tonnes,2025-12-26,Daily_Price_Arrival_Report-07-11-2025_to_25-09-2026_for_Sangli_Kolhapur_Onion.csv
Maharashtra,Kolhapur,Kolhapur,Vegetables,Onion,Other,Local,500.0,2600.0,1400.0,Rs./Quintal,845.00,Metric Tonnes,2025-12-27,Daily_Price_Arrival_Report-07-11-2025_to_25-09-2026_for_Sangli_Kolhapur_Onion.csv
Maharashtra,Kolhapur,Kolhapur,Vegetables,Onion,Other,Local,500.0,2500.0,1300.0,Rs./Quintal,785.00,Metric Tonnes,2025-12-29,Daily_Price_Arrival_Report-07-11-2025_to_25-09-2026_for_Sangli_Kolhapur_Onion.csv
Maharashtra,Kolhapur,Kolhapur,Vegetables,Onion,Other,Local,500.0,2200.0,1200.0,Rs./Quintal,613.00,Metric Tonnes,2025-12-30,Daily_Price_Arrival_Report-07-11-2025_to_25-09-2026_for_Sangli_Kolhapur_Onion.csv
Maharashtra,Kolhapur,Kolhapur,Vegetables,Onion,Other,Local,500.0,2400.0,1300.0,Rs./Quintal,630.80,Metric Tonnes,2025-12-31,Daily_Price_Arrival_Report-07-11-2025_to_25-09-2026_for_Sangli_Kolhapur_Onion.csv
Maharashtra,Kolhapur,Kolhapur,Vegetables,Onion,Other,Local,500.0,2200.0,1200.0,Rs./Quintal,533.80,Metric Tonnes,2026-01-01,Daily_Price_Arrival_Report-07-11-2025_to_25-09-2026_for_Sangli_Kolhapur_Onion.csv
Maharashtra,Kolhapur,Kolhapur,Vegetables,Onion,Other,Local,500.0,2200.0,1100.0,Rs./Quintal,461.50,Metric Tonnes,2026-01-02,Daily_Price_Arrival_Report-07-11-2025_to_25-09-2026_for_Sangli_Kolhapur_Onion.csv
Maharashtra,Kolhapur,Kolhapur,Vegetables,Onion,Other,Local,500.0,2300.0,1300.0,Rs./Quintal,888.40,Metric Tonnes,2026-01-03,Daily_Price_Arrival_Report-07-11-2025_to_25-09-2026_for_Sangli_Kolhapur_Onion.csv
Maharashtra,Kolhapur,Kolhapur,Vegetables,Onion,Other,Local,500.0,2200.0,1100.0,Rs./Quintal,785.00,Metric Tonnes,2026-01-05,Daily_Price_Arrival_Report-07-11-2025_to_25-09-2026_for_Sangli_Kolhapur_Onion.csv
Maharashtra,Kolhapur,Kolhapur,Vegetables,Onion,Other,Local,500.0,2300.0,1100.0,Rs./Quintal,515.00,Metric Tonnes,2026-01-06,Daily_Price_Arrival_Report-07-11-2025_to_25-09-2026_for_Sangli_Kolhapur_Onion.csv
Maharashtra,Kolhapur,Kolhapur,Vegetables,Onion,Other,Local,500.0,2100.0,1100.0,Rs./Quintal,622.40,Metric Tonnes,2026-01-07,Daily_Price_Arrival_Report-07-11-2025_to_25-09-2026_for_Sangli_Kolhapur_Onion.csv
Maharashtra,Kolhapur,Kolhapur,Vegetables,Onion,Other,Local,500.0,2000.0,1100.0,Rs./Quintal,492.50,Metric Tonnes,2026-01-08,Daily_Price_Arrival_Report-07-11-2025_to_25-09-2026_for_Sangli_Kolhapur_Onion.csv
Maharashtra,Kolhapur,Kolhapur,Vegetables,Onion,Other,Local,500.0,2000.0,1200.0,Rs./Quintal,688.00,Metric Tonnes,2026-01-09,Daily_Price_Arrival_Report-07-11-2025_to_25-09-2026_for_Sangli_Kolhapur_Onion.csv
Maharashtra,Kolhapur,Kolhapur,Vegetables,Onion,Other,Local,500.0,1900.0,1200.0,Rs./Quintal,929.30,Metric Tonnes,2026-01-10,Daily_Price_Arrival_Report-07-11-2025_to_25-09-2026_for_Sangli_Kolhapur_Onion.csv
Maharashtra,Kolhapur,Kolhapur,Vegetables,Onion,Other,Local,500.0,2000.0,1200.0,Rs./Quintal,622.30,Metric Tonnes,2026-01-12,Daily_Price_Arrival_Report-07-11-2025_to_25-09-2026_for_Sangli_Kolhapur_Onion.csv
Maharashtra,Kolhapur,Kolhapur,Vegetables,Onion,Other,Local,500.0,2100.0,1200.0,Rs./Quintal,450.00,Metric Tonnes,2026-01-13,Daily_Price_Arrival_Report-07-11-2025_to_25-09-2026_for_Sangli_Kolhapur_Onion.csv
Maharashtra,Kolhapur,Kolhapur,Vegetables,Onion,Other,Local,500.0,2100.0,1200.0,Rs./Quintal,426.00,Metric Tonnes,2026-01-14,Daily_Price_Arrival_Report-07-11-2025_to_25-09-2026_for_Sangli_Kolhapur_Onion.csv
Maharashtra,Kolhapur,Kolhapur,Vegetables,Onion,Other,Local,500.0,2300.0,1300.0,Rs./Quintal,192.50,Metric Tonnes,2026-01-16,Daily_Price_Arrival_Report-07-11-2025_to_25-09-2026_for_Sangli_Kolhapur_Onion.csv
Maharashtra,Kolhapur,Kolhapur,Vegetables,Onion,Other,Local,500.0,2100.0,1100.0,Rs./Quintal,707.50,Metric Tonnes,2026-01-17,Daily_Price_Arrival_Report-07-11-2025_to_25-09-2026_for_Sangli_Kolhapur_Onion.csv
Maharashtra,Kolhapur,Kolhapur,Vegetables,Onion,Other,Local,500.0,2100.0,1200.0,Rs./Quintal,741.80,Metric Tonnes,2026-01-19,Daily_Price_Arrival_Report-07-11-2025_to_25-09-2026_for_Sangli_Kolhapur_Onion.csv
Maharashtra,Kolhapur,Kolhapur,Vegetables,Onion,Other,Local,500.0,2200.0,1000.0,Rs./Quintal,503.00,Metric Tonnes,2026-01-20,Daily_Price_Arrival_Report-07-11-2025_to_25-09-2026_for_Sangli_Kolhapur_Onion.csv
Maharashtra,Kolhapur,Kolhapur,Vegetables,Onion,Other,Local,300.0,2000.0,1200.0,Rs./Quintal,607.00,Metric Tonnes,2026-01-21,Daily_Price_Arrival_Report-07-11-2025_to_25-09-2026_for_Sangli_Kolhapur_Onion.csv
Maharashtra,Kolhapur,Kolhapur,Vegetables,Onion,Other,Local,500.0,2000.0,1100.0,Rs./Quintal,500.00,Metric Tonnes,2026-01-22,Daily_Price_Arrival_Report-07-11-2025_to_25-09-2026_for_Sangli_Kolhapur_Onion.csv
Maharashtra,Kolhapur,Kolhapur,Vegetables,Onion,Other,Local,500.0,2200.0,1100.0,Rs./Quintal,635.80,Metric Tonnes,2026-01-23,Daily_Price_Arrival_Report-07-11-2025_to_25-09-2026_for_Sangli_Kolhapur_Onion.csv
Maharashtra,Kolhapur,Kolhapur,Vegetables,Onion,Other,Local,500.0,2100.0,1100.0,Rs./Quintal,"1,025.60",Metric Tonnes,2026-01-24,Daily_Price_Arrival_Report-07-11-2025_to_25-09-2026_for_Sangli_Kolhapur_Onion.csv
Maharashtra,Kolhapur,Kolhapur,Vegetables,Onion,Other,Local,500.0,2000.0,1100.0,Rs./Quintal,800.00,Metric Tonnes,2026-01-27,Daily_Price_Arrival_Report-07-11-2025_to_25-09-2026_for_Sangli_Kolhapur_Onion.csv
Maharashtra,Kolhapur,Kolhapur,Vegetables,Onion,Other,Local,500.0,1900.0,1100.0,Rs./Quintal,961.40,Metric Tonnes,2026-01-28,Daily_Price_Arrival_Report-07-11-2025_to_25-09-2026_for_Sangli_Kolhapur_Onion.csv
Maharashtra,Kolhapur,Kolhapur,Vegetables,Onion,Other,Local,500.0,2000.0,1000.0,Rs./Quintal,"1,057.50",Metric Tonnes,2026-01-30,Daily_Price_Arrival_Report-07-11-2025_to_25-09-2026_for_Sangli_Kolhapur_Onion.csv
Maharashtra,Kolhapur,Kolhapur,Vegetables,Onion,Other,Local,500.0,1600.0,1100.0,Rs./Quintal,768.20,Metric Tonnes,2026-01-31,Daily_Price_Arrival_Report-07-11-2025_to_25-09-2026_for_Sangli_Kolhapur_Onion.csv
Maharashtra,Kolhapur,Kolhapur,Vegetables,Onion,Other,Local,500.0,1600.0,1200.0,Rs./Quintal,647.50,Metric Tonnes,2026-02-02,Daily_Price_Arrival_Report-07-11-2025_to_25-09-2026_for_Sangli_Kolhapur_Onion.csv
Maharashtra,Kolhapur,Kolhapur,Vegetables,Onion,Other,Local,500.0,1700.0,1200.0,Rs./Quintal,565.90,Metric Tonnes,2026-02-03,Daily_Price_Arrival_Report-07-11-2025_to_25-09-2026_for_Sangli_Kolhapur_Onion.csv
Maharashtra,Kolhapur,Kolhapur,Vegetables,Onion,Other,Local,500.0,1600.0,1200.0,Rs./Quintal,739.00,Metric Tonnes,2026-02-04,Daily_Price_Arrival_Report-07-11-2025_to_25-09-2026_for_Sangli_Kolhapur_Onion.csv
Maharashtra,Kolhapur,Kolhapur,Vegetables,Onion,Other,Local,500.0,1700.0,1000.0,Rs./Quintal,637.30,Metric Tonnes,2026-02-05,Daily_Price_Arrival_Report-07-11-2025_to_25-09-2026_for_Sangli_Kolhapur_Onion.csv
Maharashtra,Kolhapur,Kolhapur,Vegetables,Onion,Other,Local,500.0,1800.0,1000.0,Rs./Quintal,822.80,Metric Tonnes,2026-02-06,Daily_Price_Arrival_Report-07-11-2025_to_25-09-2026_for_Sangli_Kolhapur_Onion.csv
Maharashtra,Kolhapur,Kolhapur,Vegetables,Onion,Other,Local,500.0,1800.0,1000.0,Rs./Quintal,526.10,Metric Tonnes,2026-02-09,Daily_Price_Arrival_Report-07-11-2025_to_25-09-2026_for_Sangli_Kolhapur_Onion.csv
Maharashtra,Kolhapur,Kolhapur,Vegetables,Onion,Other,Local,500.0,1600.0,1000.0,Rs./Quintal,520.00,Metric Tonnes,2026-02-10,Daily_Price_Arrival_Report-07-11-2025_to_25-09-2026_for_Sangli_Kolhapur_Onion.csv
Maharashtra,Kolhapur,Kolhapur,Vegetables,Onion,Other,Local,500.0,1700.0,1000.0,Rs./Quintal,676.80,Metric Tonnes,2026-02-11,Daily_Price_Arrival_Report-07-11-2025_to_25-09-2026_for_Sangli_Kolhapur_Onion.csv
Maharashtra,Kolhapur,Kolhapur,Vegetables,Onion,Other,Local,500.0,1800.0,1000.0,Rs./Quintal,599.50,Metric Tonnes,2026-02-12,Daily_Price_Arrival_Report-07-11-2025_to_25-09-2026_for_Sangli_Kolhapur_Onion.csv
Maharashtra,Kolhapur,Kolhapur,Vegetables,Onion,Other,Local,500.0,1700.0,1000.0,Rs./Quintal,612.30,Metric Tonnes,2026-02-13,Daily_Price_Arrival_Report-07-11-2025_to_25-09-2026_for_Sangli_Kolhapur_Onion.csv
Maharashtra,Kolhapur,Kolhapur,Vegetables,Onion,Other,Local,500.0,1700.0,1100.0,Rs./Quintal,"1,123.00",Metric Tonnes,2026-02-14,Daily_Price_Arrival_Report-07-11-2025_to_25-09-2026_for_Sangli_Kolhapur_Onion.csv
Maharashtra,Kolhapur,Kolhapur,Vegetables,Onion,Other,Local,500.0,1500.0,1000.0,Rs./Quintal,740.00,Metric Tonnes,2026-02-16,Daily_Price_Arrival_Report-07-11-2025_to_25-09-2026_for_Sangli_Kolhapur_Onion.csv
Maharashtra,Kolhapur,Kolhapur,Vegetables,Onion,Other,Local,500.0,1600.0,1000.0,Rs./Quintal,695.00,Metric Tonnes,2026-02-17,Daily_Price_Arrival_Report-07-11-2025_to_25-09-2026_for_Sangli_Kolhapur_Onion.csv
Maharashtra,Kolhapur,Kolhapur,Vegetables,Onion,Other,Local,500.0,1600.0,1100.0,Rs./Quintal,"1,195.00",Metric Tonnes,2026-02-18,Daily_Price_Arrival_Report-07-11-2025_to_25-09-2026_for_Sangli_Kolhapur_Onion.csv
Maharashtra,Kolhapur,Kolhapur,Vegetables,Onion,Other,Local,500.0,1400.0,1000.0,Rs./Quintal,892.00,Metric Tonnes,2026-02-20,Daily_Price_Arrival_Report-07-11-2025_to_25-09-2026_for_Sangli_Kolhapur_Onion.csv
Maharashtra,Kolhapur,Kolhapur,Vegetables,Onion,Other,Local,500.0,1600.0,1000.0,Rs./Quintal,932.00,Metric Tonnes,2026-02-21,Daily_Price_Arrival_Report-07-11-2025_to_25-09-2026_for_Sangli_Kolhapur_Onion.csv
Maharashtra,Kolhapur,Kolhapur,Vegetables,Onion,Other,Local,500.0,1400.0,1100.0,Rs./Quintal,860.50,Metric Tonnes,2026-02-23,Daily_Price_Arrival_Report-07-11-2025_to_25-09-2026_for_Sangli_Kolhapur_Onion.csv
Maharashtra,Kolhapur,Kolhapur,Vegetables,Onion,Other,Local,500.0,1300.0,900.0,Rs./Quintal,652.00,Metric Tonnes,2026-02-24,Daily_Price_Arrival_Report-07-11-2025_to_25-09-2026_for_Sangli_Kolhapur_Onion.csv
Maharashtra,Kolhapur,Kolhapur,Vegetables,Onion,Other,Local,500.0,1200.0,1000.0,Rs./Quintal,731.60,Metric Tonnes,2026-02-25,Daily_Price_Arrival_Report-07-11-2025_to_25-09-2026_for_Sangli_Kolhapur_Onion.csv
Maharashtra,Kolhapur,Kolhapur,Vegetables,Onion,Other,Local,500.0,1200.0,800.0,Rs./Quintal,555.60,Metric Tonnes,2026-02-26,Daily_Price_Arrival_Report-07-11-2025_to_25-09-2026_for_Sangli_Kolhapur_Onion.csv
Maharashtra,Kolhapur,Kolhapur,Vegetables,Onion,Other,Local,500.0,1200.0,800.0,Rs./Quintal,403.60,Metric Tonnes,2026-02-27,Daily_Price_Arrival_Report-07-11-2025_to_25-09-2026_for_Sangli_Kolhapur_Onion.csv
Maharashtra,Kolhapur,Kolhapur,Vegetables,Onion,Other,Local,400.0,1500.0,900.0,Rs./Quintal,761.10,Metric Tonnes,2026-02-28,Daily_Price_Arrival_Report-07-11-2025_to_25-09-2026_for_Sangli_Kolhapur_Onion.csv
Maharashtra,Kolhapur,Kolhapur,Vegetables,Onion,Other,Local,500.0,1400.0,900.0,Rs./Quintal,576.10,Metric Tonnes,2026-03-02,Daily_Price_Arrival_Report-07-11-2025_to_25-09-2026_for_Sangli_Kolhapur_Onion.csv
Maharashtra,Kolhapur,Kolhapur,Vegetables,Onion,Other,Local,500.0,1500.0,900.0,Rs./Quintal,435.60,Metric Tonnes,2026-03-04,Daily_Price_Arrival_Report-07-11-2025_to_25-09-2026_for_Sangli_Kolhapur_Onion.csv
Maharashtra,Kolhapur,Kolhapur,Vegetables,Onion,Other,Local,500.0,1400.0,900.0,Rs./Quintal,308.00,Metric Tonnes,2026-03-05,Daily_Price_Arrival_Report-07-11-2025_to_25-09-2026_for_Sangli_Kolhapur_Onion.csv
Maharashtra,Kolhapur,Kolhapur,Vegetables,Onion,Other,Local,500.0,1500.0,900.0,Rs./Quintal,497.90,Metric Tonnes,2026-03-06,Daily_Price_Arrival_Report-07-11-2025_to_25-09-2026_for_Sangli_Kolhapur_Onion.csv
Maharashtra,Kolhapur,Kolhapur,Vegetables,Onion,Other,Local,500.0,1500.0,1000.0,Rs./Quintal,872.80,Metric Tonnes,2026-03-07,Daily_Price_Arrival_Report-07-11-2025_to_25-09-2026_for_Sangli_Kolhapur_Onion.csv
Maharashtra,Kolhapur,Kolhapur,Vegetables,Onion,Other,Local,500.0,1500.0,1100.0,Rs./Quintal,771.70,Metric Tonnes,2026-03-09,Daily_Price_Arrival_Report-07-11-2025_to_25-09-2026_for_Sangli_Kolhapur_Onion.csv
Maharashtra,Kolhapur,Kolhapur,Vegetables,Onion,Other,Local,500.0,1400.0,1000.0,Rs./Quintal,560.40,Metric Tonnes,2026-03-10,Daily_Price_Arrival_Report-07-11-2025_to_25-09-2026_for_Sangli_Kolhapur_Onion.csv
Maharashtra,Kolhapur,Kolhapur,Vegetables,Onion,Other,Local,500.0,1500.0,1100.0,Rs./Quintal,746.80,Metric Tonnes,2026-03-11,Daily_Price_Arrival_Report-07-11-2025_to_25-09-2026_for_Sangli_Kolhapur_Onion.csv
Maharashtra,Kolhapur,Kolhapur,Vegetables,Onion,Other,Local,500.0,1500.0,1000.0,Rs./Quintal,641.00,Metric Tonnes,2026-03-12,Daily_Price_Arrival_Report-07-11-2025_to_25-09-2026_for_Sangli_Kolhapur_Onion.csv
Maharashtra,Kolhapur,Kolhapur,Vegetables,Onion,Other,Local,500.0,1500.0,1000.0,Rs./Quintal,596.80,Metric Tonnes,2026-03-13,Daily_Price_Arrival_Report-07-11-2025_to_25-09-2026_for_Sangli_Kolhapur_Onion.csv
Maharashtra,Kolhapur,Kolhapur,Vegetables,Onion,Other,Local,500.0,1400.0,1000.0,Rs./Quintal,"1,015.30",Metric Tonnes,2026-03-14,Daily_Price_Arrival_Report-07-11-2025_to_25-09-2026_for_Sangli_Kolhapur_Onion.csv
Maharashtra,Kolhapur,Kolhapur,Vegetables,Onion,Other,Local,500.0,1500.0,1000.0,Rs./Quintal,937.00,Metric Tonnes,2026-03-16,Daily_Price_Arrival_Report-07-11-2025_to_25-09-2026_for_Sangli_Kolhapur_Onion.csv
Maharashtra,Kolhapur,Kolhapur,Vegetables,Onion,Other,Local,500.0,1300.0,900.0,Rs./Quintal,664.40,Metric Tonnes,2026-03-17,Daily_Price_Arrival_Report-07-11-2025_to_25-09-2026_for_Sangli_Kolhapur_Onion.csv
Maharashtra,Kolhapur,Kolhapur,Vegetables,Onion,Other,Local,500.0,1300.0,800.0,Rs./Quintal,788.00,Metric Tonnes,2026-03-18,Daily_Price_Arrival_Report-07-11-2025_to_25-09-2026_for_Sangli_Kolhapur_Onion.csv
Maharashtra,Kolhapur,Kolhapur,Vegetables,Onion,Other,Local,500.0,1400.0,800.0,Rs./Quintal,368.00,Metric Tonnes,2026-03-19,Daily_Price_Arrival_Report-07-11-2025_to_25-09-2026_for_Sangli_Kolhapur_Onion.csv
Maharashtra,Kolhapur,Kolhapur,Vegetables,Onion,Other,Local,500.0,1400.0,900.0,Rs./Quintal,418.30,Metric Tonnes,2026-03-20,Daily_Price_Arrival_Report-07-11-2025_to_25-09-2026_for_Sangli_Kolhapur_Onion.csv
Maharashtra,Kolhapur,Kolhapur,Vegetables,Onion,Other,Local,500.0,1300.0,1000.0,Rs./Quintal,849.70,Metric Tonnes,2026-03-23,Daily_Price_Arrival_Report-07-11-2025_to_25-09-2026_for_Sangli_Kolhapur_Onion.csv
Maharashtra,Kolhapur,Kolhapur,Vegetables,Onion,Other,Local,500.0,1300.0,1000.0,Rs./Quintal,506.30,Metric Tonnes,2026-03-24,Daily_Price_Arrival_Report-07-11-2025_to_25-09-2026_for_Sangli_Kolhapur_Onion.csv
Maharashtra,Kolhapur,Kolhapur,Vegetables,Onion,Other,Local,500.0,1300.0,1000.0,Rs./Quintal,540.10,Metric Tonnes,2026-03-25,Daily_Price_Arrival_Report-07-11-2025_to_25-09-2026_for_Sangli_Kolhapur_Onion.csv
Maharashtra,Kolhapur,Kolhapur,Vegetables,Onion,Other,Local,500.0,1300.0,1000.0,Rs./Quintal,439.40,Metric Tonnes,2026-03-26,Daily_Price_Arrival_Report-07-11-2025_to_25-09-2026_for_Sangli_Kolhapur_Onion.csv
Maharashtra,Kolhapur,Kolhapur,Vegetables,Onion,Other,Local,500.0,1400.0,1000.0,Rs./Quintal,589.40,Metric Tonnes,2026-03-27,Daily_Price_Arrival_Report-07-11-2025_to_25-09-2026_for_Sangli_Kolhapur_Onion.csv
Maharashtra,Kolhapur,Kolhapur,Vegetables,Onion,Other,Local,500.0,1300.0,1000.0,Rs./Quintal,932.30,Metric Tonnes,2026-03-28,Daily_Price_Arrival_Report-07-11-2025_to_25-09-2026_for_Sangli_Kolhapur_Onion.csv
Maharashtra,Kolhapur,Kolhapur,Vegetables,Onion,Other,Local,500.0,1300.0,1000.0,Rs./Quintal,"1,183.40",Metric Tonnes,2026-03-30,Daily_Price_Arrival_Report-07-11-2025_to_25-09-2026_for_Sangli_Kolhapur_Onion.csv
Maharashtra,Kolhapur,Kolhapur,Vegetables,Onion,Other,Local,500.0,1200.0,800.0,Rs./Quintal,529.90,Metric Tonnes,2026-03-31,Daily_Price_Arrival_Report-07-11-2025_to_25-09-2026_for_Sangli_Kolhapur_Onion.csv
Maharashtra,Kolhapur,Kolhapur,Vegetables,Onion,Other,Local,500.0,1400.0,900.0,Rs./Quintal,588.00,Metric Tonnes,2026-04-01,Daily_Price_Arrival_Report-07-11-2025_to_25-09-2026_for_Sangli_Kolhapur_Onion.csv
Maharashtra,Kolhapur,Kolhapur,Vegetables,Onion,Other,Local,500.0,1200.0,800.0,Rs./Quintal,363.20,Metric Tonnes,2026-04-02,Daily_Price_Arrival_Report-07-11-2025_to_25-09-2026_for_Sangli_Kolhapur_Onion.csv
Maharashtra,Kolhapur,Kolhapur,Vegetables,Onion,Other,Local,500.0,1200.0,800.0,Rs./Quintal,306.00,Metric Tonnes,2026-04-03,Daily_Price_Arrival_Report-07-11-2025_to_25-09-2026_for_Sangli_Kolhapur_Onion.csv
Maharashtra,Kolhapur,Kolhapur,Vegetables,Onion,Other,Local,500.0,1400.0,1000.0,Rs./Quintal,399.30,Metric Tonnes,2026-04-04,Daily_Price_Arrival_Report-07-11-2025_to_25-09-2026_for_Sangli_Kolhapur_Onion.csv
Maharashtra,Kolhapur,Kolhapur,Vegetables,Onion,Other,Local,500.0,1300.0,1000.0,Rs./Quintal,589.00,Metric Tonnes,2026-04-06,Daily_Price_Arrival_Report-07-11-2025_to_25-09-2026_for_Sangli_Kolhapur_Onion.csv
Maharashtra,Kolhapur,Kolhapur,Vegetables,Onion,Other,Local,500.0,1400.0,900.0,Rs./Quintal,458.30,Metric Tonnes,2026-04-07,Daily_Price_Arrival_Report-07-11-2025_to_25-09-2026_for_Sangli_Kolhapur_Onion.csv
Maharashtra,Kolhapur,Kolhapur,Vegetables,Onion,Other,Local,500.0,1300.0,1000.0,Rs./Quintal,702.00,Metric Tonnes,2026-04-08,Daily_Price_Arrival_Report-07-11-2025_to_25-09-2026_for_Sangli_Kolhapur_Onion.csv
Maharashtra,Kolhapur,Kolhapur,Vegetables,Onion,Other,Local,500.0,1300.0,900.0,Rs./Quintal,427.70,Metric Tonnes,2026-04-09,Daily_Price_Arrival_Report-07-11-2025_to_25-09-2026_for_Sangli_Kolhapur_Onion.csv
Maharashtra,Kolhapur,Kolhapur,Vegetables,Onion,Other,Local,500.0,1300.0,900.0,Rs./Quintal,510.60,Metric Tonnes,2026-04-10,Daily_Price_Arrival_Report-07-11-2025_to_25-09-2026_for_Sangli_Kolhapur_Onion.csv
Maharashtra,Kolhapur,Kolhapur,Vegetables,Onion,Other,Local,500.0,1300.0,1000.0,Rs./Quintal,679.60,Metric Tonnes,2026-04-11,Daily_Price_Arrival_Report-07-11-2025_to_25-09-2026_for_Sangli_Kolhapur_Onion.csv
Maharashtra,Kolhapur,Kolhapur,Vegetables,Onion,Other,Local,500.0,1400.0,1000.0,Rs./Quintal,710.20,Metric Tonnes,2026-04-13,Daily_Price_Arrival_Report-07-11-2025_to_25-09-2026_for_Sangli_Kolhapur_Onion.csv
Maharashtra,Kolhapur,Kolhapur,Vegetables,Onion,Other,Local,500.0,1200.0,900.0,Rs./Quintal,512.00,Metric Tonnes,2026-04-14,Daily_Price_Arrival_Report-07-11-2025_to_25-09-2026_for_Sangli_Kolhapur_Onion.csv
Maharashtra,Kolhapur,Kolhapur,Vegetables,Onion,Other,Local,500.0,1300.0,900.0,Rs./Quintal,686.40,Metric Tonnes,2026-04-15,Daily_Price_Arrival_Report-07-11-2025_to_25-09-2026_for_Sangli_Kolhapur_Onion.csv
Maharashtra,Kolhapur,Kolhapur,Vegetables,Onion,Other,Local,500.0,1100.0,800.0,Rs./Quintal,377.10,Metric Tonnes,2026-04-16,Daily_Price_Arrival_Report-07-11-2025_to_25-09-2026_for_Sangli_Kolhapur_Onion.csv
Maharashtra,Kolhapur,Kolhapur,Vegetables,Onion,Other,Local,500.0,1200.0,800.0,Rs./Quintal,632.60,Metric Tonnes,2026-04-17,Daily_Price_Arrival_Report-07-11-2025_to_25-09-2026_for_Sangli_Kolhapur_Onion.csv
Maharashtra,Kolhapur,Kolhapur,Vegetables,Onion,Other,Local,500.0,1300.0,900.0,Rs./Quintal,857.10,Metric Tonnes,2026-04-18,Daily_Price_Arrival_Report-07-11-2025_to_25-09-2026_for_Sangli_Kolhapur_Onion.csv
Maharashtra,Kolhapur,Kolhapur,Vegetables,Onion,Other,Local,500.0,1200.0,800.0,Rs./Quintal,405.40,Metric Tonnes,2026-04-21,Daily_Price_Arrival_Report-07-11-2025_to_25-09-2026_for_Sangli_Kolhapur_Onion.csv
Maharashtra,Kolhapur,Kolhapur,Vegetables,Onion,Other,Local,500.0,1300.0,1000.0,Rs./Quintal,441.20,Metric Tonnes,2026-04-22,Daily_Price_Arrival_Report-07-11-2025_to_25-09-2026_for_Sangli_Kolhapur_Onion.csv
Maharashtra,Kolhapur,Kolhapur,Vegetables,Onion,Other,Local,500.0,1300.0,900.0,Rs./Quintal,320.10,Metric Tonnes,2026-04-23,Daily_Price_Arrival_Report-07-11-2025_to_25-09-2026_for_Sangli_Kolhapur_Onion.csv
Maharashtra,Kolhapur,Kolhapur,Vegetables,Onion,Other,Local,500.0,1300.0,900.0,Rs./Quintal,387.30,Metric Tonnes,2026-04-24,Daily_Price_Arrival_Report-07-11-2025_to_25-09-2026_for_Sangli_Kolhapur_Onion.csv
Maharashtra,Kolhapur,Kolhapur,Vegetables,Onion,Other,Local,500.0,1500.0,1000.0,Rs./Quintal,608.30,Metric Tonnes,2026-04-25,Daily_Price_Arrival_Report-07-11-2025_to_25-09-2026_for_Sangli_Kolhapur_Onion.csv
Maharashtra,Kolhapur,Kolhapur,Vegetables,Onion,Other,Local,500.0,1400.0,1000.0,Rs./Quintal,570.30,Metric Tonnes,2026-04-27,Daily_Price_Arrival_Report-07-11-2025_to_25-09-2026_for_Sangli_Kolhapur_Onion.csv
Maharashtra,Kolhapur,Kolhapur,Vegetables,Onion,Other,Local,500.0,1400.0,1000.0,Rs./Quintal,462.30,Metric Tonnes,2026-04-28,Daily_Price_Arrival_Report-07-11-2025_to_25-09-2026_for_Sangli_Kolhapur_Onion.csv
Maharashtra,Kolhapur,Kolhapur,Vegetables,Onion,Other,Local,500.0,1400.0,1000.0,Rs./Quintal,595.20,Metric Tonnes,2026-04-29,Daily_Price_Arrival_Report-07-11-2025_to_25-09-2026_for_Sangli_Kolhapur_Onion.csv
Maharashtra,Kolhapur,Kolhapur,Vegetables,Onion,Other,Local,500.0,1500.0,1000.0,Rs./Quintal,476.40,Metric Tonnes,2026-04-30,Daily_Price_Arrival_Report-07-11-2025_to_25-09-2026_for_Sangli_Kolhapur_Onion.csv
Maharashtra,Kolhapur,Kolhapur,Vegetables,Onion,Other,Local,500.0,1600.0,1000.0,Rs./Quintal,883.50,Metric Tonnes,2026-05-02,Daily_Price_Arrival_Report-07-11-2025_to_25-09-2026_for_Sangli_Kolhapur_Onion.csv
Maharashtra,Kolhapur,Kolhapur,Vegetables,Onion,Other,Local,500.0,1500.0,1000.0,Rs./Quintal,678.70,Metric Tonnes,2026-05-04,Daily_Price_Arrival_Report-07-11-2025_to_25-09-2026_for_Sangli_Kolhapur_Onion.csv
Maharashtra,Kolhapur,Kolhapur,Vegetables,Onion,Other,Local,500.0,1500.0,1000.0,Rs./Quintal,581.60,Metric Tonnes,2026-05-05,Daily_Price_Arrival_Report-07-11-2025_to_25-09-2026_for_Sangli_Kolhapur_Onion.csv
Maharashtra,Kolhapur,Kolhapur,Vegetables,Onion,Other,Local,500.0,1400.0,1000.0,Rs./Quintal,782.30,Metric Tonnes,2026-05-06,Daily_Price_Arrival_Report-07-11-2025_to_25-09-2026_for_Sangli_Kolhapur_Onion.csv
Maharashtra,Kolhapur,Kolhapur,Vegetables,Onion,Other,Local,500.0,1200.0,900.0,Rs./Quintal,457.50,Metric Tonnes,2026-05-07,Daily_Price_Arrival_Report-07-11-2025_to_25-09-2026_for_Sangli_Kolhapur_Onion.csv
Maharashtra,Kolhapur,Kolhapur,Vegetables,Onion,Other,Local,500.0,1400.0,1000.0,Rs./Quintal,661.10,Metric Tonnes,2026-05-08,Daily_Price_Arrival_Report-07-11-2025_to_25-09-2026_for_Sangli_Kolhapur_Onion.csv
Maharashtra,Kolhapur,Kolhapur,Vegetables,Onion,Other,Local,500.0,1700.0,1000.0,Rs./Quintal,844.50,Metric Tonnes,2026-05-09,Daily_Price_Arrival_Report-07-11-2025_to_25-09-2026_for_Sangli_Kolhapur_Onion.csv
Maharashtra,Kolhapur,Kolhapur,Vegetables,Onion,Other,Local,500.0,1500.0,1000.0,Rs./Quintal,619.10,Metric Tonnes,2026-05-11,Daily_Price_Arrival_Report-07-11-2025_to_25-09-2026_for_Sangli_Kolhapur_Onion.csv
Maharashtra,Kolhapur,Kolhapur,Vegetables,Onion,Other,Local,500.0,1300.0,1000.0,Rs./Quintal,417.30,Metric Tonnes,2026-05-12,Daily_Price_Arrival_Report-07-11-2025_to_25-09-2026_for_Sangli_Kolhapur_Onion.csv
Maharashtra,Kolhapur,Kolhapur,Vegetables,Onion,Other,Local,500.0,1700.0,1000.0,Rs./Quintal,501.70,Metric Tonnes,2026-05-13,Daily_Price_Arrival_Report-07-11-2025_to_25-09-2026_for_Sangli_Kolhapur_Onion.csv
Maharashtra,Kolhapur,Kolhapur,Vegetables,Onion,Other,Local,500.0,1300.0,1000.0,Rs./Quintal,278.00,Metric Tonnes,2026-05-14,Daily_Price_Arrival_Report-07-11-2025_to_25-09-2026_for_Sangli_Kolhapur_Onion.csv
Maharashtra,Kolhapur,Kolhapur,Vegetables,Onion,Other,Local,500.0,1400.0,1000.0,Rs./Quintal,454.80,Metric Tonnes,2026-05-15,Daily_Price_Arrival_Report-07-11-2025_to_25-09-2026_for_Sangli_Kolhapur_Onion.csv
Maharashtra,Kolhapur,Kolhapur,Vegetables,Onion,Other,Local,500.0,1600.0,1000.0,Rs./Quintal,620.50,Metric Tonnes,2026-05-16,Daily_Price_Arrival_Report-07-11-2025_to_25-09-2026_for_Sangli_Kolhapur_Onion.csv
Maharashtra,Kolhapur,Kolhapur,Vegetables,Onion,Other,Local,500.0,1600.0,1100.0,Rs./Quintal,646.40,Metric Tonnes,2026-05-18,Daily_Price_Arrival_Report-07-11-2025_to_25-09-2026_for_Sangli_Kolhapur_Onion.csv
Maharashtra,Kolhapur,Kolhapur,Vegetables,Onion,Other,Local,500.0,1600.0,1000.0,Rs./Quintal,365.90,Metric Tonnes,2026-05-19,Daily_Price_Arrival_Report-07-11-2025_to_25-09-2026_for_Sangli_Kolhapur_Onion.csv
Maharashtra,Kolhapur,Kolhapur,Vegetables,Onion,Other,Local,500.0,1500.0,1000.0,Rs./Quintal,577.90,Metric Tonnes,2026-05-20,Daily_Price_Arrival_Report-07-11-2025_to_25-09-2026_for_Sangli_Kolhapur_Onion.csv
Maharashtra,Kolhapur,Kolhapur,Vegetables,Onion,Other,Local,500.0,1600.0,1000.0,Rs./Quintal,405.00,Metric Tonnes,2026-05-21,Daily_Price_Arrival_Report-07-11-2025_to_25-09-2026_for_Sangli_Kolhapur_Onion.csv
Maharashtra,Kolhapur,Kolhapur,Vegetables,Onion,Other,Local,500.0,1700.0,1000.0,Rs./Quintal,549.00,Metric Tonnes,2026-05-22,Daily_Price_Arrival_Report-07-11-2025_to_25-09-2026_for_Sangli_Kolhapur_Onion.csv
Maharashtra,Kolhapur,Kolhapur,Vegetables,Onion,Other,Local,500.0,1700.0,1100.0,Rs./Quintal,649.00,Metric Tonnes,2026-05-23,Daily_Price_Arrival_Report-07-11-2025_to_25-09-2026_for_Sangli_Kolhapur_Onion.csv
Maharashtra,Kolhapur,Kolhapur,Vegetables,Onion,Other,Local,500.0,1800.0,1100.0,Rs./Quintal,847.20,Metric Tonnes,2026-05-25,Daily_Price_Arrival_Report-07-11-2025_to_25-09-2026_for_Sangli_Kolhapur_Onion.csv
Maharashtra,Kolhapur,Kolhapur,Vegetables,Onion,Other,Local,500.0,1700.0,1000.0,Rs./Quintal,470.50,Metric Tonnes,2026-05-26,Daily_Price_Arrival_Report-07-11-2025_to_25-09-2026_for_Sangli_Kolhapur_Onion.csv
Maharashtra,Kolhapur,Kolhapur,Vegetables,Onion,Other,Local,500.0,1700.0,1100.0,Rs./Quintal,512.50,Metric Tonnes,2026-05-27,Daily_Price_Arrival_Report-07-11-2025_to_25-09-2026_for_Sangli_Kolhapur_Onion.csv
Maharashtra,Kolhapur,Kolhapur,Vegetables,Onion,Other,Local,500.0,2000.0,1200.0,Rs./Quintal,538.80,Metric Tonnes,2026-05-29,Daily_Price_Arrival_Report-07-11-2025_to_25-09-2026_for_Sangli_Kolhapur_Onion.csv
Maharashtra,Kolhapur,Kolhapur,Vegetables,Onion,Other,Local,500.0,2200.0,1200.0,Rs./Quintal,498.00,Metric Tonnes,2026-05-30,Daily_Price_Arrival_Report-07-11-2025_to_25-09-2026_for_Sangli_Kolhapur_Onion.csv
Maharashtra,Kolhapur,Kolhapur,Vegetables,Onion,Other,Local,500.0,2300.0,1200.0,Rs./Quintal,552.10,Metric Tonnes,2026-06-01,Daily_Price_Arrival_Report-07-11-2025_to_25-09-2026_for_Sangli_Kolhapur_Onion.csv
Maharashtra,Kolhapur,Kolhapur,Vegetables,Onion,Other,Local,500.0,2100.0,1100.0,Rs./Quintal,576.60,Metric Tonnes,2026-06-02,Daily_Price_Arrival_Report-07-11-2025_to_25-09-2026_for_Sangli_Kolhapur_Onion.csv
Maharashtra,Kolhapur,Kolhapur,Vegetables,Onion,Other,Local,500.0,2300.0,1200.0,Rs./Quintal,300.40,Metric Tonnes,2026-06-03,Daily_Price_Arrival_Report-07-11-2025_to_25-09-2026_for_Sangli_Kolhapur_Onion.csv
Maharashtra,Kolhapur,Kolhapur,Vegetables,Onion,Other,Local,500.0,2000.0,1100.0,Rs./Quintal,493.50,Metric Tonnes,2026-06-04,Daily_Price_Arrival_Report-07-11-2025_to_25-09-2026_for_Sangli_Kolhapur_Onion.csv
Maharashtra,Kolhapur,Kolhapur,Vegetables,Onion,Other,Local,500.0,2000.0,1000.0,Rs./Quintal,446.50,Metric Tonnes,2026-06-05,Daily_Price_Arrival_Report-07-11-2025_to_25-09-2026_for_Sangli_Kolhapur_Onion.csv
Maharashtra,Kolhapur,Kolhapur,Vegetables,Onion,Other,Local,500.0,2000.0,1100.0,Rs./Quintal,393.60,Metric Tonnes,2026-06-06,Daily_Price_Arrival_Report-07-11-2025_to_25-09-2026_for_Sangli_Kolhapur_Onion.csv
Maharashtra,Kolhapur,Kolhapur,Vegetables,Onion,Other,Local,500.0,2100.0,1200.0,Rs./Quintal,606.80,Metric Tonnes,2026-06-08,Daily_Price_Arrival_Report-07-11-2025_to_25-09-2026_for_Sangli_Kolhapur_Onion.csv
Maharashtra,Kolhapur,Kolhapur,Vegetables,Onion,Other,Local,500.0,2000.0,1100.0,Rs./Quintal,286.00,Metric Tonnes,2026-06-09,Daily_Price_Arrival_Report-07-11-2025_to_25-09-2026_for_Sangli_Kolhapur_Onion.csv
Maharashtra,Kolhapur,Kolhapur,Vegetables,Onion,Other,Local,500.0,2200.0,1200.0,Rs./Quintal,583.50,Metric Tonnes,2026-06-10,Daily_Price_Arrival_Report-07-11-2025_to_25-09-2026_for_Sangli_Kolhapur_Onion.csv
Maharashtra,Kolhapur,Kolhapur,Vegetables,Onion,Other,Local,500.0,2100.0,1000.0,Rs./Quintal,336.50,Metric Tonnes,2026-06-11,Daily_Price_Arrival_Report-07-11-2025_to_25-09-2026_for_Sangli_Kolhapur_Onion.csv
Maharashtra,Kolhapur,Kolhapur,Vegetables,Onion,Other,Local,500.0,2000.0,1000.0,Rs./Quintal,409.30,Metric Tonnes,2026-06-12,Daily_Price_Arrival_Report-07-11-2025_to_25-09-2026_for_Sangli_Kolhapur_Onion.csv
Maharashtra,Kolhapur,Kolhapur,Vegetables,Onion,Other,Local,500.0,2200.0,1200.0,Rs./Quintal,409.90,Metric Tonnes,2026-06-13,Daily_Price_Arrival_Report-07-11-2025_to_25-09-2026_for_Sangli_Kolhapur_Onion.csv
Maharashtra,Kolhapur,Kolhapur,Vegetables,Onion,Other,Local,500.0,2100.0,1200.0,Rs./Quintal,394.30,Metric Tonnes,2026-06-15,Daily_Price_Arrival_Report-07-11-2025_to_25-09-2026_for_Sangli_Kolhapur_Onion.csv
Maharashtra,Kolhapur,Kolhapur,Vegetables,Onion,Other,Local,500.0,2200.0,1200.0,Rs./Quintal,158.40,Metric Tonnes,2026-06-16,Daily_Price_Arrival_Report-07-11-2025_to_25-09-2026_for_Sangli_Kolhapur_Onion.csv
Maharashtra,Kolhapur,Kolhapur,Vegetables,Onion,Other,Local,500.0,2300.0,1300.0,Rs./Quintal,419.50,Metric Tonnes,2026-06-17,Daily_Price_Arrival_Report-07-11-2025_to_25-09-2026_for_Sangli_Kolhapur_Onion.csv
Maharashtra,Kolhapur,Kolhapur,Vegetables,Onion,Other,Local,500.0,2500.0,1300.0,Rs./Quintal,309.70,Metric Tonnes,2026-06-18,Daily_Price_Arrival_Report-07-11-2025_to_25-09-2026_for_Sangli_Kolhapur_Onion.csv
Maharashtra,Kolhapur,Kolhapur,Vegetables,Onion,Other,Local,500.0,2500.0,1200.0,Rs./Quintal,421.40,Metric Tonnes,2026-06-19,Daily_Price_Arrival_Report-07-11-2025_to_25-09-2026_for_Sangli_Kolhapur_Onion.csv
Maharashtra,Kolhapur,Kolhapur,Vegetables,Onion,Other,Local,500.0,2400.0,1300.0,Rs./Quintal,579.80,Metric Tonnes,2026-06-20,Daily_Price_Arrival_Report-07-11-2025_to_25-09-2026_for_Sangli_Kolhapur_Onion.csv
Maharashtra,Kolhapur,Kolhapur,Vegetables,Onion,Other,Local,500.0,2200.0,1200.0,Rs./Quintal,607.30,Metric Tonnes,2026-06-22,Daily_Price_Arrival_Report-07-11-2025_to_25-09-2026_for_Sangli_Kolhapur_Onion.csv
Maharashtra,Kolhapur,Kolhapur,Vegetables,Onion,Other,Local,500.0,2300.0,1200.0,Rs./Quintal,249.20,Metric Tonnes,2026-06-23,Daily_Price_Arrival_Report-07-11-2025_to_25-09-2026_for_Sangli_Kolhapur_Onion.csv
Maharashtra,Kolhapur,Kolhapur,Vegetables,Onion,Other,Local,500.0,2300.0,1200.0,Rs./Quintal,256.90,Metric Tonnes,2026-06-24,Daily_Price_Arrival_Report-07-11-2025_to_25-09-2026_for_Sangli_Kolhapur_Onion.csv
Maharashtra,Kolhapur,Kolhapur,Vegetables,Onion,Other,Local,500.0,2900.0,1400.0,Rs./Quintal,221.40,Metric Tonnes,2026-06-26,Daily_Price_Arrival_Report-07-11-2025_to_25-09-2026_for_Sangli_Kolhapur_Onion.csv
Maharashtra,Kolhapur,Kolhapur,Vegetables,Onion,Other,Local,500.0,3000.0,1500.0,Rs./Quintal,490.00,Metric Tonnes,2026-06-27,Daily_Price_Arrival_Report-07-11-2025_to_25-09-2026_for_Sangli_Kolhapur_Onion.csv
Maharashtra,Kolhapur,Kolhapur,Vegetables,Onion,Other,Local,500.0,3000.0,1600.0,Rs./Quintal,533.20,Metric Tonnes,2026-06-29,Daily_Price_Arrival_Report-07-11-2025_to_25-09-2026_for_Sangli_Kolhapur_Onion.csv
Maharashtra,Kolhapur,Kolhapur,Vegetables,Onion,Other,Local,500.0,2800.0,1400.0,Rs./Quintal,368.20,Metric Tonnes,2026-06-30,Daily_Price_Arrival_Report-07-11-2025_to_25-09-2026_for_Sangli_Kolhapur_Onion.csv
Maharashtra,Kolhapur,Kolhapur,Vegetables,Onion,Other,Local,500.0,2500.0,1300.0,Rs./Quintal,576.60,Metric Tonnes,2026-07-01,Daily_Price_Arrival_Report-07-11-2025_to_25-09-2026_for_Sangli_Kolhapur_Onion.csv
Maharashtra,Kolhapur,Kolhapur,Vegetables,Onion,Other,Local,500.0,2400.0,1300.0,Rs./Quintal,476.40,Metric Tonnes,2026-07-02,Daily_Price_Arrival_Report-07-11-2025_to_25-09-2026_for_Sangli_Kolhapur_Onion.csv
Maharashtra,Kolhapur,Kolhapur,Vegetables,Onion,Other,Local,500.0,2500.0,1300.0,Rs./Quintal,360.00,Metric Tonnes,2026-07-03,Daily_Price_Arrival_Report-07-11-2025_to_25-09-2026_for_Sangli_Kolhapur_Onion.csv
Maharashtra,Kolhapur,Kolhapur,Vegetables,Onion,Other,Local,500.0,2700.0,1500.0,Rs./Quintal,229.50,Metric Tonnes,2026-07-04,Daily_Price_Arrival_Report-07-11-2025_to_25-09-2026_for_Sangli_Kolhapur_Onion.csv
Maharashtra,Kolhapur,Kolhapur,Vegetables,Onion,Other,Local,500.0,2800.0,1600.0,Rs./Quintal,194.20,Metric Tonnes,2026-07-06,Daily_Price_Arrival_Report-07-11-2025_to_25-09-2026_for_Sangli_Kolhapur_Onion.csv
Maharashtra,Kolhapur,Kolhapur,Vegetables,Onion,Other,Local,500.0,3000.0,1600.0,Rs./Quintal,147.10,Metric Tonnes,2026-07-07,Daily_Price_Arrival_Report-07-11-2025_to_25-09-2026_for_Sangli_Kolhapur_Onion.csv
Maharashtra,Kolhapur,Kolhapur,Vegetables,Onion,Other,Local,600.0,3000.0,1700.0,Rs./Quintal,448.50,Metric Tonnes,2026-07-08,Daily_Price_Arrival_Report-07-11-2025_to_25-09-2026_for_Sangli_Kolhapur_Onion.csv
Maharashtra,Kolhapur,Kolhapur,Vegetables,Onion,Other,Local,600.0,2800.0,1700.0,Rs./Quintal,483.30,Metric Tonnes,2026-07-09,Daily_Price_Arrival_Report-07-11-2025_to_25-09-2026_for_Sangli_Kolhapur_Onion.csv
Maharashtra,Kolhapur,Kolhapur,Vegetables,Onion,Other,Local,500.0,2700.0,1600.0,Rs./Quintal,602.30,Metric Tonnes,2026-07-10,Daily_Price_Arrival_Report-07-11-2025_to_25-09-2026_for_Sangli_Kolhapur_Onion.csv
Maharashtra,Kolhapur,Kolhapur,Vegetables,Onion,Other,Local,600.0,2600.0,1600.0,Rs./Quintal,742.70,Metric Tonnes,2026-07-11,Daily_Price_Arrival_Report-07-11-2025_to_25-09-2026_for_Sangli_Kolhapur_Onion.csv
Maharashtra,Kolhapur,Kolhapur,Vegetables,Onion,Other,Local,600.0,2800.0,1700.0,Rs./Quintal,324.50,Metric Tonnes,2026-07-13,Daily_Price_Arrival_Report-07-11-2025_to_25-09-2026_for_Sangli_Kolhapur_Onion.csv
Maharashtra,Kolhapur,Kolhapur,Vegetables,Onion,Other,Local,600.0,2700.0,1600.0,Rs./Quintal,180.60,Metric Tonnes,2026-07-14,Daily_Price_Arrival_Report-07-11-2025_to_25-09-2026_for_Sangli_Kolhapur_Onion.csv
Maharashtra,Kolhapur,Kolhapur,Vegetables,Onion,Other,Local,600.0,2700.0,1600.0,Rs./Quintal,204.10,Metric Tonnes,2026-07-15,Daily_Price_Arrival_Report-07-11-2025_to_25-09-2026_for_Sangli_Kolhapur_Onion.csv
Maharashtra,Kolhapur,Kolhapur,Vegetables,Onion,Other,Local,600.0,2800.0,1700.0,Rs./Quintal,219.70,Metric Tonnes,2026-07-16,Daily_Price_Arrival_Report-07-11-2025_to_25-09-2026_for_Sangli_Kolhapur_Onion.csv
Maharashtra,Kolhapur,Kolhapur,Vegetables,Onion,Other,Local,600.0,2600.0,1600.0,Rs./Quintal,386.80,Metric Tonnes,2026-07-17,Daily_Price_Arrival_Report-07-11-2025_to_25-09-2026_for_Sangli_Kolhapur_Onion.csv
Maharashtra,Kolhapur,Kolhapur,Vegetables,Onion,Other,Local,600.0,2800.0,1700.0,Rs./Quintal,496.10,Metric Tonnes,2026-07-18,Daily_Price_Arrival_Report-07-11-2025_to_25-09-2026_for_Sangli_Kolhapur_Onion.csv
Maharashtra,Kolhapur,Kolhapur,Vegetables,Onion,Other,Local,600.0,2700.0,1700.0,Rs./Quintal,404.70,Metric Tonnes,2026-07-20,Daily_Price_Arrival_Report-07-11-2025_to_25-09-2026_for_Sangli_Kolhapur_Onion.csv
Maharashtra,Kolhapur,Kolhapur,Vegetables,Onion,Other,Local,600.0,2700.0,1700.0,Rs./Quintal,367.90,Metric Tonnes,2026-07-21,Daily_Price_Arrival_Report-07-11-2025_to_25-09-2026_for_Sangli_Kolhapur_Onion.csv
Maharashtra,Kolhapur,Kolhapur,Vegetables,Onion,Other,Local,600.0,2700.0,1700.0,Rs./Quintal,488.50,Metric Tonnes,2026-07-22,Daily_Price_Arrival_Report-07-11-2025_to_25-09-2026_for_Sangli_Kolhapur_Onion.csv
Maharashtra,Kolhapur,Kolhapur,Vegetables,Onion,Other,Local,600.0,2600.0,1600.0,Rs./Quintal,372.90,Metric Tonnes,2026-07-23,Daily_Price_Arrival_Report-07-11-2025_to_25-09-2026_for_Sangli_Kolhapur_Onion.csv
Maharashtra,Kolhapur,Kolhapur,Vegetables,Onion,Other,Local,600.0,2700.0,1700.0,Rs./Quintal,406.70,Metric Tonnes,2026-07-24,Daily_Price_Arrival_Report-07-11-2025_to_25-09-2026_for_Sangli_Kolhapur_Onion.csv
Maharashtra,Kolhapur,Kolhapur,Vegetables,Onion,Other,Local,600.0,2700.0,1600.0,Rs./Quintal,404.60,Metric Tonnes,2026-07-25,Daily_Price_Arrival_Report-07-11-2025_to_25-09-2026_for_Sangli_Kolhapur_Onion.csv
Maharashtra,Kolhapur,Kolhapur,Vegetables,Onion,Other,Local,600.0,2500.0,1500.0,Rs./Quintal,371.60,Metric Tonnes,2026-07-27,Daily_Price_Arrival_Report-07-11-2025_to_25-09-2026_for_Sangli_Kolhapur_Onion.csv
Maharashtra,Kolhapur,Kolhapur,Vegetables,Onion,Other,Local,600.0,2700.0,1600.0,Rs./Quintal,294.00,Metric Tonnes,2026-07-28,Daily_Price_Arrival_Report-07-11-2025_to_25-09-2026_for_Sangli_Kolhapur_Onion.csv
Maharashtra,Kolhapur,Kolhapur,Vegetables,Onion,Other,Local,600.0,2600.0,1600.0,Rs./Quintal,437.70,Metric Tonnes,2026-07-29,Daily_Price_Arrival_Report-07-11-2025_to_25-09-2026_for_Sangli_Kolhapur_Onion.csv
Maharashtra,Kolhapur,Kolhapur,Vegetables,Onion,Other,Local,600.0,2800.0,1700.0,Rs./Quintal,237.30,Metric Tonnes,2026-07-30,Daily_Price_Arrival_Report-07-11-2025_to_25-09-2026_for_Sangli_Kolhapur_Onion.csv
Maharashtra,Kolhapur,Kolhapur,Vegetables,Onion,Other,Local,600.0,2800.0,1700.0,Rs./Quintal,319.80,Metric Tonnes,2026-07-31,Daily_Price_Arrival_Report-07-11-2025_to_25-09-2026_for_Sangli_Kolhapur_Onion.csv
Maharashtra,Kolhapur,Kolhapur,Vegetables,Onion,Other,Local,600.0,2800.0,1800.0,Rs./Quintal,338.60,Metric Tonnes,2026-08-01,Daily_Price_Arrival_Report-07-11-2025_to_25-09-2026_for_Sangli_Kolhapur_Onion.csv
Maharashtra,Kolhapur,Kolhapur,Vegetables,Onion,Other,Local,600.0,3000.0,1900.0,Rs./Quintal,517.10,Metric Tonnes,2026-08-03,Daily_Price_Arrival_Report-07-11-2025_to_25-09-2026_for_Sangli_Kolhapur_Onion.csv
Maharashtra,Kolhapur,Kolhapur,Vegetables,Onion,Other,Local,600.0,3000.0,1900.0,Rs./Quintal,322.10,Metric Tonnes,2026-08-04,Daily_Price_Arrival_Report-07-11-2025_to_25-09-2026_for_Sangli_Kolhapur_Onion.csv
Maharashtra,Kolhapur,Kolhapur,Vegetables,Onion,Other,Local,600.0,2700.0,1800.0,Rs./Quintal,404.20,Metric Tonnes,2026-08-05,Daily_Price_Arrival_Report-07-11-2025_to_25-09-2026_for_Sangli_Kolhapur_Onion.csv
Maharashtra,Kolhapur,Kolhapur,Vegetables,Onion,Other,Local,600.0,2700.0,1800.0,Rs./Quintal,307.00,Metric Tonnes,2026-08-06,Daily_Price_Arrival_Report-07-11-2025_to_25-09-2026_for_Sangli_Kolhapur_Onion.csv
Maharashtra,Kolhapur,Kolhapur,Vegetables,Onion,Other,Local,700.0,2700.0,1900.0,Rs./Quintal,370.30,Metric Tonnes,2026-08-07,Daily_Price_Arrival_Report-07-11-2025_to_25-09-2026_for_Sangli_Kolhapur_Onion.csv
Maharashtra,Kolhapur,Kolhapur,Vegetables,Onion,Other,Local,600.0,2800.0,2000.0,Rs./Quintal,437.20,Metric Tonnes,2026-08-08,Daily_Price_Arrival_Report-07-11-2025_to_25-09-2026_for_Sangli_Kolhapur_Onion.csv
Maharashtra,Kolhapur,Kolhapur,Vegetables,Onion,Other,Local,600.0,3000.0,2000.0,Rs./Quintal,492.60,Metric Tonnes,2026-08-11,Daily_Price_Arrival_Report-07-11-2025_to_25-09-2026_for_Sangli_Kolhapur_Onion.csv
Maharashtra,Kolhapur,Kolhapur,Vegetables,Onion,Other,Local,600.0,3200.0,2000.0,Rs./Quintal,281.20,Metric Tonnes,2026-08-12,Daily_Price_Arrival_Report-07-11-2025_to_25-09-2026_for_Sangli_Kolhapur_Onion.csv
Maharashtra,Kolhapur,Kolhapur,Vegetables,Onion,Other,Local,600.0,3700.0,2200.0,Rs./Quintal,311.50,Metric Tonnes,2026-08-13,Daily_Price_Arrival_Report-07-11-2025_to_25-09-2026_for_Sangli_Kolhapur_Onion.csv
Maharashtra,Kolhapur,Kolhapur,Vegetables,Onion,Other,Local,1000.0,4000.0,2300.0,Rs./Quintal,643.80,Metric Tonnes,2026-08-14,Daily_Price_Arrival_Report-07-11-2025_to_25-09-2026_for_Sangli_Kolhapur_Onion.csv
Maharashtra,Kolhapur,Kolhapur,Vegetables,Onion,Other,Local,1000.0,4000.0,2300.0,Rs./Quintal,618.70,Metric Tonnes,2026-08-17,Daily_Price_Arrival_Report-07-11-2025_to_25-09-2026_for_Sangli_Kolhapur_Onion.csv
Maharashtra,Kolhapur,Kolhapur,Vegetables,Onion,Other,Local,1000.0,4200.0,2300.0,Rs./Quintal,390.30,Metric Tonnes,2026-08-18,Daily_Price_Arrival_Report-07-11-2025_to_25-09-2026_for_Sangli_Kolhapur_Onion.csv
Maharashtra,Kolhapur,Kolhapur,Vegetables,Onion,Other,Local,1200.0,4500.0,2400.0,Rs./Quintal,532.50,Metric Tonnes,2026-08-19,Daily_Price_Arrival_Report-07-11-2025_to_25-09-2026_for_Sangli_Kolhapur_Onion.csv
Maharashtra,Kolhapur,Kolhapur,Vegetables,Onion,Other,Local,1100.0,4000.0,2200.0,Rs./Quintal,651.80,Metric Tonnes,2026-08-20,Daily_Price_Arrival_Report-07-11-2025_to_25-09-2026_for_Sangli_Kolhapur_Onion.csv
Maharashtra,Kolhapur,Kolhapur,Vegetables,Onion,Other,Local,1200.0,4200.0,2300.0,Rs./Quintal,732.10,Metric Tonnes,2026-08-21,Daily_Price_Arrival_Report-07-11-2025_to_25-09-2026_for_Sangli_Kolhapur_Onion.csv
Maharashtra,Kolhapur,Kolhapur,Vegetables,Onion,Other,Local,1200.0,4200.0,2300.0,Rs./Quintal,747.90,Metric Tonnes,2026-08-22,Daily_Price_Arrival_Report-07-11-2025_to_25-09-2026_for_Sangli_Kolhapur_Onion.csv
Maharashtra,Kolhapur,Kolhapur,Vegetables,Onion,Other,Local,1000.0,4500.0,2300.0,Rs./Quintal,331.90,Metric Tonnes,2026-08-24,Daily_Price_Arrival_Report-07-11-2025_to_25-09-2026_for_Sangli_Kolhapur_Onion.csv
Maharashtra,Kolhapur,Kolhapur,Vegetables,Onion,Other,Local,1100.0,4500.0,2300.0,Rs./Quintal,364.70,Metric Tonnes,2026-08-25,Daily_Price_Arrival_Report-07-11-2025_to_25-09-2026_for_Sangli_Kolhapur_Onion.csv
Maharashtra,Kolhapur,Kolhapur,Vegetables,Onion,Other,Local,1100.0,4500.0,2300.0,Rs./Quintal,520.00,Metric Tonnes,2026-08-26,Daily_Price_Arrival_Report-07-11-2025_to_25-09-2026_for_Sangli_Kolhapur_Onion.csv
Maharashtra,Kolhapur,Kolhapur,Vegetables,Onion,Other,Local,1000.0,4500.0,2300.0,Rs./Quintal,438.30,Metric Tonnes,2026-08-27,Daily_Price_Arrival_Report-07-11-2025_to_25-09-2026_for_Sangli_Kolhapur_Onion.csv
Maharashtra,Kolhapur,Kolhapur,Vegetables,Onion,Other,Local,1000.0,4500.0,2300.0,Rs./Quintal,335.10,Metric Tonnes,2026-08-28,Daily_Price_Arrival_Report-07-11-2025_to_25-09-2026_for_Sangli_Kolhapur_Onion.csv
Maharashtra,Kolhapur,Kolhapur,Vegetables,Onion,Other,Local,1000.0,4500.0,2400.0,Rs./Quintal,574.50,Metric Tonnes,2026-08-29,Daily_Price_Arrival_Report-07-11-2025_to_25-09-2026_for_Sangli_Kolhapur_Onion.csv
Maharashtra,Kolhapur,Kolhapur,Vegetables,Onion,Other,Local,1000.0,4800.0,2800.0,Rs./Quintal,274.00,Metric Tonnes,2026-08-31,Daily_Price_Arrival_Report-07-11-2025_to_25-09-2026_for_Sangli_Kolhapur_Onion.csv
Maharashtra,Kolhapur,Kolhapur,Vegetables,Onion,Other,Local,1200.0,5000.0,3000.0,Rs./Quintal,300.00,Metric Tonnes,2026-09-01,Daily_Price_Arrival_Report-07-11-2025_to_25-09-2026_for_Sangli_Kolhapur_Onion.csv
Maharashtra,Kolhapur,Kolhapur,Vegetables,Onion,Other,Local,1200.0,5500.0,3200.0,Rs./Quintal,558.50,Metric Tonnes,2026-09-02,Daily_Price_Arrival_Report-07-11-2025_to_25-09-2026_for_Sangli_Kolhapur_Onion.csv
Maharashtra,Kolhapur,Kolhapur,Vegetables,Onion,Other,Local,1200.0,5200.0,3000.0,Rs./Quintal,413.30,Metric Tonnes,2026-09-03,Daily_Price_Arrival_Report-07-11-2025_to_25-09-2026_for_Sangli_Kolhapur_Onion.csv
Maharashtra,Kolhapur,Kolhapur,Vegetables,Onion,Other,Local,1200.0,5300.0,3200.0,Rs./Quintal,500.20,Metric Tonnes,2026-09-04,Daily_Price_Arrival_Report-07-11-2025_to_25-09-2026_for_Sangli_Kolhapur_Onion.csv
Maharashtra,Kolhapur,Kolhapur,Vegetables,Onion,Other,Local,1200.0,5300.0,3200.0,Rs./Quintal,696.70,Metric Tonnes,2026-09-05,Daily_Price_Arrival_Report-07-11-2025_to_25-09-2026_for_Sangli_Kolhapur_Onion.csv
Maharashtra,Kolhapur,Kolhapur,Vegetables,Onion,Other,Local,1200.0,5200.0,3000.0,Rs./Quintal,491.70,Metric Tonnes,2026-09-07,Daily_Price_Arrival_Report-07-11-2025_to_25-09-2026_for_Sangli_Kolhapur_Onion.csv
Maharashtra,Kolhapur,Kolhapur,Vegetables,Onion,Other,Local,1200.0,5000.0,3000.0,Rs./Quintal,334.90,Metric Tonnes,2026-09-08,Daily_Price_Arrival_Report-07-11-2025_to_25-09-2026_for_Sangli_Kolhapur_Onion.csv
Maharashtra,Kolhapur,Kolhapur,Vegetables,Onion,Other,Local,1200.0,5000.0,3000.0,Rs./Quintal,526.20,Metric Tonnes,2026-09-09,Daily_Price_Arrival_Report-07-11-2025_to_25-09-2026_for_Sangli_Kolhapur_Onion.csv
Maharashtra,Kolhapur,Kolhapur,Vegetables,Onion,Other,Local,1200.0,5000.0,2900.0,Rs./Quintal,378.40,Metric Tonnes,2026-09-10,Daily_Price_Arrival_Report-07-11-2025_to_25-09-2026_for_Sangli_Kolhapur_Onion.csv
Maharashtra,Kolhapur,Kolhapur,Vegetables,Onion,Other,Local,1200.0,5000.0,2800.0,Rs./Quintal,342.30,Metric Tonnes,2026-09-11,Daily_Price_Arrival_Report-07-11-2025_to_25-09-2026_for_Sangli_Kolhapur_Onion.csv
Maharashtra,Kolhapur,Kolhapur,Vegetables,Onion,Other,Local,1200.0,5000.0,3000.0,Rs./Quintal,610.50,Metric Tonnes,2026-09-12,Daily_Price_Arrival_Report-07-11-2025_to_25-09-2026_for_Sangli_Kolhapur_Onion.csv
Maharashtra,Kolhapur,Kolhapur,Vegetables,Onion,Other,Local,1200.0,5200.0,3200.0,Rs./Quintal,280.40,Metric Tonnes,2026-09-15,Daily_Price_Arrival_Report-07-11-2025_to_25-09-2026_for_Sangli_Kolhapur_Onion.csv
Maharashtra,Kolhapur,Kolhapur,Vegetables,Onion,Other,Local,1200.0,5200.0,3000.0,Rs./Quintal,290.90,Metric Tonnes,2026-09-16,Daily_Price_Arrival_Report-07-11-2025_to_25-09-2026_for_Sangli_Kolhapur_Onion.csv
Maharashtra,Kolhapur,Kolhapur,Vegetables,Onion,Other,Local,1200.0,5400.0,3200.0,Rs./Quintal,288.30,Metric Tonnes,2026-09-17,Daily_Price_Arrival_Report-07-11-2025_to_25-09-2026_for_Sangli_Kolhapur_Onion.csv
Maharashtra,Kolhapur,Kolhapur,Vegetables,Onion,Other,Local,1200.0,5200.0,3200.0,Rs./Quintal,466.30,Metric Tonnes,2026-09-18,Daily_Price_Arrival_Report-07-11-2025_to_25-09-2026_for_Sangli_Kolhapur_Onion.csv
Maharashtra,Kolhapur,Kolhapur,Vegetables,Onion,Other,Local,1200.0,5200.0,3200.0,Rs./Quintal,543.80,Metric Tonnes,2026-09-21,Daily_Price_Arrival_Report-07-11-2025_to_25-09-2026_for_Sangli_Kolhapur_Onion.csv
Maharashtra,Kolhapur,Kolhapur,Vegetables,Onion,Other,Local,1200.0,5000.0,3000.0,Rs./Quintal,284.60,Metric Tonnes,2026-09-22,Daily_Price_Arrival_Report-07-11-2025_to_25-09-2026_for_Sangli_Kolhapur_Onion.csv
Maharashtra,Kolhapur,Kolhapur,Vegetables,Onion,Other,Local,1000.0,5000.0,3000.0,Rs./Quintal,533.80,Metric Tonnes,2026-09-23,Daily_Price_Arrival_Report-07-11-2025_to_25-09-2026_for_Sangli_Kolhapur_Onion.csv
Maharashtra,Kolhapur,Kolhapur,Vegetables,Onion,Other,Local,1000.0,5000.0,2800.0,Rs./Quintal,366.70,Metric Tonnes,2026-09-24,Daily_Price_Arrival_Report-07-11-2025_to_25-09-2026_for_Sangli_Kolhapur_Onion.csv
Maharashtra,Kolhapur,Kolhapur,Vegetables,Tomato,Other,Local,500.0,1500.0,1000.0,Rs./Quintal,29.3,Metric Tonnes,2025-11-08,Daily_Price_Arrival_Report-07-11-2025_to_25-09-2026_for_Sangli_Kolhapur_Tomato.csv
Maharashtra,Kolhapur,Kolhapur,Vegetables,Tomato,Other,Local,800.0,1600.0,1200.0,Rs./Quintal,21.6,Metric Tonnes,2025-11-09,Daily_Price_Arrival_Report-07-11-2025_to_25-09-2026_for_Sangli_Kolhapur_Tomato.csv
Maharashtra,Kolhapur,Kolhapur,Vegetables,Tomato,Other,Local,800.0,1500.0,1200.0,Rs./Quintal,27.7,Metric Tonnes,2025-11-10,Daily_Price_Arrival_Report-07-11-2025_to_25-09-2026_for_Sangli_Kolhapur_Tomato.csv
Maharashtra,Kolhapur,Kolhapur,Vegetables,Tomato,Other,Local,1000.0,2000.0,1500.0,Rs./Quintal,16.6,Metric Tonnes,2025-11-11,Daily_Price_Arrival_Report-07-11-2025_to_25-09-2026_for_Sangli_Kolhapur_Tomato.csv
Maharashtra,Kolhapur,Kolhapur,Vegetables,Tomato,Other,Local,1000.0,2000.0,1500.0,Rs./Quintal,29.4,Metric Tonnes,2025-11-12,Daily_Price_Arrival_Report-07-11-2025_to_25-09-2026_for_Sangli_Kolhapur_Tomato.csv
Maharashtra,Kolhapur,Kolhapur,Vegetables,Tomato,Other,Local,1000.0,2000.0,1500.0,Rs./Quintal,22.6,Metric Tonnes,2025-11-13,Daily_Price_Arrival_Report-07-11-2025_to_25-09-2026_for_Sangli_Kolhapur_Tomato.csv
Maharashtra,Kolhapur,Kolhapur,Vegetables,Tomato,Other,Local,2000.0,3000.0,2500.0,Rs./Quintal,27.5,Metric Tonnes,2025-11-15,Daily_Price_Arrival_Report-07-11-2025_to_25-09-2026_for_Sangli_Kolhapur_Tomato.csv
Maharashtra,Kolhapur,Kolhapur,Vegetables,Tomato,Other,Local,1500.0,3000.0,2300.0,Rs./Quintal,23.1,Metric Tonnes,2025-11-16,Daily_Price_Arrival_Report-07-11-2025_to_25-09-2026_for_Sangli_Kolhapur_Tomato.csv
Maharashtra,Kolhapur,Kolhapur,Vegetables,Tomato,Other,Local,1000.0,3000.0,2000.0,Rs./Quintal,26.6,Metric Tonnes,2025-11-17,Daily_Price_Arrival_Report-07-11-2025_to_25-09-2026_for_Sangli_Kolhapur_Tomato.csv
Maharashtra,Kolhapur,Kolhapur,Vegetables,Tomato,Other,Local,1500.0,3500.0,2500.0,Rs./Quintal,24.8,Metric Tonnes,2025-11-18,Daily_Price_Arrival_Report-07-11-2025_to_25-09-2026_for_Sangli_Kolhapur_Tomato.csv
Maharashtra,Kolhapur,Kolhapur,Vegetables,Tomato,Other,Local,2000.0,3000.0,2500.0,Rs./Quintal,24.5,Metric Tonnes,2025-11-19,Daily_Price_Arrival_Report-07-11-2025_to_25-09-2026_for_Sangli_Kolhapur_Tomato.csv
Maharashtra,Kolhapur,Kolhapur,Vegetables,Tomato,Other,Local,1500.0,3500.0,2500.0,Rs./Quintal,25.4,Metric Tonnes,2025-11-20,Daily_Price_Arrival_Report-07-11-2025_to_25-09-2026_for_Sangli_Kolhapur_Tomato.csv
Maharashtra,Kolhapur,Kolhapur,Vegetables,Tomato,Other,Local,1500.0,3500.0,2500.0,Rs./Quintal,27.6,Metric Tonnes,2025-11-22,Daily_Price_Arrival_Report-07-11-2025_to_25-09-2026_for_Sangli_Kolhapur_Tomato.csv
Maharashtra,Kolhapur,Kolhapur,Vegetables,Tomato,Other,Local,1500.0,3500.0,2500.0,Rs./Quintal,10.5,Metric Tonnes,2025-11-23,Daily_Price_Arrival_Report-07-11-2025_to_25-09-2026_for_Sangli_Kolhapur_Tomato.csv
Maharashtra,Kolhapur,Kolhapur,Vegetables,Tomato,Other,Local,1500.0,3500.0,2500.0,Rs./Quintal,22.9,Metric Tonnes,2025-11-24,Daily_Price_Arrival_Report-07-11-2025_to_25-09-2026_for_Sangli_Kolhapur_Tomato.csv
Maharashtra,Kolhapur,Kolhapur,Vegetables,Tomato,Other,Local,2000.0,4000.0,3000.0,Rs./Quintal,11.0,Metric Tonnes,2025-11-25,Daily_Price_Arrival_Report-07-11-2025_to_25-09-2026_for_Sangli_Kolhapur_Tomato.csv
Maharashtra,Kolhapur,Kolhapur,Vegetables,Tomato,Other,Local,2500.0,3500.0,3000.0,Rs./Quintal,28.5,Metric Tonnes,2025-11-26,Daily_Price_Arrival_Report-07-11-2025_to_25-09-2026_for_Sangli_Kolhapur_Tomato.csv
Maharashtra,Kolhapur,Kolhapur,Vegetables,Tomato,Other,Local,2000.0,3000.0,2500.0,Rs./Quintal,33.2,Metric Tonnes,2025-11-27,Daily_Price_Arrival_Report-07-11-2025_to_25-09-2026_for_Sangli_Kolhapur_Tomato.csv
Maharashtra,Kolhapur,Kolhapur,Vegetables,Tomato,Other,Local,1500.0,2500.0,2000.0,Rs./Quintal,43.7,Metric Tonnes,2025-11-29,Daily_Price_Arrival_Report-07-11-2025_to_25-09-2026_for_Sangli_Kolhapur_Tomato.csv
Maharashtra,Kolhapur,Kolhapur,Vegetables,Tomato,Other,Local,1500.0,2500.0,2000.0,Rs./Quintal,27.8,Metric Tonnes,2025-11-30,Daily_Price_Arrival_Report-07-11-2025_to_25-09-2026_for_Sangli_Kolhapur_Tomato.csv
Maharashtra,Kolhapur,Kolhapur,Vegetables,Tomato,Other,Local,1500.0,2500.0,2000.0,Rs./Quintal,32.5,Metric Tonnes,2025-12-01,Daily_Price_Arrival_Report-07-11-2025_to_25-09-2026_for_Sangli_Kolhapur_Tomato.csv
Maharashtra,Kolhapur,Kolhapur,Vegetables,Tomato,Other,Local,1000.0,2000.0,1500.0,Rs./Quintal,17.5,Metric Tonnes,2025-12-02,Daily_Price_Arrival_Report-07-11-2025_to_25-09-2026_for_Sangli_Kolhapur_Tomato.csv
Maharashtra,Kolhapur,Kolhapur,Vegetables,Tomato,Other,Local,1500.0,2500.0,2000.0,Rs./Quintal,30.7,Metric Tonnes,2025-12-03,Daily_Price_Arrival_Report-07-11-2025_to_25-09-2026_for_Sangli_Kolhapur_Tomato.csv
Maharashtra,Kolhapur,Kolhapur,Vegetables,Tomato,Other,Local,1000.0,2000.0,1500.0,Rs./Quintal,22.4,Metric Tonnes,2025-12-04,Daily_Price_Arrival_Report-07-11-2025_to_25-09-2026_for_Sangli_Kolhapur_Tomato.csv
Maharashtra,Kolhapur,Kolhapur,Vegetables,Tomato,Other,Local,1500.0,2500.0,2000.0,Rs./Quintal,19.2,Metric Tonnes,2025-12-06,Daily_Price_Arrival_Report-07-11-2025_to_25-09-2026_for_Sangli_Kolhapur_Tomato.csv
Maharashtra,Kolhapur,Kolhapur,Vegetables,Tomato,Other,Local,1000.0,2000.0,1500.0,Rs./Quintal,37.9,Metric Tonnes,2025-12-08,Daily_Price_Arrival_Report-07-11-2025_to_25-09-2026_for_Sangli_Kolhapur_Tomato.csv
Maharashtra,Kolhapur,Kolhapur,Vegetables,Tomato,Other,Local,1000.0,2000.0,1500.0,Rs./Quintal,23.9,Metric Tonnes,2025-12-09,Daily_Price_Arrival_Report-07-11-2025_to_25-09-2026_for_Sangli_Kolhapur_Tomato.csv
Maharashtra,Kolhapur,Kolhapur,Vegetables,Tomato,Other,Local,1000.0,2000.0,1500.0,Rs./Quintal,33.9,Metric Tonnes,2025-12-10,Daily_Price_Arrival_Report-07-11-2025_to_25-09-2026_for_Sangli_Kolhapur_Tomato.csv
Maharashtra,Kolhapur,Kolhapur,Vegetables,Tomato,Other,Local,1000.0,2000.0,1500.0,Rs./Quintal,14.8,Metric Tonnes,2025-12-11,Daily_Price_Arrival_Report-07-11-2025_to_25-09-2026_for_Sangli_Kolhapur_Tomato.csv
Maharashtra,Kolhapur,Kolhapur,Vegetables,Tomato,Other,Local,1500.0,3500.0,2500.0,Rs./Quintal,23.5,Metric Tonnes,2025-12-13,Daily_Price_Arrival_Report-07-11-2025_to_25-09-2026_for_Sangli_Kolhapur_Tomato.csv
Maharashtra,Kolhapur,Kolhapur,Vegetables,Tomato,Other,Local,2000.0,4000.0,3000.0,Rs./Quintal,10.7,Metric Tonnes,2025-12-14,Daily_Price_Arrival_Report-07-11-2025_to_25-09-2026_for_Sangli_Kolhapur_Tomato.csv
Maharashtra,Kolhapur,Kolhapur,Vegetables,Tomato,Other,Local,2000.0,4000.0,3000.0,Rs./Quintal,17.9,Metric Tonnes,2025-12-15,Daily_Price_Arrival_Report-07-11-2025_to_25-09-2026_for_Sangli_Kolhapur_Tomato.csv
Maharashtra,Kolhapur,Kolhapur,Vegetables,Tomato,Other,Local,2000.0,4000.0,3000.0,Rs./Quintal,15.1,Metric Tonnes,2025-12-16,Daily_Price_Arrival_Report-07-11-2025_to_25-09-2026_for_Sangli_Kolhapur_Tomato.csv
Maharashtra,Kolhapur,Kolhapur,Vegetables,Tomato,Other,Local,2500.0,4500.0,3500.0,Rs./Quintal,25.0,Metric Tonnes,2025-12-17,Daily_Price_Arrival_Report-07-11-2025_to_25-09-2026_for_Sangli_Kolhapur_Tomato.csv
Maharashtra,Kolhapur,Kolhapur,Vegetables,Tomato,Other,Local,2000.0,4000.0,3000.0,Rs./Quintal,26.3,Metric Tonnes,2025-12-18,Daily_Price_Arrival_Report-07-11-2025_to_25-09-2026_for_Sangli_Kolhapur_Tomato.csv
Maharashtra,Kolhapur,Kolhapur,Vegetables,Tomato,Other,Local,1500.0,3500.0,2500.0,Rs./Quintal,21.2,Metric Tonnes,2025-12-20,Daily_Price_Arrival_Report-07-11-2025_to_25-09-2026_for_Sangli_Kolhapur_Tomato.csv
Maharashtra,Kolhapur,Kolhapur,Vegetables,Tomato,Other,Local,1500.0,3500.0,2500.0,Rs./Quintal,21.4,Metric Tonnes,2025-12-21,Daily_Price_Arrival_Report-07-11-2025_to_25-09-2026_for_Sangli_Kolhapur_Tomato.csv
Maharashtra,Kolhapur,Kolhapur,Vegetables,Tomato,Other,Local,2000.0,4000.0,3000.0,Rs./Quintal,18.0,Metric Tonnes,2025-12-22,Daily_Price_Arrival_Report-07-11-2025_to_25-09-2026_for_Sangli_Kolhapur_Tomato.csv
Maharashtra,Kolhapur,Kolhapur,Vegetables,Tomato,Other,Local,2000.0,4000.0,3000.0,Rs./Quintal,18.7,Metric Tonnes,2025-12-23,Daily_Price_Arrival_Report-07-11-2025_to_25-09-2026_for_Sangli_Kolhapur_Tomato.csv
Maharashtra,Kolhapur,Kolhapur,Vegetables,Tomato,Other,Local,2000.0,4000.0,3000.0,Rs./Quintal,31.1,Metric Tonnes,2025-12-24,Daily_Price_Arrival_Report-07-11-2025_to_25-09-2026_for_Sangli_Kolhapur_Tomato.csv
Maharashtra,Kolhapur,Kolhapur,Vegetables,Tomato,Other,Local,2000.0,4000.0,3000.0,Rs./Quintal,18.7,Metric Tonnes,2025-12-25,Daily_Price_Arrival_Report-07-11-2025_to_25-09-2026_for_Sangli_Kolhapur_Tomato.csv
Maharashtra,Kolhapur,Kolhapur,Vegetables,Tomato,Other,Local,1500.0,3500.0,2500.0,Rs./Quintal,28.8,Metric Tonnes,2025-12-27,Daily_Price_Arrival_Report-07-11-2025_to_25-09-2026_for_Sangli_Kolhapur_Tomato.csv
Maharashtra,Kolhapur,Kolhapur,Vegetables,Tomato,Other,Local,2000.0,4000.0,3000.0,Rs./Quintal,20.9,Metric Tonnes,2025-12-28,Daily_Price_Arrival_Report-07-11-2025_to_25-09-2026_for_Sangli_Kolhapur_Tomato.csv
Maharashtra,Kolhapur,Kolhapur,Vegetables,Tomato,Other,Local,2000.0,4000.0,3000.0,Rs./Quintal,21.4,Metric Tonnes,2025-12-29,Daily_Price_Arrival_Report-07-11-2025_to_25-09-2026_for_Sangli_Kolhapur_Tomato.csv
Maharashtra,Kolhapur,Kolhapur,Vegetables,Tomato,Other,Local,2000.0,4000.0,3000.0,Rs./Quintal,23.2,Metric Tonnes,2025-12-30,Daily_Price_Arrival_Report-07-11-2025_to_25-09-2026_for_Sangli_Kolhapur_Tomato.csv
Maharashtra,Kolhapur,Kolhapur,Vegetables,Tomato,Other,Local,2000.0,4000.0,3000.0,Rs./Quintal,40.2,Metric Tonnes,2025-12-31,Daily_Price_Arrival_Report-07-11-2025_to_25-09-2026_for_Sangli_Kolhapur_Tomato.csv
Maharashtra,Kolhapur,Kolhapur,Vegetables,Tomato,Other,Local,2000.0,4000.0,3000.0,Rs./Quintal,19.5,Metric Tonnes,2026-01-01,Daily_Price_Arrival_Report-07-11-2025_to_25-09-2026_for_Sangli_Kolhapur_Tomato.csv
Maharashtra,Kolhapur,Kolhapur,Vegetables,Tomato,Other,Local,1500.0,3500.0,2500.0,Rs./Quintal,32.1,Metric Tonnes,2026-01-03,Daily_Price_Arrival_Report-07-11-2025_to_25-09-2026_for_Sangli_Kolhapur_Tomato.csv
Maharashtra,Kolhapur,Kolhapur,Vegetables,Tomato,Other,Local,1500.0,3500.0,2500.0,Rs./Quintal,18.4,Metric Tonnes,2026-01-04,Daily_Price_Arrival_Report-07-11-2025_to_25-09-2026_for_Sangli_Kolhapur_Tomato.csv
Maharashtra,Kolhapur,Kolhapur,Vegetables,Tomato,Other,Local,1500.0,3500.0,2500.0,Rs./Quintal,26.2,Metric Tonnes,2026-01-05,Daily_Price_Arrival_Report-07-11-2025_to_25-09-2026_for_Sangli_Kolhapur_Tomato.csv
Maharashtra,Kolhapur,Kolhapur,Vegetables,Tomato,Other,Local,1500.0,3500.0,2500.0,Rs./Quintal,19.7,Metric Tonnes,2026-01-06,Daily_Price_Arrival_Report-07-11-2025_to_25-09-2026_for_Sangli_Kolhapur_Tomato.csv
Maharashtra,Kolhapur,Kolhapur,Vegetables,Tomato,Other,Local,2000.0,3000.0,2500.0,Rs./Quintal,42.0,Metric Tonnes,2026-01-07,Daily_Price_Arrival_Report-07-11-2025_to_25-09-2026_for_Sangli_Kolhapur_Tomato.csv
Maharashtra,Kolhapur,Kolhapur,Vegetables,Tomato,Other,Local,2000.0,3000.0,2500.0,Rs./Quintal,27.1,Metric Tonnes,2026-01-08,Daily_Price_Arrival_Report-07-11-2025_to_25-09-2026_for_Sangli_Kolhapur_Tomato.csv
Maharashtra,Kolhapur,Kolhapur,Vegetables,Tomato,Other,Local,1500.0,2500.0,2000.0,Rs./Quintal,31.6,Metric Tonnes,2026-01-10,Daily_Price_Arrival_Report-07-11-2025_to_25-09-2026_for_Sangli_Kolhapur_Tomato.csv
Maharashtra,Kolhapur,Kolhapur,Vegetables,Tomato,Other,Local,1500.0,3500.0,2500.0,Rs./Quintal,20.9,Metric Tonnes,2026-01-11,Daily_Price_Arrival_Report-07-11-2025_to_25-09-2026_for_Sangli_Kolhapur_Tomato.csv
Maharashtra,Kolhapur,Kolhapur,Vegetables,Tomato,Other,Local,2000.0,3000.0,2500.0,Rs./Quintal,26.9,Metric Tonnes,2026-01-12,Daily_Price_Arrival_Report-07-11-2025_to_25-09-2026_for_Sangli_Kolhapur_Tomato.csv
Maharashtra,Kolhapur,Kolhapur,Vegetables,Tomato,Other,Local,1500.0,2500.0,2000.0,Rs./Quintal,14.0,Metric Tonnes,2026-01-13,Daily_Price_Arrival_Report-07-11-2025_to_25-09-2026_for_Sangli_Kolhapur_Tomato.csv
Maharashtra,Kolhapur,Kolhapur,Vegetables,Tomato,Other,Local,1500.0,2500.0,2000.0,Rs./Quintal,27.1,Metric Tonnes,2026-01-14,Daily_Price_Arrival_Report-07-11-2025_to_25-09-2026_for_Sangli_Kolhapur_Tomato.csv
Maharashtra,Kolhapur,Kolhapur,Vegetables,Tomato,Other,Local,1000.0,2000.0,1500.0,Rs./Quintal,27.8,Metric Tonnes,2026-01-17,Daily_Price_Arrival_Report-07-11-2025_to_25-09-2026_for_Sangli_Kolhapur_Tomato.csv
Maharashtra,Kolhapur,Kolhapur,Vegetables,Tomato,Other,Local,500.0,2500.0,1500.0,Rs./Quintal,26.0,Metric Tonnes,2026-01-18,Daily_Price_Arrival_Report-07-11-2025_to_25-09-2026_for_Sangli_Kolhapur_Tomato.csv
Maharashtra,Kolhapur,Kolhapur,Vegetables,Tomato,Other,Local,1000.0,2000.0,1500.0,Rs./Quintal,34.9,Metric Tonnes,2026-01-19,Daily_Price_Arrival_Report-07-11-2025_to_25-09-2026_for_Sangli_Kolhapur_Tomato.csv
Maharashtra,Kolhapur,Kolhapur,Vegetables,Tomato,Other,Local,1000.0,2000.0,1500.0,Rs./Quintal,20.4,Metric Tonnes,2026-01-20,Daily_Price_Arrival_Report-07-11-2025_to_25-09-2026_for_Sangli_Kolhapur_Tomato.csv
Maharashtra,Kolhapur,Kolhapur,Vegetables,Tomato,Other,Local,1000.0,2000.0,1500.0,Rs./Quintal,22.7,Metric Tonnes,2026-01-21,Daily_Price_Arrival_Report-07-11-2025_to_25-09-2026_for_Sangli_Kolhapur_Tomato.csv
Maharashtra,Kolhapur,Kolhapur,Vegetables,Tomato,Other,Local,1000.0,2000.0,1500.0,Rs./Quintal,24.6,Metric Tonnes,2026-01-22,Daily_Price_Arrival_Report-07-11-2025_to_25-09-2026_for_Sangli_Kolhapur_Tomato.csv
Maharashtra,Kolhapur,Kolhapur,Vegetables,Tomato,Other,Local,1500.0,2500.0,2000.0,Rs./Quintal,21.2,Metric Tonnes,2026-01-24,Daily_Price_Arrival_Report-07-11-2025_to_25-09-2026_for_Sangli_Kolhapur_Tomato.csv
Maharashtra,Kolhapur,Kolhapur,Vegetables,Tomato,Other,Local,1500.0,2500.0,2000.0,Rs./Quintal,21.3,Metric Tonnes,2026-01-25,Daily_Price_Arrival_Report-07-11-2025_to_25-09-2026_for_Sangli_Kolhapur_Tomato.csv
Maharashtra,Kolhapur,Kolhapur,Vegetables,Tomato,Other,Local,1000.0,2000.0,1500.0,Rs./Quintal,22.6,Metric Tonnes,2026-01-27,Daily_Price_Arrival_Report-07-11-2025_to_25-09-2026_for_Sangli_Kolhapur_Tomato.csv
Maharashtra,Kolhapur,Kolhapur,Vegetables,Tomato,Other,Local,1000.0,2000.0,1500.0,Rs./Quintal,29.1,Metric Tonnes,2026-01-28,Daily_Price_Arrival_Report-07-11-2025_to_25-09-2026_for_Sangli_Kolhapur_Tomato.csv
Maharashtra,Kolhapur,Kolhapur,Vegetables,Tomato,Other,Local,800.0,1600.0,1200.0,Rs./Quintal,43.6,Metric Tonnes,2026-01-31,Daily_Price_Arrival_Report-07-11-2025_to_25-09-2026_for_Sangli_Kolhapur_Tomato.csv
Maharashtra,Kolhapur,Kolhapur,Vegetables,Tomato,Other,Local,800.0,1600.0,1200.0,Rs./Quintal,39.2,Metric Tonnes,2026-02-01,Daily_Price_Arrival_Report-07-11-2025_to_25-09-2026_for_Sangli_Kolhapur_Tomato.csv
Maharashtra,Kolhapur,Kolhapur,Vegetables,Tomato,Other,Local,1000.0,2000.0,1500.0,Rs./Quintal,23.4,Metric Tonnes,2026-02-02,Daily_Price_Arrival_Report-07-11-2025_to_25-09-2026_for_Sangli_Kolhapur_Tomato.csv
Maharashtra,Kolhapur,Kolhapur,Vegetables,Tomato,Other,Local,800.0,1500.0,1200.0,Rs./Quintal,16.8,Metric Tonnes,2026-02-03,Daily_Price_Arrival_Report-07-11-2025_to_25-09-2026_for_Sangli_Kolhapur_Tomato.csv
Maharashtra,Kolhapur,Kolhapur,Vegetables,Tomato,Other,Local,1000.0,2000.0,1500.0,Rs./Quintal,26.4,Metric Tonnes,2026-02-04,Daily_Price_Arrival_Report-07-11-2025_to_25-09-2026_for_Sangli_Kolhapur_Tomato.csv
Maharashtra,Kolhapur,Kolhapur,Vegetables,Tomato,Other,Local,800.0,1500.0,1200.0,Rs./Quintal,17.1,Metric Tonnes,2026-02-05,Daily_Price_Arrival_Report-07-11-2025_to_25-09-2026_for_Sangli_Kolhapur_Tomato.csv
Maharashtra,Kolhapur,Kolhapur,Vegetables,Tomato,Other,Local,500.0,1500.0,1000.0,Rs./Quintal,26.2,Metric Tonnes,2026-02-08,Daily_Price_Arrival_Report-07-11-2025_to_25-09-2026_for_Sangli_Kolhapur_Tomato.csv
Maharashtra,Kolhapur,Kolhapur,Vegetables,Tomato,Other,Local,1000.0,2000.0,1500.0,Rs./Quintal,18.3,Metric Tonnes,2026-02-09,Daily_Price_Arrival_Report-07-11-2025_to_25-09-2026_for_Sangli_Kolhapur_Tomato.csv
Maharashtra,Kolhapur,Kolhapur,Vegetables,Tomato,Other,Local,1000.0,1500.0,1200.0,Rs./Quintal,33.4,Metric Tonnes,2026-02-11,Daily_Price_Arrival_Report-07-11-2025_to_25-09-2026_for_Sangli_Kolhapur_Tomato.csv
Maharashtra,Kolhapur,Kolhapur,Vegetables,Tomato,Other,Local,500.0,1500.0,1000.0,Rs./Quintal,28.6,Metric Tonnes,2026-02-12,Daily_Price_Arrival_Report-07-11-2025_to_25-09-2026_for_Sangli_Kolhapur_Tomato.csv
Maharashtra,Kolhapur,Kolhapur,Vegetables,Tomato,Other,Local,800.0,1500.0,1200.0,Rs./Quintal,28.4,Metric Tonnes,2026-02-14,Daily_Price_Arrival_Report-07-11-2025_to_25-09-2026_for_Sangli_Kolhapur_Tomato.csv
Maharashtra,Kolhapur,Kolhapur,Vegetables,Tomato,Other,Local,500.0,1500.0,1000.0,Rs./Quintal,14.9,Metric Tonnes,2026-02-15,Daily_Price_Arrival_Report-07-11-2025_to_25-09-2026_for_Sangli_Kolhapur_Tomato.csv
Maharashtra,Kolhapur,Kolhapur,Vegetables,Tomato,Other,Local,500.0,1500.0,1000.0,Rs./Quintal,28.7,Metric Tonnes,2026-02-16,Daily_Price_Arrival_Report-07-11-2025_to_25-09-2026_for_Sangli_Kolhapur_Tomato.csv
Maharashtra,Kolhapur,Kolhapur,Vegetables,Tomato,Other,Local,500.0,1300.0,1000.0,Rs./Quintal,10.9,Metric Tonnes,2026-02-17,Daily_Price_Arrival_Report-07-11-2025_to_25-09-2026_for_Sangli_Kolhapur_Tomato.csv
Maharashtra,Kolhapur,Kolhapur,Vegetables,Tomato,Other,Local,800.0,1200.0,1000.0,Rs./Quintal,21.8,Metric Tonnes,2026-02-18,Daily_Price_Arrival_Report-07-11-2025_to_25-09-2026_for_Sangli_Kolhapur_Tomato.csv
Maharashtra,Kolhapur,Kolhapur,Vegetables,Tomato,Other,Local,500.0,1500.0,1000.0,Rs./Quintal,22.8,Metric Tonnes,2026-02-19,Daily_Price_Arrival_Report-07-11-2025_to_25-09-2026_for_Sangli_Kolhapur_Tomato.csv
Maharashtra,Kolhapur,Kolhapur,Vegetables,Tomato,Other,Local,500.0,1500.0,1000.0,Rs./Quintal,21.9,Metric Tonnes,2026-02-21,Daily_Price_Arrival_Report-07-11-2025_to_25-09-2026_for_Sangli_Kolhapur_Tomato.csv
Maharashtra,Kolhapur,Kolhapur,Vegetables,Tomato,Other,Local,600.0,1500.0,1000.0,Rs./Quintal,18.5,Metric Tonnes,2026-02-22,Daily_Price_Arrival_Report-07-11-2025_to_25-09-2026_for_Sangli_Kolhapur_Tomato.csv
Maharashtra,Kolhapur,Kolhapur,Vegetables,Tomato,Other,Local,500.0,1200.0,800.0,Rs./Quintal,32.4,Metric Tonnes,2026-02-23,Daily_Price_Arrival_Report-07-11-2025_to_25-09-2026_for_Sangli_Kolhapur_Tomato.csv
Maharashtra,Kolhapur,Kolhapur,Vegetables,Tomato,Other,Local,600.0,1200.0,800.0,Rs./Quintal,20.3,Metric Tonnes,2026-02-26,Daily_Price_Arrival_Report-07-11-2025_to_25-09-2026_for_Sangli_Kolhapur_Tomato.csv
Maharashtra,Kolhapur,Kolhapur,Vegetables,Tomato,Other,Local,700.0,1500.0,1000.0,Rs./Quintal,28.5,Metric Tonnes,2026-02-28,Daily_Price_Arrival_Report-07-11-2025_to_25-09-2026_for_Sangli_Kolhapur_Tomato.csv
Maharashtra,Kolhapur,Kolhapur,Vegetables,Tomato,Other,Local,1000.0,1500.0,1200.0,Rs./Quintal,21.0,Metric Tonnes,2026-03-02,Daily_Price_Arrival_Report-07-11-2025_to_25-09-2026_for_Sangli_Kolhapur_Tomato.csv
Maharashtra,Kolhapur,Kolhapur,Vegetables,Tomato,Other,Local,500.0,1000.0,800.0,Rs./Quintal,13.4,Metric Tonnes,2026-03-03,Daily_Price_Arrival_Report-07-11-2025_to_25-09-2026_for_Sangli_Kolhapur_Tomato.csv
Maharashtra,Kolhapur,Kolhapur,Vegetables,Tomato,Other,Local,500.0,1200.0,800.0,Rs./Quintal,24.9,Metric Tonnes,2026-03-05,Daily_Price_Arrival_Report-07-11-2025_to_25-09-2026_for_Sangli_Kolhapur_Tomato.csv
Maharashtra,Kolhapur,Kolhapur,Vegetables,Tomato,Other,Local,500.0,1000.0,800.0,Rs./Quintal,15.7,Metric Tonnes,2026-03-07,Daily_Price_Arrival_Report-07-11-2025_to_25-09-2026_for_Sangli_Kolhapur_Tomato.csv
Maharashtra,Kolhapur,Kolhapur,Vegetables,Tomato,Other,Local,500.0,1500.0,1000.0,Rs./Quintal,8.0,Metric Tonnes,2026-03-08,Daily_Price_Arrival_Report-07-11-2025_to_25-09-2026_for_Sangli_Kolhapur_Tomato.csv
Maharashtra,Kolhapur,Kolhapur,Vegetables,Tomato,Other,Local,500.0,1200.0,800.0,Rs./Quintal,19.2,Metric Tonnes,2026-03-09,Daily_Price_Arrival_Report-07-11-2025_to_25-09-2026_for_Sangli_Kolhapur_Tomato.csv
Maharashtra,Kolhapur,Kolhapur,Vegetables,Tomato,Other,Local,600.0,1200.0,800.0,Rs./Quintal,8.6,Metric Tonnes,2026-03-10,Daily_Price_Arrival_Report-07-11-2025_to_25-09-2026_for_Sangli_Kolhapur_Tomato.csv
Maharashtra,Kolhapur,Kolhapur,Vegetables,Tomato,Other,Local,500.0,1000.0,800.0,Rs./Quintal,12.8,Metric Tonnes,2026-03-11,Daily_Price_Arrival_Report-07-11-2025_to_25-09-2026_for_Sangli_Kolhapur_Tomato.csv
Maharashtra,Kolhapur,Kolhapur,Vegetables,Tomato,Other,Local,500.0,1500.0,1000.0,Rs./Quintal,11.2,Metric Tonnes,2026-03-12,Daily_Price_Arrival_Report-07-11-2025_to_25-09-2026_for_Sangli_Kolhapur_Tomato.csv
Maharashtra,Kolhapur,Kolhapur,Vegetables,Tomato,Other,Local,500.0,1500.0,1000.0,Rs./Quintal,16.2,Metric Tonnes,2026-03-14,Daily_Price_Arrival_Report-07-11-2025_to_25-09-2026_for_Sangli_Kolhapur_Tomato.csv
Maharashtra,Kolhapur,Kolhapur,Vegetables,Tomato,Other,Local,500.0,1500.0,1000.0,Rs./Quintal,13.1,Metric Tonnes,2026-03-15,Daily_Price_Arrival_Report-07-11-2025_to_25-09-2026_for_Sangli_Kolhapur_Tomato.csv
Maharashtra,Kolhapur,Kolhapur,Vegetables,Tomato,Other,Local,600.0,1200.0,900.0,Rs./Quintal,26.8,Metric Tonnes,2026-03-16,Daily_Price_Arrival_Report-07-11-2025_to_25-09-2026_for_Sangli_Kolhapur_Tomato.csv
Maharashtra,Kolhapur,Kolhapur,Vegetables,Tomato,Other,Local,500.0,1200.0,800.0,Rs./Quintal,19.2,Metric Tonnes,2026-03-17,Daily_Price_Arrival_Report-07-11-2025_to_25-09-2026_for_Sangli_Kolhapur_Tomato.csv
Maharashtra,Kolhapur,Kolhapur,Vegetables,Tomato,Other,Local,500.0,1500.0,1000.0,Rs./Quintal,28.4,Metric Tonnes,2026-03-18,Daily_Price_Arrival_Report-07-11-2025_to_25-09-2026_for_Sangli_Kolhapur_Tomato.csv
Maharashtra,Kolhapur,Kolhapur,Vegetables,Tomato,Other,Local,500.0,1500.0,1000.0,Rs./Quintal,18.5,Metric Tonnes,2026-03-19,Daily_Price_Arrival_Report-07-11-2025_to_25-09-2026_for_Sangli_Kolhapur_Tomato.csv
Maharashtra,Kolhapur,Kolhapur,Vegetables,Tomato,Other,Local,500.0,1500.0,1000.0,Rs./Quintal,19.9,Metric Tonnes,2026-03-22,Daily_Price_Arrival_Report-07-11-2025_to_25-09-2026_for_Sangli_Kolhapur_Tomato.csv
Maharashtra,Kolhapur,Kolhapur,Vegetables,Tomato,Other,Local,500.0,1500.0,1000.0,Rs./Quintal,38.5,Metric Tonnes,2026-03-23,Daily_Price_Arrival_Report-07-11-2025_to_25-09-2026_for_Sangli_Kolhapur_Tomato.csv
Maharashtra,Kolhapur,Kolhapur,Vegetables,Tomato,Other,Local,500.0,1500.0,1000.0,Rs./Quintal,18.5,Metric Tonnes,2026-03-24,Daily_Price_Arrival_Report-07-11-2025_to_25-09-2026_for_Sangli_Kolhapur_Tomato.csv
Maharashtra,Kolhapur,Kolhapur,Vegetables,Tomato,Other,Local,500.0,1500.0,1000.0,Rs./Quintal,24.2,Metric Tonnes,2026-03-25,Daily_Price_Arrival_Report-07-11-2025_to_25-09-2026_for_Sangli_Kolhapur_Tomato.csv
Maharashtra,Kolhapur,Kolhapur,Vegetables,Tomato,Other,Local,500.0,1500.0,1000.0,Rs./Quintal,9.7,Metric Tonnes,2026-03-26,Daily_Price_Arrival_Report-07-11-2025_to_25-09-2026_for_Sangli_Kolhapur_Tomato.csv
Maharashtra,Kolhapur,Kolhapur,Vegetables,Tomato,Other,Local,500.0,1500.0,1000.0,Rs./Quintal,24.3,Metric Tonnes,2026-03-28,Daily_Price_Arrival_Report-07-11-2025_to_25-09-2026_for_Sangli_Kolhapur_Tomato.csv
Maharashtra,Kolhapur,Kolhapur,Vegetables,Tomato,Other,Local,800.0,1600.0,1200.0,Rs./Quintal,16.6,Metric Tonnes,2026-03-29,Daily_Price_Arrival_Report-07-11-2025_to_25-09-2026_for_Sangli_Kolhapur_Tomato.csv
Maharashtra,Kolhapur,Kolhapur,Vegetables,Tomato,Other,Local,500.0,1500.0,1000.0,Rs./Quintal,33.4,Metric Tonnes,2026-03-30,Daily_Price_Arrival_Report-07-11-2025_to_25-09-2026_for_Sangli_Kolhapur_Tomato.csv
Maharashtra,Kolhapur,Kolhapur,Vegetables,Tomato,Other,Local,500.0,1500.0,1000.0,Rs./Quintal,15.3,Metric Tonnes,2026-03-31,Daily_Price_Arrival_Report-07-11-2025_to_25-09-2026_for_Sangli_Kolhapur_Tomato.csv
Maharashtra,Kolhapur,Kolhapur,Vegetables,Tomato,Other,Local,500.0,1500.0,1000.0,Rs./Quintal,24.8,Metric Tonnes,2026-04-01,Daily_Price_Arrival_Report-07-11-2025_to_25-09-2026_for_Sangli_Kolhapur_Tomato.csv
Maharashtra,Kolhapur,Kolhapur,Vegetables,Tomato,Other,Local,500.0,1500.0,1000.0,Rs./Quintal,15.0,Metric Tonnes,2026-04-02,Daily_Price_Arrival_Report-07-11-2025_to_25-09-2026_for_Sangli_Kolhapur_Tomato.csv
Maharashtra,Kolhapur,Kolhapur,Vegetables,Tomato,Other,Local,500.0,1500.0,1000.0,Rs./Quintal,30.3,Metric Tonnes,2026-04-04,Daily_Price_Arrival_Report-07-11-2025_to_25-09-2026_for_Sangli_Kolhapur_Tomato.csv
Maharashtra,Kolhapur,Kolhapur,Vegetables,Tomato,Other,Local,500.0,1500.0,1000.0,Rs./Quintal,16.1,Metric Tonnes,2026-04-05,Daily_Price_Arrival_Report-07-11-2025_to_25-09-2026_for_Sangli_Kolhapur_Tomato.csv
Maharashtra,Kolhapur,Kolhapur,Vegetables,Tomato,Other,Local,500.0,1500.0,1000.0,Rs./Quintal,27.8,Metric Tonnes,2026-04-06,Daily_Price_Arrival_Report-07-11-2025_to_25-09-2026_for_Sangli_Kolhapur_Tomato.csv
Maharashtra,Kolhapur,Kolhapur,Vegetables,Tomato,Other,Local,600.0,1800.0,1200.0,Rs./Quintal,17.0,Metric Tonnes,2026-04-07,Daily_Price_Arrival_Report-07-11-2025_to_25-09-2026_for_Sangli_Kolhapur_Tomato.csv
Maharashtra,Kolhapur,Kolhapur,Vegetables,Tomato,Other,Local,500.0,1500.0,1000.0,Rs./Quintal,18.9,Metric Tonnes,2026-04-08,Daily_Price_Arrival_Report-07-11-2025_to_25-09-2026_for_Sangli_Kolhapur_Tomato.csv
Maharashtra,Kolhapur,Kolhapur,Vegetables,Tomato,Other,Local,500.0,1500.0,1000.0,Rs./Quintal,19.9,Metric Tonnes,2026-04-09,Daily_Price_Arrival_Report-07-11-2025_to_25-09-2026_for_Sangli_Kolhapur_Tomato.csv
Maharashtra,Kolhapur,Kolhapur,Vegetables,Tomato,Other,Local,500.0,1500.0,1000.0,Rs./Quintal,26.6,Metric Tonnes,2026-04-11,Daily_Price_Arrival_Report-07-11-2025_to_25-09-2026_for_Sangli_Kolhapur_Tomato.csv
Maharashtra,Kolhapur,Kolhapur,Vegetables,Tomato,Other,Local,1000.0,2000.0,1500.0,Rs./Quintal,19.7,Metric Tonnes,2026-04-12,Daily_Price_Arrival_Report-07-11-2025_to_25-09-2026_for_Sangli_Kolhapur_Tomato.csv
Maharashtra,Kolhapur,Kolhapur,Vegetables,Tomato,Other,Local,500.0,1500.0,1000.0,Rs./Quintal,24.1,Metric Tonnes,2026-04-13,Daily_Price_Arrival_Report-07-11-2025_to_25-09-2026_for_Sangli_Kolhapur_Tomato.csv
Maharashtra,Kolhapur,Kolhapur,Vegetables,Tomato,Other,Local,500.0,1500.0,1000.0,Rs./Quintal,23.6,Metric Tonnes,2026-04-14,Daily_Price_Arrival_Report-07-11-2025_to_25-09-2026_for_Sangli_Kolhapur_Tomato.csv
Maharashtra,Kolhapur,Kolhapur,Vegetables,Tomato,Other,Local,700.0,1300.0,1000.0,Rs./Quintal,23.1,Metric Tonnes,2026-04-15,Daily_Price_Arrival_Report-07-11-2025_to_25-09-2026_for_Sangli_Kolhapur_Tomato.csv
Maharashtra,Kolhapur,Kolhapur,Vegetables,Tomato,Other,Local,500.0,1500.0,1000.0,Rs./Quintal,18.7,Metric Tonnes,2026-04-16,Daily_Price_Arrival_Report-07-11-2025_to_25-09-2026_for_Sangli_Kolhapur_Tomato.csv
Maharashtra,Kolhapur,Kolhapur,Vegetables,Tomato,Other,Local,500.0,1500.0,1000.0,Rs./Quintal,29.7,Metric Tonnes,2026-04-18,Daily_Price_Arrival_Report-07-11-2025_to_25-09-2026_for_Sangli_Kolhapur_Tomato.csv
Maharashtra,Kolhapur,Kolhapur,Vegetables,Tomato,Other,Local,1000.0,2000.0,1500.0,Rs./Quintal,23.6,Metric Tonnes,2026-04-19,Daily_Price_Arrival_Report-07-11-2025_to_25-09-2026_for_Sangli_Kolhapur_Tomato.csv
Maharashtra,Kolhapur,Kolhapur,Vegetables,Tomato,Other,Local,1000.0,2000.0,1500.0,Rs./Quintal,26.0,Metric Tonnes,2026-04-20,Daily_Price_Arrival_Report-07-11-2025_to_25-09-2026_for_Sangli_Kolhapur_Tomato.csv
Maharashtra,Kolhapur,Kolhapur,Vegetables,Tomato,Other,Local,900.0,1800.0,1400.0,Rs./Quintal,17.2,Metric Tonnes,2026-04-21,Daily_Price_Arrival_Report-07-11-2025_to_25-09-2026_for_Sangli_Kolhapur_Tomato.csv
Maharashtra,Kolhapur,Kolhapur,Vegetables,Tomato,Other,Local,1000.0,2000.0,1500.0,Rs./Quintal,30.9,Metric Tonnes,2026-04-22,Daily_Price_Arrival_Report-07-11-2025_to_25-09-2026_for_Sangli_Kolhapur_Tomato.csv
Maharashtra,Kolhapur,Kolhapur,Vegetables,Tomato,Other,Local,800.0,1800.0,1300.0,Rs./Quintal,17.5,Metric Tonnes,2026-04-23,Daily_Price_Arrival_Report-07-11-2025_to_25-09-2026_for_Sangli_Kolhapur_Tomato.csv
Maharashtra,Kolhapur,Kolhapur,Vegetables,Tomato,Other,Local,1000.0,2000.0,1500.0,Rs./Quintal,21.2,Metric Tonnes,2026-04-25,Daily_Price_Arrival_Report-07-11-2025_to_25-09-2026_for_Sangli_Kolhapur_Tomato.csv
Maharashtra,Kolhapur,Kolhapur,Vegetables,Tomato,Other,Local,1000.0,2000.0,1500.0,Rs./Quintal,23.6,Metric Tonnes,2026-04-26,Daily_Price_Arrival_Report-07-11-2025_to_25-09-2026_for_Sangli_Kolhapur_Tomato.csv
Maharashtra,Kolhapur,Kolhapur,Vegetables,Tomato,Other,Local,1000.0,2000.0,1500.0,Rs./Quintal,27.6,Metric Tonnes,2026-04-27,Daily_Price_Arrival_Report-07-11-2025_to_25-09-2026_for_Sangli_Kolhapur_Tomato.csv
Maharashtra,Kolhapur,Kolhapur,Vegetables,Tomato,Other,Local,1000.0,2000.0,1500.0,Rs./Quintal,17.6,Metric Tonnes,2026-04-28,Daily_Price_Arrival_Report-07-11-2025_to_25-09-2026_for_Sangli_Kolhapur_Tomato.csv
Maharashtra,Kolhapur,Kolhapur,Vegetables,Tomato,Other,Local,800.0,1800.0,1300.0,Rs./Quintal,18.8,Metric Tonnes,2026-04-29,Daily_Price_Arrival_Report-07-11-2025_to_25-09-2026_for_Sangli_Kolhapur_Tomato.csv
Maharashtra,Kolhapur,Kolhapur,Vegetables,Tomato,Other,Local,1500.0,2500.0,2000.0,Rs./Quintal,11.8,Metric Tonnes,2026-04-30,Daily_Price_Arrival_Report-07-11-2025_to_25-09-2026_for_Sangli_Kolhapur_Tomato.csv
Maharashtra,Kolhapur,Kolhapur,Vegetables,Tomato,Other,Local,1000.0,3000.0,2000.0,Rs./Quintal,4.2,Metric Tonnes,2026-05-02,Daily_Price_Arrival_Report-07-11-2025_to_25-09-2026_for_Sangli_Kolhapur_Tomato.csv
Maharashtra,Kolhapur,Kolhapur,Vegetables,Tomato,Other,Local,1000.0,2000.0,1500.0,Rs./Quintal,13.0,Metric Tonnes,2026-05-03,Daily_Price_Arrival_Report-07-11-2025_to_25-09-2026_for_Sangli_Kolhapur_Tomato.csv
Maharashtra,Kolhapur,Kolhapur,Vegetables,Tomato,Other,Local,1500.0,2500.0,2000.0,Rs./Quintal,22.5,Metric Tonnes,2026-05-04,Daily_Price_Arrival_Report-07-11-2025_to_25-09-2026_for_Sangli_Kolhapur_Tomato.csv
Maharashtra,Kolhapur,Kolhapur,Vegetables,Tomato,Other,Local,1500.0,2500.0,2000.0,Rs./Quintal,18.5,Metric Tonnes,2026-05-05,Daily_Price_Arrival_Report-07-11-2025_to_25-09-2026_for_Sangli_Kolhapur_Tomato.csv
Maharashtra,Kolhapur,Kolhapur,Vegetables,Tomato,Other,Local,1500.0,2500.0,2000.0,Rs./Quintal,20.6,Metric Tonnes,2026-05-06,Daily_Price_Arrival_Report-07-11-2025_to_25-09-2026_for_Sangli_Kolhapur_Tomato.csv
Maharashtra,Kolhapur,Kolhapur,Vegetables,Tomato,Other,Local,2000.0,3000.0,2500.0,Rs./Quintal,16.1,Metric Tonnes,2026-05-07,Daily_Price_Arrival_Report-07-11-2025_to_25-09-2026_for_Sangli_Kolhapur_Tomato.csv
Maharashtra,Kolhapur,Kolhapur,Vegetables,Tomato,Other,Local,2000.0,3000.0,2500.0,Rs./Quintal,20.1,Metric Tonnes,2026-05-09,Daily_Price_Arrival_Report-07-11-2025_to_25-09-2026_for_Sangli_Kolhapur_Tomato.csv
Maharashtra,Kolhapur,Kolhapur,Vegetables,Tomato,Other,Local,1800.0,3000.0,2400.0,Rs./Quintal,9.6,Metric Tonnes,2026-05-10,Daily_Price_Arrival_Report-07-11-2025_to_25-09-2026_for_Sangli_Kolhapur_Tomato.csv
Maharashtra,Kolhapur,Kolhapur,Vegetables,Tomato,Other,Local,2000.0,3000.0,2500.0,Rs./Quintal,25.9,Metric Tonnes,2026-05-11,Daily_Price_Arrival_Report-07-11-2025_to_25-09-2026_for_Sangli_Kolhapur_Tomato.csv
Maharashtra,Kolhapur,Kolhapur,Vegetables,Tomato,Other,Local,2000.0,3000.0,2500.0,Rs./Quintal,25.5,Metric Tonnes,2026-05-12,Daily_Price_Arrival_Report-07-11-2025_to_25-09-2026_for_Sangli_Kolhapur_Tomato.csv
Maharashtra,Kolhapur,Kolhapur,Vegetables,Tomato,Other,Local,2000.0,3000.0,2500.0,Rs./Quintal,21.4,Metric Tonnes,2026-05-13,Daily_Price_Arrival_Report-07-11-2025_to_25-09-2026_for_Sangli_Kolhapur_Tomato.csv
Maharashtra,Kolhapur,Kolhapur,Vegetables,Tomato,Other,Local,2000.0,3000.0,2500.0,Rs./Quintal,9.0,Metric Tonnes,2026-05-14,Daily_Price_Arrival_Report-07-11-2025_to_25-09-2026_for_Sangli_Kolhapur_Tomato.csv
Maharashtra,Kolhapur,Kolhapur,Vegetables,Tomato,Other,Local,2000.0,3000.0,2500.0,Rs./Quintal,21.5,Metric Tonnes,2026-05-16,Daily_Price_Arrival_Report-07-11-2025_to_25-09-2026_for_Sangli_Kolhapur_Tomato.csv
Maharashtra,Kolhapur,Kolhapur,Vegetables,Tomato,Other,Local,1500.0,3000.0,2300.0,Rs./Quintal,13.8,Metric Tonnes,2026-05-17,Daily_Price_Arrival_Report-07-11-2025_to_25-09-2026_for_Sangli_Kolhapur_Tomato.csv
Maharashtra,Kolhapur,Kolhapur,Vegetables,Tomato,Other,Local,1000.0,3000.0,2000.0,Rs./Quintal,28.7,Metric Tonnes,2026-05-18,Daily_Price_Arrival_Report-07-11-2025_to_25-09-2026_for_Sangli_Kolhapur_Tomato.csv
Maharashtra,Kolhapur,Kolhapur,Vegetables,Tomato,Other,Local,2000.0,3000.0,2500.0,Rs./Quintal,23.5,Metric Tonnes,2026-05-19,Daily_Price_Arrival_Report-07-11-2025_to_25-09-2026_for_Sangli_Kolhapur_Tomato.csv
Maharashtra,Kolhapur,Kolhapur,Vegetables,Tomato,Other,Local,1500.0,2500.0,2000.0,Rs./Quintal,27.3,Metric Tonnes,2026-05-20,Daily_Price_Arrival_Report-07-11-2025_to_25-09-2026_for_Sangli_Kolhapur_Tomato.csv
Maharashtra,Kolhapur,Kolhapur,Vegetables,Tomato,Other,Local,1500.0,2500.0,2000.0,Rs./Quintal,21.2,Metric Tonnes,2026-05-21,Daily_Price_Arrival_Report-07-11-2025_to_25-09-2026_for_Sangli_Kolhapur_Tomato.csv
Maharashtra,Kolhapur,Kolhapur,Vegetables,Tomato,Other,Local,1500.0,3000.0,2200.0,Rs./Quintal,25.1,Metric Tonnes,2026-05-23,Daily_Price_Arrival_Report-07-11-2025_to_25-09-2026_for_Sangli_Kolhapur_Tomato.csv
Maharashtra,Kolhapur,Kolhapur,Vegetables,Tomato,Other,Local,2000.0,3000.0,2500.0,Rs./Quintal,15.3,Metric Tonnes,2026-05-24,Daily_Price_Arrival_Report-07-11-2025_to_25-09-2026_for_Sangli_Kolhapur_Tomato.csv
Maharashtra,Kolhapur,Kolhapur,Vegetables,Tomato,Other,Local,2000.0,3500.0,2700.0,Rs./Quintal,29.4,Metric Tonnes,2026-05-25,Daily_Price_Arrival_Report-07-11-2025_to_25-09-2026_for_Sangli_Kolhapur_Tomato.csv
Maharashtra,Kolhapur,Kolhapur,Vegetables,Tomato,Other,Local,2000.0,3000.0,2500.0,Rs./Quintal,24.3,Metric Tonnes,2026-05-26,Daily_Price_Arrival_Report-07-11-2025_to_25-09-2026_for_Sangli_Kolhapur_Tomato.csv
Maharashtra,Kolhapur,Kolhapur,Vegetables,Tomato,Other,Local,2500.0,3500.0,3000.0,Rs./Quintal,23.7,Metric Tonnes,2026-05-27,Daily_Price_Arrival_Report-07-11-2025_to_25-09-2026_for_Sangli_Kolhapur_Tomato.csv
Maharashtra,Kolhapur,Kolhapur,Vegetables,Tomato,Other,Local,1500.0,3500.0,2500.0,Rs./Quintal,26.4,Metric Tonnes,2026-05-30,Daily_Price_Arrival_Report-07-11-2025_to_25-09-2026_for_Sangli_Kolhapur_Tomato.csv
Maharashtra,Kolhapur,Kolhapur,Vegetables,Tomato,Other,Local,1500.0,3500.0,2500.0,Rs./Quintal,11.5,Metric Tonnes,2026-05-31,Daily_Price_Arrival_Report-07-11-2025_to_25-09-2026_for_Sangli_Kolhapur_Tomato.csv
Maharashtra,Kolhapur,Kolhapur,Vegetables,Tomato,Other,Local,2500.0,3500.0,3000.0,Rs./Quintal,36.3,Metric Tonnes,2026-06-01,Daily_Price_Arrival_Report-07-11-2025_to_25-09-2026_for_Sangli_Kolhapur_Tomato.csv
Maharashtra,Kolhapur,Kolhapur,Vegetables,Tomato,Other,Local,2000.0,3000.0,2500.0,Rs./Quintal,16.1,Metric Tonnes,2026-06-02,Daily_Price_Arrival_Report-07-11-2025_to_25-09-2026_for_Sangli_Kolhapur_Tomato.csv
Maharashtra,Kolhapur,Kolhapur,Vegetables,Tomato,Other,Local,1000.0,3000.0,2000.0,Rs./Quintal,29.7,Metric Tonnes,2026-06-03,Daily_Price_Arrival_Report-07-11-2025_to_25-09-2026_for_Sangli_Kolhapur_Tomato.csv
Maharashtra,Kolhapur,Kolhapur,Vegetables,Tomato,Other,Local,1000.0,3000.0,2000.0,Rs./Quintal,22.6,Metric Tonnes,2026-06-04,Daily_Price_Arrival_Report-07-11-2025_to_25-09-2026_for_Sangli_Kolhapur_Tomato.csv
Maharashtra,Kolhapur,Kolhapur,Vegetables,Tomato,Other,Local,1000.0,3000.0,2000.0,Rs./Quintal,24.5,Metric Tonnes,2026-06-06,Daily_Price_Arrival_Report-07-11-2025_to_25-09-2026_for_Sangli_Kolhapur_Tomato.csv
Maharashtra,Kolhapur,Kolhapur,Vegetables,Tomato,Other,Local,1000.0,3000.0,2000.0,Rs./Quintal,22.9,Metric Tonnes,2026-06-07,Daily_Price_Arrival_Report-07-11-2025_to_25-09-2026_for_Sangli_Kolhapur_Tomato.csv
Maharashtra,Kolhapur,Kolhapur,Vegetables,Tomato,Other,Local,1000.0,3000.0,2000.0,Rs./Quintal,24.3,Metric Tonnes,2026-06-08,Daily_Price_Arrival_Report-07-11-2025_to_25-09-2026_for_Sangli_Kolhapur_Tomato.csv
Maharashtra,Kolhapur,Kolhapur,Vegetables,Tomato,Other,Local,1000.0,3000.0,2000.0,Rs./Quintal,16.8,Metric Tonnes,2026-06-09,Daily_Price_Arrival_Report-07-11-2025_to_25-09-2026_for_Sangli_Kolhapur_Tomato.csv
Maharashtra,Kolhapur,Kolhapur,Vegetables,Tomato,Other,Local,1000.0,3000.0,2000.0,Rs./Quintal,23.1,Metric Tonnes,2026-06-10,Daily_Price_Arrival_Report-07-11-2025_to_25-09-2026_for_Sangli_Kolhapur_Tomato.csv
Maharashtra,Kolhapur,Kolhapur,Vegetables,Tomato,Other,Local,1000.0,3000.0,2000.0,Rs./Quintal,15.4,Metric Tonnes,2026-06-11,Daily_Price_Arrival_Report-07-11-2025_to_25-09-2026_for_Sangli_Kolhapur_Tomato.csv
Maharashtra,Kolhapur,Kolhapur,Vegetables,Tomato,Other,Local,2000.0,3000.0,2500.0,Rs./Quintal,31.8,Metric Tonnes,2026-06-13,Daily_Price_Arrival_Report-07-11-2025_to_25-09-2026_for_Sangli_Kolhapur_Tomato.csv
Maharashtra,Kolhapur,Kolhapur,Vegetables,Tomato,Other,Local,1000.0,3000.0,2000.0,Rs./Quintal,19.2,Metric Tonnes,2026-06-14,Daily_Price_Arrival_Report-07-11-2025_to_25-09-2026_for_Sangli_Kolhapur_Tomato.csv
Maharashtra,Kolhapur,Kolhapur,Vegetables,Tomato,Other,Local,1000.0,3000.0,2000.0,Rs./Quintal,23.6,Metric Tonnes,2026-06-15,Daily_Price_Arrival_Report-07-11-2025_to_25-09-2026_for_Sangli_Kolhapur_Tomato.csv
Maharashtra,Kolhapur,Kolhapur,Vegetables,Tomato,Other,Local,2000.0,3000.0,2500.0,Rs./Quintal,12.0,Metric Tonnes,2026-06-16,Daily_Price_Arrival_Report-07-11-2025_to_25-09-2026_for_Sangli_Kolhapur_Tomato.csv
Maharashtra,Kolhapur,Kolhapur,Vegetables,Tomato,Other,Local,1000.0,3000.0,2000.0,Rs./Quintal,26.2,Metric Tonnes,2026-06-17,Daily_Price_Arrival_Report-07-11-2025_to_25-09-2026_for_Sangli_Kolhapur_Tomato.csv
Maharashtra,Kolhapur,Kolhapur,Vegetables,Tomato,Other,Local,1000.0,3000.0,2000.0,Rs./Quintal,20.8,Metric Tonnes,2026-06-18,Daily_Price_Arrival_Report-07-11-2025_to_25-09-2026_for_Sangli_Kolhapur_Tomato.csv
Maharashtra,Kolhapur,Kolhapur,Vegetables,Tomato,Other,Local,2000.0,3000.0,2500.0,Rs./Quintal,22.6,Metric Tonnes,2026-06-20,Daily_Price_Arrival_Report-07-11-2025_to_25-09-2026_for_Sangli_Kolhapur_Tomato.csv
Maharashtra,Kolhapur,Kolhapur,Vegetables,Tomato,Other,Local,1000.0,3000.0,2000.0,Rs./Quintal,11.2,Metric Tonnes,2026-06-21,Daily_Price_Arrival_Report-07-11-2025_to_25-09-2026_for_Sangli_Kolhapur_Tomato.csv
Maharashtra,Kolhapur,Kolhapur,Vegetables,Tomato,Other,Local,1500.0,2500.0,2000.0,Rs./Quintal,25.0,Metric Tonnes,2026-06-22,Daily_Price_Arrival_Report-07-11-2025_to_25-09-2026_for_Sangli_Kolhapur_Tomato.csv
Maharashtra,Kolhapur,Kolhapur,Vegetables,Tomato,Other,Local,1500.0,2500.0,2000.0,Rs./Quintal,20.9,Metric Tonnes,2026-06-23,Daily_Price_Arrival_Report-07-11-2025_to_25-09-2026_for_Sangli_Kolhapur_Tomato.csv
Maharashtra,Kolhapur,Kolhapur,Vegetables,Tomato,Other,Local,1500.0,2500.0,2000.0,Rs./Quintal,27.2,Metric Tonnes,2026-06-24,Daily_Price_Arrival_Report-07-11-2025_to_25-09-2026_for_Sangli_Kolhapur_Tomato.csv
Maharashtra,Kolhapur,Kolhapur,Vegetables,Tomato,Other,Local,1500.0,2500.0,2000.0,Rs./Quintal,38.6,Metric Tonnes,2026-06-27,Daily_Price_Arrival_Report-07-11-2025_to_25-09-2026_for_Sangli_Kolhapur_Tomato.csv
Maharashtra,Kolhapur,Kolhapur,Vegetables,Tomato,Other,Local,1000.0,2000.0,1500.0,Rs./Quintal,17.2,Metric Tonnes,2026-06-28,Daily_Price_Arrival_Report-07-11-2025_to_25-09-2026_for_Sangli_Kolhapur_Tomato.csv
Maharashtra,Kolhapur,Kolhapur,Vegetables,Tomato,Other,Local,1000.0,2000.0,1500.0,Rs./Quintal,22.1,Metric Tonnes,2026-06-29,Daily_Price_Arrival_Report-07-11-2025_to_25-09-2026_for_Sangli_Kolhapur_Tomato.csv
Maharashtra,Kolhapur,Kolhapur,Vegetables,Tomato,Other,Local,1500.0,2500.0,2000.0,Rs./Quintal,8.4,Metric Tonnes,2026-06-30,Daily_Price_Arrival_Report-07-11-2025_to_25-09-2026_for_Sangli_Kolhapur_Tomato.csv
Maharashtra,Kolhapur,Kolhapur,Vegetables,Tomato,Other,Local,1000.0,2000.0,1500.0,Rs./Quintal,29.2,Metric Tonnes,2026-07-01,Daily_Price_Arrival_Report-07-11-2025_to_25-09-2026_for_Sangli_Kolhapur_Tomato.csv
Maharashtra,Kolhapur,Kolhapur,Vegetables,Tomato,Other,Local,1500.0,2500.0,2000.0,Rs./Quintal,22.2,Metric Tonnes,2026-07-02,Daily_Price_Arrival_Report-07-11-2025_to_25-09-2026_for_Sangli_Kolhapur_Tomato.csv
Maharashtra,Kolhapur,Kolhapur,Vegetables,Tomato,Other,Local,1000.0,2000.0,1500.0,Rs./Quintal,26.4,Metric Tonnes,2026-07-04,Daily_Price_Arrival_Report-07-11-2025_to_25-09-2026_for_Sangli_Kolhapur_Tomato.csv
Maharashtra,Kolhapur,Kolhapur,Vegetables,Tomato,Other,Local,1000.0,2000.0,1500.0,Rs./Quintal,16.5,Metric Tonnes,2026-07-05,Daily_Price_Arrival_Report-07-11-2025_to_25-09-2026_for_Sangli_Kolhapur_Tomato.csv
Maharashtra,Kolhapur,Kolhapur,Vegetables,Tomato,Other,Local,1000.0,2000.0,1500.0,Rs./Quintal,23.9,Metric Tonnes,2026-07-06,Daily_Price_Arrival_Report-07-11-2025_to_25-09-2026_for_Sangli_Kolhapur_Tomato.csv
Maharashtra,Kolhapur,Kolhapur,Vegetables,Tomato,Other,Local,1500.0,2500.0,2000.0,Rs./Quintal,25.6,Metric Tonnes,2026-07-07,Daily_Price_Arrival_Report-07-11-2025_to_25-09-2026_for_Sangli_Kolhapur_Tomato.csv
Maharashtra,Kolhapur,Kolhapur,Vegetables,Tomato,Other,Local,800.0,2000.0,1400.0,Rs./Quintal,21.0,Metric Tonnes,2026-07-08,Daily_Price_Arrival_Report-07-11-2025_to_25-09-2026_for_Sangli_Kolhapur_Tomato.csv
Maharashtra,Kolhapur,Kolhapur,Vegetables,Tomato,Other,Local,600.0,1800.0,1200.0,Rs./Quintal,29.1,Metric Tonnes,2026-07-09,Daily_Price_Arrival_Report-07-11-2025_to_25-09-2026_for_Sangli_Kolhapur_Tomato.csv
Maharashtra,Kolhapur,Kolhapur,Vegetables,Tomato,Other,Local,1000.0,1800.0,1400.0,Rs./Quintal,31.2,Metric Tonnes,2026-07-11,Daily_Price_Arrival_Report-07-11-2025_to_25-09-2026_for_Sangli_Kolhapur_Tomato.csv
Maharashtra,Kolhapur,Kolhapur,Vegetables,Tomato,Other,Local,500.0,1500.0,1000.0,Rs./Quintal,15.9,Metric Tonnes,2026-07-12,Daily_Price_Arrival_Report-07-11-2025_to_25-09-2026_for_Sangli_Kolhapur_Tomato.csv
Maharashtra,Kolhapur,Kolhapur,Vegetables,Tomato,Other,Local,1000.0,1800.0,1400.0,Rs./Quintal,25.7,Metric Tonnes,2026-07-13,Daily_Price_Arrival_Report-07-11-2025_to_25-09-2026_for_Sangli_Kolhapur_Tomato.csv
Maharashtra,Kolhapur,Kolhapur,Vegetables,Tomato,Other,Local,1000.0,3000.0,2000.0,Rs./Quintal,25.8,Metric Tonnes,2026-07-14,Daily_Price_Arrival_Report-07-11-2025_to_25-09-2026_for_Sangli_Kolhapur_Tomato.csv
Maharashtra,Kolhapur,Kolhapur,Vegetables,Tomato,Other,Local,500.0,1500.0,1000.0,Rs./Quintal,41.6,Metric Tonnes,2026-07-15,Daily_Price_Arrival_Report-07-11-2025_to_25-09-2026_for_Sangli_Kolhapur_Tomato.csv
Maharashtra,Kolhapur,Kolhapur,Vegetables,Tomato,Other,Local,1000.0,1600.0,1300.0,Rs./Quintal,29.3,Metric Tonnes,2026-07-16,Daily_Price_Arrival_Report-07-11-2025_to_25-09-2026_for_Sangli_Kolhapur_Tomato.csv
Maharashtra,Kolhapur,Kolhapur,Vegetables,Tomato,Other,Local,800.0,1600.0,1200.0,Rs./Quintal,29.7,Metric Tonnes,2026-07-18,Daily_Price_Arrival_Report-07-11-2025_to_25-09-2026_for_Sangli_Kolhapur_Tomato.csv
Maharashtra,Kolhapur,Kolhapur,Vegetables,Tomato,Other,Local,1000.0,1600.0,1300.0,Rs./Quintal,22.5,Metric Tonnes,2026-07-19,Daily_Price_Arrival_Report-07-11-2025_to_25-09-2026_for_Sangli_Kolhapur_Tomato.csv
Maharashtra,Kolhapur,Kolhapur,Vegetables,Tomato,Other,Local,1000.0,1800.0,1400.0,Rs./Quintal,21.6,Metric Tonnes,2026-07-20,Daily_Price_Arrival_Report-07-11-2025_to_25-09-2026_for_Sangli_Kolhapur_Tomato.csv
Maharashtra,Kolhapur,Kolhapur,Vegetables,Tomato,Other,Local,800.0,1800.0,1300.0,Rs./Quintal,13.9,Metric Tonnes,2026-07-21,Daily_Price_Arrival_Report-07-11-2025_to_25-09-2026_for_Sangli_Kolhapur_Tomato.csv
Maharashtra,Kolhapur,Kolhapur,Vegetables,Tomato,Other,Local,800.0,1600.0,1200.0,Rs./Quintal,31.4,Metric Tonnes,2026-07-22,Daily_Price_Arrival_Report-07-11-2025_to_25-09-2026_for_Sangli_Kolhapur_Tomato.csv
Maharashtra,Kolhapur,Kolhapur,Vegetables,Tomato,Other,Local,1000.0,1700.0,1300.0,Rs./Quintal,17.9,Metric Tonnes,2026-07-23,Daily_Price_Arrival_Report-07-11-2025_to_25-09-2026_for_Sangli_Kolhapur_Tomato.csv
Maharashtra,Kolhapur,Kolhapur,Vegetables,Tomato,Other,Local,800.0,1600.0,1000.0,Rs./Quintal,25.0,Metric Tonnes,2026-07-25,Daily_Price_Arrival_Report-07-11-2025_to_25-09-2026_for_Sangli_Kolhapur_Tomato.csv
Maharashtra,Kolhapur,Kolhapur,Vegetables,Tomato,Other,Local,1000.0,1600.0,1300.0,Rs./Quintal,23.6,Metric Tonnes,2026-07-26,Daily_Price_Arrival_Report-07-11-2025_to_25-09-2026_for_Sangli_Kolhapur_Tomato.csv
Maharashtra,Kolhapur,Kolhapur,Vegetables,Tomato,Other,Local,800.0,1600.0,1200.0,Rs./Quintal,33.6,Metric Tonnes,2026-07-27,Daily_Price_Arrival_Report-07-11-2025_to_25-09-2026_for_Sangli_Kolhapur_Tomato.csv
Maharashtra,Kolhapur,Kolhapur,Vegetables,Tomato,Other,Local,500.0,1500.0,1000.0,Rs./Quintal,11.5,Metric Tonnes,2026-07-28,Daily_Price_Arrival_Report-07-11-2025_to_25-09-2026_for_Sangli_Kolhapur_Tomato.csv
Maharashtra,Kolhapur,Kolhapur,Vegetables,Tomato,Other,Local,500.0,1500.0,1000.0,Rs./Quintal,40.2,Metric Tonnes,2026-07-29,Daily_Price_Arrival_Report-07-11-2025_to_25-09-2026_for_Sangli_Kolhapur_Tomato.csv
Maharashtra,Kolhapur,Kolhapur,Vegetables,Tomato,Other,Local,500.0,1500.0,1000.0,Rs./Quintal,17.9,Metric Tonnes,2026-07-30,Daily_Price_Arrival_Report-07-11-2025_to_25-09-2026_for_Sangli_Kolhapur_Tomato.csv
Maharashtra,Kolhapur,Kolhapur,Vegetables,Tomato,Other,Local,500.0,1800.0,1300.0,Rs./Quintal,24.0,Metric Tonnes,2026-08-01,Daily_Price_Arrival_Report-07-11-2025_to_25-09-2026_for_Sangli_Kolhapur_Tomato.csv
Maharashtra,Kolhapur,Kolhapur,Vegetables,Tomato,Other,Local,500.0,1500.0,1000.0,Rs./Quintal,23.6,Metric Tonnes,2026-08-02,Daily_Price_Arrival_Report-07-11-2025_to_25-09-2026_for_Sangli_Kolhapur_Tomato.csv
Maharashtra,Kolhapur,Kolhapur,Vegetables,Tomato,Other,Local,800.0,1600.0,1200.0,Rs./Quintal,25.3,Metric Tonnes,2026-08-03,Daily_Price_Arrival_Report-07-11-2025_to_25-09-2026_for_Sangli_Kolhapur_Tomato.csv
Maharashtra,Kolhapur,Kolhapur,Vegetables,Tomato,Other,Local,800.0,1600.0,1200.0,Rs./Quintal,13.0,Metric Tonnes,2026-08-04,Daily_Price_Arrival_Report-07-11-2025_to_25-09-2026_for_Sangli_Kolhapur_Tomato.csv
Maharashtra,Kolhapur,Kolhapur,Vegetables,Tomato,Other,Local,800.0,1600.0,1200.0,Rs./Quintal,25.3,Metric Tonnes,2026-08-05,Daily_Price_Arrival_Report-07-11-2025_to_25-09-2026_for_Sangli_Kolhapur_Tomato.csv
Maharashtra,Kolhapur,Kolhapur,Vegetables,Tomato,Other,Local,500.0,1500.0,1000.0,Rs./Quintal,24.6,Metric Tonnes,2026-08-06,Daily_Price_Arrival_Report-07-11-2025_to_25-09-2026_for_Sangli_Kolhapur_Tomato.csv
Maharashtra,Kolhapur,Kolhapur,Vegetables,Tomato,Other,Local,500.0,1500.0,1000.0,Rs./Quintal,20.5,Metric Tonnes,2026-08-08,Daily_Price_Arrival_Report-07-11-2025_to_25-09-2026_for_Sangli_Kolhapur_Tomato.csv
Maharashtra,Kolhapur,Kolhapur,Vegetables,Tomato,Other,Local,500.0,1500.0,1000.0,Rs./Quintal,17.3,Metric Tonnes,2026-08-09,Daily_Price_Arrival_Report-07-11-2025_to_25-09-2026_for_Sangli_Kolhapur_Tomato.csv
Maharashtra,Kolhapur,Kolhapur,Vegetables,Tomato,Other,Local,500.0,1500.0,1000.0,Rs./Quintal,19.9,Metric Tonnes,2026-08-11,Daily_Price_Arrival_Report-07-11-2025_to_25-09-2026_for_Sangli_Kolhapur_Tomato.csv
Maharashtra,Kolhapur,Kolhapur,Vegetables,Tomato,Other,Local,500.0,1500.0,1000.0,Rs./Quintal,24.6,Metric Tonnes,2026-08-12,Daily_Price_Arrival_Report-07-11-2025_to_25-09-2026_for_Sangli_Kolhapur_Tomato.csv
Maharashtra,Kolhapur,Kolhapur,Vegetables,Tomato,Other,Local,500.0,1500.0,1000.0,Rs./Quintal,31.1,Metric Tonnes,2026-08-13,Daily_Price_Arrival_Report-07-11-2025_to_25-09-2026_for_Sangli_Kolhapur_Tomato.csv
Maharashtra,Kolhapur,Kolhapur,Vegetables,Tomato,Other,Local,500.0,1500.0,1000.0,Rs./Quintal,32.0,Metric Tonnes,2026-08-16,Daily_Price_Arrival_Report-07-11-2025_to_25-09-2026_for_Sangli_Kolhapur_Tomato.csv
Maharashtra,Kolhapur,Kolhapur,Vegetables,Tomato,Other,Local,500.0,1500.0,1000.0,Rs./Quintal,32.2,Metric Tonnes,2026-08-17,Daily_Price_Arrival_Report-07-11-2025_to_25-09-2026_for_Sangli_Kolhapur_Tomato.csv
Maharashtra,Kolhapur,Kolhapur,Vegetables,Tomato,Other,Local,500.0,1500.0,1000.0,Rs./Quintal,21.9,Metric Tonnes,2026-08-18,Daily_Price_Arrival_Report-07-11-2025_to_25-09-2026_for_Sangli_Kolhapur_Tomato.csv
Maharashtra,Kolhapur,Kolhapur,Vegetables,Tomato,Other,Local,500.0,1500.0,1000.0,Rs./Quintal,21.0,Metric Tonnes,2026-08-19,Daily_Price_Arrival_Report-07-11-2025_to_25-09-2026_for_Sangli_Kolhapur_Tomato.csv
Maharashtra,Kolhapur,Kolhapur,Vegetables,Tomato,Other,Local,500.0,1200.0,1000.0,Rs./Quintal,31.8,Metric Tonnes,2026-08-20,Daily_Price_Arrival_Report-07-11-2025_to_25-09-2026_for_Sangli_Kolhapur_Tomato.csv
Maharashtra,Kolhapur,Kolhapur,Vegetables,Tomato,Other,Local,500.0,1200.0,900.0,Rs./Quintal,22.2,Metric Tonnes,2026-08-22,Daily_Price_Arrival_Report-07-11-2025_to_25-09-2026_for_Sangli_Kolhapur_Tomato.csv
Maharashtra,Kolhapur,Kolhapur,Vegetables,Tomato,Other,Local,500.0,1200.0,1000.0,Rs./Quintal,19.5,Metric Tonnes,2026-08-23,Daily_Price_Arrival_Report-07-11-2025_to_25-09-2026_for_Sangli_Kolhapur_Tomato.csv
Maharashtra,Kolhapur,Kolhapur,Vegetables,Tomato,Other,Local,500.0,1500.0,1000.0,Rs./Quintal,32.2,Metric Tonnes,2026-08-24,Daily_Price_Arrival_Report-07-11-2025_to_25-09-2026_for_Sangli_Kolhapur_Tomato.csv
Maharashtra,Kolhapur,Kolhapur,Vegetables,Tomato,Other,Local,500.0,1500.0,1000.0,Rs./Quintal,12.4,Metric Tonnes,2026-08-25,Daily_Price_Arrival_Report-07-11-2025_to_25-09-2026_for_Sangli_Kolhapur_Tomato.csv
Maharashtra,Kolhapur,Kolhapur,Vegetables,Tomato,Other,Local,500.0,1200.0,800.0,Rs./Quintal,18.0,Metric Tonnes,2026-08-26,Daily_Price_Arrival_Report-07-11-2025_to_25-09-2026_for_Sangli_Kolhapur_Tomato.csv
Maharashtra,Kolhapur,Kolhapur,Vegetables,Tomato,Other,Local,600.0,1400.0,1000.0,Rs./Quintal,9.8,Metric Tonnes,2026-08-27,Daily_Price_Arrival_Report-07-11-2025_to_25-09-2026_for_Sangli_Kolhapur_Tomato.csv
Maharashtra,Kolhapur,Kolhapur,Vegetables,Tomato,Other,Local,500.0,1500.0,1000.0,Rs./Quintal,20.8,Metric Tonnes,2026-08-29,Daily_Price_Arrival_Report-07-11-2025_to_25-09-2026_for_Sangli_Kolhapur_Tomato.csv
Maharashtra,Kolhapur,Kolhapur,Vegetables,Tomato,Other,Local,500.0,1500.0,1000.0,Rs./Quintal,11.7,Metric Tonnes,2026-08-30,Daily_Price_Arrival_Report-07-11-2025_to_25-09-2026_for_Sangli_Kolhapur_Tomato.csv
Maharashtra,Kolhapur,Kolhapur,Vegetables,Tomato,Other,Local,500.0,1500.0,1000.0,Rs./Quintal,24.0,Metric Tonnes,2026-08-31,Daily_Price_Arrival_Report-07-11-2025_to_25-09-2026_for_Sangli_Kolhapur_Tomato.csv
Maharashtra,Kolhapur,Kolhapur,Vegetables,Tomato,Other,Local,500.0,1200.0,800.0,Rs./Quintal,20.3,Metric Tonnes,2026-09-01,Daily_Price_Arrival_Report-07-11-2025_to_25-09-2026_for_Sangli_Kolhapur_Tomato.csv
Maharashtra,Kolhapur,Kolhapur,Vegetables,Tomato,Other,Local,600.0,1400.0,1000.0,Rs./Quintal,20.7,Metric Tonnes,2026-09-02,Daily_Price_Arrival_Report-07-11-2025_to_25-09-2026_for_Sangli_Kolhapur_Tomato.csv
Maharashtra,Kolhapur,Kolhapur,Vegetables,Tomato,Other,Local,600.0,1400.0,1000.0,Rs./Quintal,18.9,Metric Tonnes,2026-09-03,Daily_Price_Arrival_Report-07-11-2025_to_25-09-2026_for_Sangli_Kolhapur_Tomato.csv
Maharashtra,Kolhapur,Kolhapur,Vegetables,Tomato,Other,Local,500.0,1200.0,900.0,Rs./Quintal,14.3,Metric Tonnes,2026-09-05,Daily_Price_Arrival_Report-07-11-2025_to_25-09-2026_for_Sangli_Kolhapur_Tomato.csv
Maharashtra,Kolhapur,Kolhapur,Vegetables,Tomato,Other,Local,1000.0,1600.0,1300.0,Rs./Quintal,10.9,Metric Tonnes,2026-09-06,Daily_Price_Arrival_Report-07-11-2025_to_25-09-2026_for_Sangli_Kolhapur_Tomato.csv
Maharashtra,Kolhapur,Kolhapur,Vegetables,Tomato,Other,Local,500.0,1500.0,1000.0,Rs./Quintal,18.9,Metric Tonnes,2026-09-07,Daily_Price_Arrival_Report-07-11-2025_to_25-09-2026_for_Sangli_Kolhapur_Tomato.csv
Maharashtra,Kolhapur,Kolhapur,Vegetables,Tomato,Other,Local,500.0,1500.0,1000.0,Rs./Quintal,18.0,Metric Tonnes,2026-09-08,Daily_Price_Arrival_Report-07-11-2025_to_25-09-2026_for_Sangli_Kolhapur_Tomato.csv
Maharashtra,Kolhapur,Kolhapur,Vegetables,Tomato,Other,Local,500.0,1500.0,1000.0,Rs./Quintal,29.8,Metric Tonnes,2026-09-09,Daily_Price_Arrival_Report-07-11-2025_to_25-09-2026_for_Sangli_Kolhapur_Tomato.csv
Maharashtra,Kolhapur,Kolhapur,Vegetables,Tomato,Other,Local,500.0,1500.0,1000.0,Rs./Quintal,9.9,Metric Tonnes,2026-09-10,Daily_Price_Arrival_Report-07-11-2025_to_25-09-2026_for_Sangli_Kolhapur_Tomato.csv
Maharashtra,Kolhapur,Kolhapur,Vegetables,Tomato,Other,Local,500.0,1500.0,1000.0,Rs./Quintal,30.3,Metric Tonnes,2026-09-12,Daily_Price_Arrival_Report-07-11-2025_to_25-09-2026_for_Sangli_Kolhapur_Tomato.csv
Maharashtra,Kolhapur,Kolhapur,Vegetables,Tomato,Other,Local,500.0,1500.0,1000.0,Rs./Quintal,11.7,Metric Tonnes,2026-09-13,Daily_Price_Arrival_Report-07-11-2025_to_25-09-2026_for_Sangli_Kolhapur_Tomato.csv
Maharashtra,Kolhapur,Kolhapur,Vegetables,Tomato,Other,Local,700.0,1500.0,1200.0,Rs./Quintal,18.9,Metric Tonnes,2026-09-14,Daily_Price_Arrival_Report-07-11-2025_to_25-09-2026_for_Sangli_Kolhapur_Tomato.csv
Maharashtra,Kolhapur,Kolhapur,Vegetables,Tomato,Other,Local,500.0,1500.0,1000.0,Rs./Quintal,17.4,Metric Tonnes,2026-09-15,Daily_Price_Arrival_Report-07-11-2025_to_25-09-2026_for_Sangli_Kolhapur_Tomato.csv
Maharashtra,Kolhapur,Kolhapur,Vegetables,Tomato,Other,Local,500.0,1500.0,1000.0,Rs./Quintal,30.8,Metric Tonnes,2026-09-16,Daily_Price_Arrival_Report-07-11-2025_to_25-09-2026_for_Sangli_Kolhapur_Tomato.csv
Maharashtra,Kolhapur,Kolhapur,Vegetables,Tomato,Other,Local,500.0,1200.0,900.0,Rs./Quintal,18.5,Metric Tonnes,2026-09-17,Daily_Price_Arrival_Report-07-11-2025_to_25-09-2026_for_Sangli_Kolhapur_Tomato.csv
Maharashtra,Kolhapur,Kolhapur,Vegetables,Tomato,Other,Local,500.0,1200.0,900.0,Rs./Quintal,13.0,Metric Tonnes,2026-09-19,Daily_Price_Arrival_Report-07-11-2025_to_25-09-2026_for_Sangli_Kolhapur_Tomato.csv
Maharashtra,Kolhapur,Kolhapur,Vegetables,Tomato,Other,Local,500.0,1500.0,1000.0,Rs./Quintal,11.7,Metric Tonnes,2026-09-20,Daily_Price_Arrival_Report-07-11-2025_to_25-09-2026_for_Sangli_Kolhapur_Tomato.csv
Maharashtra,Kolhapur,Kolhapur,Vegetables,Tomato,Other,Local,500.0,1500.0,1000.0,Rs./Quintal,15.0,Metric Tonnes,2026-09-21,Daily_Price_Arrival_Report-07-11-2025_to_25-09-2026_for_Sangli_Kolhapur_Tomato.csv
Maharashtra,Kolhapur,Kolhapur,Vegetables,Tomato,Other,Local,500.0,1500.0,1000.0,Rs./Quintal,17.4,Metric Tonnes,2026-09-22,Daily_Price_Arrival_Report-07-11-2025_to_25-09-2026_for_Sangli_Kolhapur_Tomato.csv
Maharashtra,Kolhapur,Kolhapur,Vegetables,Tomato,Other,Local,500.0,1200.0,800.0,Rs./Quintal,20.6,Metric Tonnes,2026-09-23,Daily_Price_Arrival_Report-07-11-2025_to_25-09-2026_for_Sangli_Kolhapur_Tomato.csv
Maharashtra,Kolhapur,Kolhapur,Vegetables,Tomato,Other,Local,500.0,1500.0,1000.0,Rs./Quintal,25.2,Metric Tonnes,2026-09-24,Daily_Price_Arrival_Report-07-11-2025_to_25-09-2026_for_Sangli_Kolhapur_Tomato.csv
Maharashtra,Kolhapur,Vadgaonpeth,Vegetables,Onion,Local,Local,1200.0,2200.0,1400.0,Rs./Quintal,26.00,Metric Tonnes,2025-11-07,Daily_Price_Arrival_Report-07-11-2025_to_25-09-2026_for_Sangli_Kolhapur_Onion.csv
Maharashtra,Kolhapur,Vadgaonpeth,Vegetables,Onion,Local,Local,1100.0,2000.0,1400.0,Rs./Quintal,27.00,Metric Tonnes,2025-11-08,Daily_Price_Arrival_Report-07-11-2025_to_25-09-2026_for_Sangli_Kolhapur_Onion.csv
Maharashtra,Kolhapur,Vadgaonpeth,Vegetables,Onion,Local,Local,1200.0,2000.0,1600.0,Rs./Quintal,29.00,Metric Tonnes,2025-11-12,Daily_Price_Arrival_Report-07-11-2025_to_25-09-2026_for_Sangli_Kolhapur_Onion.csv
Maharashtra,Kolhapur,Vadgaonpeth,Vegetables,Onion,Local,Local,1100.0,2200.0,1400.0,Rs./Quintal,28.00,Metric Tonnes,2025-11-13,Daily_Price_Arrival_Report-07-11-2025_to_25-09-2026_for_Sangli_Kolhapur_Onion.csv
Maharashtra,Kolhapur,Vadgaonpeth,Vegetables,Onion,Local,Local,1100.0,2100.0,1400.0,Rs./Quintal,26.00,Metric Tonnes,2025-11-15,Daily_Price_Arrival_Report-07-11-2025_to_25-09-2026_for_Sangli_Kolhapur_Onion.csv
Maharashtra,Kolhapur,Vadgaonpeth,Vegetables,Onion,Local,Local,1100.0,2100.0,1400.0,Rs./Quintal,35.00,Metric Tonnes,2025-11-16,Daily_Price_Arrival_Report-07-11-2025_to_25-09-2026_for_Sangli_Kolhapur_Onion.csv
Maharashtra,Kolhapur,Vadgaonpeth,Vegetables,Onion,Local,Local,900.0,1900.0,1400.0,Rs./Quintal,28.00,Metric Tonnes,2025-11-18,Daily_Price_Arrival_Report-07-11-2025_to_25-09-2026_for_Sangli_Kolhapur_Onion.csv
Maharashtra,Kolhapur,Vadgaonpeth,Vegetables,Onion,Local,Local,1000.0,2000.0,1400.0,Rs./Quintal,26.00,Metric Tonnes,2025-11-20,Daily_Price_Arrival_Report-07-11-2025_to_25-09-2026_for_Sangli_Kolhapur_Onion.csv
Maharashtra,Kolhapur,Vadgaonpeth,Vegetables,Onion,Local,Local,1200.0,2000.0,1600.0,Rs./Quintal,45.00,Metric Tonnes,2025-11-22,Daily_Price_Arrival_Report-07-11-2025_to_25-09-2026_for_Sangli_Kolhapur_Onion.csv
Maharashtra,Kolhapur,Vadgaonpeth,Vegetables,Onion,Local,Local,1100.0,2000.0,1500.0,Rs./Quintal,30.00,Metric Tonnes,2025-11-23,Daily_Price_Arrival_Report-07-11-2025_to_25-09-2026_for_Sangli_Kolhapur_Onion.csv
Maharashtra,Kolhapur,Vadgaonpeth,Vegetables,Onion,Local,Local,1200.0,2000.0,1400.0,Rs./Quintal,26.00,Metric Tonnes,2025-11-29,Daily_Price_Arrival_Report-07-11-2025_to_25-09-2026_for_Sangli_Kolhapur_Onion.csv
Maharashtra,Kolhapur,Vadgaonpeth,Vegetables,Onion,Local,Local,1100.0,1900.0,1400.0,Rs./Quintal,35.00,Metric Tonnes,2025-11-30,Daily_Price_Arrival_Report-07-11-2025_to_25-09-2026_for_Sangli_Kolhapur_Onion.csv
Maharashtra,Kolhapur,Vadgaonpeth,Vegetables,Onion,Local,Local,1100.0,1900.0,1400.0,Rs./Quintal,25.00,Metric Tonnes,2025-12-07,Daily_Price_Arrival_Report-07-11-2025_to_25-09-2026_for_Sangli_Kolhapur_Onion.csv
Maharashtra,Kolhapur,Vadgaonpeth,Vegetables,Onion,Local,Local,900.0,1800.0,1400.0,Rs./Quintal,30.00,Metric Tonnes,2025-12-10,Daily_Price_Arrival_Report-07-11-2025_to_25-09-2026_for_Sangli_Kolhapur_Onion.csv
Maharashtra,Kolhapur,Vadgaonpeth,Vegetables,Onion,Local,Local,1200.0,2200.0,1600.0,Rs./Quintal,28.00,Metric Tonnes,2025-12-11,Daily_Price_Arrival_Report-07-11-2025_to_25-09-2026_for_Sangli_Kolhapur_Onion.csv
Maharashtra,Kolhapur,Vadgaonpeth,Vegetables,Onion,Local,Local,1200.0,2500.0,1500.0,Rs./Quintal,45.00,Metric Tonnes,2025-12-13,Daily_Price_Arrival_Report-07-11-2025_to_25-09-2026_for_Sangli_Kolhapur_Onion.csv
Maharashtra,Kolhapur,Vadgaonpeth,Vegetables,Onion,Local,Local,1500.0,2500.0,2000.0,Rs./Quintal,31.00,Metric Tonnes,2025-12-16,Daily_Price_Arrival_Report-07-11-2025_to_25-09-2026_for_Sangli_Kolhapur_Onion.csv
Maharashtra,Kolhapur,Vadgaonpeth,Vegetables,Onion,Local,Local,1500.0,2500.0,1800.0,Rs./Quintal,26.00,Metric Tonnes,2025-12-18,Daily_Price_Arrival_Report-07-11-2025_to_25-09-2026_for_Sangli_Kolhapur_Onion.csv
Maharashtra,Kolhapur,Vadgaonpeth,Vegetables,Onion,Local,Local,1400.0,2600.0,1800.0,Rs./Quintal,33.00,Metric Tonnes,2025-12-19,Daily_Price_Arrival_Report-07-11-2025_to_25-09-2026_for_Sangli_Kolhapur_Onion.csv
Maharashtra,Kolhapur,Vadgaonpeth,Vegetables,Onion,Local,Local,1200.0,2000.0,1400.0,Rs./Quintal,40.00,Metric Tonnes,2025-12-20,Daily_Price_Arrival_Report-07-11-2025_to_25-09-2026_for_Sangli_Kolhapur_Onion.csv
Maharashtra,Kolhapur,Vadgaonpeth,Vegetables,Onion,Local,Local,1500.0,2200.0,1700.0,Rs./Quintal,33.00,Metric Tonnes,2025-12-21,Daily_Price_Arrival_Report-07-11-2025_to_25-09-2026_for_Sangli_Kolhapur_Onion.csv
Maharashtra,Kolhapur,Vadgaonpeth,Vegetables,Onion,Local,Local,1200.0,2000.0,1600.0,Rs./Quintal,45.00,Metric Tonnes,2025-12-24,Daily_Price_Arrival_Report-07-11-2025_to_25-09-2026_for_Sangli_Kolhapur_Onion.csv
Maharashtra,Kolhapur,Vadgaonpeth,Vegetables,Onion,Local,Local,1300.0,2000.0,1700.0,Rs./Quintal,28.00,Metric Tonnes,2025-12-26,Daily_Price_Arrival_Report-07-11-2025_to_25-09-2026_for_Sangli_Kolhapur_Onion.csv
Maharashtra,Kolhapur,Vadgaonpeth,Vegetables,Onion,Local,Local,1200.0,2000.0,1400.0,Rs./Quintal,26.00,Metric Tonnes,2025-12-30,Daily_Price_Arrival_Report-07-11-2025_to_25-09-2026_for_Sangli_Kolhapur_Onion.csv
Maharashtra,Kolhapur,Vadgaonpeth,Vegetables,Onion,Local,Local,1200.0,2000.0,1400.0,Rs./Quintal,31.00,Metric Tonnes,2025-12-31,Daily_Price_Arrival_Report-07-11-2025_to_25-09-2026_for_Sangli_Kolhapur_Onion.csv
Maharashtra,Kolhapur,Vadgaonpeth,Vegetables,Onion,Local,Local,1100.0,1800.0,1300.0,Rs./Quintal,13.00,Metric Tonnes,2026-01-01,Daily_Price_Arrival_Report-07-11-2025_to_25-09-2026_for_Sangli_Kolhapur_Onion.csv
Maharashtra,Kolhapur,Vadgaonpeth,Vegetables,Onion,Local,Local,1200.0,2000.0,1600.0,Rs./Quintal,27.00,Metric Tonnes,2026-01-03,Daily_Price_Arrival_Report-07-11-2025_to_25-09-2026_for_Sangli_Kolhapur_Onion.csv
Maharashtra,Kolhapur,Vadgaonpeth,Vegetables,Onion,Local,Local,1100.0,2000.0,1400.0,Rs./Quintal,26.00,Metric Tonnes,2026-01-04,Daily_Price_Arrival_Report-07-11-2025_to_25-09-2026_for_Sangli_Kolhapur_Onion.csv
Maharashtra,Kolhapur,Vadgaonpeth,Vegetables,Onion,Local,Local,1200.0,2000.0,1400.0,Rs./Quintal,36.00,Metric Tonnes,2026-01-06,Daily_Price_Arrival_Report-07-11-2025_to_25-09-2026_for_Sangli_Kolhapur_Onion.csv
Maharashtra,Kolhapur,Vadgaonpeth,Vegetables,Onion,Local,Local,1200.0,2000.0,1300.0,Rs./Quintal,26.00,Metric Tonnes,2026-01-09,Daily_Price_Arrival_Report-07-11-2025_to_25-09-2026_for_Sangli_Kolhapur_Onion.csv
Maharashtra,Kolhapur,Vadgaonpeth,Vegetables,Onion,Local,Local,1200.0,2000.0,1500.0,Rs./Quintal,29.00,Metric Tonnes,2026-01-10,Daily_Price_Arrival_Report-07-11-2025_to_25-09-2026_for_Sangli_Kolhapur_Onion.csv
Maharashtra,Kolhapur,Vadgaonpeth,Vegetables,Onion,Local,Local,1100.0,2100.0,1500.0,Rs./Quintal,26.00,Metric Tonnes,2026-01-11,Daily_Price_Arrival_Report-07-11-2025_to_25-09-2026_for_Sangli_Kolhapur_Onion.csv
Maharashtra,Kolhapur,Vadgaonpeth,Vegetables,Onion,Local,Local,1100.0,2000.0,1400.0,Rs./Quintal,26.00,Metric Tonnes,2026-01-15,Daily_Price_Arrival_Report-07-11-2025_to_25-09-2026_for_Sangli_Kolhapur_Onion.csv
Maharashtra,Kolhapur,Vadgaonpeth,Vegetables,Onion,Local,Local,1100.0,2100.0,1400.0,Rs./Quintal,31.00,Metric Tonnes,2026-01-16,Daily_Price_Arrival_Report-07-11-2025_to_25-09-2026_for_Sangli_Kolhapur_Onion.csv
Maharashtra,Kolhapur,Vadgaonpeth,Vegetables,Onion,Local,Local,1000.0,2100.0,1400.0,Rs./Quintal,26.00,Metric Tonnes,2026-01-17,Daily_Price_Arrival_Report-07-11-2025_to_25-09-2026_for_Sangli_Kolhapur_Onion.csv
Maharashtra,Kolhapur,Vadgaonpeth,Vegetables,Onion,Local,Local,1100.0,2100.0,1400.0,Rs./Quintal,26.00,Metric Tonnes,2026-01-21,Daily_Price_Arrival_Report-07-11-2025_to_25-09-2026_for_Sangli_Kolhapur_Onion.csv
Maharashtra,Kolhapur,Vadgaonpeth,Vegetables,Onion,Local,Local,1100.0,2100.0,1400.0,Rs./Quintal,31.00,Metric Tonnes,2026-01-22,Daily_Price_Arrival_Report-07-11-2025_to_25-09-2026_for_Sangli_Kolhapur_Onion.csv
Maharashtra,Kolhapur,Vadgaonpeth,Vegetables,Onion,Local,Local,1100.0,2100.0,1600.0,Rs./Quintal,27.00,Metric Tonnes,2026-01-25,Daily_Price_Arrival_Report-07-11-2025_to_25-09-2026_for_Sangli_Kolhapur_Onion.csv
Maharashtra,Kolhapur,Vadgaonpeth,Vegetables,Onion,Local,Local,1200.0,2200.0,1400.0,Rs./Quintal,36.00,Metric Tonnes,2026-01-31,Daily_Price_Arrival_Report-07-11-2025_to_25-09-2026_for_Sangli_Kolhapur_Onion.csv
Maharashtra,Kolhapur,Vadgaonpeth,Vegetables,Onion,Local,Local,1000.0,2200.0,1400.0,Rs./Quintal,31.00,Metric Tonnes,2026-02-04,Daily_Price_Arrival_Report-07-11-2025_to_25-09-2026_for_Sangli_Kolhapur_Onion.csv
Maharashtra,Kolhapur,Vadgaonpeth,Vegetables,Onion,Local,Local,1200.0,2100.0,1400.0,Rs./Quintal,33.00,Metric Tonnes,2026-02-05,Daily_Price_Arrival_Report-07-11-2025_to_25-09-2026_for_Sangli_Kolhapur_Onion.csv
Maharashtra,Kolhapur,Vadgaonpeth,Vegetables,Onion,Local,Local,1000.0,2200.0,1400.0,Rs./Quintal,31.00,Metric Tonnes,2026-02-08,Daily_Price_Arrival_Report-07-11-2025_to_25-09-2026_for_Sangli_Kolhapur_Onion.csv
Maharashtra,Kolhapur,Vadgaonpeth,Vegetables,Onion,Local,Local,1200.0,2200.0,1400.0,Rs./Quintal,26.00,Metric Tonnes,2026-02-10,Daily_Price_Arrival_Report-07-11-2025_to_25-09-2026_for_Sangli_Kolhapur_Onion.csv
Maharashtra,Kolhapur,Vadgaonpeth,Vegetables,Onion,Local,Local,1200.0,2000.0,1500.0,Rs./Quintal,35.00,Metric Tonnes,2026-02-11,Daily_Price_Arrival_Report-07-11-2025_to_25-09-2026_for_Sangli_Kolhapur_Onion.csv
Maharashtra,Kolhapur,Vadgaonpeth,Vegetables,Onion,Local,Local,1000.0,2100.0,1700.0,Rs./Quintal,27.00,Metric Tonnes,2026-02-12,Daily_Price_Arrival_Report-07-11-2025_to_25-09-2026_for_Sangli_Kolhapur_Onion.csv
Maharashtra,Kolhapur,Vadgaonpeth,Vegetables,Onion,Local,Local,1200.0,2100.0,1400.0,Rs./Quintal,26.00,Metric Tonnes,2026-02-13,Daily_Price_Arrival_Report-07-11-2025_to_25-09-2026_for_Sangli_Kolhapur_Onion.csv
Maharashtra,Kolhapur,Vadgaonpeth,Vegetables,Onion,Local,Local,1200.0,2000.0,1400.0,Rs./Quintal,28.00,Metric Tonnes,2026-02-14,Daily_Price_Arrival_Report-07-11-2025_to_25-09-2026_for_Sangli_Kolhapur_Onion.csv
Maharashtra,Kolhapur,Vadgaonpeth,Vegetables,Onion,Local,Local,1100.0,2100.0,1600.0,Rs./Quintal,25.00,Metric Tonnes,2026-02-15,Daily_Price_Arrival_Report-07-11-2025_to_25-09-2026_for_Sangli_Kolhapur_Onion.csv
Maharashtra,Kolhapur,Vadgaonpeth,Vegetables,Onion,Local,Local,1200.0,2500.0,1400.0,Rs./Quintal,26.00,Metric Tonnes,2026-02-17,Daily_Price_Arrival_Report-07-11-2025_to_25-09-2026_for_Sangli_Kolhapur_Onion.csv
Maharashtra,Kolhapur,Vadgaonpeth,Vegetables,Onion,Local,Local,1100.0,2200.0,1600.0,Rs./Quintal,26.00,Metric Tonnes,2026-02-18,Daily_Price_Arrival_Report-07-11-2025_to_25-09-2026_for_Sangli_Kolhapur_Onion.csv
Maharashtra,Kolhapur,Vadgaonpeth,Vegetables,Onion,Local,Local,1200.0,2100.0,1400.0,Rs./Quintal,27.00,Metric Tonnes,2026-02-20,Daily_Price_Arrival_Report-07-11-2025_to_25-09-2026_for_Sangli_Kolhapur_Onion.csv
Maharashtra,Kolhapur,Vadgaonpeth,Vegetables,Onion,Local,Local,1100.0,2100.0,1500.0,Rs./Quintal,25.00,Metric Tonnes,2026-02-21,Daily_Price_Arrival_Report-07-11-2025_to_25-09-2026_for_Sangli_Kolhapur_Onion.csv
Maharashtra,Kolhapur,Vadgaonpeth,Vegetables,Onion,Local,Local,1100.0,2500.0,1600.0,Rs./Quintal,27.00,Metric Tonnes,2026-02-22,Daily_Price_Arrival_Report-07-11-2025_to_25-09-2026_for_Sangli_Kolhapur_Onion.csv
Maharashtra,Kolhapur,Vadgaonpeth,Vegetables,Onion,Local,Local,1200.0,2100.0,1600.0,Rs./Quintal,270.00,Metric Tonnes,2026-02-25,Daily_Price_Arrival_Report-07-11-2025_to_25-09-2026_for_Sangli_Kolhapur_Onion.csv
Maharashtra,Kolhapur,Vadgaonpeth,Vegetables,Onion,Local,Local,1200.0,2100.0,1500.0,Rs./Quintal,27.00,Metric Tonnes,2026-02-26,Daily_Price_Arrival_Report-07-11-2025_to_25-09-2026_for_Sangli_Kolhapur_Onion.csv
Maharashtra,Kolhapur,Vadgaonpeth,Vegetables,Onion,Local,Local,1100.0,2100.0,1600.0,Rs./Quintal,26.00,Metric Tonnes,2026-02-27,Daily_Price_Arrival_Report-07-11-2025_to_25-09-2026_for_Sangli_Kolhapur_Onion.csv
Maharashtra,Kolhapur,Vadgaonpeth,Vegetables,Onion,Local,Local,1100.0,2200.0,1400.0,Rs./Quintal,27.00,Metric Tonnes,2026-02-28,Daily_Price_Arrival_Report-07-11-2025_to_25-09-2026_for_Sangli_Kolhapur_Onion.csv
Maharashtra,Kolhapur,Vadgaonpeth,Vegetables,Onion,Local,Local,1100.0,2200.0,1400.0,Rs./Quintal,26.00,Metric Tonnes,2026-03-03,Daily_Price_Arrival_Report-07-11-2025_to_25-09-2026_for_Sangli_Kolhapur_Onion.csv
Maharashtra,Kolhapur,Vadgaonpeth,Vegetables,Onion,Local,Local,900.0,2000.0,1000.0,Rs./Quintal,26.00,Metric Tonnes,2026-03-06,Daily_Price_Arrival_Report-07-11-2025_to_25-09-2026_for_Sangli_Kolhapur_Onion.csv
Maharashtra,Kolhapur,Vadgaonpeth,Vegetables,Onion,Local,Local,1100.0,2100.0,1500.0,Rs./Quintal,26.00,Metric Tonnes,2026-03-07,Daily_Price_Arrival_Report-07-11-2025_to_25-09-2026_for_Sangli_Kolhapur_Onion.csv
Maharashtra,Kolhapur,Vadgaonpeth,Vegetables,Onion,Local,Local,900.0,2000.0,1200.0,Rs./Quintal,25.00,Metric Tonnes,2026-03-10,Daily_Price_Arrival_Report-07-11-2025_to_25-09-2026_for_Sangli_Kolhapur_Onion.csv
Maharashtra,Kolhapur,Vadgaonpeth,Vegetables,Onion,Local,Local,1000.0,2100.0,1600.0,Rs./Quintal,30.00,Metric Tonnes,2026-03-11,Daily_Price_Arrival_Report-07-11-2025_to_25-09-2026_for_Sangli_Kolhapur_Onion.csv
Maharashtra,Kolhapur,Vadgaonpeth,Vegetables,Onion,Local,Local,1200.0,2500.0,1700.0,Rs./Quintal,28.00,Metric Tonnes,2026-03-12,Daily_Price_Arrival_Report-07-11-2025_to_25-09-2026_for_Sangli_Kolhapur_Onion.csv
Maharashtra,Kolhapur,Vadgaonpeth,Vegetables,Onion,Local,Local,1100.0,2100.0,1400.0,Rs./Quintal,29.00,Metric Tonnes,2026-03-13,Daily_Price_Arrival_Report-07-11-2025_to_25-09-2026_for_Sangli_Kolhapur_Onion.csv
Maharashtra,Kolhapur,Vadgaonpeth,Vegetables,Onion,Local,Local,1200.0,2000.0,1400.0,Rs./Quintal,26.00,Metric Tonnes,2026-03-14,Daily_Price_Arrival_Report-07-11-2025_to_25-09-2026_for_Sangli_Kolhapur_Onion.csv
Maharashtra,Kolhapur,Vadgaonpeth,Vegetables,Onion,Local,Local,1100.0,2100.0,1600.0,Rs./Quintal,27.00,Metric Tonnes,2026-03-17,Daily_Price_Arrival_Report-07-11-2025_to_25-09-2026_for_Sangli_Kolhapur_Onion.csv
Maharashtra,Kolhapur,Vadgaonpeth,Vegetables,Onion,Local,Local,1000.0,2100.0,1600.0,Rs./Quintal,28.00,Metric Tonnes,2026-03-18,Daily_Price_Arrival_Report-07-11-2025_to_25-09-2026_for_Sangli_Kolhapur_Onion.csv
Maharashtra,Kolhapur,Vadgaonpeth,Vegetables,Onion,Local,Local,1000.0,2200.0,1400.0,Rs./Quintal,27.00,Metric Tonnes,2026-03-19,Daily_Price_Arrival_Report-07-11-2025_to_25-09-2026_for_Sangli_Kolhapur_Onion.csv
Maharashtra,Kolhapur,Vadgaonpeth,Vegetables,Onion,Local,Local,1000.0,2000.0,1400.0,Rs./Quintal,26.00,Metric Tonnes,2026-03-20,Daily_Price_Arrival_Report-07-11-2025_to_25-09-2026_for_Sangli_Kolhapur_Onion.csv
Maharashtra,Kolhapur,Vadgaonpeth,Vegetables,Onion,Local,Local,1000.0,2200.0,1500.0,Rs./Quintal,30.00,Metric Tonnes,2026-03-22,Daily_Price_Arrival_Report-07-11-2025_to_25-09-2026_for_Sangli_Kolhapur_Onion.csv
Maharashtra,Kolhapur,Vadgaonpeth,Vegetables,Onion,Local,Local,1000.0,2000.0,1400.0,Rs./Quintal,30.00,Metric Tonnes,2026-03-24,Daily_Price_Arrival_Report-07-11-2025_to_25-09-2026_for_Sangli_Kolhapur_Onion.csv
Maharashtra,Kolhapur,Vadgaonpeth,Vegetables,Onion,Local,Local,1000.0,2100.0,1800.0,Rs./Quintal,26.00,Metric Tonnes,2026-03-25,Daily_Price_Arrival_Report-07-11-2025_to_25-09-2026_for_Sangli_Kolhapur_Onion.csv
Maharashtra,Kolhapur,Vadgaonpeth,Vegetables,Onion,Local,Local,900.0,1900.0,1300.0,Rs./Quintal,26.00,Metric Tonnes,2026-03-27,Daily_Price_Arrival_Report-07-11-2025_to_25-09-2026_for_Sangli_Kolhapur_Onion.csv
Maharashtra,Kolhapur,Vadgaonpeth,Vegetables,Onion,Local,Local,900.0,2000.0,1400.0,Rs./Quintal,22.00,Metric Tonnes,2026-03-28,Daily_Price_Arrival_Report-07-11-2025_to_25-09-2026_for_Sangli_Kolhapur_Onion.csv
Maharashtra,Kolhapur,Vadgaonpeth,Vegetables,Onion,Local,Local,1200.0,2100.0,1400.0,Rs./Quintal,29.00,Metric Tonnes,2026-03-29,Daily_Price_Arrival_Report-07-11-2025_to_25-09-2026_for_Sangli_Kolhapur_Onion.csv
Maharashtra,Kolhapur,Vadgaonpeth,Vegetables,Onion,Local,Local,1000.0,2000.0,1400.0,Rs./Quintal,31.00,Metric Tonnes,2026-04-02,Daily_Price_Arrival_Report-07-11-2025_to_25-09-2026_for_Sangli_Kolhapur_Onion.csv
Maharashtra,Kolhapur,Vadgaonpeth,Vegetables,Onion,Local,Local,1000.0,2000.0,1600.0,Rs./Quintal,28.00,Metric Tonnes,2026-04-05,Daily_Price_Arrival_Report-07-11-2025_to_25-09-2026_for_Sangli_Kolhapur_Onion.csv
Maharashtra,Kolhapur,Vadgaonpeth,Vegetables,Onion,Local,Local,900.0,1800.0,1300.0,Rs./Quintal,28.00,Metric Tonnes,2026-04-08,Daily_Price_Arrival_Report-07-11-2025_to_25-09-2026_for_Sangli_Kolhapur_Onion.csv
Maharashtra,Kolhapur,Vadgaonpeth,Vegetables,Onion,Local,Local,900.0,1500.0,1200.0,Rs./Quintal,27.00,Metric Tonnes,2026-04-09,Daily_Price_Arrival_Report-07-11-2025_to_25-09-2026_for_Sangli_Kolhapur_Onion.csv
Maharashtra,Kolhapur,Vadgaonpeth,Vegetables,Onion,Local,Local,800.0,1400.0,1000.0,Rs./Quintal,26.00,Metric Tonnes,2026-04-10,Daily_Price_Arrival_Report-07-11-2025_to_25-09-2026_for_Sangli_Kolhapur_Onion.csv
Maharashtra,Kolhapur,Vadgaonpeth,Vegetables,Onion,Local,Local,900.0,1500.0,1200.0,Rs./Quintal,26.00,Metric Tonnes,2026-04-12,Daily_Price_Arrival_Report-07-11-2025_to_25-09-2026_for_Sangli_Kolhapur_Onion.csv
Maharashtra,Kolhapur,Vadgaonpeth,Vegetables,Onion,Local,Local,1000.0,1400.0,1200.0,Rs./Quintal,26.00,Metric Tonnes,2026-04-15,Daily_Price_Arrival_Report-07-11-2025_to_25-09-2026_for_Sangli_Kolhapur_Onion.csv
Maharashtra,Kolhapur,Vadgaonpeth,Vegetables,Onion,Local,Local,900.0,1400.0,1000.0,Rs./Quintal,33.00,Metric Tonnes,2026-04-17,Daily_Price_Arrival_Report-07-11-2025_to_25-09-2026_for_Sangli_Kolhapur_Onion.csv
Maharashtra,Kolhapur,Vadgaonpeth,Vegetables,Onion,Local,Local,900.0,1400.0,1100.0,Rs./Quintal,30.00,Metric Tonnes,2026-04-18,Daily_Price_Arrival_Report-07-11-2025_to_25-09-2026_for_Sangli_Kolhapur_Onion.csv
Maharashtra,Kolhapur,Vadgaonpeth,Vegetables,Onion,Local,Local,900.0,1400.0,1100.0,Rs./Quintal,33.00,Metric Tonnes,2026-04-22,Daily_Price_Arrival_Report-07-11-2025_to_25-09-2026_for_Sangli_Kolhapur_Onion.csv
Maharashtra,Kolhapur,Vadgaonpeth,Vegetables,Onion,Local,Local,900.0,1400.0,1200.0,Rs./Quintal,31.00,Metric Tonnes,2026-04-24,Daily_Price_Arrival_Report-07-11-2025_to_25-09-2026_for_Sangli_Kolhapur_Onion.csv
Maharashtra,Kolhapur,Vadgaonpeth,Vegetables,Onion,Local,Local,900.0,1200.0,1000.0,Rs./Quintal,31.00,Metric Tonnes,2026-04-25,Daily_Price_Arrival_Report-07-11-2025_to_25-09-2026_for_Sangli_Kolhapur_Onion.csv
Maharashtra,Kolhapur,Vadgaonpeth,Vegetables,Onion,Local,Local,900.0,1300.0,1100.0,Rs./Quintal,90.00,Metric Tonnes,2026-04-28,Daily_Price_Arrival_Report-07-11-2025_to_25-09-2026_for_Sangli_Kolhapur_Onion.csv
Maharashtra,Kolhapur,Vadgaonpeth,Vegetables,Onion,Local,Local,900.0,1500.0,1100.0,Rs./Quintal,32.00,Metric Tonnes,2026-04-30,Daily_Price_Arrival_Report-07-11-2025_to_25-09-2026_for_Sangli_Kolhapur_Onion.csv
Maharashtra,Kolhapur,Vadgaonpeth,Vegetables,Onion,Local,Local,900.0,1500.0,1200.0,Rs./Quintal,31.00,Metric Tonnes,2026-05-01,Daily_Price_Arrival_Report-07-11-2025_to_25-09-2026_for_Sangli_Kolhapur_Onion.csv
Maharashtra,Kolhapur,Vadgaonpeth,Vegetables,Onion,Local,Local,800.0,1500.0,1200.0,Rs./Quintal,33.00,Metric Tonnes,2026-05-02,Daily_Price_Arrival_Report-07-11-2025_to_25-09-2026_for_Sangli_Kolhapur_Onion.csv
Maharashtra,Kolhapur,Vadgaonpeth,Vegetables,Onion,Local,Local,900.0,1400.0,1200.0,Rs./Quintal,33.00,Metric Tonnes,2026-05-03,Daily_Price_Arrival_Report-07-11-2025_to_25-09-2026_for_Sangli_Kolhapur_Onion.csv
Maharashtra,Kolhapur,Vadgaonpeth,Vegetables,Onion,Local,Local,1000.0,1400.0,1100.0,Rs./Quintal,35.00,Metric Tonnes,2026-05-05,Daily_Price_Arrival_Report-07-11-2025_to_25-09-2026_for_Sangli_Kolhapur_Onion.csv
Maharashtra,Kolhapur,Vadgaonpeth,Vegetables,Onion,Local,Local,900.0,1400.0,1000.0,Rs./Quintal,26.00,Metric Tonnes,2026-05-06,Daily_Price_Arrival_Report-07-11-2025_to_25-09-2026_for_Sangli_Kolhapur_Onion.csv
Maharashtra,Kolhapur,Vadgaonpeth,Vegetables,Onion,Local,Local,1000.0,1400.0,1100.0,Rs./Quintal,50.00,Metric Tonnes,2026-05-07,Daily_Price_Arrival_Report-07-11-2025_to_25-09-2026_for_Sangli_Kolhapur_Onion.csv
Maharashtra,Kolhapur,Vadgaonpeth,Vegetables,Onion,Local,Local,1000.0,1400.0,1200.0,Rs./Quintal,45.00,Metric Tonnes,2026-05-09,Daily_Price_Arrival_Report-07-11-2025_to_25-09-2026_for_Sangli_Kolhapur_Onion.csv
Maharashtra,Kolhapur,Vadgaonpeth,Vegetables,Onion,Local,Local,1000.0,1300.0,1100.0,Rs./Quintal,26.00,Metric Tonnes,2026-05-13,Daily_Price_Arrival_Report-07-11-2025_to_25-09-2026_for_Sangli_Kolhapur_Onion.csv
Maharashtra,Kolhapur,Vadgaonpeth,Vegetables,Onion,Local,Local,1100.0,1500.0,1200.0,Rs./Quintal,26.00,Metric Tonnes,2026-05-15,Daily_Price_Arrival_Report-07-11-2025_to_25-09-2026_for_Sangli_Kolhapur_Onion.csv
Maharashtra,Kolhapur,Vadgaonpeth,Vegetables,Onion,Local,Local,900.0,1400.0,1100.0,Rs./Quintal,31.00,Metric Tonnes,2026-05-16,Daily_Price_Arrival_Report-07-11-2025_to_25-09-2026_for_Sangli_Kolhapur_Onion.csv
Maharashtra,Kolhapur,Vadgaonpeth,Vegetables,Onion,Local,Local,800.0,1400.0,1000.0,Rs./Quintal,26.00,Metric Tonnes,2026-05-19,Daily_Price_Arrival_Report-07-11-2025_to_25-09-2026_for_Sangli_Kolhapur_Onion.csv
Maharashtra,Kolhapur,Vadgaonpeth,Vegetables,Onion,Local,Local,1100.0,1500.0,1300.0,Rs./Quintal,30.00,Metric Tonnes,2026-05-20,Daily_Price_Arrival_Report-07-11-2025_to_25-09-2026_for_Sangli_Kolhapur_Onion.csv
Maharashtra,Kolhapur,Vadgaonpeth,Vegetables,Onion,Local,Local,900.0,1400.0,1100.0,Rs./Quintal,27.00,Metric Tonnes,2026-05-21,Daily_Price_Arrival_Report-07-11-2025_to_25-09-2026_for_Sangli_Kolhapur_Onion.csv
Maharashtra,Kolhapur,Vadgaonpeth,Vegetables,Onion,Local,Local,1100.0,1400.0,1300.0,Rs./Quintal,26.00,Metric Tonnes,2026-05-22,Daily_Price_Arrival_Report-07-11-2025_to_25-09-2026_for_Sangli_Kolhapur_Onion.csv
Maharashtra,Kolhapur,Vadgaonpeth,Vegetables,Onion,Local,Local,900.0,1400.0,1200.0,Rs./Quintal,26.00,Metric Tonnes,2026-05-23,Daily_Price_Arrival_Report-07-11-2025_to_25-09-2026_for_Sangli_Kolhapur_Onion.csv
Maharashtra,Kolhapur,Vadgaonpeth,Vegetables,Onion,Local,Local,900.0,1400.0,1100.0,Rs./Quintal,26.00,Metric Tonnes,2026-05-24,Daily_Price_Arrival_Report-07-11-2025_to_25-09-2026_for_Sangli_Kolhapur_Onion.csv
Maharashtra,Kolhapur,Vadgaonpeth,Vegetables,Onion,Local,Local,1000.0,1400.0,1200.0,Rs./Quintal,31.00,Metric Tonnes,2026-05-26,Daily_Price_Arrival_Report-07-11-2025_to_25-09-2026_for_Sangli_Kolhapur_Onion.csv
Maharashtra,Kolhapur,Vadgaonpeth,Vegetables,Onion,Local,Local,900.0,1300.0,1200.0,Rs./Quintal,26.00,Metric Tonnes,2026-05-27,Daily_Price_Arrival_Report-07-11-2025_to_25-09-2026_for_Sangli_Kolhapur_Onion.csv
Maharashtra,Kolhapur,Vadgaonpeth,Vegetables,Onion,Local,Local,1000.0,1400.0,1200.0,Rs./Quintal,26.00,Metric Tonnes,2026-05-28,Daily_Price_Arrival_Report-07-11-2025_to_25-09-2026_for_Sangli_Kolhapur_Onion.csv
Maharashtra,Kolhapur,Vadgaonpeth,Vegetables,Onion,Local,Local,1100.0,1500.0,1300.0,Rs./Quintal,32.00,Metric Tonnes,2026-05-29,Daily_Price_Arrival_Report-07-11-2025_to_25-09-2026_for_Sangli_Kolhapur_Onion.csv
Maharashtra,Kolhapur,Vadgaonpeth,Vegetables,Onion,Local,Local,1100.0,1400.0,1200.0,Rs./Quintal,25.00,Metric Tonnes,2026-05-30,Daily_Price_Arrival_Report-07-11-2025_to_25-09-2026_for_Sangli_Kolhapur_Onion.csv
Maharashtra,Kolhapur,Vadgaonpeth,Vegetables,Onion,Local,Local,1100.0,1400.0,1300.0,Rs./Quintal,31.00,Metric Tonnes,2026-06-03,Daily_Price_Arrival_Report-07-11-2025_to_25-09-2026_for_Sangli_Kolhapur_Onion.csv
Maharashtra,Kolhapur,Vadgaonpeth,Vegetables,Onion,Local,Local,1200.0,1500.0,1300.0,Rs./Quintal,27.00,Metric Tonnes,2026-06-04,Daily_Price_Arrival_Report-07-11-2025_to_25-09-2026_for_Sangli_Kolhapur_Onion.csv
Maharashtra,Kolhapur,Vadgaonpeth,Vegetables,Onion,Local,Local,1200.0,1800.0,1400.0,Rs./Quintal,26.00,Metric Tonnes,2026-06-05,Daily_Price_Arrival_Report-07-11-2025_to_25-09-2026_for_Sangli_Kolhapur_Onion.csv
Maharashtra,Kolhapur,Vadgaonpeth,Vegetables,Onion,Local,Local,1200.0,2000.0,1400.0,Rs./Quintal,28.00,Metric Tonnes,2026-06-06,Daily_Price_Arrival_Report-07-11-2025_to_25-09-2026_for_Sangli_Kolhapur_Onion.csv
Maharashtra,Kolhapur,Vadgaonpeth,Vegetables,Onion,Local,Local,1300.0,1800.0,1400.0,Rs./Quintal,26.00,Metric Tonnes,2026-06-07,Daily_Price_Arrival_Report-07-11-2025_to_25-09-2026_for_Sangli_Kolhapur_Onion.csv
Maharashtra,Kolhapur,Vadgaonpeth,Vegetables,Onion,Local,Local,1000.0,1700.0,1200.0,Rs./Quintal,26.00,Metric Tonnes,2026-06-10,Daily_Price_Arrival_Report-07-11-2025_to_25-09-2026_for_Sangli_Kolhapur_Onion.csv
Maharashtra,Kolhapur,Vadgaonpeth,Vegetables,Onion,Local,Local,1000.0,1700.0,1200.0,Rs./Quintal,25.00,Metric Tonnes,2026-06-11,Daily_Price_Arrival_Report-07-11-2025_to_25-09-2026_for_Sangli_Kolhapur_Onion.csv
Maharashtra,Kolhapur,Vadgaonpeth,Vegetables,Onion,Local,Local,1100.0,1700.0,1300.0,Rs./Quintal,26.00,Metric Tonnes,2026-06-12,Daily_Price_Arrival_Report-07-11-2025_to_25-09-2026_for_Sangli_Kolhapur_Onion.csv
Maharashtra,Kolhapur,Vadgaonpeth,Vegetables,Onion,Local,Local,1100.0,1500.0,1200.0,Rs./Quintal,24.00,Metric Tonnes,2026-06-13,Daily_Price_Arrival_Report-07-11-2025_to_25-09-2026_for_Sangli_Kolhapur_Onion.csv
Maharashtra,Kolhapur,Vadgaonpeth,Vegetables,Onion,Local,Local,1000.0,1600.0,1300.0,Rs./Quintal,27.00,Metric Tonnes,2026-06-14,Daily_Price_Arrival_Report-07-11-2025_to_25-09-2026_for_Sangli_Kolhapur_Onion.csv
Maharashtra,Kolhapur,Vadgaonpeth,Vegetables,Onion,Local,Local,1200.0,1700.0,1300.0,Rs./Quintal,31.00,Metric Tonnes,2026-06-16,Daily_Price_Arrival_Report-07-11-2025_to_25-09-2026_for_Sangli_Kolhapur_Onion.csv
Maharashtra,Kolhapur,Vadgaonpeth,Vegetables,Onion,Local,Local,1100.0,1700.0,1400.0,Rs./Quintal,34.00,Metric Tonnes,2026-06-17,Daily_Price_Arrival_Report-07-11-2025_to_25-09-2026_for_Sangli_Kolhapur_Onion.csv
Maharashtra,Kolhapur,Vadgaonpeth,Vegetables,Onion,Local,Local,1200.0,1700.0,1400.0,Rs./Quintal,32.00,Metric Tonnes,2026-06-18,Daily_Price_Arrival_Report-07-11-2025_to_25-09-2026_for_Sangli_Kolhapur_Onion.csv
Maharashtra,Kolhapur,Vadgaonpeth,Vegetables,Onion,Local,Local,1200.0,1600.0,1300.0,Rs./Quintal,26.00,Metric Tonnes,2026-06-19,Daily_Price_Arrival_Report-07-11-2025_to_25-09-2026_for_Sangli_Kolhapur_Onion.csv
Maharashtra,Kolhapur,Vadgaonpeth,Vegetables,Onion,Local,Local,1100.0,1600.0,1400.0,Rs./Quintal,30.00,Metric Tonnes,2026-06-20,Daily_Price_Arrival_Report-07-11-2025_to_25-09-2026_for_Sangli_Kolhapur_Onion.csv
Maharashtra,Kolhapur,Vadgaonpeth,Vegetables,Onion,Local,Local,1200.0,1800.0,1400.0,Rs./Quintal,27.00,Metric Tonnes,2026-06-21,Daily_Price_Arrival_Report-07-11-2025_to_25-09-2026_for_Sangli_Kolhapur_Onion.csv
Maharashtra,Kolhapur,Vadgaonpeth,Vegetables,Onion,Local,Local,1100.0,1700.0,1200.0,Rs./Quintal,27.00,Metric Tonnes,2026-06-23,Daily_Price_Arrival_Report-07-11-2025_to_25-09-2026_for_Sangli_Kolhapur_Onion.csv
Maharashtra,Kolhapur,Vadgaonpeth,Vegetables,Onion,Local,Local,1200.0,1800.0,1400.0,Rs./Quintal,25.00,Metric Tonnes,2026-06-24,Daily_Price_Arrival_Report-07-11-2025_to_25-09-2026_for_Sangli_Kolhapur_Onion.csv
Maharashtra,Kolhapur,Vadgaonpeth,Vegetables,Onion,Local,Local,1200.0,1800.0,1400.0,Rs./Quintal,27.00,Metric Tonnes,2026-06-25,Daily_Price_Arrival_Report-07-11-2025_to_25-09-2026_for_Sangli_Kolhapur_Onion.csv
Maharashtra,Kolhapur,Vadgaonpeth,Vegetables,Onion,Local,Local,1100.0,1500.0,1200.0,Rs./Quintal,25.00,Metric Tonnes,2026-06-30,Daily_Price_Arrival_Report-07-11-2025_to_25-09-2026_for_Sangli_Kolhapur_Onion.csv
Maharashtra,Kolhapur,Vadgaonpeth,Vegetables,Onion,Local,Local,1000.0,1600.0,1300.0,Rs./Quintal,27.00,Metric Tonnes,2026-07-01,Daily_Price_Arrival_Report-07-11-2025_to_25-09-2026_for_Sangli_Kolhapur_Onion.csv
Maharashtra,Kolhapur,Vadgaonpeth,Vegetables,Onion,Local,Local,1400.0,2400.0,1700.0,Rs./Quintal,34.00,Metric Tonnes,2026-07-03,Daily_Price_Arrival_Report-07-11-2025_to_25-09-2026_for_Sangli_Kolhapur_Onion.csv
Maharashtra,Kolhapur,Vadgaonpeth,Vegetables,Onion,Local,Local,1300.0,2100.0,1700.0,Rs./Quintal,31.00,Metric Tonnes,2026-07-04,Daily_Price_Arrival_Report-07-11-2025_to_25-09-2026_for_Sangli_Kolhapur_Onion.csv
Maharashtra,Kolhapur,Vadgaonpeth,Vegetables,Onion,Local,Local,1300.0,2500.0,1700.0,Rs./Quintal,27.00,Metric Tonnes,2026-07-05,Daily_Price_Arrival_Report-07-11-2025_to_25-09-2026_for_Sangli_Kolhapur_Onion.csv
Maharashtra,Kolhapur,Vadgaonpeth,Vegetables,Onion,Local,Local,1700.0,2700.0,2400.0,Rs./Quintal,33.00,Metric Tonnes,2026-07-09,Daily_Price_Arrival_Report-07-11-2025_to_25-09-2026_for_Sangli_Kolhapur_Onion.csv
Maharashtra,Kolhapur,Vadgaonpeth,Vegetables,Onion,Local,Local,1500.0,2800.0,1900.0,Rs./Quintal,50.00,Metric Tonnes,2026-07-10,Daily_Price_Arrival_Report-07-11-2025_to_25-09-2026_for_Sangli_Kolhapur_Onion.csv
Maharashtra,Kolhapur,Vadgaonpeth,Vegetables,Onion,Local,Local,1800.0,2800.0,2200.0,Rs./Quintal,27.00,Metric Tonnes,2026-07-11,Daily_Price_Arrival_Report-07-11-2025_to_25-09-2026_for_Sangli_Kolhapur_Onion.csv
Maharashtra,Kolhapur,Vadgaonpeth,Vegetables,Onion,Local,Local,1900.0,2500.0,2000.0,Rs./Quintal,10.00,Metric Tonnes,2026-07-12,Daily_Price_Arrival_Report-07-11-2025_to_25-09-2026_for_Sangli_Kolhapur_Onion.csv
Maharashtra,Kolhapur,Vadgaonpeth,Vegetables,Onion,Local,Local,1800.0,2700.0,2000.0,Rs./Quintal,28.00,Metric Tonnes,2026-07-14,Daily_Price_Arrival_Report-07-11-2025_to_25-09-2026_for_Sangli_Kolhapur_Onion.csv
Maharashtra,Kolhapur,Vadgaonpeth,Vegetables,Onion,Local,Local,1800.0,2500.0,2000.0,Rs./Quintal,27.00,Metric Tonnes,2026-07-15,Daily_Price_Arrival_Report-07-11-2025_to_25-09-2026_for_Sangli_Kolhapur_Onion.csv
Maharashtra,Kolhapur,Vadgaonpeth,Vegetables,Onion,Local,Local,1800.0,2600.0,2000.0,Rs./Quintal,27.00,Metric Tonnes,2026-07-17,Daily_Price_Arrival_Report-07-11-2025_to_25-09-2026_for_Sangli_Kolhapur_Onion.csv
Maharashtra,Kolhapur,Vadgaonpeth,Vegetables,Onion,Local,Local,1700.0,2600.0,1900.0,Rs./Quintal,29.00,Metric Tonnes,2026-07-18,Daily_Price_Arrival_Report-07-11-2025_to_25-09-2026_for_Sangli_Kolhapur_Onion.csv
Maharashtra,Kolhapur,Vadgaonpeth,Vegetables,Onion,Local,Local,1800.0,2500.0,2100.0,Rs./Quintal,26.00,Metric Tonnes,2026-07-19,Daily_Price_Arrival_Report-07-11-2025_to_25-09-2026_for_Sangli_Kolhapur_Onion.csv
Maharashtra,Kolhapur,Vadgaonpeth,Vegetables,Onion,Local,Local,2000.0,2700.0,2100.0,Rs./Quintal,29.00,Metric Tonnes,2026-07-21,Daily_Price_Arrival_Report-07-11-2025_to_25-09-2026_for_Sangli_Kolhapur_Onion.csv
Maharashtra,Kolhapur,Vadgaonpeth,Vegetables,Onion,Local,Local,1900.0,2500.0,2200.0,Rs./Quintal,28.00,Metric Tonnes,2026-07-22,Daily_Price_Arrival_Report-07-11-2025_to_25-09-2026_for_Sangli_Kolhapur_Onion.csv
Maharashtra,Kolhapur,Vadgaonpeth,Vegetables,Onion,Local,Local,2000.0,2800.0,2300.0,Rs./Quintal,27.00,Metric Tonnes,2026-07-23,Daily_Price_Arrival_Report-07-11-2025_to_25-09-2026_for_Sangli_Kolhapur_Onion.csv
Maharashtra,Kolhapur,Vadgaonpeth,Vegetables,Onion,Local,Local,1800.0,2800.0,2300.0,Rs./Quintal,27.00,Metric Tonnes,2026-07-24,Daily_Price_Arrival_Report-07-11-2025_to_25-09-2026_for_Sangli_Kolhapur_Onion.csv
Maharashtra,Kolhapur,Vadgaonpeth,Vegetables,Onion,Local,Local,1900.0,2900.0,2400.0,Rs./Quintal,37.00,Metric Tonnes,2026-07-28,Daily_Price_Arrival_Report-07-11-2025_to_25-09-2026_for_Sangli_Kolhapur_Onion.csv
Maharashtra,Kolhapur,Vadgaonpeth,Vegetables,Onion,Local,Local,1800.0,2800.0,2000.0,Rs./Quintal,28.00,Metric Tonnes,2026-07-29,Daily_Price_Arrival_Report-07-11-2025_to_25-09-2026_for_Sangli_Kolhapur_Onion.csv
Maharashtra,Kolhapur,Vadgaonpeth,Vegetables,Onion,Local,Local,1900.0,2900.0,2000.0,Rs./Quintal,29.00,Metric Tonnes,2026-07-31,Daily_Price_Arrival_Report-07-11-2025_to_25-09-2026_for_Sangli_Kolhapur_Onion.csv
Maharashtra,Kolhapur,Vadgaonpeth,Vegetables,Onion,Local,Local,1800.0,2900.0,2300.0,Rs./Quintal,27.00,Metric Tonnes,2026-08-01,Daily_Price_Arrival_Report-07-11-2025_to_25-09-2026_for_Sangli_Kolhapur_Onion.csv
Maharashtra,Kolhapur,Vadgaonpeth,Vegetables,Onion,Local,Local,1800.0,2900.0,2300.0,Rs./Quintal,26.00,Metric Tonnes,2026-08-02,Daily_Price_Arrival_Report-07-11-2025_to_25-09-2026_for_Sangli_Kolhapur_Onion.csv
Maharashtra,Kolhapur,Vadgaonpeth,Vegetables,Onion,Local,Local,1800.0,2900.0,2000.0,Rs./Quintal,32.00,Metric Tonnes,2026-08-04,Daily_Price_Arrival_Report-07-11-2025_to_25-09-2026_for_Sangli_Kolhapur_Onion.csv
Maharashtra,Kolhapur,Vadgaonpeth,Vegetables,Onion,Local,Local,1800.0,2800.0,2000.0,Rs./Quintal,21.00,Metric Tonnes,2026-08-05,Daily_Price_Arrival_Report-07-11-2025_to_25-09-2026_for_Sangli_Kolhapur_Onion.csv
Maharashtra,Kolhapur,Vadgaonpeth,Vegetables,Onion,Local,Local,2000.0,2800.0,2400.0,Rs./Quintal,26.00,Metric Tonnes,2026-08-07,Daily_Price_Arrival_Report-07-11-2025_to_25-09-2026_for_Sangli_Kolhapur_Onion.csv
Maharashtra,Kolhapur,Vadgaonpeth,Vegetables,Onion,Local,Local,2000.0,2800.0,2100.0,Rs./Quintal,27.00,Metric Tonnes,2026-08-08,Daily_Price_Arrival_Report-07-11-2025_to_25-09-2026_for_Sangli_Kolhapur_Onion.csv
Maharashtra,Kolhapur,Vadgaonpeth,Vegetables,Onion,Local,Local,1900.0,2500.0,2000.0,Rs./Quintal,21.00,Metric Tonnes,2026-08-09,Daily_Price_Arrival_Report-07-11-2025_to_25-09-2026_for_Sangli_Kolhapur_Onion.csv
Maharashtra,Kolhapur,Vadgaonpeth,Vegetables,Onion,Local,Local,1600.0,3000.0,2100.0,Rs./Quintal,31.00,Metric Tonnes,2026-08-11,Daily_Price_Arrival_Report-07-11-2025_to_25-09-2026_for_Sangli_Kolhapur_Onion.csv
Maharashtra,Kolhapur,Vadgaonpeth,Vegetables,Onion,Local,Local,1900.0,2900.0,2300.0,Rs./Quintal,33.00,Metric Tonnes,2026-08-12,Daily_Price_Arrival_Report-07-11-2025_to_25-09-2026_for_Sangli_Kolhapur_Onion.csv
Maharashtra,Kolhapur,Vadgaonpeth,Vegetables,Onion,Local,Local,1900.0,2800.0,2100.0,Rs./Quintal,25.00,Metric Tonnes,2026-08-13,Daily_Price_Arrival_Report-07-11-2025_to_25-09-2026_for_Sangli_Kolhapur_Onion.csv
Maharashtra,Kolhapur,Vadgaonpeth,Vegetables,Onion,Local,Local,2000.0,3000.0,2400.0,Rs./Quintal,26.00,Metric Tonnes,2026-08-14,Daily_Price_Arrival_Report-07-11-2025_to_25-09-2026_for_Sangli_Kolhapur_Onion.csv
Maharashtra,Kolhapur,Vadgaonpeth,Vegetables,Onion,Local,Local,2100.0,3000.0,2600.0,Rs./Quintal,27.00,Metric Tonnes,2026-08-16,Daily_Price_Arrival_Report-07-11-2025_to_25-09-2026_for_Sangli_Kolhapur_Onion.csv
Maharashtra,Kolhapur,Vadgaonpeth,Vegetables,Onion,Local,Local,2500.0,4000.0,3000.0,Rs./Quintal,29.00,Metric Tonnes,2026-08-19,Daily_Price_Arrival_Report-07-11-2025_to_25-09-2026_for_Sangli_Kolhapur_Onion.csv
Maharashtra,Kolhapur,Vadgaonpeth,Vegetables,Onion,Local,Local,2800.0,4000.0,3500.0,Rs./Quintal,31.00,Metric Tonnes,2026-08-21,Daily_Price_Arrival_Report-07-11-2025_to_25-09-2026_for_Sangli_Kolhapur_Onion.csv
Maharashtra,Kolhapur,Vadgaonpeth,Vegetables,Onion,Local,Local,2800.0,4000.0,3200.0,Rs./Quintal,23.00,Metric Tonnes,2026-08-22,Daily_Price_Arrival_Report-07-11-2025_to_25-09-2026_for_Sangli_Kolhapur_Onion.csv
Maharashtra,Kolhapur,Vadgaonpeth,Vegetables,Onion,Local,Local,3000.0,4200.0,3500.0,Rs./Quintal,28.00,Metric Tonnes,2026-08-23,Daily_Price_Arrival_Report-07-11-2025_to_25-09-2026_for_Sangli_Kolhapur_Onion.csv
Maharashtra,Kolhapur,Vadgaonpeth,Vegetables,Onion,Local,Local,2800.0,4000.0,3500.0,Rs./Quintal,28.00,Metric Tonnes,2026-08-26,Daily_Price_Arrival_Report-07-11-2025_to_25-09-2026_for_Sangli_Kolhapur_Onion.csv
Maharashtra,Kolhapur,Vadgaonpeth,Vegetables,Onion,Local,Local,3000.0,4000.0,3600.0,Rs./Quintal,25.00,Metric Tonnes,2026-08-27,Daily_Price_Arrival_Report-07-11-2025_to_25-09-2026_for_Sangli_Kolhapur_Onion.csv
Maharashtra,Kolhapur,Vadgaonpeth,Vegetables,Onion,Local,Local,2500.0,3500.0,3100.0,Rs./Quintal,28.00,Metric Tonnes,2026-08-30,Daily_Price_Arrival_Report-07-11-2025_to_25-09-2026_for_Sangli_Kolhapur_Onion.csv
Maharashtra,Kolhapur,Vadgaonpeth,Vegetables,Onion,Local,Local,2500.0,3800.0,3000.0,Rs./Quintal,28.00,Metric Tonnes,2026-09-01,Daily_Price_Arrival_Report-07-11-2025_to_25-09-2026_for_Sangli_Kolhapur_Onion.csv
Maharashtra,Kolhapur,Vadgaonpeth,Vegetables,Onion,Local,Local,3000.0,4100.0,3500.0,Rs./Quintal,30.00,Metric Tonnes,2026-09-02,Daily_Price_Arrival_Report-07-11-2025_to_25-09-2026_for_Sangli_Kolhapur_Onion.csv
Maharashtra,Kolhapur,Vadgaonpeth,Vegetables,Onion,Local,Local,2800.0,3500.0,3000.0,Rs./Quintal,25.00,Metric Tonnes,2026-09-03,Daily_Price_Arrival_Report-07-11-2025_to_25-09-2026_for_Sangli_Kolhapur_Onion.csv
Maharashtra,Kolhapur,Vadgaonpeth,Vegetables,Onion,Local,Local,2800.0,3500.0,3200.0,Rs./Quintal,27.00,Metric Tonnes,2026-09-09,Daily_Price_Arrival_Report-07-11-2025_to_25-09-2026_for_Sangli_Kolhapur_Onion.csv
Maharashtra,Kolhapur,Vadgaonpeth,Vegetables,Onion,Local,Local,2000.0,4000.0,3000.0,Rs./Quintal,16.50,Metric Tonnes,2026-09-10,Daily_Price_Arrival_Report-07-11-2025_to_25-09-2026_for_Sangli_Kolhapur_Onion.csv
Maharashtra,Kolhapur,Vadgaonpeth,Vegetables,Onion,Local,Local,3000.0,4200.0,3800.0,Rs./Quintal,27.00,Metric Tonnes,2026-09-11,Daily_Price_Arrival_Report-07-11-2025_to_25-09-2026_for_Sangli_Kolhapur_Onion.csv
Maharashtra,Kolhapur,Vadgaonpeth,Vegetables,Onion,Local,Local,2700.0,3500.0,3000.0,Rs./Quintal,33.00,Metric Tonnes,2026-09-13,Daily_Price_Arrival_Report-07-11-2025_to_25-09-2026_for_Sangli_Kolhapur_Onion.csv
Maharashtra,Kolhapur,Vadgaonpeth,Vegetables,Onion,Local,Local,3000.0,4000.0,3200.0,Rs./Quintal,26.00,Metric Tonnes,2026-09-15,Daily_Price_Arrival_Report-07-11-2025_to_25-09-2026_for_Sangli_Kolhapur_Onion.csv
Maharashtra,Kolhapur,Vadgaonpeth,Vegetables,Onion,Local,Local,2800.0,3500.0,3000.0,Rs./Quintal,26.00,Metric Tonnes,2026-09-16,Daily_Price_Arrival_Report-07-11-2025_to_25-09-2026_for_Sangli_Kolhapur_Onion.csv
Maharashtra,Kolhapur,Vadgaonpeth,Vegetables,Onion,Local,Local,4000.0,6000.0,5000.0,Rs./Quintal,3.10,Metric Tonnes,2026-09-22,Daily_Price_Arrival_Report-07-11-2025_to_25-09-2026_for_Sangli_Kolhapur_Onion.csv
Maharashtra,Kolhapur,Vadgaonpeth,Vegetables,Onion,Local,Local,2700.0,4200.0,3500.0,Rs./Quintal,27.00,Metric Tonnes,2026-09-24,Daily_Price_Arrival_Report-07-11-2025_to_25-09-2026_for_Sangli_Kolhapur_Onion.csv
Maharashtra,Kolhapur,Vadgaonpeth,Vegetables,Tomato,Local,Local,900.0,1500.0,1000.0,Rs./Quintal,5.5,Metric Tonnes,2025-11-07,Daily_Price_Arrival_Report-07-11-2025_to_25-09-2026_for_Sangli_Kolhapur_Tomato.csv
Maharashtra,Kolhapur,Vadgaonpeth,Vegetables,Tomato,Local,Local,900.0,1600.0,1200.0,Rs./Quintal,5.5,Metric Tonnes,2025-11-08,Daily_Price_Arrival_Report-07-11-2025_to_25-09-2026_for_Sangli_Kolhapur_Tomato.csv
Maharashtra,Kolhapur,Vadgaonpeth,Vegetables,Tomato,Local,Local,1000.0,2000.0,1400.0,Rs./Quintal,5.5,Metric Tonnes,2025-11-12,Daily_Price_Arrival_Report-07-11-2025_to_25-09-2026_for_Sangli_Kolhapur_Tomato.csv
Maharashtra,Kolhapur,Vadgaonpeth,Vegetables,Tomato,Local,Local,1000.0,2000.0,1300.0,Rs./Quintal,5.5,Metric Tonnes,2025-11-13,Daily_Price_Arrival_Report-07-11-2025_to_25-09-2026_for_Sangli_Kolhapur_Tomato.csv
Maharashtra,Kolhapur,Vadgaonpeth,Vegetables,Tomato,Local,Local,700.0,1500.0,800.0,Rs./Quintal,5.5,Metric Tonnes,2025-11-15,Daily_Price_Arrival_Report-07-11-2025_to_25-09-2026_for_Sangli_Kolhapur_Tomato.csv
Maharashtra,Kolhapur,Vadgaonpeth,Vegetables,Tomato,Local,Local,1200.0,1800.0,1600.0,Rs./Quintal,5.0,Metric Tonnes,2025-11-16,Daily_Price_Arrival_Report-07-11-2025_to_25-09-2026_for_Sangli_Kolhapur_Tomato.csv
Maharashtra,Kolhapur,Vadgaonpeth,Vegetables,Tomato,Local,Local,1200.0,2100.0,1600.0,Rs./Quintal,8.5,Metric Tonnes,2025-11-18,Daily_Price_Arrival_Report-07-11-2025_to_25-09-2026_for_Sangli_Kolhapur_Tomato.csv
Maharashtra,Kolhapur,Vadgaonpeth,Vegetables,Tomato,Local,Local,1000.0,2500.0,1500.0,Rs./Quintal,12.0,Metric Tonnes,2025-11-19,Daily_Price_Arrival_Report-07-11-2025_to_25-09-2026_for_Sangli_Kolhapur_Tomato.csv
Maharashtra,Kolhapur,Vadgaonpeth,Vegetables,Tomato,Local,Local,900.0,2000.0,1600.0,Rs./Quintal,5.0,Metric Tonnes,2025-11-20,Daily_Price_Arrival_Report-07-11-2025_to_25-09-2026_for_Sangli_Kolhapur_Tomato.csv
Maharashtra,Kolhapur,Vadgaonpeth,Vegetables,Tomato,Local,Local,1000.0,2100.0,1400.0,Rs./Quintal,5.3,Metric Tonnes,2025-11-22,Daily_Price_Arrival_Report-07-11-2025_to_25-09-2026_for_Sangli_Kolhapur_Tomato.csv
Maharashtra,Kolhapur,Vadgaonpeth,Vegetables,Tomato,Local,Local,1200.0,2000.0,1400.0,Rs./Quintal,7.0,Metric Tonnes,2025-11-23,Daily_Price_Arrival_Report-07-11-2025_to_25-09-2026_for_Sangli_Kolhapur_Tomato.csv
Maharashtra,Kolhapur,Vadgaonpeth,Vegetables,Tomato,Local,Local,1000.0,2000.0,1200.0,Rs./Quintal,13.5,Metric Tonnes,2025-11-25,Daily_Price_Arrival_Report-07-11-2025_to_25-09-2026_for_Sangli_Kolhapur_Tomato.csv
Maharashtra,Kolhapur,Vadgaonpeth,Vegetables,Tomato,Local,Local,2000.0,3500.0,2500.0,Rs./Quintal,7.5,Metric Tonnes,2025-11-26,Daily_Price_Arrival_Report-07-11-2025_to_25-09-2026_for_Sangli_Kolhapur_Tomato.csv
Maharashtra,Kolhapur,Vadgaonpeth,Vegetables,Tomato,Local,Local,1000.0,2000.0,1200.0,Rs./Quintal,13.5,Metric Tonnes,2025-11-27,Daily_Price_Arrival_Report-07-11-2025_to_25-09-2026_for_Sangli_Kolhapur_Tomato.csv
Maharashtra,Kolhapur,Vadgaonpeth,Vegetables,Tomato,Local,Local,1000.0,1500.0,1200.0,Rs./Quintal,11.0,Metric Tonnes,2025-11-28,Daily_Price_Arrival_Report-07-11-2025_to_25-09-2026_for_Sangli_Kolhapur_Tomato.csv
Maharashtra,Kolhapur,Vadgaonpeth,Vegetables,Tomato,Local,Local,1200.0,2000.0,1400.0,Rs./Quintal,5.0,Metric Tonnes,2025-11-29,Daily_Price_Arrival_Report-07-11-2025_to_25-09-2026_for_Sangli_Kolhapur_Tomato.csv
Maharashtra,Kolhapur,Vadgaonpeth,Vegetables,Tomato,Local,Local,1200.0,2000.0,1600.0,Rs./Quintal,5.5,Metric Tonnes,2025-11-30,Daily_Price_Arrival_Report-07-11-2025_to_25-09-2026_for_Sangli_Kolhapur_Tomato.csv
Maharashtra,Kolhapur,Vadgaonpeth,Vegetables,Tomato,Local,Local,1000.0,2000.0,1200.0,Rs./Quintal,13.5,Metric Tonnes,2025-12-04,Daily_Price_Arrival_Report-07-11-2025_to_25-09-2026_for_Sangli_Kolhapur_Tomato.csv
Maharashtra,Kolhapur,Vadgaonpeth,Vegetables,Tomato,Local,Local,1000.0,2300.0,1600.0,Rs./Quintal,5.0,Metric Tonnes,2025-12-07,Daily_Price_Arrival_Report-07-11-2025_to_25-09-2026_for_Sangli_Kolhapur_Tomato.csv
Maharashtra,Kolhapur,Vadgaonpeth,Vegetables,Tomato,Local,Local,1000.0,2000.0,1500.0,Rs./Quintal,4.5,Metric Tonnes,2025-12-09,Daily_Price_Arrival_Report-07-11-2025_to_25-09-2026_for_Sangli_Kolhapur_Tomato.csv
Maharashtra,Kolhapur,Vadgaonpeth,Vegetables,Tomato,Local,Local,1800.0,2100.0,2000.0,Rs./Quintal,5.0,Metric Tonnes,2025-12-10,Daily_Price_Arrival_Report-07-11-2025_to_25-09-2026_for_Sangli_Kolhapur_Tomato.csv
Maharashtra,Kolhapur,Vadgaonpeth,Vegetables,Tomato,Local,Local,1600.0,2500.0,2000.0,Rs./Quintal,5.0,Metric Tonnes,2025-12-11,Daily_Price_Arrival_Report-07-11-2025_to_25-09-2026_for_Sangli_Kolhapur_Tomato.csv
Maharashtra,Kolhapur,Vadgaonpeth,Vegetables,Tomato,Local,Local,2000.0,3000.0,2500.0,Rs./Quintal,3.7,Metric Tonnes,2025-12-12,Daily_Price_Arrival_Report-07-11-2025_to_25-09-2026_for_Sangli_Kolhapur_Tomato.csv
Maharashtra,Kolhapur,Vadgaonpeth,Vegetables,Tomato,Local,Local,1700.0,2500.0,2000.0,Rs./Quintal,5.1,Metric Tonnes,2025-12-13,Daily_Price_Arrival_Report-07-11-2025_to_25-09-2026_for_Sangli_Kolhapur_Tomato.csv
Maharashtra,Kolhapur,Vadgaonpeth,Vegetables,Tomato,Local,Local,1200.0,2600.0,2000.0,Rs./Quintal,5.5,Metric Tonnes,2025-12-14,Daily_Price_Arrival_Report-07-11-2025_to_25-09-2026_for_Sangli_Kolhapur_Tomato.csv
Maharashtra,Kolhapur,Vadgaonpeth,Vegetables,Tomato,Local,Local,1400.0,2500.0,1800.0,Rs./Quintal,5.0,Metric Tonnes,2025-12-16,Daily_Price_Arrival_Report-07-11-2025_to_25-09-2026_for_Sangli_Kolhapur_Tomato.csv
Maharashtra,Kolhapur,Vadgaonpeth,Vegetables,Tomato,Local,Local,1000.0,4000.0,3000.0,Rs./Quintal,12.0,Metric Tonnes,2025-12-17,Daily_Price_Arrival_Report-07-11-2025_to_25-09-2026_for_Sangli_Kolhapur_Tomato.csv
Maharashtra,Kolhapur,Vadgaonpeth,Vegetables,Tomato,Local,Local,1800.0,2500.0,2000.0,Rs./Quintal,4.3,Metric Tonnes,2025-12-18,Daily_Price_Arrival_Report-07-11-2025_to_25-09-2026_for_Sangli_Kolhapur_Tomato.csv
Maharashtra,Kolhapur,Vadgaonpeth,Vegetables,Tomato,Local,Local,1900.0,2800.0,2100.0,Rs./Quintal,5.5,Metric Tonnes,2025-12-19,Daily_Price_Arrival_Report-07-11-2025_to_25-09-2026_for_Sangli_Kolhapur_Tomato.csv
Maharashtra,Kolhapur,Vadgaonpeth,Vegetables,Tomato,Local,Local,1500.0,3000.0,2100.0,Rs./Quintal,4.0,Metric Tonnes,2025-12-20,Daily_Price_Arrival_Report-07-11-2025_to_25-09-2026_for_Sangli_Kolhapur_Tomato.csv
Maharashtra,Kolhapur,Vadgaonpeth,Vegetables,Tomato,Local,Local,1900.0,3000.0,2400.0,Rs./Quintal,5.0,Metric Tonnes,2025-12-21,Daily_Price_Arrival_Report-07-11-2025_to_25-09-2026_for_Sangli_Kolhapur_Tomato.csv
Maharashtra,Kolhapur,Vadgaonpeth,Vegetables,Tomato,Local,Local,1000.0,4000.0,2500.0,Rs./Quintal,4.5,Metric Tonnes,2025-12-23,Daily_Price_Arrival_Report-07-11-2025_to_25-09-2026_for_Sangli_Kolhapur_Tomato.csv
Maharashtra,Kolhapur,Vadgaonpeth,Vegetables,Tomato,Local,Local,2500.0,4000.0,3000.0,Rs./Quintal,5.5,Metric Tonnes,2025-12-24,Daily_Price_Arrival_Report-07-11-2025_to_25-09-2026_for_Sangli_Kolhapur_Tomato.csv
Maharashtra,Kolhapur,Vadgaonpeth,Vegetables,Tomato,Local,Local,2000.0,4000.0,2800.0,Rs./Quintal,5.5,Metric Tonnes,2025-12-26,Daily_Price_Arrival_Report-07-11-2025_to_25-09-2026_for_Sangli_Kolhapur_Tomato.csv
Maharashtra,Kolhapur,Vadgaonpeth,Vegetables,Tomato,Local,Local,1000.0,4000.0,2000.0,Rs./Quintal,12.5,Metric Tonnes,2025-12-27,Daily_Price_Arrival_Report-07-11-2025_to_25-09-2026_for_Sangli_Kolhapur_Tomato.csv
Maharashtra,Kolhapur,Vadgaonpeth,Vegetables,Tomato,Local,Local,2900.0,4000.0,3000.0,Rs./Quintal,5.0,Metric Tonnes,2025-12-28,Daily_Price_Arrival_Report-07-11-2025_to_25-09-2026_for_Sangli_Kolhapur_Tomato.csv
Maharashtra,Kolhapur,Vadgaonpeth,Vegetables,Tomato,Local,Local,2000.0,4000.0,2800.0,Rs./Quintal,5.5,Metric Tonnes,2025-12-30,Daily_Price_Arrival_Report-07-11-2025_to_25-09-2026_for_Sangli_Kolhapur_Tomato.csv
Maharashtra,Kolhapur,Vadgaonpeth,Vegetables,Tomato,Local,Local,1500.0,3000.0,2600.0,Rs./Quintal,6.0,Metric Tonnes,2025-12-31,Daily_Price_Arrival_Report-07-11-2025_to_25-09-2026_for_Sangli_Kolhapur_Tomato.csv
Maharashtra,Kolhapur,Vadgaonpeth,Vegetables,Tomato,Local,Local,1600.0,3500.0,2100.0,Rs./Quintal,6.0,Metric Tonnes,2026-01-01,Daily_Price_Arrival_Report-07-11-2025_to_25-09-2026_for_Sangli_Kolhapur_Tomato.csv
Maharashtra,Kolhapur,Vadgaonpeth,Vegetables,Tomato,Local,Local,1700.0,3500.0,2600.0,Rs./Quintal,5.5,Metric Tonnes,2026-01-02,Daily_Price_Arrival_Report-07-11-2025_to_25-09-2026_for_Sangli_Kolhapur_Tomato.csv
Maharashtra,Kolhapur,Vadgaonpeth,Vegetables,Tomato,Local,Local,2000.0,4500.0,3000.0,Rs./Quintal,5.5,Metric Tonnes,2026-01-03,Daily_Price_Arrival_Report-07-11-2025_to_25-09-2026_for_Sangli_Kolhapur_Tomato.csv
Maharashtra,Kolhapur,Vadgaonpeth,Vegetables,Tomato,Local,Local,1900.0,3500.0,2600.0,Rs./Quintal,5.0,Metric Tonnes,2026-01-04,Daily_Price_Arrival_Report-07-11-2025_to_25-09-2026_for_Sangli_Kolhapur_Tomato.csv
Maharashtra,Kolhapur,Vadgaonpeth,Vegetables,Tomato,Local,Local,1600.0,3000.0,2100.0,Rs./Quintal,5.3,Metric Tonnes,2026-01-06,Daily_Price_Arrival_Report-07-11-2025_to_25-09-2026_for_Sangli_Kolhapur_Tomato.csv
Maharashtra,Kolhapur,Vadgaonpeth,Vegetables,Tomato,Local,Local,1000.0,2000.0,1600.0,Rs./Quintal,9.0,Metric Tonnes,2026-01-07,Daily_Price_Arrival_Report-07-11-2025_to_25-09-2026_for_Sangli_Kolhapur_Tomato.csv
Maharashtra,Kolhapur,Vadgaonpeth,Vegetables,Tomato,Local,Local,1000.0,2500.0,1600.0,Rs./Quintal,5.0,Metric Tonnes,2026-01-09,Daily_Price_Arrival_Report-07-11-2025_to_25-09-2026_for_Sangli_Kolhapur_Tomato.csv
Maharashtra,Kolhapur,Vadgaonpeth,Vegetables,Tomato,Local,Local,1000.0,3000.0,1500.0,Rs./Quintal,5.0,Metric Tonnes,2026-01-10,Daily_Price_Arrival_Report-07-11-2025_to_25-09-2026_for_Sangli_Kolhapur_Tomato.csv
Maharashtra,Kolhapur,Vadgaonpeth,Vegetables,Tomato,Local,Local,1500.0,2500.0,1800.0,Rs./Quintal,3.3,Metric Tonnes,2026-01-11,Daily_Price_Arrival_Report-07-11-2025_to_25-09-2026_for_Sangli_Kolhapur_Tomato.csv
Maharashtra,Kolhapur,Vadgaonpeth,Vegetables,Tomato,Local,Local,1000.0,2500.0,1600.0,Rs./Quintal,5.0,Metric Tonnes,2026-01-15,Daily_Price_Arrival_Report-07-11-2025_to_25-09-2026_for_Sangli_Kolhapur_Tomato.csv
Maharashtra,Kolhapur,Vadgaonpeth,Vegetables,Tomato,Local,Local,900.0,1500.0,1300.0,Rs./Quintal,5.0,Metric Tonnes,2026-01-22,Daily_Price_Arrival_Report-07-11-2025_to_25-09-2026_for_Sangli_Kolhapur_Tomato.csv
Maharashtra,Kolhapur,Vadgaonpeth,Vegetables,Tomato,Local,Local,600.0,1800.0,800.0,Rs./Quintal,5.0,Metric Tonnes,2026-01-30,Daily_Price_Arrival_Report-07-11-2025_to_25-09-2026_for_Sangli_Kolhapur_Tomato.csv
Maharashtra,Kolhapur,Vadgaonpeth,Vegetables,Tomato,Local,Local,800.0,1500.0,1000.0,Rs./Quintal,5.5,Metric Tonnes,2026-01-31,Daily_Price_Arrival_Report-07-11-2025_to_25-09-2026_for_Sangli_Kolhapur_Tomato.csv
Maharashtra,Kolhapur,Vadgaonpeth,Vegetables,Tomato,Local,Local,900.0,1600.0,1000.0,Rs./Quintal,5.0,Metric Tonnes,2026-02-01,Daily_Price_Arrival_Report-07-11-2025_to_25-09-2026_for_Sangli_Kolhapur_Tomato.csv
Maharashtra,Kolhapur,Vadgaonpeth,Vegetables,Tomato,Local,Local,1000.0,3000.0,2000.0,Rs./Quintal,6.6,Metric Tonnes,2026-02-03,Daily_Price_Arrival_Report-07-11-2025_to_25-09-2026_for_Sangli_Kolhapur_Tomato.csv
Maharashtra,Kolhapur,Vadgaonpeth,Vegetables,Tomato,Local,Local,600.0,1500.0,1000.0,Rs./Quintal,4.5,Metric Tonnes,2026-02-04,Daily_Price_Arrival_Report-07-11-2025_to_25-09-2026_for_Sangli_Kolhapur_Tomato.csv
Maharashtra,Kolhapur,Vadgaonpeth,Vegetables,Tomato,Local,Local,900.0,1600.0,1200.0,Rs./Quintal,6.0,Metric Tonnes,2026-02-05,Daily_Price_Arrival_Report-07-11-2025_to_25-09-2026_for_Sangli_Kolhapur_Tomato.csv
Maharashtra,Kolhapur,Vadgaonpeth,Vegetables,Tomato,Local,Local,700.0,1500.0,900.0,Rs./Quintal,5.5,Metric Tonnes,2026-02-08,Daily_Price_Arrival_Report-07-11-2025_to_25-09-2026_for_Sangli_Kolhapur_Tomato.csv
Maharashtra,Kolhapur,Vadgaonpeth,Vegetables,Tomato,Local,Local,1000.0,1500.0,1200.0,Rs./Quintal,6.0,Metric Tonnes,2026-02-10,Daily_Price_Arrival_Report-07-11-2025_to_25-09-2026_for_Sangli_Kolhapur_Tomato.csv
Maharashtra,Kolhapur,Vadgaonpeth,Vegetables,Tomato,Local,Local,1000.0,2000.0,1400.0,Rs./Quintal,5.0,Metric Tonnes,2026-02-11,Daily_Price_Arrival_Report-07-11-2025_to_25-09-2026_for_Sangli_Kolhapur_Tomato.csv
Maharashtra,Kolhapur,Vadgaonpeth,Vegetables,Tomato,Local,Local,700.0,1500.0,1000.0,Rs./Quintal,5.0,Metric Tonnes,2026-02-12,Daily_Price_Arrival_Report-07-11-2025_to_25-09-2026_for_Sangli_Kolhapur_Tomato.csv
Maharashtra,Kolhapur,Vadgaonpeth,Vegetables,Tomato,Local,Local,800.0,1800.0,1000.0,Rs./Quintal,5.3,Metric Tonnes,2026-02-13,Daily_Price_Arrival_Report-07-11-2025_to_25-09-2026_for_Sangli_Kolhapur_Tomato.csv
Maharashtra,Kolhapur,Vadgaonpeth,Vegetables,Tomato,Local,Local,800.0,2000.0,1400.0,Rs./Quintal,5.0,Metric Tonnes,2026-02-14,Daily_Price_Arrival_Report-07-11-2025_to_25-09-2026_for_Sangli_Kolhapur_Tomato.csv
Maharashtra,Kolhapur,Vadgaonpeth,Vegetables,Tomato,Local,Local,900.0,1800.0,1200.0,Rs./Quintal,5.0,Metric Tonnes,2026-02-15,Daily_Price_Arrival_Report-07-11-2025_to_25-09-2026_for_Sangli_Kolhapur_Tomato.csv
Maharashtra,Kolhapur,Vadgaonpeth,Vegetables,Tomato,Local,Local,800.0,2000.0,1200.0,Rs./Quintal,5.5,Metric Tonnes,2026-02-17,Daily_Price_Arrival_Report-07-11-2025_to_25-09-2026_for_Sangli_Kolhapur_Tomato.csv
Maharashtra,Kolhapur,Vadgaonpeth,Vegetables,Tomato,Local,Local,700.0,1400.0,900.0,Rs./Quintal,5.0,Metric Tonnes,2026-02-20,Daily_Price_Arrival_Report-07-11-2025_to_25-09-2026_for_Sangli_Kolhapur_Tomato.csv
Maharashtra,Kolhapur,Vadgaonpeth,Vegetables,Tomato,Local,Local,700.0,1400.0,1000.0,Rs./Quintal,4.6,Metric Tonnes,2026-02-21,Daily_Price_Arrival_Report-07-11-2025_to_25-09-2026_for_Sangli_Kolhapur_Tomato.csv
Maharashtra,Kolhapur,Vadgaonpeth,Vegetables,Tomato,Local,Local,800.0,1400.0,1000.0,Rs./Quintal,5.0,Metric Tonnes,2026-02-22,Daily_Price_Arrival_Report-07-11-2025_to_25-09-2026_for_Sangli_Kolhapur_Tomato.csv
Maharashtra,Kolhapur,Vadgaonpeth,Vegetables,Tomato,Local,Local,700.0,1500.0,1000.0,Rs./Quintal,5.0,Metric Tonnes,2026-02-26,Daily_Price_Arrival_Report-07-11-2025_to_25-09-2026_for_Sangli_Kolhapur_Tomato.csv
Maharashtra,Kolhapur,Vadgaonpeth,Vegetables,Tomato,Local,Local,700.0,1500.0,900.0,Rs./Quintal,5.0,Metric Tonnes,2026-02-27,Daily_Price_Arrival_Report-07-11-2025_to_25-09-2026_for_Sangli_Kolhapur_Tomato.csv
Maharashtra,Kolhapur,Vadgaonpeth,Vegetables,Tomato,Local,Local,800.0,1400.0,1000.0,Rs./Quintal,5.0,Metric Tonnes,2026-02-28,Daily_Price_Arrival_Report-07-11-2025_to_25-09-2026_for_Sangli_Kolhapur_Tomato.csv
Maharashtra,Kolhapur,Vadgaonpeth,Vegetables,Tomato,Local,Local,800.0,2100.0,1500.0,Rs./Quintal,5.5,Metric Tonnes,2026-03-01,Daily_Price_Arrival_Report-07-11-2025_to_25-09-2026_for_Sangli_Kolhapur_Tomato.csv
Maharashtra,Kolhapur,Vadgaonpeth,Vegetables,Tomato,Local,Local,1000.0,1200.0,1100.0,Rs./Quintal,11.5,Metric Tonnes,2026-03-04,Daily_Price_Arrival_Report-07-11-2025_to_25-09-2026_for_Sangli_Kolhapur_Tomato.csv
Maharashtra,Kolhapur,Vadgaonpeth,Vegetables,Tomato,Local,Local,1000.0,1800.0,1400.0,Rs./Quintal,13.0,Metric Tonnes,2026-03-05,Daily_Price_Arrival_Report-07-11-2025_to_25-09-2026_for_Sangli_Kolhapur_Tomato.csv
Maharashtra,Kolhapur,Vadgaonpeth,Vegetables,Tomato,Local,Local,800.0,2000.0,1400.0,Rs./Quintal,4.5,Metric Tonnes,2026-03-06,Daily_Price_Arrival_Report-07-11-2025_to_25-09-2026_for_Sangli_Kolhapur_Tomato.csv
Maharashtra,Kolhapur,Vadgaonpeth,Vegetables,Tomato,Local,Local,1000.0,2000.0,1400.0,Rs./Quintal,4.8,Metric Tonnes,2026-03-07,Daily_Price_Arrival_Report-07-11-2025_to_25-09-2026_for_Sangli_Kolhapur_Tomato.csv
Maharashtra,Kolhapur,Vadgaonpeth,Vegetables,Tomato,Local,Local,800.0,1700.0,1000.0,Rs./Quintal,5.0,Metric Tonnes,2026-03-10,Daily_Price_Arrival_Report-07-11-2025_to_25-09-2026_for_Sangli_Kolhapur_Tomato.csv
Maharashtra,Kolhapur,Vadgaonpeth,Vegetables,Tomato,Local,Local,800.0,1500.0,1000.0,Rs./Quintal,9.0,Metric Tonnes,2026-03-11,Daily_Price_Arrival_Report-07-11-2025_to_25-09-2026_for_Sangli_Kolhapur_Tomato.csv
Maharashtra,Kolhapur,Vadgaonpeth,Vegetables,Tomato,Local,Local,900.0,1500.0,1000.0,Rs./Quintal,6.0,Metric Tonnes,2026-03-12,Daily_Price_Arrival_Report-07-11-2025_to_25-09-2026_for_Sangli_Kolhapur_Tomato.csv
Maharashtra,Kolhapur,Vadgaonpeth,Vegetables,Tomato,Local,Local,900.0,1500.0,1200.0,Rs./Quintal,6.0,Metric Tonnes,2026-03-13,Daily_Price_Arrival_Report-07-11-2025_to_25-09-2026_for_Sangli_Kolhapur_Tomato.csv
Maharashtra,Kolhapur,Vadgaonpeth,Vegetables,Tomato,Local,Local,700.0,1500.0,1000.0,Rs./Quintal,4.0,Metric Tonnes,2026-03-14,Daily_Price_Arrival_Report-07-11-2025_to_25-09-2026_for_Sangli_Kolhapur_Tomato.csv
Maharashtra,Kolhapur,Vadgaonpeth,Vegetables,Tomato,Local,Local,600.0,1500.0,800.0,Rs./Quintal,5.5,Metric Tonnes,2026-03-18,Daily_Price_Arrival_Report-07-11-2025_to_25-09-2026_for_Sangli_Kolhapur_Tomato.csv
Maharashtra,Kolhapur,Vadgaonpeth,Vegetables,Tomato,Local,Local,800.0,2000.0,1300.0,Rs./Quintal,6.0,Metric Tonnes,2026-03-19,Daily_Price_Arrival_Report-07-11-2025_to_25-09-2026_for_Sangli_Kolhapur_Tomato.csv
Maharashtra,Kolhapur,Vadgaonpeth,Vegetables,Tomato,Local,Local,800.0,2000.0,1500.0,Rs./Quintal,5.0,Metric Tonnes,2026-03-20,Daily_Price_Arrival_Report-07-11-2025_to_25-09-2026_for_Sangli_Kolhapur_Tomato.csv
Maharashtra,Kolhapur,Vadgaonpeth,Vegetables,Tomato,Local,Local,700.0,2000.0,1200.0,Rs./Quintal,5.0,Metric Tonnes,2026-03-22,Daily_Price_Arrival_Report-07-11-2025_to_25-09-2026_for_Sangli_Kolhapur_Tomato.csv
Maharashtra,Kolhapur,Vadgaonpeth,Vegetables,Tomato,Local,Local,800.0,1500.0,1000.0,Rs./Quintal,5.0,Metric Tonnes,2026-03-24,Daily_Price_Arrival_Report-07-11-2025_to_25-09-2026_for_Sangli_Kolhapur_Tomato.csv
Maharashtra,Kolhapur,Vadgaonpeth,Vegetables,Tomato,Local,Local,900.0,2000.0,1400.0,Rs./Quintal,5.5,Metric Tonnes,2026-03-25,Daily_Price_Arrival_Report-07-11-2025_to_25-09-2026_for_Sangli_Kolhapur_Tomato.csv
Maharashtra,Kolhapur,Vadgaonpeth,Vegetables,Tomato,Local,Local,800.0,1900.0,1200.0,Rs./Quintal,5.5,Metric Tonnes,2026-03-27,Daily_Price_Arrival_Report-07-11-2025_to_25-09-2026_for_Sangli_Kolhapur_Tomato.csv
Maharashtra,Kolhapur,Vadgaonpeth,Vegetables,Tomato,Local,Local,800.0,1800.0,1000.0,Rs./Quintal,4.0,Metric Tonnes,2026-03-28,Daily_Price_Arrival_Report-07-11-2025_to_25-09-2026_for_Sangli_Kolhapur_Tomato.csv
Maharashtra,Kolhapur,Vadgaonpeth,Vegetables,Tomato,Local,Local,800.0,1600.0,1000.0,Rs./Quintal,5.0,Metric Tonnes,2026-03-29,Daily_Price_Arrival_Report-07-11-2025_to_25-09-2026_for_Sangli_Kolhapur_Tomato.csv
Maharashtra,Kolhapur,Vadgaonpeth,Vegetables,Tomato,Local,Local,1000.0,2500.0,2000.0,Rs./Quintal,8.5,Metric Tonnes,2026-04-07,Daily_Price_Arrival_Report-07-11-2025_to_25-09-2026_for_Sangli_Kolhapur_Tomato.csv
Maharashtra,Kolhapur,Vadgaonpeth,Vegetables,Tomato,Local,Local,1000.0,2000.0,1400.0,Rs./Quintal,5.3,Metric Tonnes,2026-04-08,Daily_Price_Arrival_Report-07-11-2025_to_25-09-2026_for_Sangli_Kolhapur_Tomato.csv
Maharashtra,Kolhapur,Vadgaonpeth,Vegetables,Tomato,Local,Local,1000.0,2500.0,1600.0,Rs./Quintal,5.5,Metric Tonnes,2026-04-09,Daily_Price_Arrival_Report-07-11-2025_to_25-09-2026_for_Sangli_Kolhapur_Tomato.csv
Maharashtra,Kolhapur,Vadgaonpeth,Vegetables,Tomato,Local,Local,900.0,2000.0,1400.0,Rs./Quintal,5.3,Metric Tonnes,2026-04-10,Daily_Price_Arrival_Report-07-11-2025_to_25-09-2026_for_Sangli_Kolhapur_Tomato.csv
Maharashtra,Kolhapur,Vadgaonpeth,Vegetables,Tomato,Local,Local,1000.0,1500.0,1250.0,Rs./Quintal,6.7,Metric Tonnes,2026-04-11,Daily_Price_Arrival_Report-07-11-2025_to_25-09-2026_for_Sangli_Kolhapur_Tomato.csv
Maharashtra,Kolhapur,Vadgaonpeth,Vegetables,Tomato,Local,Local,1000.0,2000.0,1400.0,Rs./Quintal,5.0,Metric Tonnes,2026-04-12,Daily_Price_Arrival_Report-07-11-2025_to_25-09-2026_for_Sangli_Kolhapur_Tomato.csv
Maharashtra,Kolhapur,Vadgaonpeth,Vegetables,Tomato,Local,Local,1000.0,2100.0,1500.0,Rs./Quintal,6.0,Metric Tonnes,2026-04-15,Daily_Price_Arrival_Report-07-11-2025_to_25-09-2026_for_Sangli_Kolhapur_Tomato.csv
Maharashtra,Kolhapur,Vadgaonpeth,Vegetables,Tomato,Local,Local,1000.0,1500.0,1200.0,Rs./Quintal,11.0,Metric Tonnes,2026-04-16,Daily_Price_Arrival_Report-07-11-2025_to_25-09-2026_for_Sangli_Kolhapur_Tomato.csv
Maharashtra,Kolhapur,Vadgaonpeth,Vegetables,Tomato,Local,Local,900.0,1800.0,1200.0,Rs./Quintal,5.0,Metric Tonnes,2026-04-17,Daily_Price_Arrival_Report-07-11-2025_to_25-09-2026_for_Sangli_Kolhapur_Tomato.csv
Maharashtra,Kolhapur,Vadgaonpeth,Vegetables,Tomato,Local,Local,1000.0,2000.0,1500.0,Rs./Quintal,8.0,Metric Tonnes,2026-04-18,Daily_Price_Arrival_Report-07-11-2025_to_25-09-2026_for_Sangli_Kolhapur_Tomato.csv
Maharashtra,Kolhapur,Vadgaonpeth,Vegetables,Tomato,Local,Local,1000.0,1500.0,1200.0,Rs./Quintal,16.5,Metric Tonnes,2026-04-21,Daily_Price_Arrival_Report-07-11-2025_to_25-09-2026_for_Sangli_Kolhapur_Tomato.csv
Maharashtra,Kolhapur,Vadgaonpeth,Vegetables,Tomato,Local,Local,1000.0,2000.0,1400.0,Rs./Quintal,6.0,Metric Tonnes,2026-04-22,Daily_Price_Arrival_Report-07-11-2025_to_25-09-2026_for_Sangli_Kolhapur_Tomato.csv
Maharashtra,Kolhapur,Vadgaonpeth,Vegetables,Tomato,Local,Local,1000.0,2000.0,1600.0,Rs./Quintal,5.0,Metric Tonnes,2026-04-24,Daily_Price_Arrival_Report-07-11-2025_to_25-09-2026_for_Sangli_Kolhapur_Tomato.csv
Maharashtra,Kolhapur,Vadgaonpeth,Vegetables,Tomato,Local,Local,600.0,1500.0,1000.0,Rs./Quintal,5.0,Metric Tonnes,2026-04-25,Daily_Price_Arrival_Report-07-11-2025_to_25-09-2026_for_Sangli_Kolhapur_Tomato.csv
Maharashtra,Kolhapur,Vadgaonpeth,Vegetables,Tomato,Local,Local,1000.0,2000.0,1400.0,Rs./Quintal,11.5,Metric Tonnes,2026-04-26,Daily_Price_Arrival_Report-07-11-2025_to_25-09-2026_for_Sangli_Kolhapur_Tomato.csv
Maharashtra,Kolhapur,Vadgaonpeth,Vegetables,Tomato,Local,Local,800.0,1600.0,1100.0,Rs./Quintal,4.5,Metric Tonnes,2026-04-28,Daily_Price_Arrival_Report-07-11-2025_to_25-09-2026_for_Sangli_Kolhapur_Tomato.csv
Maharashtra,Kolhapur,Vadgaonpeth,Vegetables,Tomato,Local,Local,1000.0,3500.0,2600.0,Rs./Quintal,13.0,Metric Tonnes,2026-04-29,Daily_Price_Arrival_Report-07-11-2025_to_25-09-2026_for_Sangli_Kolhapur_Tomato.csv
Maharashtra,Kolhapur,Vadgaonpeth,Vegetables,Tomato,Local,Local,800.0,1500.0,1000.0,Rs./Quintal,5.0,Metric Tonnes,2026-04-30,Daily_Price_Arrival_Report-07-11-2025_to_25-09-2026_for_Sangli_Kolhapur_Tomato.csv
Maharashtra,Kolhapur,Vadgaonpeth,Vegetables,Tomato,Local,Local,900.0,1500.0,1200.0,Rs./Quintal,6.5,Metric Tonnes,2026-05-01,Daily_Price_Arrival_Report-07-11-2025_to_25-09-2026_for_Sangli_Kolhapur_Tomato.csv
Maharashtra,Kolhapur,Vadgaonpeth,Vegetables,Tomato,Local,Local,1500.0,2600.0,1800.0,Rs./Quintal,6.0,Metric Tonnes,2026-05-02,Daily_Price_Arrival_Report-07-11-2025_to_25-09-2026_for_Sangli_Kolhapur_Tomato.csv
Maharashtra,Kolhapur,Vadgaonpeth,Vegetables,Tomato,Local,Local,1200.0,2500.0,1800.0,Rs./Quintal,7.0,Metric Tonnes,2026-05-03,Daily_Price_Arrival_Report-07-11-2025_to_25-09-2026_for_Sangli_Kolhapur_Tomato.csv
Maharashtra,Kolhapur,Vadgaonpeth,Vegetables,Tomato,Local,Local,1300.0,2000.0,1600.0,Rs./Quintal,5.0,Metric Tonnes,2026-05-05,Daily_Price_Arrival_Report-07-11-2025_to_25-09-2026_for_Sangli_Kolhapur_Tomato.csv
Maharashtra,Kolhapur,Vadgaonpeth,Vegetables,Tomato,Local,Local,1000.0,2500.0,2000.0,Rs./Quintal,4.5,Metric Tonnes,2026-05-06,Daily_Price_Arrival_Report-07-11-2025_to_25-09-2026_for_Sangli_Kolhapur_Tomato.csv
Maharashtra,Kolhapur,Vadgaonpeth,Vegetables,Tomato,Local,Local,1000.0,2100.0,1500.0,Rs./Quintal,4.5,Metric Tonnes,2026-05-07,Daily_Price_Arrival_Report-07-11-2025_to_25-09-2026_for_Sangli_Kolhapur_Tomato.csv
Maharashtra,Kolhapur,Vadgaonpeth,Vegetables,Tomato,Local,Local,1200.0,2100.0,1500.0,Rs./Quintal,5.5,Metric Tonnes,2026-05-08,Daily_Price_Arrival_Report-07-11-2025_to_25-09-2026_for_Sangli_Kolhapur_Tomato.csv
Maharashtra,Kolhapur,Vadgaonpeth,Vegetables,Tomato,Local,Local,800.0,1800.0,1200.0,Rs./Quintal,4.6,Metric Tonnes,2026-05-09,Daily_Price_Arrival_Report-07-11-2025_to_25-09-2026_for_Sangli_Kolhapur_Tomato.csv
Maharashtra,Kolhapur,Vadgaonpeth,Vegetables,Tomato,Local,Local,1500.0,2500.0,2000.0,Rs./Quintal,5.0,Metric Tonnes,2026-05-10,Daily_Price_Arrival_Report-07-11-2025_to_25-09-2026_for_Sangli_Kolhapur_Tomato.csv
Maharashtra,Kolhapur,Vadgaonpeth,Vegetables,Tomato,Local,Local,1800.0,2600.0,2000.0,Rs./Quintal,3.0,Metric Tonnes,2026-05-12,Daily_Price_Arrival_Report-07-11-2025_to_25-09-2026_for_Sangli_Kolhapur_Tomato.csv
Maharashtra,Kolhapur,Vadgaonpeth,Vegetables,Tomato,Local,Local,1400.0,2100.0,1900.0,Rs./Quintal,5.8,Metric Tonnes,2026-05-13,Daily_Price_Arrival_Report-07-11-2025_to_25-09-2026_for_Sangli_Kolhapur_Tomato.csv
Maharashtra,Kolhapur,Vadgaonpeth,Vegetables,Tomato,Local,Local,1000.0,3500.0,2000.0,Rs./Quintal,14.0,Metric Tonnes,2026-05-14,Daily_Price_Arrival_Report-07-11-2025_to_25-09-2026_for_Sangli_Kolhapur_Tomato.csv
Maharashtra,Kolhapur,Vadgaonpeth,Vegetables,Tomato,Local,Local,1500.0,3500.0,2000.0,Rs./Quintal,4.5,Metric Tonnes,2026-05-15,Daily_Price_Arrival_Report-07-11-2025_to_25-09-2026_for_Sangli_Kolhapur_Tomato.csv
Maharashtra,Kolhapur,Vadgaonpeth,Vegetables,Tomato,Local,Local,1500.0,3500.0,2600.0,Rs./Quintal,3.6,Metric Tonnes,2026-05-19,Daily_Price_Arrival_Report-07-11-2025_to_25-09-2026_for_Sangli_Kolhapur_Tomato.csv
Maharashtra,Kolhapur,Vadgaonpeth,Vegetables,Tomato,Local,Local,1900.0,3500.0,2600.0,Rs./Quintal,5.5,Metric Tonnes,2026-05-20,Daily_Price_Arrival_Report-07-11-2025_to_25-09-2026_for_Sangli_Kolhapur_Tomato.csv
Maharashtra,Kolhapur,Vadgaonpeth,Vegetables,Tomato,Local,Local,2000.0,3500.0,2600.0,Rs./Quintal,5.0,Metric Tonnes,2026-05-21,Daily_Price_Arrival_Report-07-11-2025_to_25-09-2026_for_Sangli_Kolhapur_Tomato.csv
Maharashtra,Kolhapur,Vadgaonpeth,Vegetables,Tomato,Local,Local,1900.0,2900.0,2100.0,Rs./Quintal,5.1,Metric Tonnes,2026-05-22,Daily_Price_Arrival_Report-07-11-2025_to_25-09-2026_for_Sangli_Kolhapur_Tomato.csv
Maharashtra,Kolhapur,Vadgaonpeth,Vegetables,Tomato,Local,Local,1800.0,3000.0,2600.0,Rs./Quintal,4.5,Metric Tonnes,2026-05-23,Daily_Price_Arrival_Report-07-11-2025_to_25-09-2026_for_Sangli_Kolhapur_Tomato.csv
Maharashtra,Kolhapur,Vadgaonpeth,Vegetables,Tomato,Local,Local,2100.0,2800.0,2400.0,Rs./Quintal,3.3,Metric Tonnes,2026-05-26,Daily_Price_Arrival_Report-07-11-2025_to_25-09-2026_for_Sangli_Kolhapur_Tomato.csv
Maharashtra,Kolhapur,Vadgaonpeth,Vegetables,Tomato,Local,Local,2000.0,3000.0,2400.0,Rs./Quintal,3.6,Metric Tonnes,2026-05-27,Daily_Price_Arrival_Report-07-11-2025_to_25-09-2026_for_Sangli_Kolhapur_Tomato.csv
Maharashtra,Kolhapur,Vadgaonpeth,Vegetables,Tomato,Local,Local,3000.0,4500.0,3600.0,Rs./Quintal,5.0,Metric Tonnes,2026-05-28,Daily_Price_Arrival_Report-07-11-2025_to_25-09-2026_for_Sangli_Kolhapur_Tomato.csv
Maharashtra,Kolhapur,Vadgaonpeth,Vegetables,Tomato,Local,Local,2900.0,4500.0,3500.0,Rs./Quintal,5.0,Metric Tonnes,2026-05-29,Daily_Price_Arrival_Report-07-11-2025_to_25-09-2026_for_Sangli_Kolhapur_Tomato.csv
Maharashtra,Kolhapur,Vadgaonpeth,Vegetables,Tomato,Local,Local,2800.0,3800.0,3000.0,Rs./Quintal,5.0,Metric Tonnes,2026-05-30,Daily_Price_Arrival_Report-07-11-2025_to_25-09-2026_for_Sangli_Kolhapur_Tomato.csv
Maharashtra,Kolhapur,Vadgaonpeth,Vegetables,Tomato,Local,Local,1000.0,3500.0,2600.0,Rs./Quintal,14.0,Metric Tonnes,2026-06-02,Daily_Price_Arrival_Report-07-11-2025_to_25-09-2026_for_Sangli_Kolhapur_Tomato.csv
Maharashtra,Kolhapur,Vadgaonpeth,Vegetables,Tomato,Local,Local,2000.0,3500.0,2800.0,Rs./Quintal,4.5,Metric Tonnes,2026-06-03,Daily_Price_Arrival_Report-07-11-2025_to_25-09-2026_for_Sangli_Kolhapur_Tomato.csv
Maharashtra,Kolhapur,Vadgaonpeth,Vegetables,Tomato,Local,Local,2800.0,3500.0,3000.0,Rs./Quintal,5.0,Metric Tonnes,2026-06-05,Daily_Price_Arrival_Report-07-11-2025_to_25-09-2026_for_Sangli_Kolhapur_Tomato.csv
Maharashtra,Kolhapur,Vadgaonpeth,Vegetables,Tomato,Local,Local,2500.0,3500.0,2800.0,Rs./Quintal,5.0,Metric Tonnes,2026-06-06,Daily_Price_Arrival_Report-07-11-2025_to_25-09-2026_for_Sangli_Kolhapur_Tomato.csv
Maharashtra,Kolhapur,Vadgaonpeth,Vegetables,Tomato,Local,Local,2000.0,3500.0,2600.0,Rs./Quintal,5.5,Metric Tonnes,2026-06-07,Daily_Price_Arrival_Report-07-11-2025_to_25-09-2026_for_Sangli_Kolhapur_Tomato.csv
Maharashtra,Kolhapur,Vadgaonpeth,Vegetables,Tomato,Local,Local,1500.0,3000.0,2250.0,Rs./Quintal,3.8,Metric Tonnes,2026-06-09,Daily_Price_Arrival_Report-07-11-2025_to_25-09-2026_for_Sangli_Kolhapur_Tomato.csv
Maharashtra,Kolhapur,Vadgaonpeth,Vegetables,Tomato,Local,Local,2000.0,4000.0,2800.0,Rs./Quintal,5.0,Metric Tonnes,2026-06-10,Daily_Price_Arrival_Report-07-11-2025_to_25-09-2026_for_Sangli_Kolhapur_Tomato.csv
Maharashtra,Kolhapur,Vadgaonpeth,Vegetables,Tomato,Local,Local,1500.0,3500.0,2000.0,Rs./Quintal,5.5,Metric Tonnes,2026-06-11,Daily_Price_Arrival_Report-07-11-2025_to_25-09-2026_for_Sangli_Kolhapur_Tomato.csv
Maharashtra,Kolhapur,Vadgaonpeth,Vegetables,Tomato,Local,Local,2000.0,3500.0,2600.0,Rs./Quintal,4.6,Metric Tonnes,2026-06-13,Daily_Price_Arrival_Report-07-11-2025_to_25-09-2026_for_Sangli_Kolhapur_Tomato.csv
Maharashtra,Kolhapur,Vadgaonpeth,Vegetables,Tomato,Local,Local,1600.0,4000.0,2600.0,Rs./Quintal,5.5,Metric Tonnes,2026-06-14,Daily_Price_Arrival_Report-07-11-2025_to_25-09-2026_for_Sangli_Kolhapur_Tomato.csv
Maharashtra,Kolhapur,Vadgaonpeth,Vegetables,Tomato,Local,Local,2000.0,3500.0,2600.0,Rs./Quintal,6.0,Metric Tonnes,2026-06-16,Daily_Price_Arrival_Report-07-11-2025_to_25-09-2026_for_Sangli_Kolhapur_Tomato.csv
Maharashtra,Kolhapur,Vadgaonpeth,Vegetables,Tomato,Local,Local,2000.0,3500.0,2700.0,Rs./Quintal,4.5,Metric Tonnes,2026-06-17,Daily_Price_Arrival_Report-07-11-2025_to_25-09-2026_for_Sangli_Kolhapur_Tomato.csv
Maharashtra,Kolhapur,Vadgaonpeth,Vegetables,Tomato,Local,Local,1700.0,3500.0,2500.0,Rs./Quintal,5.5,Metric Tonnes,2026-06-18,Daily_Price_Arrival_Report-07-11-2025_to_25-09-2026_for_Sangli_Kolhapur_Tomato.csv
Maharashtra,Kolhapur,Vadgaonpeth,Vegetables,Tomato,Local,Local,1900.0,3000.0,2500.0,Rs./Quintal,5.1,Metric Tonnes,2026-06-19,Daily_Price_Arrival_Report-07-11-2025_to_25-09-2026_for_Sangli_Kolhapur_Tomato.csv
Maharashtra,Kolhapur,Vadgaonpeth,Vegetables,Tomato,Local,Local,1900.0,3000.0,2500.0,Rs./Quintal,4.5,Metric Tonnes,2026-06-20,Daily_Price_Arrival_Report-07-11-2025_to_25-09-2026_for_Sangli_Kolhapur_Tomato.csv
Maharashtra,Kolhapur,Vadgaonpeth,Vegetables,Tomato,Local,Local,2500.0,3500.0,2900.0,Rs./Quintal,5.0,Metric Tonnes,2026-06-21,Daily_Price_Arrival_Report-07-11-2025_to_25-09-2026_for_Sangli_Kolhapur_Tomato.csv
Maharashtra,Kolhapur,Vadgaonpeth,Vegetables,Tomato,Local,Local,1800.0,3000.0,2300.0,Rs./Quintal,2.7,Metric Tonnes,2026-06-23,Daily_Price_Arrival_Report-07-11-2025_to_25-09-2026_for_Sangli_Kolhapur_Tomato.csv
Maharashtra,Kolhapur,Vadgaonpeth,Vegetables,Tomato,Local,Local,1400.0,3500.0,2100.0,Rs./Quintal,5.5,Metric Tonnes,2026-06-24,Daily_Price_Arrival_Report-07-11-2025_to_25-09-2026_for_Sangli_Kolhapur_Tomato.csv
Maharashtra,Kolhapur,Vadgaonpeth,Vegetables,Tomato,Local,Local,1500.0,2800.0,2000.0,Rs./Quintal,5.5,Metric Tonnes,2026-06-25,Daily_Price_Arrival_Report-07-11-2025_to_25-09-2026_for_Sangli_Kolhapur_Tomato.csv
Maharashtra,Kolhapur,Vadgaonpeth,Vegetables,Tomato,Local,Local,1900.0,3500.0,2600.0,Rs./Quintal,5.0,Metric Tonnes,2026-06-28,Daily_Price_Arrival_Report-07-11-2025_to_25-09-2026_for_Sangli_Kolhapur_Tomato.csv
Maharashtra,Kolhapur,Vadgaonpeth,Vegetables,Tomato,Local,Local,1400.0,2600.0,1800.0,Rs./Quintal,5.5,Metric Tonnes,2026-06-30,Daily_Price_Arrival_Report-07-11-2025_to_25-09-2026_for_Sangli_Kolhapur_Tomato.csv
Maharashtra,Kolhapur,Vadgaonpeth,Vegetables,Tomato,Local,Local,1000.0,1600.0,1200.0,Rs./Quintal,5.0,Metric Tonnes,2026-07-01,Daily_Price_Arrival_Report-07-11-2025_to_25-09-2026_for_Sangli_Kolhapur_Tomato.csv
Maharashtra,Kolhapur,Vadgaonpeth,Vegetables,Tomato,Local,Local,1000.0,1700.0,1500.0,Rs./Quintal,5.2,Metric Tonnes,2026-07-02,Daily_Price_Arrival_Report-07-11-2025_to_25-09-2026_for_Sangli_Kolhapur_Tomato.csv
Maharashtra,Kolhapur,Vadgaonpeth,Vegetables,Tomato,Local,Local,1400.0,2000.0,1700.0,Rs./Quintal,7.0,Metric Tonnes,2026-07-03,Daily_Price_Arrival_Report-07-11-2025_to_25-09-2026_for_Sangli_Kolhapur_Tomato.csv
Maharashtra,Kolhapur,Vadgaonpeth,Vegetables,Tomato,Local,Local,1000.0,1800.0,1400.0,Rs./Quintal,6.0,Metric Tonnes,2026-07-04,Daily_Price_Arrival_Report-07-11-2025_to_25-09-2026_for_Sangli_Kolhapur_Tomato.csv
Maharashtra,Kolhapur,Vadgaonpeth,Vegetables,Tomato,Local,Local,900.0,1800.0,1200.0,Rs./Quintal,5.0,Metric Tonnes,2026-07-05,Daily_Price_Arrival_Report-07-11-2025_to_25-09-2026_for_Sangli_Kolhapur_Tomato.csv
Maharashtra,Kolhapur,Vadgaonpeth,Vegetables,Tomato,Local,Local,1000.0,2000.0,1200.0,Rs./Quintal,16.0,Metric Tonnes,2026-07-07,Daily_Price_Arrival_Report-07-11-2025_to_25-09-2026_for_Sangli_Kolhapur_Tomato.csv
Maharashtra,Kolhapur,Vadgaonpeth,Vegetables,Tomato,Local,Local,1000.0,2000.0,1400.0,Rs./Quintal,6.6,Metric Tonnes,2026-07-08,Daily_Price_Arrival_Report-07-11-2025_to_25-09-2026_for_Sangli_Kolhapur_Tomato.csv
Maharashtra,Kolhapur,Vadgaonpeth,Vegetables,Tomato,Local,Local,1000.0,2000.0,1500.0,Rs./Quintal,6.5,Metric Tonnes,2026-07-09,Daily_Price_Arrival_Report-07-11-2025_to_25-09-2026_for_Sangli_Kolhapur_Tomato.csv
Maharashtra,Kolhapur,Vadgaonpeth,Vegetables,Tomato,Local,Local,1000.0,2100.0,1400.0,Rs./Quintal,5.3,Metric Tonnes,2026-07-11,Daily_Price_Arrival_Report-07-11-2025_to_25-09-2026_for_Sangli_Kolhapur_Tomato.csv
Maharashtra,Kolhapur,Vadgaonpeth,Vegetables,Tomato,Local,Local,900.0,1700.0,1100.0,Rs./Quintal,5.0,Metric Tonnes,2026-07-12,Daily_Price_Arrival_Report-07-11-2025_to_25-09-2026_for_Sangli_Kolhapur_Tomato.csv
Maharashtra,Kolhapur,Vadgaonpeth,Vegetables,Tomato,Local,Local,1300.0,1700.0,1400.0,Rs./Quintal,5.0,Metric Tonnes,2026-07-15,Daily_Price_Arrival_Report-07-11-2025_to_25-09-2026_for_Sangli_Kolhapur_Tomato.csv
Maharashtra,Kolhapur,Vadgaonpeth,Vegetables,Tomato,Local,Local,1000.0,3000.0,2000.0,Rs./Quintal,7.0,Metric Tonnes,2026-07-16,Daily_Price_Arrival_Report-07-11-2025_to_25-09-2026_for_Sangli_Kolhapur_Tomato.csv
Maharashtra,Kolhapur,Vadgaonpeth,Vegetables,Tomato,Local,Local,900.0,1500.0,1200.0,Rs./Quintal,4.5,Metric Tonnes,2026-07-17,Daily_Price_Arrival_Report-07-11-2025_to_25-09-2026_for_Sangli_Kolhapur_Tomato.csv
Maharashtra,Kolhapur,Vadgaonpeth,Vegetables,Tomato,Local,Local,1400.0,2100.0,1800.0,Rs./Quintal,5.0,Metric Tonnes,2026-07-18,Daily_Price_Arrival_Report-07-11-2025_to_25-09-2026_for_Sangli_Kolhapur_Tomato.csv
Maharashtra,Kolhapur,Vadgaonpeth,Vegetables,Tomato,Local,Local,1000.0,2500.0,1600.0,Rs./Quintal,6.5,Metric Tonnes,2026-07-19,Daily_Price_Arrival_Report-07-11-2025_to_25-09-2026_for_Sangli_Kolhapur_Tomato.csv
Maharashtra,Kolhapur,Vadgaonpeth,Vegetables,Tomato,Local,Local,1000.0,2000.0,1400.0,Rs./Quintal,6.0,Metric Tonnes,2026-07-21,Daily_Price_Arrival_Report-07-11-2025_to_25-09-2026_for_Sangli_Kolhapur_Tomato.csv
Maharashtra,Kolhapur,Vadgaonpeth,Vegetables,Tomato,Local,Local,1200.0,1800.0,1600.0,Rs./Quintal,6.0,Metric Tonnes,2026-07-22,Daily_Price_Arrival_Report-07-11-2025_to_25-09-2026_for_Sangli_Kolhapur_Tomato.csv
Maharashtra,Kolhapur,Vadgaonpeth,Vegetables,Tomato,Local,Local,900.0,1800.0,1300.0,Rs./Quintal,6.0,Metric Tonnes,2026-07-23,Daily_Price_Arrival_Report-07-11-2025_to_25-09-2026_for_Sangli_Kolhapur_Tomato.csv
Maharashtra,Kolhapur,Vadgaonpeth,Vegetables,Tomato,Local,Local,1000.0,2000.0,1500.0,Rs./Quintal,5.6,Metric Tonnes,2026-07-24,Daily_Price_Arrival_Report-07-11-2025_to_25-09-2026_for_Sangli_Kolhapur_Tomato.csv
Maharashtra,Kolhapur,Vadgaonpeth,Vegetables,Tomato,Local,Local,1000.0,2000.0,1600.0,Rs./Quintal,5.0,Metric Tonnes,2026-07-28,Daily_Price_Arrival_Report-07-11-2025_to_25-09-2026_for_Sangli_Kolhapur_Tomato.csv
Maharashtra,Kolhapur,Vadgaonpeth,Vegetables,Tomato,Local,Local,1200.0,2000.0,1700.0,Rs./Quintal,6.0,Metric Tonnes,2026-07-29,Daily_Price_Arrival_Report-07-11-2025_to_25-09-2026_for_Sangli_Kolhapur_Tomato.csv
Maharashtra,Kolhapur,Vadgaonpeth,Vegetables,Tomato,Local,Local,1000.0,2100.0,1600.0,Rs./Quintal,5.5,Metric Tonnes,2026-07-31,Daily_Price_Arrival_Report-07-11-2025_to_25-09-2026_for_Sangli_Kolhapur_Tomato.csv
Maharashtra,Kolhapur,Vadgaonpeth,Vegetables,Tomato,Local,Local,1500.0,2100.0,1800.0,Rs./Quintal,6.0,Metric Tonnes,2026-08-01,Daily_Price_Arrival_Report-07-11-2025_to_25-09-2026_for_Sangli_Kolhapur_Tomato.csv
Maharashtra,Kolhapur,Vadgaonpeth,Vegetables,Tomato,Local,Local,800.0,1800.0,1200.0,Rs./Quintal,6.0,Metric Tonnes,2026-08-02,Daily_Price_Arrival_Report-07-11-2025_to_25-09-2026_for_Sangli_Kolhapur_Tomato.csv
Maharashtra,Kolhapur,Vadgaonpeth,Vegetables,Tomato,Local,Local,800.0,2000.0,1200.0,Rs./Quintal,5.5,Metric Tonnes,2026-08-04,Daily_Price_Arrival_Report-07-11-2025_to_25-09-2026_for_Sangli_Kolhapur_Tomato.csv
Maharashtra,Kolhapur,Vadgaonpeth,Vegetables,Tomato,Local,Local,900.0,1800.0,1200.0,Rs./Quintal,6.0,Metric Tonnes,2026-08-05,Daily_Price_Arrival_Report-07-11-2025_to_25-09-2026_for_Sangli_Kolhapur_Tomato.csv
Maharashtra,Kolhapur,Vadgaonpeth,Vegetables,Tomato,Local,Local,900.0,1900.0,1000.0,Rs./Quintal,6.0,Metric Tonnes,2026-08-06,Daily_Price_Arrival_Report-07-11-2025_to_25-09-2026_for_Sangli_Kolhapur_Tomato.csv
Maharashtra,Kolhapur,Vadgaonpeth,Vegetables,Tomato,Local,Local,900.0,1800.0,1300.0,Rs./Quintal,5.0,Metric Tonnes,2026-08-07,Daily_Price_Arrival_Report-07-11-2025_to_25-09-2026_for_Sangli_Kolhapur_Tomato.csv
Maharashtra,Kolhapur,Vadgaonpeth,Vegetables,Tomato,Local,Local,900.0,1500.0,1000.0,Rs./Quintal,6.0,Metric Tonnes,2026-08-08,Daily_Price_Arrival_Report-07-11-2025_to_25-09-2026_for_Sangli_Kolhapur_Tomato.csv
Maharashtra,Kolhapur,Vadgaonpeth,Vegetables,Tomato,Local,Local,800.0,1800.0,1200.0,Rs./Quintal,5.0,Metric Tonnes,2026-08-09,Daily_Price_Arrival_Report-07-11-2025_to_25-09-2026_for_Sangli_Kolhapur_Tomato.csv
Maharashtra,Kolhapur,Vadgaonpeth,Vegetables,Tomato,Local,Local,900.0,1500.0,1200.0,Rs./Quintal,6.0,Metric Tonnes,2026-08-11,Daily_Price_Arrival_Report-07-11-2025_to_25-09-2026_for_Sangli_Kolhapur_Tomato.csv
Maharashtra,Kolhapur,Vadgaonpeth,Vegetables,Tomato,Local,Local,800.0,1800.0,1100.0,Rs./Quintal,5.0,Metric Tonnes,2026-08-12,Daily_Price_Arrival_Report-07-11-2025_to_25-09-2026_for_Sangli_Kolhapur_Tomato.csv
Maharashtra,Kolhapur,Vadgaonpeth,Vegetables,Tomato,Local,Local,800.0,1700.0,1000.0,Rs./Quintal,6.5,Metric Tonnes,2026-08-13,Daily_Price_Arrival_Report-07-11-2025_to_25-09-2026_for_Sangli_Kolhapur_Tomato.csv
Maharashtra,Kolhapur,Vadgaonpeth,Vegetables,Tomato,Local,Local,700.0,1500.0,1000.0,Rs./Quintal,4.5,Metric Tonnes,2026-08-14,Daily_Price_Arrival_Report-07-11-2025_to_25-09-2026_for_Sangli_Kolhapur_Tomato.csv
Maharashtra,Kolhapur,Vadgaonpeth,Vegetables,Tomato,Local,Local,900.0,1800.0,1200.0,Rs./Quintal,6.0,Metric Tonnes,2026-08-16,Daily_Price_Arrival_Report-07-11-2025_to_25-09-2026_for_Sangli_Kolhapur_Tomato.csv
Maharashtra,Kolhapur,Vadgaonpeth,Vegetables,Tomato,Local,Local,800.0,1800.0,1200.0,Rs./Quintal,6.0,Metric Tonnes,2026-08-18,Daily_Price_Arrival_Report-07-11-2025_to_25-09-2026_for_Sangli_Kolhapur_Tomato.csv
Maharashtra,Kolhapur,Vadgaonpeth,Vegetables,Tomato,Local,Local,1000.0,1800.0,1400.0,Rs./Quintal,6.0,Metric Tonnes,2026-08-20,Daily_Price_Arrival_Report-07-11-2025_to_25-09-2026_for_Sangli_Kolhapur_Tomato.csv
Maharashtra,Kolhapur,Vadgaonpeth,Vegetables,Tomato,Local,Local,700.0,1300.0,1000.0,Rs./Quintal,6.0,Metric Tonnes,2026-08-21,Daily_Price_Arrival_Report-07-11-2025_to_25-09-2026_for_Sangli_Kolhapur_Tomato.csv
Maharashtra,Kolhapur,Vadgaonpeth,Vegetables,Tomato,Local,Local,600.0,1000.0,700.0,Rs./Quintal,5.0,Metric Tonnes,2026-08-22,Daily_Price_Arrival_Report-07-11-2025_to_25-09-2026_for_Sangli_Kolhapur_Tomato.csv
Maharashtra,Kolhapur,Vadgaonpeth,Vegetables,Tomato,Local,Local,900.0,1600.0,1200.0,Rs./Quintal,6.0,Metric Tonnes,2026-08-23,Daily_Price_Arrival_Report-07-11-2025_to_25-09-2026_for_Sangli_Kolhapur_Tomato.csv
Maharashtra,Kolhapur,Vadgaonpeth,Vegetables,Tomato,Local,Local,900.0,1500.0,1100.0,Rs./Quintal,7.5,Metric Tonnes,2026-08-26,Daily_Price_Arrival_Report-07-11-2025_to_25-09-2026_for_Sangli_Kolhapur_Tomato.csv
Maharashtra,Kolhapur,Vadgaonpeth,Vegetables,Tomato,Local,Local,900.0,1600.0,1000.0,Rs./Quintal,6.0,Metric Tonnes,2026-08-30,Daily_Price_Arrival_Report-07-11-2025_to_25-09-2026_for_Sangli_Kolhapur_Tomato.csv
Maharashtra,Kolhapur,Vadgaonpeth,Vegetables,Tomato,Local,Local,900.0,1500.0,1000.0,Rs./Quintal,5.6,Metric Tonnes,2026-09-01,Daily_Price_Arrival_Report-07-11-2025_to_25-09-2026_for_Sangli_Kolhapur_Tomato.csv
Maharashtra,Kolhapur,Vadgaonpeth,Vegetables,Tomato,Local,Local,800.0,1800.0,1200.0,Rs./Quintal,6.0,Metric Tonnes,2026-09-02,Daily_Price_Arrival_Report-07-11-2025_to_25-09-2026_for_Sangli_Kolhapur_Tomato.csv
Maharashtra,Kolhapur,Vadgaonpeth,Vegetables,Tomato,Local,Local,800.0,1400.0,1000.0,Rs./Quintal,6.5,Metric Tonnes,2026-09-03,Daily_Price_Arrival_Report-07-11-2025_to_25-09-2026_for_Sangli_Kolhapur_Tomato.csv
Maharashtra,Kolhapur,Vadgaonpeth,Vegetables,Tomato,Local,Local,1000.0,2000.0,1400.0,Rs./Quintal,17.0,Metric Tonnes,2026-09-06,Daily_Price_Arrival_Report-07-11-2025_to_25-09-2026_for_Sangli_Kolhapur_Tomato.csv
Maharashtra,Kolhapur,Vadgaonpeth,Vegetables,Tomato,Local,Local,1000.0,2500.0,1400.0,Rs./Quintal,6.5,Metric Tonnes,2026-09-11,Daily_Price_Arrival_Report-07-11-2025_to_25-09-2026_for_Sangli_Kolhapur_Tomato.csv
Maharashtra,Kolhapur,Vadgaonpeth,Vegetables,Tomato,Local,Local,1000.0,2500.0,2000.0,Rs./Quintal,7.0,Metric Tonnes,2026-09-12,Daily_Price_Arrival_Report-07-11-2025_to_25-09-2026_for_Sangli_Kolhapur_Tomato.csv
Maharashtra,Kolhapur,Vadgaonpeth,Vegetables,Tomato,Local,Local,900.0,1600.0,1300.0,Rs./Quintal,6.0,Metric Tonnes,2026-09-13,Daily_Price_Arrival_Report-07-11-2025_to_25-09-2026_for_Sangli_Kolhapur_Tomato.csv
Maharashtra,Kolhapur,Vadgaonpeth,Vegetables,Tomato,Local,Local,600.0,1500.0,1000.0,Rs./Quintal,5.5,Metric Tonnes,2026-09-16,Daily_Price_Arrival_Report-07-11-2025_to_25-09-2026_for_Sangli_Kolhapur_Tomato.csv
Maharashtra,Kolhapur,Vadgaonpeth,Vegetables,Tomato,Local,Local,1000.0,2000.0,1400.0,Rs./Quintal,7.5,Metric Tonnes,2026-09-20,Daily_Price_Arrival_Report-07-11-2025_to_25-09-2026_for_Sangli_Kolhapur_Tomato.csv
Maharashtra,Kolhapur,Vadgaonpeth,Vegetables,Tomato,Local,Local,1000.0,1500.0,1200.0,Rs./Quintal,10.5,Metric Tonnes,2026-09-22,Daily_Price_Arrival_Report-07-11-2025_to_25-09-2026_for_Sangli_Kolhapur_Tomato.csv
Maharashtra,Kolhapur,Vadgaonpeth,Vegetables,Tomato,Local,Local,800.0,1200.0,1100.0,Rs./Quintal,9.0,Metric Tonnes,2026-09-23,Daily_Price_Arrival_Report-07-11-2025_to_25-09-2026_for_Sangli_Kolhapur_Tomato.csv
Maharashtra,Kolhapur,Vadgaonpeth,Vegetables,Tomato,Local,Local,700.0,1200.0,1000.0,Rs./Quintal,5.0,Metric Tonnes,2026-09-24,Daily_Price_Arrival_Report-07-11-2025_to_25-09-2026_for_Sangli_Kolhapur_Tomato.csv
Maharashtra,Sangli,Islampur,Vegetables,Onion,Local,Local,500.0,1800.0,1100.0,Rs./Quintal,7.50,Metric Tonnes,2025-11-07,Daily_Price_Arrival_Report-07-11-2025_to_25-09-2026_for_Sangli_Kolhapur_Onion.csv
Maharashtra,Sangli,Islampur,Vegetables,Onion,Local,Local,500.0,1700.0,1200.0,Rs./Quintal,8.00,Metric Tonnes,2025-11-23,Daily_Price_Arrival_Report-07-11-2025_to_25-09-2026_for_Sangli_Kolhapur_Onion.csv
Maharashtra,Sangli,Islampur,Vegetables,Onion,Local,Local,500.0,1800.0,1200.0,Rs./Quintal,6.50,Metric Tonnes,2025-11-27,Daily_Price_Arrival_Report-07-11-2025_to_25-09-2026_for_Sangli_Kolhapur_Onion.csv
Maharashtra,Sangli,Islampur,Vegetables,Onion,Local,Local,500.0,1600.0,1100.0,Rs./Quintal,5.50,Metric Tonnes,2025-11-28,Daily_Price_Arrival_Report-07-11-2025_to_25-09-2026_for_Sangli_Kolhapur_Onion.csv
Maharashtra,Sangli,Islampur,Vegetables,Onion,Local,Local,500.0,1500.0,1000.0,Rs./Quintal,11.50,Metric Tonnes,2025-11-30,Daily_Price_Arrival_Report-07-11-2025_to_25-09-2026_for_Sangli_Kolhapur_Onion.csv
Maharashtra,Sangli,Islampur,Vegetables,Onion,Local,Local,500.0,1600.0,1100.0,Rs./Quintal,4.70,Metric Tonnes,2025-12-05,Daily_Price_Arrival_Report-07-11-2025_to_25-09-2026_for_Sangli_Kolhapur_Onion.csv
Maharashtra,Sangli,Islampur,Vegetables,Onion,Local,Local,500.0,1800.0,1200.0,Rs./Quintal,8.20,Metric Tonnes,2025-12-07,Daily_Price_Arrival_Report-07-11-2025_to_25-09-2026_for_Sangli_Kolhapur_Onion.csv
Maharashtra,Sangli,Islampur,Vegetables,Onion,Local,Local,500.0,2000.0,1300.0,Rs./Quintal,4.70,Metric Tonnes,2025-12-09,Daily_Price_Arrival_Report-07-11-2025_to_25-09-2026_for_Sangli_Kolhapur_Onion.csv
Maharashtra,Sangli,Islampur,Vegetables,Onion,Local,Local,500.0,1800.0,1100.0,Rs./Quintal,4.70,Metric Tonnes,2025-12-11,Daily_Price_Arrival_Report-07-11-2025_to_25-09-2026_for_Sangli_Kolhapur_Onion.csv
Maharashtra,Sangli,Islampur,Vegetables,Onion,Local,Local,500.0,1700.0,1100.0,Rs./Quintal,4.70,Metric Tonnes,2025-12-12,Daily_Price_Arrival_Report-07-11-2025_to_25-09-2026_for_Sangli_Kolhapur_Onion.csv
Maharashtra,Sangli,Islampur,Vegetables,Onion,Local,Local,500.0,1800.0,1200.0,Rs./Quintal,5.00,Metric Tonnes,2025-12-16,Daily_Price_Arrival_Report-07-11-2025_to_25-09-2026_for_Sangli_Kolhapur_Onion.csv
Maharashtra,Sangli,Islampur,Vegetables,Onion,Local,Local,1000.0,3500.0,2200.0,Rs./Quintal,10.70,Metric Tonnes,2025-12-19,Daily_Price_Arrival_Report-07-11-2025_to_25-09-2026_for_Sangli_Kolhapur_Onion.csv
Maharashtra,Sangli,Islampur,Vegetables,Onion,Local,Local,1000.0,2000.0,1450.0,Rs./Quintal,15.70,Metric Tonnes,2025-12-30,Daily_Price_Arrival_Report-07-11-2025_to_25-09-2026_for_Sangli_Kolhapur_Onion.csv
Maharashtra,Sangli,Islampur,Vegetables,Onion,Local,Local,500.0,1800.0,1200.0,Rs./Quintal,8.20,Metric Tonnes,2026-01-08,Daily_Price_Arrival_Report-07-11-2025_to_25-09-2026_for_Sangli_Kolhapur_Onion.csv
Maharashtra,Sangli,Islampur,Vegetables,Onion,Local,Local,500.0,1300.0,900.0,Rs./Quintal,6.70,Metric Tonnes,2026-01-09,Daily_Price_Arrival_Report-07-11-2025_to_25-09-2026_for_Sangli_Kolhapur_Onion.csv
Maharashtra,Sangli,Islampur,Vegetables,Onion,Local,Local,500.0,1800.0,1300.0,Rs./Quintal,4.00,Metric Tonnes,2026-01-18,Daily_Price_Arrival_Report-07-11-2025_to_25-09-2026_for_Sangli_Kolhapur_Onion.csv
Maharashtra,Sangli,Islampur,Vegetables,Onion,Local,Local,1000.0,2000.0,1550.0,Rs./Quintal,7.20,Metric Tonnes,2026-01-22,Daily_Price_Arrival_Report-07-11-2025_to_25-09-2026_for_Sangli_Kolhapur_Onion.csv
Maharashtra,Sangli,Islampur,Vegetables,Onion,Local,Local,1500.0,2000.0,1750.0,Rs./Quintal,52.00,Metric Tonnes,2026-01-23,Daily_Price_Arrival_Report-07-11-2025_to_25-09-2026_for_Sangli_Kolhapur_Onion.csv
Maharashtra,Sangli,Islampur,Vegetables,Onion,Local,Local,500.0,2000.0,1300.0,Rs./Quintal,23.20,Metric Tonnes,2026-01-27,Daily_Price_Arrival_Report-07-11-2025_to_25-09-2026_for_Sangli_Kolhapur_Onion.csv
Maharashtra,Sangli,Islampur,Vegetables,Onion,Local,Local,500.0,1800.0,1100.0,Rs./Quintal,13.20,Metric Tonnes,2026-01-30,Daily_Price_Arrival_Report-07-11-2025_to_25-09-2026_for_Sangli_Kolhapur_Onion.csv
Maharashtra,Sangli,Islampur,Vegetables,Onion,Local,Local,500.0,1700.0,1300.0,Rs./Quintal,7.20,Metric Tonnes,2026-02-03,Daily_Price_Arrival_Report-07-11-2025_to_25-09-2026_for_Sangli_Kolhapur_Onion.csv
Maharashtra,Sangli,Islampur,Vegetables,Onion,Local,Local,500.0,1800.0,1100.0,Rs./Quintal,10.70,Metric Tonnes,2026-02-10,Daily_Price_Arrival_Report-07-11-2025_to_25-09-2026_for_Sangli_Kolhapur_Onion.csv
Maharashtra,Sangli,Islampur,Vegetables,Onion,Local,Local,500.0,1800.0,1200.0,Rs./Quintal,3.20,Metric Tonnes,2026-02-12,Daily_Price_Arrival_Report-07-11-2025_to_25-09-2026_for_Sangli_Kolhapur_Onion.csv
Maharashtra,Sangli,Islampur,Vegetables,Onion,Local,Local,500.0,1600.0,1200.0,Rs./Quintal,5.00,Metric Tonnes,2026-02-17,Daily_Price_Arrival_Report-07-11-2025_to_25-09-2026_for_Sangli_Kolhapur_Onion.csv
Maharashtra,Sangli,Islampur,Vegetables,Onion,Local,Local,500.0,1500.0,1000.0,Rs./Quintal,11.20,Metric Tonnes,2026-02-19,Daily_Price_Arrival_Report-07-11-2025_to_25-09-2026_for_Sangli_Kolhapur_Onion.csv
Maharashtra,Sangli,Islampur,Vegetables,Onion,Local,Local,500.0,1500.0,1000.0,Rs./Quintal,6.00,Metric Tonnes,2026-02-20,Daily_Price_Arrival_Report-07-11-2025_to_25-09-2026_for_Sangli_Kolhapur_Onion.csv
Maharashtra,Sangli,Islampur,Vegetables,Onion,Local,Local,500.0,1600.0,1100.0,Rs./Quintal,5.70,Metric Tonnes,2026-02-22,Daily_Price_Arrival_Report-07-11-2025_to_25-09-2026_for_Sangli_Kolhapur_Onion.csv
Maharashtra,Sangli,Islampur,Vegetables,Onion,Local,Local,400.0,1200.0,800.0,Rs./Quintal,12.90,Metric Tonnes,2026-03-03,Daily_Price_Arrival_Report-07-11-2025_to_25-09-2026_for_Sangli_Kolhapur_Onion.csv
Maharashtra,Sangli,Islampur,Vegetables,Onion,Local,Local,600.0,1300.0,950.0,Rs./Quintal,12.10,Metric Tonnes,2026-03-05,Daily_Price_Arrival_Report-07-11-2025_to_25-09-2026_for_Sangli_Kolhapur_Onion.csv
Maharashtra,Sangli,Islampur,Vegetables,Onion,Local,Local,800.0,1400.0,1150.0,Rs./Quintal,24.50,Metric Tonnes,2026-03-10,Daily_Price_Arrival_Report-07-11-2025_to_25-09-2026_for_Sangli_Kolhapur_Onion.csv
Maharashtra,Sangli,Islampur,Vegetables,Onion,Local,Local,800.0,1300.0,1000.0,Rs./Quintal,12.90,Metric Tonnes,2026-03-12,Daily_Price_Arrival_Report-07-11-2025_to_25-09-2026_for_Sangli_Kolhapur_Onion.csv
Maharashtra,Sangli,Islampur,Vegetables,Onion,Local,Local,500.0,1400.0,1000.0,Rs./Quintal,31.40,Metric Tonnes,2026-03-15,Daily_Price_Arrival_Report-07-11-2025_to_25-09-2026_for_Sangli_Kolhapur_Onion.csv
Maharashtra,Sangli,Islampur,Vegetables,Onion,Local,Local,500.0,1400.0,950.0,Rs./Quintal,22.60,Metric Tonnes,2026-03-17,Daily_Price_Arrival_Report-07-11-2025_to_25-09-2026_for_Sangli_Kolhapur_Onion.csv
Maharashtra,Sangli,Islampur,Vegetables,Onion,Local,Local,900.0,1400.0,1100.0,Rs./Quintal,11.50,Metric Tonnes,2026-03-19,Daily_Price_Arrival_Report-07-11-2025_to_25-09-2026_for_Sangli_Kolhapur_Onion.csv
Maharashtra,Sangli,Islampur,Vegetables,Onion,Local,Local,600.0,1400.0,1000.0,Rs./Quintal,36.70,Metric Tonnes,2026-03-24,Daily_Price_Arrival_Report-07-11-2025_to_25-09-2026_for_Sangli_Kolhapur_Onion.csv
Maharashtra,Sangli,Islampur,Vegetables,Onion,Local,Local,400.0,1300.0,800.0,Rs./Quintal,41.00,Metric Tonnes,2026-03-26,Daily_Price_Arrival_Report-07-11-2025_to_25-09-2026_for_Sangli_Kolhapur_Onion.csv
Maharashtra,Sangli,Islampur,Vegetables,Onion,Local,Local,700.0,1300.0,1000.0,Rs./Quintal,13.00,Metric Tonnes,2026-03-27,Daily_Price_Arrival_Report-07-11-2025_to_25-09-2026_for_Sangli_Kolhapur_Onion.csv
Maharashtra,Sangli,Islampur,Vegetables,Onion,Local,Local,900.0,1300.0,1100.0,Rs./Quintal,24.10,Metric Tonnes,2026-03-31,Daily_Price_Arrival_Report-07-11-2025_to_25-09-2026_for_Sangli_Kolhapur_Onion.csv
Maharashtra,Sangli,Islampur,Vegetables,Onion,Local,Local,800.0,1400.0,1100.0,Rs./Quintal,34.10,Metric Tonnes,2026-04-05,Daily_Price_Arrival_Report-07-11-2025_to_25-09-2026_for_Sangli_Kolhapur_Onion.csv
Maharashtra,Sangli,Islampur,Vegetables,Onion,Local,Local,500.0,1400.0,850.0,Rs./Quintal,54.50,Metric Tonnes,2026-04-07,Daily_Price_Arrival_Report-07-11-2025_to_25-09-2026_for_Sangli_Kolhapur_Onion.csv
Maharashtra,Sangli,Islampur,Vegetables,Onion,Local,Local,900.0,1300.0,1100.0,Rs./Quintal,32.30,Metric Tonnes,2026-04-10,Daily_Price_Arrival_Report-07-11-2025_to_25-09-2026_for_Sangli_Kolhapur_Onion.csv
Maharashtra,Sangli,Islampur,Vegetables,Onion,Local,Local,900.0,1300.0,1150.0,Rs./Quintal,20.80,Metric Tonnes,2026-04-12,Daily_Price_Arrival_Report-07-11-2025_to_25-09-2026_for_Sangli_Kolhapur_Onion.csv
Maharashtra,Sangli,Islampur,Vegetables,Onion,Local,Local,900.0,1300.0,1100.0,Rs./Quintal,21.70,Metric Tonnes,2026-04-14,Daily_Price_Arrival_Report-07-11-2025_to_25-09-2026_for_Sangli_Kolhapur_Onion.csv
Maharashtra,Sangli,Islampur,Vegetables,Onion,Local,Local,700.0,1400.0,1000.0,Rs./Quintal,26.80,Metric Tonnes,2026-04-16,Daily_Price_Arrival_Report-07-11-2025_to_25-09-2026_for_Sangli_Kolhapur_Onion.csv
Maharashtra,Sangli,Islampur,Vegetables,Onion,Local,Local,500.0,1200.0,850.0,Rs./Quintal,22.40,Metric Tonnes,2026-04-19,Daily_Price_Arrival_Report-07-11-2025_to_25-09-2026_for_Sangli_Kolhapur_Onion.csv
Maharashtra,Sangli,Islampur,Vegetables,Onion,Local,Local,900.0,1300.0,1100.0,Rs./Quintal,11.80,Metric Tonnes,2026-04-21,Daily_Price_Arrival_Report-07-11-2025_to_25-09-2026_for_Sangli_Kolhapur_Onion.csv
Maharashtra,Sangli,Islampur,Vegetables,Onion,Local,Local,700.0,1000.0,850.0,Rs./Quintal,22.90,Metric Tonnes,2026-04-23,Daily_Price_Arrival_Report-07-11-2025_to_25-09-2026_for_Sangli_Kolhapur_Onion.csv
Maharashtra,Sangli,Islampur,Vegetables,Onion,Local,Local,1000.0,2300.0,1650.0,Rs./Quintal,4.00,Metric Tonnes,2026-07-17,Daily_Price_Arrival_Report-07-11-2025_to_25-09-2026_for_Sangli_Kolhapur_Onion.csv
Maharashtra,Sangli,Islampur,Vegetables,Onion,Local,Local,1000.0,2500.0,1750.0,Rs./Quintal,6.50,Metric Tonnes,2026-07-23,Daily_Price_Arrival_Report-07-11-2025_to_25-09-2026_for_Sangli_Kolhapur_Onion.csv
Maharashtra,Sangli,Islampur,Vegetables,Onion,Local,Local,1000.0,2500.0,1750.0,Rs./Quintal,7.50,Metric Tonnes,2026-07-28,Daily_Price_Arrival_Report-07-11-2025_to_25-09-2026_for_Sangli_Kolhapur_Onion.csv
Maharashtra,Sangli,Islampur,Vegetables,Onion,Local,Local,1000.0,2500.0,1750.0,Rs./Quintal,4.00,Metric Tonnes,2026-07-30,Daily_Price_Arrival_Report-07-11-2025_to_25-09-2026_for_Sangli_Kolhapur_Onion.csv
Maharashtra,Sangli,Islampur,Vegetables,Onion,Local,Local,1000.0,2500.0,1750.0,Rs./Quintal,4.00,Metric Tonnes,2026-08-02,Daily_Price_Arrival_Report-07-11-2025_to_25-09-2026_for_Sangli_Kolhapur_Onion.csv
Maharashtra,Sangli,Islampur,Vegetables,Onion,Local,Local,1500.0,2700.0,2000.0,Rs./Quintal,4.50,Metric Tonnes,2026-08-04,Daily_Price_Arrival_Report-07-11-2025_to_25-09-2026_for_Sangli_Kolhapur_Onion.csv
Maharashtra,Sangli,Islampur,Vegetables,Onion,Local,Local,1400.0,2700.0,2000.0,Rs./Quintal,8.70,Metric Tonnes,2026-08-06,Daily_Price_Arrival_Report-07-11-2025_to_25-09-2026_for_Sangli_Kolhapur_Onion.csv
Maharashtra,Sangli,Islampur,Vegetables,Onion,Local,Local,1500.0,2800.0,2100.0,Rs./Quintal,3.50,Metric Tonnes,2026-08-09,Daily_Price_Arrival_Report-07-11-2025_to_25-09-2026_for_Sangli_Kolhapur_Onion.csv
Maharashtra,Sangli,Islampur,Vegetables,Onion,Local,Local,1500.0,2800.0,2000.0,Rs./Quintal,7.50,Metric Tonnes,2026-08-13,Daily_Price_Arrival_Report-07-11-2025_to_25-09-2026_for_Sangli_Kolhapur_Onion.csv
Maharashtra,Sangli,Islampur,Vegetables,Onion,Local,Local,1800.0,4500.0,2500.0,Rs./Quintal,3.50,Metric Tonnes,2026-08-20,Daily_Price_Arrival_Report-07-11-2025_to_25-09-2026_for_Sangli_Kolhapur_Onion.csv
Maharashtra,Sangli,Islampur,Vegetables,Onion,Local,Local,1000.0,4000.0,2200.0,Rs./Quintal,2.50,Metric Tonnes,2026-08-23,Daily_Price_Arrival_Report-07-11-2025_to_25-09-2026_for_Sangli_Kolhapur_Onion.csv
Maharashtra,Sangli,Islampur,Vegetables,Onion,Local,Local,2000.0,4000.0,2600.0,Rs./Quintal,6.00,Metric Tonnes,2026-08-25,Daily_Price_Arrival_Report-07-11-2025_to_25-09-2026_for_Sangli_Kolhapur_Onion.csv
Maharashtra,Sangli,Islampur,Vegetables,Onion,Local,Local,2000.0,4300.0,3200.0,Rs./Quintal,3.50,Metric Tonnes,2026-08-27,Daily_Price_Arrival_Report-07-11-2025_to_25-09-2026_for_Sangli_Kolhapur_Onion.csv
Maharashtra,Sangli,Islampur,Vegetables,Onion,Local,Local,3500.0,5000.0,4350.0,Rs./Quintal,0.40,Metric Tonnes,2026-09-06,Daily_Price_Arrival_Report-07-11-2025_to_25-09-2026_for_Sangli_Kolhapur_Onion.csv
Maharashtra,Sangli,Islampur,Vegetables,Onion,Local,Local,2500.0,5300.0,3700.0,Rs./Quintal,2.00,Metric Tonnes,2026-09-10,Daily_Price_Arrival_Report-07-11-2025_to_25-09-2026_for_Sangli_Kolhapur_Onion.csv
Maharashtra,Sangli,Islampur,Vegetables,Onion,Local,Local,2500.0,5000.0,4000.0,Rs./Quintal,4.60,Metric Tonnes,2026-09-17,Daily_Price_Arrival_Report-07-11-2025_to_25-09-2026_for_Sangli_Kolhapur_Onion.csv
Maharashtra,Sangli,Islampur,Vegetables,Onion,Local,Local,3000.0,5500.0,4000.0,Rs./Quintal,2.60,Metric Tonnes,2026-09-18,Daily_Price_Arrival_Report-07-11-2025_to_25-09-2026_for_Sangli_Kolhapur_Onion.csv
Maharashtra,Sangli,Islampur,Vegetables,Onion,Local,Local,3000.0,5000.0,4500.0,Rs./Quintal,2.00,Metric Tonnes,2026-09-24,Daily_Price_Arrival_Report-07-11-2025_to_25-09-2026_for_Sangli_Kolhapur_Onion.csv
Maharashtra,Sangli,Islampur,Vegetables,Tomato,Other,Local,1000.0,2000.0,1450.0,Rs./Quintal,12.6,Metric Tonnes,2025-11-07,Daily_Price_Arrival_Report-07-11-2025_to_25-09-2026_for_Sangli_Kolhapur_Tomato.csv
Maharashtra,Sangli,Islampur,Vegetables,Tomato,Other,Local,2500.0,3000.0,2750.0,Rs./Quintal,5.4,Metric Tonnes,2025-11-23,Daily_Price_Arrival_Report-07-11-2025_to_25-09-2026_for_Sangli_Kolhapur_Tomato.csv
Maharashtra,Sangli,Islampur,Vegetables,Tomato,Other,Local,2500.0,3500.0,3000.0,Rs./Quintal,5.6,Metric Tonnes,2025-11-27,Daily_Price_Arrival_Report-07-11-2025_to_25-09-2026_for_Sangli_Kolhapur_Tomato.csv
Maharashtra,Sangli,Islampur,Vegetables,Tomato,Other,Local,1000.0,2000.0,1450.0,Rs./Quintal,9.0,Metric Tonnes,2025-11-28,Daily_Price_Arrival_Report-07-11-2025_to_25-09-2026_for_Sangli_Kolhapur_Tomato.csv
Maharashtra,Sangli,Islampur,Vegetables,Tomato,Other,Local,1000.0,2000.0,1450.0,Rs./Quintal,5.8,Metric Tonnes,2025-11-30,Daily_Price_Arrival_Report-07-11-2025_to_25-09-2026_for_Sangli_Kolhapur_Tomato.csv
Maharashtra,Sangli,Islampur,Vegetables,Tomato,Other,Local,1000.0,2000.0,1450.0,Rs./Quintal,4.2,Metric Tonnes,2025-12-02,Daily_Price_Arrival_Report-07-11-2025_to_25-09-2026_for_Sangli_Kolhapur_Tomato.csv
Maharashtra,Sangli,Islampur,Vegetables,Tomato,Other,Local,2000.0,2500.0,2250.0,Rs./Quintal,6.1,Metric Tonnes,2025-12-04,Daily_Price_Arrival_Report-07-11-2025_to_25-09-2026_for_Sangli_Kolhapur_Tomato.csv
Maharashtra,Sangli,Islampur,Vegetables,Tomato,Other,Local,2000.0,2500.0,2250.0,Rs./Quintal,7.8,Metric Tonnes,2025-12-05,Daily_Price_Arrival_Report-07-11-2025_to_25-09-2026_for_Sangli_Kolhapur_Tomato.csv
Maharashtra,Sangli,Islampur,Vegetables,Tomato,Other,Local,2000.0,3000.0,2550.0,Rs./Quintal,4.4,Metric Tonnes,2025-12-07,Daily_Price_Arrival_Report-07-11-2025_to_25-09-2026_for_Sangli_Kolhapur_Tomato.csv
Maharashtra,Sangli,Islampur,Vegetables,Tomato,Other,Local,2000.0,3000.0,2550.0,Rs./Quintal,8.4,Metric Tonnes,2025-12-09,Daily_Price_Arrival_Report-07-11-2025_to_25-09-2026_for_Sangli_Kolhapur_Tomato.csv
Maharashtra,Sangli,Islampur,Vegetables,Tomato,Other,Local,2000.0,2500.0,2250.0,Rs./Quintal,4.8,Metric Tonnes,2025-12-11,Daily_Price_Arrival_Report-07-11-2025_to_25-09-2026_for_Sangli_Kolhapur_Tomato.csv
Maharashtra,Sangli,Islampur,Vegetables,Tomato,Other,Local,2000.0,3000.0,2500.0,Rs./Quintal,11.2,Metric Tonnes,2025-12-12,Daily_Price_Arrival_Report-07-11-2025_to_25-09-2026_for_Sangli_Kolhapur_Tomato.csv
Maharashtra,Sangli,Islampur,Vegetables,Tomato,Other,Local,2000.0,2800.0,2450.0,Rs./Quintal,8.9,Metric Tonnes,2025-12-14,Daily_Price_Arrival_Report-07-11-2025_to_25-09-2026_for_Sangli_Kolhapur_Tomato.csv
Maharashtra,Sangli,Islampur,Vegetables,Tomato,Other,Local,3000.0,4000.0,3550.0,Rs./Quintal,12.1,Metric Tonnes,2025-12-16,Daily_Price_Arrival_Report-07-11-2025_to_25-09-2026_for_Sangli_Kolhapur_Tomato.csv
Maharashtra,Sangli,Islampur,Vegetables,Tomato,Other,Local,3200.0,4200.0,3700.0,Rs./Quintal,8.9,Metric Tonnes,2025-12-19,Daily_Price_Arrival_Report-07-11-2025_to_25-09-2026_for_Sangli_Kolhapur_Tomato.csv
Maharashtra,Sangli,Islampur,Vegetables,Tomato,Other,Local,2500.0,3500.0,3000.0,Rs./Quintal,6.0,Metric Tonnes,2025-12-30,Daily_Price_Arrival_Report-07-11-2025_to_25-09-2026_for_Sangli_Kolhapur_Tomato.csv
Maharashtra,Sangli,Islampur,Vegetables,Tomato,Other,Local,2000.0,3500.0,2750.0,Rs./Quintal,2.2,Metric Tonnes,2026-01-02,Daily_Price_Arrival_Report-07-11-2025_to_25-09-2026_for_Sangli_Kolhapur_Tomato.csv
Maharashtra,Sangli,Islampur,Vegetables,Tomato,Other,Local,1500.0,2500.0,2000.0,Rs./Quintal,4.2,Metric Tonnes,2026-01-06,Daily_Price_Arrival_Report-07-11-2025_to_25-09-2026_for_Sangli_Kolhapur_Tomato.csv
Maharashtra,Sangli,Islampur,Vegetables,Tomato,Other,Local,1500.0,2500.0,2000.0,Rs./Quintal,5.4,Metric Tonnes,2026-01-08,Daily_Price_Arrival_Report-07-11-2025_to_25-09-2026_for_Sangli_Kolhapur_Tomato.csv
Maharashtra,Sangli,Islampur,Vegetables,Tomato,Other,Local,2000.0,2500.0,2250.0,Rs./Quintal,5.9,Metric Tonnes,2026-01-09,Daily_Price_Arrival_Report-07-11-2025_to_25-09-2026_for_Sangli_Kolhapur_Tomato.csv
Maharashtra,Sangli,Islampur,Vegetables,Tomato,Other,Local,1500.0,2000.0,1750.0,Rs./Quintal,8.2,Metric Tonnes,2026-01-18,Daily_Price_Arrival_Report-07-11-2025_to_25-09-2026_for_Sangli_Kolhapur_Tomato.csv
Maharashtra,Sangli,Islampur,Vegetables,Tomato,Other,Local,1500.0,2000.0,1700.0,Rs./Quintal,6.3,Metric Tonnes,2026-01-22,Daily_Price_Arrival_Report-07-11-2025_to_25-09-2026_for_Sangli_Kolhapur_Tomato.csv
Maharashtra,Sangli,Islampur,Vegetables,Tomato,Other,Local,1500.0,1800.0,1650.0,Rs./Quintal,7.8,Metric Tonnes,2026-01-23,Daily_Price_Arrival_Report-07-11-2025_to_25-09-2026_for_Sangli_Kolhapur_Tomato.csv
Maharashtra,Sangli,Islampur,Vegetables,Tomato,Other,Local,1000.0,1500.0,1250.0,Rs./Quintal,7.6,Metric Tonnes,2026-01-27,Daily_Price_Arrival_Report-07-11-2025_to_25-09-2026_for_Sangli_Kolhapur_Tomato.csv
Maharashtra,Sangli,Islampur,Vegetables,Tomato,Other,Local,1000.0,1500.0,1250.0,Rs./Quintal,6.4,Metric Tonnes,2026-01-30,Daily_Price_Arrival_Report-07-11-2025_to_25-09-2026_for_Sangli_Kolhapur_Tomato.csv
Maharashtra,Sangli,Islampur,Vegetables,Tomato,Other,Local,500.0,1000.0,750.0,Rs./Quintal,10.8,Metric Tonnes,2026-02-03,Daily_Price_Arrival_Report-07-11-2025_to_25-09-2026_for_Sangli_Kolhapur_Tomato.csv
Maharashtra,Sangli,Islampur,Vegetables,Tomato,Other,Local,1000.0,1500.0,1250.0,Rs./Quintal,10.0,Metric Tonnes,2026-02-10,Daily_Price_Arrival_Report-07-11-2025_to_25-09-2026_for_Sangli_Kolhapur_Tomato.csv
Maharashtra,Sangli,Islampur,Vegetables,Tomato,Other,Local,1000.0,1500.0,1250.0,Rs./Quintal,5.5,Metric Tonnes,2026-02-12,Daily_Price_Arrival_Report-07-11-2025_to_25-09-2026_for_Sangli_Kolhapur_Tomato.csv
Maharashtra,Sangli,Islampur,Vegetables,Tomato,Other,Local,1000.0,1500.0,1250.0,Rs./Quintal,8.6,Metric Tonnes,2026-02-17,Daily_Price_Arrival_Report-07-11-2025_to_25-09-2026_for_Sangli_Kolhapur_Tomato.csv
Maharashtra,Sangli,Islampur,Vegetables,Tomato,Other,Local,1000.0,1500.0,1250.0,Rs./Quintal,6.2,Metric Tonnes,2026-02-19,Daily_Price_Arrival_Report-07-11-2025_to_25-09-2026_for_Sangli_Kolhapur_Tomato.csv
Maharashtra,Sangli,Islampur,Vegetables,Tomato,Other,Local,1000.0,1500.0,1250.0,Rs./Quintal,10.2,Metric Tonnes,2026-02-20,Daily_Price_Arrival_Report-07-11-2025_to_25-09-2026_for_Sangli_Kolhapur_Tomato.csv
Maharashtra,Sangli,Islampur,Vegetables,Tomato,Other,Local,1000.0,1500.0,1250.0,Rs./Quintal,7.2,Metric Tonnes,2026-02-22,Daily_Price_Arrival_Report-07-11-2025_to_25-09-2026_for_Sangli_Kolhapur_Tomato.csv
Maharashtra,Sangli,Islampur,Vegetables,Tomato,Other,Local,1000.0,1500.0,1250.0,Rs./Quintal,8.9,Metric Tonnes,2026-02-24,Daily_Price_Arrival_Report-07-11-2025_to_25-09-2026_for_Sangli_Kolhapur_Tomato.csv
Maharashtra,Sangli,Islampur,Vegetables,Tomato,Other,Local,1000.0,1500.0,1250.0,Rs./Quintal,2.6,Metric Tonnes,2026-03-03,Daily_Price_Arrival_Report-07-11-2025_to_25-09-2026_for_Sangli_Kolhapur_Tomato.csv
Maharashtra,Sangli,Islampur,Vegetables,Tomato,Other,Local,1500.0,2000.0,1750.0,Rs./Quintal,2.6,Metric Tonnes,2026-03-05,Daily_Price_Arrival_Report-07-11-2025_to_25-09-2026_for_Sangli_Kolhapur_Tomato.csv
Maharashtra,Sangli,Islampur,Vegetables,Tomato,Other,Local,1000.0,2000.0,1550.0,Rs./Quintal,2.9,Metric Tonnes,2026-03-06,Daily_Price_Arrival_Report-07-11-2025_to_25-09-2026_for_Sangli_Kolhapur_Tomato.csv
Maharashtra,Sangli,Islampur,Vegetables,Tomato,Other,Local,1000.0,2000.0,1450.0,Rs./Quintal,7.1,Metric Tonnes,2026-03-12,Daily_Price_Arrival_Report-07-11-2025_to_25-09-2026_for_Sangli_Kolhapur_Tomato.csv
Maharashtra,Sangli,Islampur,Vegetables,Tomato,Other,Local,1000.0,2000.0,1550.0,Rs./Quintal,6.4,Metric Tonnes,2026-03-13,Daily_Price_Arrival_Report-07-11-2025_to_25-09-2026_for_Sangli_Kolhapur_Tomato.csv
Maharashtra,Sangli,Islampur,Vegetables,Tomato,Other,Local,1000.0,2000.0,1550.0,Rs./Quintal,5.4,Metric Tonnes,2026-03-15,Daily_Price_Arrival_Report-07-11-2025_to_25-09-2026_for_Sangli_Kolhapur_Tomato.csv
Maharashtra,Sangli,Islampur,Vegetables,Tomato,Other,Local,1000.0,2000.0,1550.0,Rs./Quintal,7.8,Metric Tonnes,2026-03-17,Daily_Price_Arrival_Report-07-11-2025_to_25-09-2026_for_Sangli_Kolhapur_Tomato.csv
Maharashtra,Sangli,Islampur,Vegetables,Tomato,Other,Local,1000.0,1500.0,1350.0,Rs./Quintal,5.9,Metric Tonnes,2026-03-19,Daily_Price_Arrival_Report-07-11-2025_to_25-09-2026_for_Sangli_Kolhapur_Tomato.csv
Maharashtra,Sangli,Islampur,Vegetables,Tomato,Other,Local,1000.0,1500.0,1200.0,Rs./Quintal,6.4,Metric Tonnes,2026-03-24,Daily_Price_Arrival_Report-07-11-2025_to_25-09-2026_for_Sangli_Kolhapur_Tomato.csv
Maharashtra,Sangli,Islampur,Vegetables,Tomato,Other,Local,1500.0,2000.0,1750.0,Rs./Quintal,7.6,Metric Tonnes,2026-03-26,Daily_Price_Arrival_Report-07-11-2025_to_25-09-2026_for_Sangli_Kolhapur_Tomato.csv
Maharashtra,Sangli,Islampur,Vegetables,Tomato,Other,Local,1500.0,2000.0,1750.0,Rs./Quintal,6.1,Metric Tonnes,2026-03-27,Daily_Price_Arrival_Report-07-11-2025_to_25-09-2026_for_Sangli_Kolhapur_Tomato.csv
Maharashtra,Sangli,Islampur,Vegetables,Tomato,Other,Local,1000.0,1500.0,1250.0,Rs./Quintal,7.2,Metric Tonnes,2026-03-29,Daily_Price_Arrival_Report-07-11-2025_to_25-09-2026_for_Sangli_Kolhapur_Tomato.csv
Maharashtra,Sangli,Islampur,Vegetables,Tomato,Other,Local,1000.0,1800.0,1450.0,Rs./Quintal,3.6,Metric Tonnes,2026-03-31,Daily_Price_Arrival_Report-07-11-2025_to_25-09-2026_for_Sangli_Kolhapur_Tomato.csv
Maharashtra,Sangli,Islampur,Vegetables,Tomato,Other,Local,1000.0,1500.0,1200.0,Rs./Quintal,6.6,Metric Tonnes,2026-04-03,Daily_Price_Arrival_Report-07-11-2025_to_25-09-2026_for_Sangli_Kolhapur_Tomato.csv
Maharashtra,Sangli,Islampur,Vegetables,Tomato,Other,Local,1000.0,1500.0,1250.0,Rs./Quintal,5.5,Metric Tonnes,2026-04-05,Daily_Price_Arrival_Report-07-11-2025_to_25-09-2026_for_Sangli_Kolhapur_Tomato.csv
Maharashtra,Sangli,Islampur,Vegetables,Tomato,Other,Local,1000.0,1500.0,1250.0,Rs./Quintal,4.6,Metric Tonnes,2026-04-07,Daily_Price_Arrival_Report-07-11-2025_to_25-09-2026_for_Sangli_Kolhapur_Tomato.csv
Maharashtra,Sangli,Islampur,Vegetables,Tomato,Other,Local,1000.0,1500.0,1250.0,Rs./Quintal,2.9,Metric Tonnes,2026-04-09,Daily_Price_Arrival_Report-07-11-2025_to_25-09-2026_for_Sangli_Kolhapur_Tomato.csv
Maharashtra,Sangli,Islampur,Vegetables,Tomato,Other,Local,1000.0,1500.0,1250.0,Rs./Quintal,3.3,Metric Tonnes,2026-04-10,Daily_Price_Arrival_Report-07-11-2025_to_25-09-2026_for_Sangli_Kolhapur_Tomato.csv
Maharashtra,Sangli,Islampur,Vegetables,Tomato,Other,Local,1000.0,1500.0,1250.0,Rs./Quintal,4.7,Metric Tonnes,2026-04-12,Daily_Price_Arrival_Report-07-11-2025_to_25-09-2026_for_Sangli_Kolhapur_Tomato.csv
Maharashtra,Sangli,Islampur,Vegetables,Tomato,Other,Local,1000.0,2500.0,1750.0,Rs./Quintal,6.4,Metric Tonnes,2026-04-14,Daily_Price_Arrival_Report-07-11-2025_to_25-09-2026_for_Sangli_Kolhapur_Tomato.csv
Maharashtra,Sangli,Islampur,Vegetables,Tomato,Other,Local,1000.0,2000.0,1550.0,Rs./Quintal,4.6,Metric Tonnes,2026-04-16,Daily_Price_Arrival_Report-07-11-2025_to_25-09-2026_for_Sangli_Kolhapur_Tomato.csv
Maharashtra,Sangli,Islampur,Vegetables,Tomato,Other,Local,1000.0,2000.0,1500.0,Rs./Quintal,6.7,Metric Tonnes,2026-04-17,Daily_Price_Arrival_Report-07-11-2025_to_25-09-2026_for_Sangli_Kolhapur_Tomato.csv
Maharashtra,Sangli,Islampur,Vegetables,Tomato,Other,Local,1000.0,1500.0,1250.0,Rs./Quintal,5.5,Metric Tonnes,2026-04-19,Daily_Price_Arrival_Report-07-11-2025_to_25-09-2026_for_Sangli_Kolhapur_Tomato.csv
Maharashtra,Sangli,Islampur,Vegetables,Tomato,Other,Local,1000.0,2000.0,1550.0,Rs./Quintal,7.8,Metric Tonnes,2026-04-21,Daily_Price_Arrival_Report-07-11-2025_to_25-09-2026_for_Sangli_Kolhapur_Tomato.csv
Maharashtra,Sangli,Islampur,Vegetables,Tomato,Other,Local,1000.0,1500.0,1250.0,Rs./Quintal,4.9,Metric Tonnes,2026-04-23,Daily_Price_Arrival_Report-07-11-2025_to_25-09-2026_for_Sangli_Kolhapur_Tomato.csv
Maharashtra,Sangli,Islampur,Vegetables,Tomato,Other,Local,1000.0,2000.0,1550.0,Rs./Quintal,5.8,Metric Tonnes,2026-04-26,Daily_Price_Arrival_Report-07-11-2025_to_25-09-2026_for_Sangli_Kolhapur_Tomato.csv
Maharashtra,Sangli,Islampur,Vegetables,Tomato,Other,Local,2000.0,2500.0,2250.0,Rs./Quintal,9.6,Metric Tonnes,2026-05-01,Daily_Price_Arrival_Report-07-11-2025_to_25-09-2026_for_Sangli_Kolhapur_Tomato.csv
Maharashtra,Sangli,Islampur,Vegetables,Tomato,Other,Local,1000.0,2000.0,1550.0,Rs./Quintal,5.8,Metric Tonnes,2026-05-03,Daily_Price_Arrival_Report-07-11-2025_to_25-09-2026_for_Sangli_Kolhapur_Tomato.csv
Maharashtra,Sangli,Islampur,Vegetables,Tomato,Other,Local,1500.0,2500.0,2000.0,Rs./Quintal,11.3,Metric Tonnes,2026-05-05,Daily_Price_Arrival_Report-07-11-2025_to_25-09-2026_for_Sangli_Kolhapur_Tomato.csv
Maharashtra,Sangli,Islampur,Vegetables,Tomato,Other,Local,1000.0,2000.0,1550.0,Rs./Quintal,6.0,Metric Tonnes,2026-05-07,Daily_Price_Arrival_Report-07-11-2025_to_25-09-2026_for_Sangli_Kolhapur_Tomato.csv
Maharashtra,Sangli,Islampur,Vegetables,Tomato,Other,Local,1000.0,2000.0,1550.0,Rs./Quintal,14.4,Metric Tonnes,2026-05-08,Daily_Price_Arrival_Report-07-11-2025_to_25-09-2026_for_Sangli_Kolhapur_Tomato.csv
Maharashtra,Sangli,Islampur,Vegetables,Tomato,Other,Local,1400.0,2500.0,2000.0,Rs./Quintal,6.2,Metric Tonnes,2026-05-10,Daily_Price_Arrival_Report-07-11-2025_to_25-09-2026_for_Sangli_Kolhapur_Tomato.csv
Maharashtra,Sangli,Islampur,Vegetables,Tomato,Other,Local,2000.0,2500.0,2250.0,Rs./Quintal,10.5,Metric Tonnes,2026-05-12,Daily_Price_Arrival_Report-07-11-2025_to_25-09-2026_for_Sangli_Kolhapur_Tomato.csv
Maharashtra,Sangli,Islampur,Vegetables,Tomato,Other,Local,1500.0,2000.0,1700.0,Rs./Quintal,3.7,Metric Tonnes,2026-05-15,Daily_Price_Arrival_Report-07-11-2025_to_25-09-2026_for_Sangli_Kolhapur_Tomato.csv
Maharashtra,Sangli,Islampur,Vegetables,Tomato,Other,Local,1000.0,2000.0,1550.0,Rs./Quintal,5.8,Metric Tonnes,2026-05-17,Daily_Price_Arrival_Report-07-11-2025_to_25-09-2026_for_Sangli_Kolhapur_Tomato.csv
Maharashtra,Sangli,Islampur,Vegetables,Tomato,Other,Local,1000.0,1500.0,1250.0,Rs./Quintal,4.1,Metric Tonnes,2026-05-19,Daily_Price_Arrival_Report-07-11-2025_to_25-09-2026_for_Sangli_Kolhapur_Tomato.csv
Maharashtra,Sangli,Islampur,Vegetables,Tomato,Other,Local,2000.0,2500.0,2250.0,Rs./Quintal,6.2,Metric Tonnes,2026-05-21,Daily_Price_Arrival_Report-07-11-2025_to_25-09-2026_for_Sangli_Kolhapur_Tomato.csv
Maharashtra,Sangli,Islampur,Vegetables,Tomato,Other,Local,1500.0,2000.0,1700.0,Rs./Quintal,3.9,Metric Tonnes,2026-05-24,Daily_Price_Arrival_Report-07-11-2025_to_25-09-2026_for_Sangli_Kolhapur_Tomato.csv
Maharashtra,Sangli,Islampur,Vegetables,Tomato,Other,Local,3000.0,3500.0,3250.0,Rs./Quintal,6.8,Metric Tonnes,2026-05-26,Daily_Price_Arrival_Report-07-11-2025_to_25-09-2026_for_Sangli_Kolhapur_Tomato.csv
Maharashtra,Sangli,Islampur,Vegetables,Tomato,Other,Local,3000.0,4000.0,3550.0,Rs./Quintal,3.4,Metric Tonnes,2026-05-28,Daily_Price_Arrival_Report-07-11-2025_to_25-09-2026_for_Sangli_Kolhapur_Tomato.csv
Maharashtra,Sangli,Islampur,Vegetables,Tomato,Other,Local,2500.0,3500.0,3000.0,Rs./Quintal,4.5,Metric Tonnes,2026-05-29,Daily_Price_Arrival_Report-07-11-2025_to_25-09-2026_for_Sangli_Kolhapur_Tomato.csv
Maharashtra,Sangli,Islampur,Vegetables,Tomato,Other,Local,3000.0,4000.0,3550.0,Rs./Quintal,9.2,Metric Tonnes,2026-06-02,Daily_Price_Arrival_Report-07-11-2025_to_25-09-2026_for_Sangli_Kolhapur_Tomato.csv
Maharashtra,Sangli,Islampur,Vegetables,Tomato,Other,Local,3000.0,4000.0,3550.0,Rs./Quintal,4.8,Metric Tonnes,2026-06-04,Daily_Price_Arrival_Report-07-11-2025_to_25-09-2026_for_Sangli_Kolhapur_Tomato.csv
Maharashtra,Sangli,Islampur,Vegetables,Tomato,Other,Local,2500.0,3000.0,2750.0,Rs./Quintal,7.7,Metric Tonnes,2026-06-05,Daily_Price_Arrival_Report-07-11-2025_to_25-09-2026_for_Sangli_Kolhapur_Tomato.csv
Maharashtra,Sangli,Islampur,Vegetables,Tomato,Other,Local,2000.0,3000.0,2550.0,Rs./Quintal,7.6,Metric Tonnes,2026-06-07,Daily_Price_Arrival_Report-07-11-2025_to_25-09-2026_for_Sangli_Kolhapur_Tomato.csv
Maharashtra,Sangli,Islampur,Vegetables,Tomato,Other,Local,2000.0,2500.0,2200.0,Rs./Quintal,10.6,Metric Tonnes,2026-06-09,Daily_Price_Arrival_Report-07-11-2025_to_25-09-2026_for_Sangli_Kolhapur_Tomato.csv
Maharashtra,Sangli,Islampur,Vegetables,Tomato,Other,Local,2000.0,2500.0,2250.0,Rs./Quintal,6.2,Metric Tonnes,2026-06-11,Daily_Price_Arrival_Report-07-11-2025_to_25-09-2026_for_Sangli_Kolhapur_Tomato.csv
Maharashtra,Sangli,Islampur,Vegetables,Tomato,Other,Local,3000.0,4000.0,3550.0,Rs./Quintal,6.9,Metric Tonnes,2026-06-12,Daily_Price_Arrival_Report-07-11-2025_to_25-09-2026_for_Sangli_Kolhapur_Tomato.csv
Maharashtra,Sangli,Islampur,Vegetables,Tomato,Other,Local,3000.0,4000.0,3550.0,Rs./Quintal,8.1,Metric Tonnes,2026-06-14,Daily_Price_Arrival_Report-07-11-2025_to_25-09-2026_for_Sangli_Kolhapur_Tomato.csv
Maharashtra,Sangli,Islampur,Vegetables,Tomato,Other,Local,2000.0,3000.0,2550.0,Rs./Quintal,2.0,Metric Tonnes,2026-06-18,Daily_Price_Arrival_Report-07-11-2025_to_25-09-2026_for_Sangli_Kolhapur_Tomato.csv
Maharashtra,Sangli,Islampur,Vegetables,Tomato,Other,Local,1500.0,2500.0,2000.0,Rs./Quintal,5.8,Metric Tonnes,2026-06-21,Daily_Price_Arrival_Report-07-11-2025_to_25-09-2026_for_Sangli_Kolhapur_Tomato.csv
Maharashtra,Sangli,Islampur,Vegetables,Tomato,Other,Local,2000.0,2500.0,2250.0,Rs./Quintal,11.1,Metric Tonnes,2026-06-23,Daily_Price_Arrival_Report-07-11-2025_to_25-09-2026_for_Sangli_Kolhapur_Tomato.csv
Maharashtra,Sangli,Islampur,Vegetables,Tomato,Other,Local,2000.0,2500.0,2250.0,Rs./Quintal,6.6,Metric Tonnes,2026-06-25,Daily_Price_Arrival_Report-07-11-2025_to_25-09-2026_for_Sangli_Kolhapur_Tomato.csv
Maharashtra,Sangli,Islampur,Vegetables,Tomato,Other,Local,1000.0,2000.0,1550.0,Rs./Quintal,6.9,Metric Tonnes,2026-06-28,Daily_Price_Arrival_Report-07-11-2025_to_25-09-2026_for_Sangli_Kolhapur_Tomato.csv
Maharashtra,Sangli,Islampur,Vegetables,Tomato,Other,Local,1000.0,1500.0,1250.0,Rs./Quintal,7.5,Metric Tonnes,2026-07-02,Daily_Price_Arrival_Report-07-11-2025_to_25-09-2026_for_Sangli_Kolhapur_Tomato.csv
Maharashtra,Sangli,Islampur,Vegetables,Tomato,Other,Local,1000.0,1500.0,1250.0,Rs./Quintal,11.4,Metric Tonnes,2026-07-03,Daily_Price_Arrival_Report-07-11-2025_to_25-09-2026_for_Sangli_Kolhapur_Tomato.csv
Maharashtra,Sangli,Islampur,Vegetables,Tomato,Other,Local,1500.0,2500.0,2000.0,Rs./Quintal,4.5,Metric Tonnes,2026-07-05,Daily_Price_Arrival_Report-07-11-2025_to_25-09-2026_for_Sangli_Kolhapur_Tomato.csv
Maharashtra,Sangli,Islampur,Vegetables,Tomato,Other,Local,1000.0,1500.0,1250.0,Rs./Quintal,5.3,Metric Tonnes,2026-07-07,Daily_Price_Arrival_Report-07-11-2025_to_25-09-2026_for_Sangli_Kolhapur_Tomato.csv
Maharashtra,Sangli,Islampur,Vegetables,Tomato,Other,Local,1000.0,2000.0,1550.0,Rs./Quintal,3.2,Metric Tonnes,2026-07-09,Daily_Price_Arrival_Report-07-11-2025_to_25-09-2026_for_Sangli_Kolhapur_Tomato.csv
Maharashtra,Sangli,Islampur,Vegetables,Tomato,Other,Local,1000.0,2000.0,1550.0,Rs./Quintal,10.2,Metric Tonnes,2026-07-10,Daily_Price_Arrival_Report-07-11-2025_to_25-09-2026_for_Sangli_Kolhapur_Tomato.csv
Maharashtra,Sangli,Islampur,Vegetables,Tomato,Other,Local,1500.0,2000.0,1750.0,Rs./Quintal,4.0,Metric Tonnes,2026-07-12,Daily_Price_Arrival_Report-07-11-2025_to_25-09-2026_for_Sangli_Kolhapur_Tomato.csv
Maharashtra,Sangli,Islampur,Vegetables,Tomato,Other,Local,1500.0,2000.0,1750.0,Rs./Quintal,3.6,Metric Tonnes,2026-07-14,Daily_Price_Arrival_Report-07-11-2025_to_25-09-2026_for_Sangli_Kolhapur_Tomato.csv
Maharashtra,Sangli,Islampur,Vegetables,Tomato,Other,Local,1000.0,1500.0,1250.0,Rs./Quintal,6.0,Metric Tonnes,2026-07-16,Daily_Price_Arrival_Report-07-11-2025_to_25-09-2026_for_Sangli_Kolhapur_Tomato.csv
Maharashtra,Sangli,Islampur,Vegetables,Tomato,Other,Local,1500.0,2000.0,1750.0,Rs./Quintal,11.4,Metric Tonnes,2026-07-17,Daily_Price_Arrival_Report-07-11-2025_to_25-09-2026_for_Sangli_Kolhapur_Tomato.csv
Maharashtra,Sangli,Islampur,Vegetables,Tomato,Other,Local,1000.0,2000.0,1550.0,Rs./Quintal,8.9,Metric Tonnes,2026-07-21,Daily_Price_Arrival_Report-07-11-2025_to_25-09-2026_for_Sangli_Kolhapur_Tomato.csv
Maharashtra,Sangli,Islampur,Vegetables,Tomato,Other,Local,1000.0,1500.0,1250.0,Rs./Quintal,8.8,Metric Tonnes,2026-07-24,Daily_Price_Arrival_Report-07-11-2025_to_25-09-2026_for_Sangli_Kolhapur_Tomato.csv
Maharashtra,Sangli,Islampur,Vegetables,Tomato,Other,Local,1000.0,1200.0,1150.0,Rs./Quintal,11.0,Metric Tonnes,2026-07-28,Daily_Price_Arrival_Report-07-11-2025_to_25-09-2026_for_Sangli_Kolhapur_Tomato.csv
Maharashtra,Sangli,Islampur,Vegetables,Tomato,Other,Local,1000.0,2000.0,1550.0,Rs./Quintal,4.4,Metric Tonnes,2026-07-30,Daily_Price_Arrival_Report-07-11-2025_to_25-09-2026_for_Sangli_Kolhapur_Tomato.csv
Maharashtra,Sangli,Islampur,Vegetables,Tomato,Other,Local,1000.0,1200.0,1100.0,Rs./Quintal,8.1,Metric Tonnes,2026-08-02,Daily_Price_Arrival_Report-07-11-2025_to_25-09-2026_for_Sangli_Kolhapur_Tomato.csv
Maharashtra,Sangli,Islampur,Vegetables,Tomato,Other,Local,1000.0,1500.0,1250.0,Rs./Quintal,8.6,Metric Tonnes,2026-08-04,Daily_Price_Arrival_Report-07-11-2025_to_25-09-2026_for_Sangli_Kolhapur_Tomato.csv
Maharashtra,Sangli,Islampur,Vegetables,Tomato,Other,Local,1000.0,1500.0,1250.0,Rs./Quintal,2.6,Metric Tonnes,2026-08-06,Daily_Price_Arrival_Report-07-11-2025_to_25-09-2026_for_Sangli_Kolhapur_Tomato.csv
Maharashtra,Sangli,Islampur,Vegetables,Tomato,Other,Local,1000.0,1500.0,1250.0,Rs./Quintal,4.8,Metric Tonnes,2026-08-07,Daily_Price_Arrival_Report-07-11-2025_to_25-09-2026_for_Sangli_Kolhapur_Tomato.csv
Maharashtra,Sangli,Islampur,Vegetables,Tomato,Other,Local,1000.0,2000.0,1550.0,Rs./Quintal,5.8,Metric Tonnes,2026-08-09,Daily_Price_Arrival_Report-07-11-2025_to_25-09-2026_for_Sangli_Kolhapur_Tomato.csv
Maharashtra,Sangli,Islampur,Vegetables,Tomato,Other,Local,1000.0,2000.0,1550.0,Rs./Quintal,7.3,Metric Tonnes,2026-08-11,Daily_Price_Arrival_Report-07-11-2025_to_25-09-2026_for_Sangli_Kolhapur_Tomato.csv
Maharashtra,Sangli,Islampur,Vegetables,Tomato,Other,Local,1000.0,1200.0,1100.0,Rs./Quintal,5.8,Metric Tonnes,2026-08-13,Daily_Price_Arrival_Report-07-11-2025_to_25-09-2026_for_Sangli_Kolhapur_Tomato.csv
Maharashtra,Sangli,Islampur,Vegetables,Tomato,Other,Local,1000.0,2000.0,1500.0,Rs./Quintal,4.0,Metric Tonnes,2026-08-16,Daily_Price_Arrival_Report-07-11-2025_to_25-09-2026_for_Sangli_Kolhapur_Tomato.csv
Maharashtra,Sangli,Islampur,Vegetables,Tomato,Other,Local,1000.0,1500.0,1250.0,Rs./Quintal,10.2,Metric Tonnes,2026-08-18,Daily_Price_Arrival_Report-07-11-2025_to_25-09-2026_for_Sangli_Kolhapur_Tomato.csv
Maharashtra,Sangli,Islampur,Vegetables,Tomato,Other,Local,1000.0,1500.0,1250.0,Rs./Quintal,4.6,Metric Tonnes,2026-08-20,Daily_Price_Arrival_Report-07-11-2025_to_25-09-2026_for_Sangli_Kolhapur_Tomato.csv
Maharashtra,Sangli,Islampur,Vegetables,Tomato,Other,Local,1000.0,1200.0,1100.0,Rs./Quintal,7.2,Metric Tonnes,2026-08-23,Daily_Price_Arrival_Report-07-11-2025_to_25-09-2026_for_Sangli_Kolhapur_Tomato.csv
Maharashtra,Sangli,Islampur,Vegetables,Tomato,Other,Local,500.0,1000.0,750.0,Rs./Quintal,12.2,Metric Tonnes,2026-08-25,Daily_Price_Arrival_Report-07-11-2025_to_25-09-2026_for_Sangli_Kolhapur_Tomato.csv
Maharashtra,Sangli,Islampur,Vegetables,Tomato,Other,Local,1000.0,2000.0,1550.0,Rs./Quintal,2.8,Metric Tonnes,2026-08-27,Daily_Price_Arrival_Report-07-11-2025_to_25-09-2026_for_Sangli_Kolhapur_Tomato.csv
Maharashtra,Sangli,Islampur,Vegetables,Tomato,Other,Local,1000.0,1200.0,1100.0,Rs./Quintal,11.5,Metric Tonnes,2026-08-28,Daily_Price_Arrival_Report-07-11-2025_to_25-09-2026_for_Sangli_Kolhapur_Tomato.csv
Maharashtra,Sangli,Islampur,Vegetables,Tomato,Other,Local,1000.0,1200.0,1100.0,Rs./Quintal,4.6,Metric Tonnes,2026-08-30,Daily_Price_Arrival_Report-07-11-2025_to_25-09-2026_for_Sangli_Kolhapur_Tomato.csv
Maharashtra,Sangli,Islampur,Vegetables,Tomato,Other,Local,1000.0,1500.0,1200.0,Rs./Quintal,8.2,Metric Tonnes,2026-09-04,Daily_Price_Arrival_Report-07-11-2025_to_25-09-2026_for_Sangli_Kolhapur_Tomato.csv
Maharashtra,Sangli,Islampur,Vegetables,Tomato,Other,Local,1000.0,2000.0,1450.0,Rs./Quintal,2.4,Metric Tonnes,2026-09-06,Daily_Price_Arrival_Report-07-11-2025_to_25-09-2026_for_Sangli_Kolhapur_Tomato.csv
Maharashtra,Sangli,Islampur,Vegetables,Tomato,Other,Local,1000.0,2000.0,1500.0,Rs./Quintal,4.2,Metric Tonnes,2026-09-08,Daily_Price_Arrival_Report-07-11-2025_to_25-09-2026_for_Sangli_Kolhapur_Tomato.csv
Maharashtra,Sangli,Islampur,Vegetables,Tomato,Other,Local,1000.0,1500.0,1150.0,Rs./Quintal,2.4,Metric Tonnes,2026-09-10,Daily_Price_Arrival_Report-07-11-2025_to_25-09-2026_for_Sangli_Kolhapur_Tomato.csv
Maharashtra,Sangli,Islampur,Vegetables,Tomato,Other,Local,2000.0,2500.0,2250.0,Rs./Quintal,4.5,Metric Tonnes,2026-09-15,Daily_Price_Arrival_Report-07-11-2025_to_25-09-2026_for_Sangli_Kolhapur_Tomato.csv
Maharashtra,Sangli,Islampur,Vegetables,Tomato,Other,Local,1000.0,1200.0,1100.0,Rs./Quintal,4.0,Metric Tonnes,2026-09-17,Daily_Price_Arrival_Report-07-11-2025_to_25-09-2026_for_Sangli_Kolhapur_Tomato.csv
Maharashtra,Sangli,Islampur,Vegetables,Tomato,Other,Local,1000.0,1200.0,1150.0,Rs./Quintal,7.0,Metric Tonnes,2026-09-18,Daily_Price_Arrival_Report-07-11-2025_to_25-09-2026_for_Sangli_Kolhapur_Tomato.csv
Maharashtra,Sangli,Islampur,Vegetables,Tomato,Other,Local,1500.0,2000.0,1800.0,Rs./Quintal,2.2,Metric Tonnes,2026-09-24,Daily_Price_Arrival_Report-07-11-2025_to_25-09-2026_for_Sangli_Kolhapur_Tomato.csv
Maharashtra,Sangli,Palus,Vegetables,Tomato,Other,Local,1000.0,1500.0,1200.0,Rs./Quintal,1.3,Metric Tonnes,2025-11-14,Daily_Price_Arrival_Report-07-11-2025_to_25-09-2026_for_Sangli_Kolhapur_Tomato.csv
Maharashtra,Sangli,Palus,Vegetables,Tomato,Other,Local,2000.0,2500.0,2200.0,Rs./Quintal,0.6,Metric Tonnes,2025-11-18,Daily_Price_Arrival_Report-07-11-2025_to_25-09-2026_for_Sangli_Kolhapur_Tomato.csv
Maharashtra,Sangli,Palus,Vegetables,Tomato,Other,Local,2500.0,3000.0,2500.0,Rs./Quintal,0.7,Metric Tonnes,2025-11-25,Daily_Price_Arrival_Report-07-11-2025_to_25-09-2026_for_Sangli_Kolhapur_Tomato.csv
Maharashtra,Sangli,Palus,Vegetables,Tomato,Other,Local,1500.0,2500.0,2000.0,Rs./Quintal,1.1,Metric Tonnes,2025-12-09,Daily_Price_Arrival_Report-07-11-2025_to_25-09-2026_for_Sangli_Kolhapur_Tomato.csv
Maharashtra,Sangli,Palus,Vegetables,Tomato,Other,Local,2000.0,2500.0,2000.0,Rs./Quintal,0.5,Metric Tonnes,2025-12-16,Daily_Price_Arrival_Report-07-11-2025_to_25-09-2026_for_Sangli_Kolhapur_Tomato.csv
Maharashtra,Sangli,Palus,Vegetables,Tomato,Other,Local,2000.0,3000.0,2500.0,Rs./Quintal,0.6,Metric Tonnes,2026-01-16,Daily_Price_Arrival_Report-07-11-2025_to_25-09-2026_for_Sangli_Kolhapur_Tomato.csv
Maharashtra,Sangli,Palus,Vegetables,Tomato,Other,Local,1500.0,2500.0,2000.0,Rs./Quintal,0.9,Metric Tonnes,2026-01-20,Daily_Price_Arrival_Report-07-11-2025_to_25-09-2026_for_Sangli_Kolhapur_Tomato.csv
Maharashtra,Sangli,Palus,Vegetables,Tomato,Other,Local,1000.0,1200.0,1100.0,Rs./Quintal,0.6,Metric Tonnes,2026-02-03,Daily_Price_Arrival_Report-07-11-2025_to_25-09-2026_for_Sangli_Kolhapur_Tomato.csv
Maharashtra,Sangli,Palus,Vegetables,Tomato,Other,Local,900.0,1200.0,1000.0,Rs./Quintal,0.6,Metric Tonnes,2026-02-08,Daily_Price_Arrival_Report-07-11-2025_to_25-09-2026_for_Sangli_Kolhapur_Tomato.csv
Maharashtra,Sangli,Palus,Vegetables,Tomato,Other,Local,900.0,1200.0,1000.0,Rs./Quintal,1.2,Metric Tonnes,2026-02-10,Daily_Price_Arrival_Report-07-11-2025_to_25-09-2026_for_Sangli_Kolhapur_Tomato.csv
Maharashtra,Sangli,Palus,Vegetables,Tomato,Other,Local,1000.0,1500.0,1200.0,Rs./Quintal,1.2,Metric Tonnes,2026-02-13,Daily_Price_Arrival_Report-07-11-2025_to_25-09-2026_for_Sangli_Kolhapur_Tomato.csv
Maharashtra,Sangli,Palus,Vegetables,Tomato,Other,Local,900.0,1400.0,1200.0,Rs./Quintal,1.5,Metric Tonnes,2026-02-17,Daily_Price_Arrival_Report-07-11-2025_to_25-09-2026_for_Sangli_Kolhapur_Tomato.csv
Maharashtra,Sangli,Palus,Vegetables,Tomato,Other,Local,800.0,1500.0,1200.0,Rs./Quintal,1.2,Metric Tonnes,2026-02-20,Daily_Price_Arrival_Report-07-11-2025_to_25-09-2026_for_Sangli_Kolhapur_Tomato.csv
Maharashtra,Sangli,Palus,Vegetables,Tomato,Other,Local,1000.0,1200.0,1100.0,Rs./Quintal,1.5,Metric Tonnes,2026-02-24,Daily_Price_Arrival_Report-07-11-2025_to_25-09-2026_for_Sangli_Kolhapur_Tomato.csv
Maharashtra,Sangli,Palus,Vegetables,Tomato,Other,Local,900.0,1200.0,1000.0,Rs./Quintal,1.4,Metric Tonnes,2026-03-03,Daily_Price_Arrival_Report-07-11-2025_to_25-09-2026_for_Sangli_Kolhapur_Tomato.csv
Maharashtra,Sangli,Palus,Vegetables,Tomato,Other,Local,1000.0,1500.0,1300.0,Rs./Quintal,0.9,Metric Tonnes,2026-04-05,Daily_Price_Arrival_Report-07-11-2025_to_25-09-2026_for_Sangli_Kolhapur_Tomato.csv
Maharashtra,Sangli,Palus,Vegetables,Tomato,Other,Local,1000.0,1200.0,1100.0,Rs./Quintal,1.5,Metric Tonnes,2026-04-07,Daily_Price_Arrival_Report-07-11-2025_to_25-09-2026_for_Sangli_Kolhapur_Tomato.csv
Maharashtra,Sangli,Palus,Vegetables,Tomato,Other,Local,1000.0,1400.0,1200.0,Rs./Quintal,1.4,Metric Tonnes,2026-04-10,Daily_Price_Arrival_Report-07-11-2025_to_25-09-2026_for_Sangli_Kolhapur_Tomato.csv
Maharashtra,Sangli,Palus,Vegetables,Tomato,Other,Local,1000.0,1400.0,1200.0,Rs./Quintal,0.9,Metric Tonnes,2026-04-12,Daily_Price_Arrival_Report-07-11-2025_to_25-09-2026_for_Sangli_Kolhapur_Tomato.csv
Maharashtra,Sangli,Palus,Vegetables,Tomato,Other,Local,1000.0,1200.0,1100.0,Rs./Quintal,1.2,Metric Tonnes,2026-04-14,Daily_Price_Arrival_Report-07-11-2025_to_25-09-2026_for_Sangli_Kolhapur_Tomato.csv
Maharashtra,Sangli,Palus,Vegetables,Tomato,Other,Local,1200.0,1500.0,1300.0,Rs./Quintal,1.1,Metric Tonnes,2026-04-16,Daily_Price_Arrival_Report-07-11-2025_to_25-09-2026_for_Sangli_Kolhapur_Tomato.csv
Maharashtra,Sangli,Palus,Vegetables,Tomato,Other,Local,1000.0,1500.0,1200.0,Rs./Quintal,0.9,Metric Tonnes,2026-04-19,Daily_Price_Arrival_Report-07-11-2025_to_25-09-2026_for_Sangli_Kolhapur_Tomato.csv
Maharashtra,Sangli,Palus,Vegetables,Tomato,Other,Local,1000.0,1500.0,1200.0,Rs./Quintal,1.3,Metric Tonnes,2026-04-24,Daily_Price_Arrival_Report-07-11-2025_to_25-09-2026_for_Sangli_Kolhapur_Tomato.csv
Maharashtra,Sangli,Palus,Vegetables,Tomato,Other,Local,1200.0,1500.0,1300.0,Rs./Quintal,1.5,Metric Tonnes,2026-04-28,Daily_Price_Arrival_Report-07-11-2025_to_25-09-2026_for_Sangli_Kolhapur_Tomato.csv
Maharashtra,Sangli,Palus,Vegetables,Tomato,Other,Local,1200.0,1500.0,1400.0,Rs./Quintal,1.3,Metric Tonnes,2026-05-01,Daily_Price_Arrival_Report-07-11-2025_to_25-09-2026_for_Sangli_Kolhapur_Tomato.csv
Maharashtra,Sangli,Palus,Vegetables,Tomato,Other,Local,1200.0,1500.0,1400.0,Rs./Quintal,1.0,Metric Tonnes,2026-05-05,Daily_Price_Arrival_Report-07-11-2025_to_25-09-2026_for_Sangli_Kolhapur_Tomato.csv
Maharashtra,Sangli,Palus,Vegetables,Tomato,Other,Local,1500.0,2200.0,1800.0,Rs./Quintal,1.3,Metric Tonnes,2026-05-08,Daily_Price_Arrival_Report-07-11-2025_to_25-09-2026_for_Sangli_Kolhapur_Tomato.csv
Maharashtra,Sangli,Palus,Vegetables,Tomato,Other,Local,1500.0,2200.0,1800.0,Rs./Quintal,1.2,Metric Tonnes,2026-05-12,Daily_Price_Arrival_Report-07-11-2025_to_25-09-2026_for_Sangli_Kolhapur_Tomato.csv
Maharashtra,Sangli,Palus,Vegetables,Tomato,Other,Local,2500.0,3000.0,2800.0,Rs./Quintal,1.2,Metric Tonnes,2026-05-19,Daily_Price_Arrival_Report-07-11-2025_to_25-09-2026_for_Sangli_Kolhapur_Tomato.csv
Maharashtra,Sangli,Palus,Vegetables,Tomato,Other,Local,2200.0,3000.0,2500.0,Rs./Quintal,1.4,Metric Tonnes,2026-05-22,Daily_Price_Arrival_Report-07-11-2025_to_25-09-2026_for_Sangli_Kolhapur_Tomato.csv
Maharashtra,Sangli,Palus,Vegetables,Tomato,Other,Local,2500.0,3000.0,2700.0,Rs./Quintal,0.9,Metric Tonnes,2026-05-24,Daily_Price_Arrival_Report-07-11-2025_to_25-09-2026_for_Sangli_Kolhapur_Tomato.csv
Maharashtra,Sangli,Palus,Vegetables,Tomato,Other,Local,2500.0,3500.0,3000.0,Rs./Quintal,0.8,Metric Tonnes,2026-06-14,Daily_Price_Arrival_Report-07-11-2025_to_25-09-2026_for_Sangli_Kolhapur_Tomato.csv
Maharashtra,Sangli,Palus,Vegetables,Tomato,Other,Local,2500.0,3000.0,2700.0,Rs./Quintal,0.4,Metric Tonnes,2026-06-16,Daily_Price_Arrival_Report-07-11-2025_to_25-09-2026_for_Sangli_Kolhapur_Tomato.csv
Maharashtra,Sangli,Palus,Vegetables,Tomato,Other,Local,1800.0,2000.0,1900.0,Rs./Quintal,0.9,Metric Tonnes,2026-06-23,Daily_Price_Arrival_Report-07-11-2025_to_25-09-2026_for_Sangli_Kolhapur_Tomato.csv
Maharashtra,Sangli,Palus,Vegetables,Tomato,Other,Local,1000.0,1500.0,1200.0,Rs./Quintal,0.9,Metric Tonnes,2026-06-30,Daily_Price_Arrival_Report-07-11-2025_to_25-09-2026_for_Sangli_Kolhapur_Tomato.csv
Maharashtra,Sangli,Palus,Vegetables,Tomato,Other,Local,1000.0,1500.0,1200.0,Rs./Quintal,0.4,Metric Tonnes,2026-07-05,Daily_Price_Arrival_Report-07-11-2025_to_25-09-2026_for_Sangli_Kolhapur_Tomato.csv
Maharashtra,Sangli,Palus,Vegetables,Tomato,Other,Local,1200.0,2000.0,1500.0,Rs./Quintal,0.9,Metric Tonnes,2026-07-07,Daily_Price_Arrival_Report-07-11-2025_to_25-09-2026_for_Sangli_Kolhapur_Tomato.csv
Maharashtra,Sangli,Palus,Vegetables,Tomato,Other,Local,1000.0,1800.0,1500.0,Rs./Quintal,0.7,Metric Tonnes,2026-07-10,Daily_Price_Arrival_Report-07-11-2025_to_25-09-2026_for_Sangli_Kolhapur_Tomato.csv
Maharashtra,Sangli,Palus,Vegetables,Tomato,Other,Local,1000.0,1500.0,1200.0,Rs./Quintal,0.3,Metric Tonnes,2026-07-12,Daily_Price_Arrival_Report-07-11-2025_to_25-09-2026_for_Sangli_Kolhapur_Tomato.csv
Maharashtra,Sangli,Palus,Vegetables,Tomato,Other,Local,1500.0,1800.0,1600.0,Rs./Quintal,0.9,Metric Tonnes,2026-07-14,Daily_Price_Arrival_Report-07-11-2025_to_25-09-2026_for_Sangli_Kolhapur_Tomato.csv
Maharashtra,Sangli,Palus,Vegetables,Tomato,Other,Local,1200.0,1500.0,1400.0,Rs./Quintal,0.7,Metric Tonnes,2026-07-17,Daily_Price_Arrival_Report-07-11-2025_to_25-09-2026_for_Sangli_Kolhapur_Tomato.csv
Maharashtra,Sangli,Palus,Vegetables,Tomato,Other,Local,1200.0,1500.0,1400.0,Rs./Quintal,0.4,Metric Tonnes,2026-07-19,Daily_Price_Arrival_Report-07-11-2025_to_25-09-2026_for_Sangli_Kolhapur_Tomato.csv
Maharashtra,Sangli,Palus,Vegetables,Tomato,Other,Local,1000.0,1500.0,1200.0,Rs./Quintal,1.0,Metric Tonnes,2026-07-21,Daily_Price_Arrival_Report-07-11-2025_to_25-09-2026_for_Sangli_Kolhapur_Tomato.csv
Maharashtra,Sangli,Palus,Vegetables,Tomato,Other,Local,1000.0,1500.0,1200.0,Rs./Quintal,0.6,Metric Tonnes,2026-07-26,Daily_Price_Arrival_Report-07-11-2025_to_25-09-2026_for_Sangli_Kolhapur_Tomato.csv
Maharashtra,Sangli,Palus,Vegetables,Tomato,Other,Local,1000.0,1800.0,1500.0,Rs./Quintal,0.7,Metric Tonnes,2026-07-28,Daily_Price_Arrival_Report-07-11-2025_to_25-09-2026_for_Sangli_Kolhapur_Tomato.csv
Maharashtra,Sangli,Palus,Vegetables,Tomato,Other,Local,1000.0,1500.0,1200.0,Rs./Quintal,0.8,Metric Tonnes,2026-07-31,Daily_Price_Arrival_Report-07-11-2025_to_25-09-2026_for_Sangli_Kolhapur_Tomato.csv
Maharashtra,Sangli,Palus,Vegetables,Tomato,Other,Local,1000.0,1500.0,1200.0,Rs./Quintal,0.6,Metric Tonnes,2026-08-02,Daily_Price_Arrival_Report-07-11-2025_to_25-09-2026_for_Sangli_Kolhapur_Tomato.csv
Maharashtra,Sangli,Palus,Vegetables,Tomato,Other,Local,700.0,1000.0,800.0,Rs./Quintal,0.9,Metric Tonnes,2026-08-04,Daily_Price_Arrival_Report-07-11-2025_to_25-09-2026_for_Sangli_Kolhapur_Tomato.csv
Maharashtra,Sangli,Palus,Vegetables,Tomato,Other,Local,800.0,1200.0,1000.0,Rs./Quintal,1.8,Metric Tonnes,2026-08-07,Daily_Price_Arrival_Report-07-11-2025_to_25-09-2026_for_Sangli_Kolhapur_Tomato.csv
Maharashtra,Sangli,Palus,Vegetables,Tomato,Other,Local,1000.0,1500.0,1200.0,Rs./Quintal,0.9,Metric Tonnes,2026-08-09,Daily_Price_Arrival_Report-07-11-2025_to_25-09-2026_for_Sangli_Kolhapur_Tomato.csv
Maharashtra,Sangli,Palus,Vegetables,Tomato,Other,Local,1000.0,1500.0,1200.0,Rs./Quintal,1.2,Metric Tonnes,2026-08-11,Daily_Price_Arrival_Report-07-11-2025_to_25-09-2026_for_Sangli_Kolhapur_Tomato.csv
Maharashtra,Sangli,Palus,Vegetables,Tomato,Other,Local,1000.0,1200.0,1100.0,Rs./Quintal,0.9,Metric Tonnes,2026-08-14,Daily_Price_Arrival_Report-07-11-2025_to_25-09-2026_for_Sangli_Kolhapur_Tomato.csv
Maharashtra,Sangli,Palus,Vegetables,Tomato,Other,Local,800.0,1500.0,1200.0,Rs./Quintal,0.9,Metric Tonnes,2026-08-16,Daily_Price_Arrival_Report-07-11-2025_to_25-09-2026_for_Sangli_Kolhapur_Tomato.csv
Maharashtra,Sangli,Palus,Vegetables,Tomato,Other,Local,800.0,1500.0,1000.0,Rs./Quintal,1.2,Metric Tonnes,2026-08-18,Daily_Price_Arrival_Report-07-11-2025_to_25-09-2026_for_Sangli_Kolhapur_Tomato.csv
Maharashtra,Sangli,Palus,Vegetables,Tomato,Other,Local,800.0,1500.0,1000.0,Rs./Quintal,0.9,Metric Tonnes,2026-08-21,Daily_Price_Arrival_Report-07-11-2025_to_25-09-2026_for_Sangli_Kolhapur_Tomato.csv
Maharashtra,Sangli,Palus,Vegetables,Tomato,Other,Local,800.0,1500.0,1200.0,Rs./Quintal,0.7,Metric Tonnes,2026-08-23,Daily_Price_Arrival_Report-07-11-2025_to_25-09-2026_for_Sangli_Kolhapur_Tomato.csv
Maharashtra,Sangli,Palus,Vegetables,Tomato,Other,Local,800.0,1500.0,1200.0,Rs./Quintal,0.9,Metric Tonnes,2026-08-25,Daily_Price_Arrival_Report-07-11-2025_to_25-09-2026_for_Sangli_Kolhapur_Tomato.csv
Maharashtra,Sangli,Palus,Vegetables,Tomato,Other,Local,700.0,1500.0,900.0,Rs./Quintal,1.3,Metric Tonnes,2026-08-28,Daily_Price_Arrival_Report-07-11-2025_to_25-09-2026_for_Sangli_Kolhapur_Tomato.csv
Maharashtra,Sangli,Palus,Vegetables,Tomato,Other,Local,700.0,1200.0,1000.0,Rs./Quintal,1.3,Metric Tonnes,2026-09-01,Daily_Price_Arrival_Report-07-11-2025_to_25-09-2026_for_Sangli_Kolhapur_Tomato.csv
Maharashtra,Sangli,Palus,Vegetables,Tomato,Other,Local,800.0,1500.0,1200.0,Rs./Quintal,1.2,Metric Tonnes,2026-09-04,Daily_Price_Arrival_Report-07-11-2025_to_25-09-2026_for_Sangli_Kolhapur_Tomato.csv
Maharashtra,Sangli,Palus,Vegetables,Tomato,Other,Local,1000.0,1500.0,1200.0,Rs./Quintal,1.3,Metric Tonnes,2026-09-07,Daily_Price_Arrival_Report-07-11-2025_to_25-09-2026_for_Sangli_Kolhapur_Tomato.csv
Maharashtra,Sangli,Palus,Vegetables,Tomato,Other,Local,1000.0,1500.0,1200.0,Rs./Quintal,1.4,Metric Tonnes,2026-09-09,Daily_Price_Arrival_Report-07-11-2025_to_25-09-2026_for_Sangli_Kolhapur_Tomato.csv
Maharashtra,Sangli,Palus,Vegetables,Tomato,Other,Local,700.0,1200.0,1000.0,Rs./Quintal,0.5,Metric Tonnes,2026-09-10,Daily_Price_Arrival_Report-07-11-2025_to_25-09-2026_for_Sangli_Kolhapur_Tomato.csv
Maharashtra,Sangli,Palus,Vegetables,Tomato,Other,Local,1000.0,1800.0,1200.0,Rs./Quintal,1.8,Metric Tonnes,2026-09-12,Daily_Price_Arrival_Report-07-11-2025_to_25-09-2026_for_Sangli_Kolhapur_Tomato.csv
Maharashtra,Sangli,Palus,Vegetables,Tomato,Other,Local,1000.0,1800.0,1500.0,Rs./Quintal,1.3,Metric Tonnes,2026-09-15,Daily_Price_Arrival_Report-07-11-2025_to_25-09-2026_for_Sangli_Kolhapur_Tomato.csv
Maharashtra,Sangli,Palus,Vegetables,Tomato,Other,Local,1200.0,1800.0,1600.0,Rs./Quintal,1.3,Metric Tonnes,2026-09-16,Daily_Price_Arrival_Report-07-11-2025_to_25-09-2026_for_Sangli_Kolhapur_Tomato.csv
Maharashtra,Sangli,Palus,Vegetables,Tomato,Other,Local,1100.0,1500.0,1200.0,Rs./Quintal,0.6,Metric Tonnes,2026-09-17,Daily_Price_Arrival_Report-07-11-2025_to_25-09-2026_for_Sangli_Kolhapur_Tomato.csv
Maharashtra,Sangli,Palus,Vegetables,Tomato,Other,Local,1000.0,1500.0,1200.0,Rs./Quintal,0.7,Metric Tonnes,2026-09-18,Daily_Price_Arrival_Report-07-11-2025_to_25-09-2026_for_Sangli_Kolhapur_Tomato.csv
Maharashtra,Sangli,Palus,Vegetables,Tomato,Other,Local,1000.0,1500.0,1200.0,Rs./Quintal,1.8,Metric Tonnes,2026-09-19,Daily_Price_Arrival_Report-07-11-2025_to_25-09-2026_for_Sangli_Kolhapur_Tomato.csv
Maharashtra,Sangli,Palus,Vegetables,Tomato,Other,Local,1000.0,1200.0,1100.0,Rs./Quintal,1.3,Metric Tonnes,2026-09-20,Daily_Price_Arrival_Report-07-11-2025_to_25-09-2026_for_Sangli_Kolhapur_Tomato.csv
Maharashtra,Sangli,Sangli-Phale-Bhajipala,Vegetables,Onion,Local,Local,400.0,1700.0,1050.0,Rs./Quintal,291.40,Metric Tonnes,2025-11-07,Daily_Price_Arrival_Report-07-11-2025_to_25-09-2026_for_Sangli_Kolhapur_Onion.csv
Maharashtra,Sangli,Sangli-Phale-Bhajipala,Vegetables,Onion,Local,Local,500.0,1800.0,1150.0,Rs./Quintal,426.30,Metric Tonnes,2025-11-08,Daily_Price_Arrival_Report-07-11-2025_to_25-09-2026_for_Sangli_Kolhapur_Onion.csv
Maharashtra,Sangli,Sangli-Phale-Bhajipala,Vegetables,Onion,Local,Local,500.0,2000.0,1250.0,Rs./Quintal,377.70,Metric Tonnes,2025-11-10,Daily_Price_Arrival_Report-07-11-2025_to_25-09-2026_for_Sangli_Kolhapur_Onion.csv
Maharashtra,Sangli,Sangli-Phale-Bhajipala,Vegetables,Onion,Local,Local,500.0,2000.0,1250.0,Rs./Quintal,183.50,Metric Tonnes,2025-11-11,Daily_Price_Arrival_Report-07-11-2025_to_25-09-2026_for_Sangli_Kolhapur_Onion.csv
Maharashtra,Sangli,Sangli-Phale-Bhajipala,Vegetables,Onion,Local,Local,500.0,1800.0,1150.0,Rs./Quintal,354.10,Metric Tonnes,2025-11-12,Daily_Price_Arrival_Report-07-11-2025_to_25-09-2026_for_Sangli_Kolhapur_Onion.csv
Maharashtra,Sangli,Sangli-Phale-Bhajipala,Vegetables,Onion,Local,Local,500.0,1900.0,1200.0,Rs./Quintal,173.50,Metric Tonnes,2025-11-13,Daily_Price_Arrival_Report-07-11-2025_to_25-09-2026_for_Sangli_Kolhapur_Onion.csv
Maharashtra,Sangli,Sangli-Phale-Bhajipala,Vegetables,Onion,Local,Local,500.0,2000.0,1250.0,Rs./Quintal,413.70,Metric Tonnes,2025-11-15,Daily_Price_Arrival_Report-07-11-2025_to_25-09-2026_for_Sangli_Kolhapur_Onion.csv
Maharashtra,Sangli,Sangli-Phale-Bhajipala,Vegetables,Onion,Local,Local,500.0,1800.0,1150.0,Rs./Quintal,325.00,Metric Tonnes,2025-11-17,Daily_Price_Arrival_Report-07-11-2025_to_25-09-2026_for_Sangli_Kolhapur_Onion.csv
Maharashtra,Sangli,Sangli-Phale-Bhajipala,Vegetables,Onion,Local,Local,500.0,1900.0,1200.0,Rs./Quintal,204.20,Metric Tonnes,2025-11-18,Daily_Price_Arrival_Report-07-11-2025_to_25-09-2026_for_Sangli_Kolhapur_Onion.csv
Maharashtra,Sangli,Sangli-Phale-Bhajipala,Vegetables,Onion,Local,Local,500.0,2000.0,1250.0,Rs./Quintal,343.10,Metric Tonnes,2025-11-19,Daily_Price_Arrival_Report-07-11-2025_to_25-09-2026_for_Sangli_Kolhapur_Onion.csv
Maharashtra,Sangli,Sangli-Phale-Bhajipala,Vegetables,Onion,Local,Local,500.0,2100.0,1300.0,Rs./Quintal,219.90,Metric Tonnes,2025-11-20,Daily_Price_Arrival_Report-07-11-2025_to_25-09-2026_for_Sangli_Kolhapur_Onion.csv
Maharashtra,Sangli,Sangli-Phale-Bhajipala,Vegetables,Onion,Local,Local,500.0,2000.0,1250.0,Rs./Quintal,253.80,Metric Tonnes,2025-11-21,Daily_Price_Arrival_Report-07-11-2025_to_25-09-2026_for_Sangli_Kolhapur_Onion.csv
Maharashtra,Sangli,Sangli-Phale-Bhajipala,Vegetables,Onion,Local,Local,500.0,1900.0,1200.0,Rs./Quintal,431.20,Metric Tonnes,2025-11-22,Daily_Price_Arrival_Report-07-11-2025_to_25-09-2026_for_Sangli_Kolhapur_Onion.csv
Maharashtra,Sangli,Sangli-Phale-Bhajipala,Vegetables,Onion,Local,Local,500.0,2000.0,1250.0,Rs./Quintal,440.40,Metric Tonnes,2025-11-24,Daily_Price_Arrival_Report-07-11-2025_to_25-09-2026_for_Sangli_Kolhapur_Onion.csv
Maharashtra,Sangli,Sangli-Phale-Bhajipala,Vegetables,Onion,Local,Local,500.0,1900.0,1200.0,Rs./Quintal,186.40,Metric Tonnes,2025-11-25,Daily_Price_Arrival_Report-07-11-2025_to_25-09-2026_for_Sangli_Kolhapur_Onion.csv
Maharashtra,Sangli,Sangli-Phale-Bhajipala,Vegetables,Onion,Local,Local,500.0,1700.0,1100.0,Rs./Quintal,256.80,Metric Tonnes,2025-11-26,Daily_Price_Arrival_Report-07-11-2025_to_25-09-2026_for_Sangli_Kolhapur_Onion.csv
Maharashtra,Sangli,Sangli-Phale-Bhajipala,Vegetables,Onion,Local,Local,500.0,1800.0,1150.0,Rs./Quintal,197.20,Metric Tonnes,2025-11-27,Daily_Price_Arrival_Report-07-11-2025_to_25-09-2026_for_Sangli_Kolhapur_Onion.csv
Maharashtra,Sangli,Sangli-Phale-Bhajipala,Vegetables,Onion,Local,Local,500.0,1900.0,1200.0,Rs./Quintal,183.20,Metric Tonnes,2025-11-28,Daily_Price_Arrival_Report-07-11-2025_to_25-09-2026_for_Sangli_Kolhapur_Onion.csv
Maharashtra,Sangli,Sangli-Phale-Bhajipala,Vegetables,Onion,Local,Local,500.0,2000.0,1250.0,Rs./Quintal,344.00,Metric Tonnes,2025-11-29,Daily_Price_Arrival_Report-07-11-2025_to_25-09-2026_for_Sangli_Kolhapur_Onion.csv
Maharashtra,Sangli,Sangli-Phale-Bhajipala,Vegetables,Onion,Local,Local,500.0,2200.0,1350.0,Rs./Quintal,373.90,Metric Tonnes,2025-12-01,Daily_Price_Arrival_Report-07-11-2025_to_25-09-2026_for_Sangli_Kolhapur_Onion.csv
Maharashtra,Sangli,Sangli-Phale-Bhajipala,Vegetables,Onion,Local,Local,500.0,1800.0,1150.0,Rs./Quintal,216.40,Metric Tonnes,2025-12-02,Daily_Price_Arrival_Report-07-11-2025_to_25-09-2026_for_Sangli_Kolhapur_Onion.csv
Maharashtra,Sangli,Sangli-Phale-Bhajipala,Vegetables,Onion,Local,Local,500.0,1800.0,1150.0,Rs./Quintal,321.80,Metric Tonnes,2025-12-03,Daily_Price_Arrival_Report-07-11-2025_to_25-09-2026_for_Sangli_Kolhapur_Onion.csv
Maharashtra,Sangli,Sangli-Phale-Bhajipala,Vegetables,Onion,Local,Local,500.0,1900.0,1200.0,Rs./Quintal,198.10,Metric Tonnes,2025-12-05,Daily_Price_Arrival_Report-07-11-2025_to_25-09-2026_for_Sangli_Kolhapur_Onion.csv
Maharashtra,Sangli,Sangli-Phale-Bhajipala,Vegetables,Onion,Local,Local,500.0,1800.0,1150.0,Rs./Quintal,312.60,Metric Tonnes,2025-12-06,Daily_Price_Arrival_Report-07-11-2025_to_25-09-2026_for_Sangli_Kolhapur_Onion.csv
Maharashtra,Sangli,Sangli-Phale-Bhajipala,Vegetables,Onion,Local,Local,500.0,2250.0,1375.0,Rs./Quintal,273.80,Metric Tonnes,2025-12-08,Daily_Price_Arrival_Report-07-11-2025_to_25-09-2026_for_Sangli_Kolhapur_Onion.csv
Maharashtra,Sangli,Sangli-Phale-Bhajipala,Vegetables,Onion,Local,Local,600.0,2400.0,1500.0,Rs./Quintal,237.10,Metric Tonnes,2025-12-10,Daily_Price_Arrival_Report-07-11-2025_to_25-09-2026_for_Sangli_Kolhapur_Onion.csv
Maharashtra,Sangli,Sangli-Phale-Bhajipala,Vegetables,Onion,Local,Local,500.0,2300.0,1400.0,Rs./Quintal,147.70,Metric Tonnes,2025-12-11,Daily_Price_Arrival_Report-07-11-2025_to_25-09-2026_for_Sangli_Kolhapur_Onion.csv
Maharashtra,Sangli,Sangli-Phale-Bhajipala,Vegetables,Onion,Local,Local,500.0,2500.0,1500.0,Rs./Quintal,120.10,Metric Tonnes,2025-12-12,Daily_Price_Arrival_Report-07-11-2025_to_25-09-2026_for_Sangli_Kolhapur_Onion.csv
Maharashtra,Sangli,Sangli-Phale-Bhajipala,Vegetables,Onion,Local,Local,800.0,3000.0,1900.0,Rs./Quintal,255.80,Metric Tonnes,2025-12-13,Daily_Price_Arrival_Report-07-11-2025_to_25-09-2026_for_Sangli_Kolhapur_Onion.csv
Maharashtra,Sangli,Sangli-Phale-Bhajipala,Vegetables,Onion,Local,Local,800.0,3000.0,1900.0,Rs./Quintal,336.40,Metric Tonnes,2025-12-15,Daily_Price_Arrival_Report-07-11-2025_to_25-09-2026_for_Sangli_Kolhapur_Onion.csv
Maharashtra,Sangli,Sangli-Phale-Bhajipala,Vegetables,Onion,Local,Local,1000.0,3500.0,2250.0,Rs./Quintal,117.70,Metric Tonnes,2025-12-16,Daily_Price_Arrival_Report-07-11-2025_to_25-09-2026_for_Sangli_Kolhapur_Onion.csv
Maharashtra,Sangli,Sangli-Phale-Bhajipala,Vegetables,Onion,Local,Local,700.0,3300.0,2000.0,Rs./Quintal,487.10,Metric Tonnes,2025-12-17,Daily_Price_Arrival_Report-07-11-2025_to_25-09-2026_for_Sangli_Kolhapur_Onion.csv
Maharashtra,Sangli,Sangli-Phale-Bhajipala,Vegetables,Onion,Local,Local,700.0,3300.0,2000.0,Rs./Quintal,226.80,Metric Tonnes,2025-12-18,Daily_Price_Arrival_Report-07-11-2025_to_25-09-2026_for_Sangli_Kolhapur_Onion.csv
Maharashtra,Sangli,Sangli-Phale-Bhajipala,Vegetables,Onion,Local,Local,500.0,2800.0,1650.0,Rs./Quintal,463.50,Metric Tonnes,2025-12-19,Daily_Price_Arrival_Report-07-11-2025_to_25-09-2026_for_Sangli_Kolhapur_Onion.csv
Maharashtra,Sangli,Sangli-Phale-Bhajipala,Vegetables,Onion,Local,Local,700.0,2200.0,1450.0,Rs./Quintal,530.10,Metric Tonnes,2025-12-20,Daily_Price_Arrival_Report-07-11-2025_to_25-09-2026_for_Sangli_Kolhapur_Onion.csv
Maharashtra,Sangli,Sangli-Phale-Bhajipala,Vegetables,Onion,Local,Local,700.0,2500.0,1600.0,Rs./Quintal,346.50,Metric Tonnes,2025-12-22,Daily_Price_Arrival_Report-07-11-2025_to_25-09-2026_for_Sangli_Kolhapur_Onion.csv
Maharashtra,Sangli,Sangli-Phale-Bhajipala,Vegetables,Onion,Local,Local,600.0,2600.0,1600.0,Rs./Quintal,266.20,Metric Tonnes,2025-12-23,Daily_Price_Arrival_Report-07-11-2025_to_25-09-2026_for_Sangli_Kolhapur_Onion.csv
Maharashtra,Sangli,Sangli-Phale-Bhajipala,Vegetables,Onion,Local,Local,600.0,2400.0,1500.0,Rs./Quintal,549.30,Metric Tonnes,2025-12-24,Daily_Price_Arrival_Report-07-11-2025_to_25-09-2026_for_Sangli_Kolhapur_Onion.csv
Maharashtra,Sangli,Sangli-Phale-Bhajipala,Vegetables,Onion,Local,Local,500.0,2000.0,1250.0,Rs./Quintal,262.10,Metric Tonnes,2025-12-25,Daily_Price_Arrival_Report-07-11-2025_to_25-09-2026_for_Sangli_Kolhapur_Onion.csv
Maharashtra,Sangli,Sangli-Phale-Bhajipala,Vegetables,Onion,Local,Local,500.0,2500.0,1500.0,Rs./Quintal,418.80,Metric Tonnes,2025-12-26,Daily_Price_Arrival_Report-07-11-2025_to_25-09-2026_for_Sangli_Kolhapur_Onion.csv
Maharashtra,Sangli,Sangli-Phale-Bhajipala,Vegetables,Onion,Local,Local,600.0,2400.0,1500.0,Rs./Quintal,570.60,Metric Tonnes,2025-12-27,Daily_Price_Arrival_Report-07-11-2025_to_25-09-2026_for_Sangli_Kolhapur_Onion.csv
Maharashtra,Sangli,Sangli-Phale-Bhajipala,Vegetables,Onion,Local,Local,700.0,2700.0,1700.0,Rs./Quintal,425.60,Metric Tonnes,2025-12-29,Daily_Price_Arrival_Report-07-11-2025_to_25-09-2026_for_Sangli_Kolhapur_Onion.csv
Maharashtra,Sangli,Sangli-Phale-Bhajipala,Vegetables,Onion,Local,Local,600.0,2450.0,1525.0,Rs./Quintal,348.60,Metric Tonnes,2025-12-30,Daily_Price_Arrival_Report-07-11-2025_to_25-09-2026_for_Sangli_Kolhapur_Onion.csv
Maharashtra,Sangli,Sangli-Phale-Bhajipala,Vegetables,Onion,Local,Local,600.0,2800.0,1700.0,Rs./Quintal,529.00,Metric Tonnes,2025-12-31,Daily_Price_Arrival_Report-07-11-2025_to_25-09-2026_for_Sangli_Kolhapur_Onion.csv
Maharashtra,Sangli,Sangli-Phale-Bhajipala,Vegetables,Onion,Local,Local,500.0,2000.0,1250.0,Rs./Quintal,333.40,Metric Tonnes,2026-01-01,Daily_Price_Arrival_Report-07-11-2025_to_25-09-2026_for_Sangli_Kolhapur_Onion.csv
Maharashtra,Sangli,Sangli-Phale-Bhajipala,Vegetables,Onion,Local,Local,500.0,2500.0,1500.0,Rs./Quintal,432.50,Metric Tonnes,2026-01-02,Daily_Price_Arrival_Report-07-11-2025_to_25-09-2026_for_Sangli_Kolhapur_Onion.csv
Maharashtra,Sangli,Sangli-Phale-Bhajipala,Vegetables,Onion,Local,Local,600.0,2200.0,1400.0,Rs./Quintal,766.70,Metric Tonnes,2026-01-03,Daily_Price_Arrival_Report-07-11-2025_to_25-09-2026_for_Sangli_Kolhapur_Onion.csv
Maharashtra,Sangli,Sangli-Phale-Bhajipala,Vegetables,Onion,Local,Local,600.0,2500.0,1550.0,Rs./Quintal,617.50,Metric Tonnes,2026-01-05,Daily_Price_Arrival_Report-07-11-2025_to_25-09-2026_for_Sangli_Kolhapur_Onion.csv
Maharashtra,Sangli,Sangli-Phale-Bhajipala,Vegetables,Onion,Local,Local,600.0,2200.0,1400.0,Rs./Quintal,543.60,Metric Tonnes,2026-01-06,Daily_Price_Arrival_Report-07-11-2025_to_25-09-2026_for_Sangli_Kolhapur_Onion.csv
Maharashtra,Sangli,Sangli-Phale-Bhajipala,Vegetables,Onion,Local,Local,600.0,2000.0,1300.0,Rs./Quintal,708.70,Metric Tonnes,2026-01-07,Daily_Price_Arrival_Report-07-11-2025_to_25-09-2026_for_Sangli_Kolhapur_Onion.csv
Maharashtra,Sangli,Sangli-Phale-Bhajipala,Vegetables,Onion,Local,Local,500.0,2000.0,1500.0,Rs./Quintal,395.50,Metric Tonnes,2026-01-08,Daily_Price_Arrival_Report-07-11-2025_to_25-09-2026_for_Sangli_Kolhapur_Onion.csv
Maharashtra,Sangli,Sangli-Phale-Bhajipala,Vegetables,Onion,Local,Local,500.0,2000.0,1250.0,Rs./Quintal,435.80,Metric Tonnes,2026-01-09,Daily_Price_Arrival_Report-07-11-2025_to_25-09-2026_for_Sangli_Kolhapur_Onion.csv
Maharashtra,Sangli,Sangli-Phale-Bhajipala,Vegetables,Onion,Local,Local,600.0,2000.0,1300.0,Rs./Quintal,637.90,Metric Tonnes,2026-01-10,Daily_Price_Arrival_Report-07-11-2025_to_25-09-2026_for_Sangli_Kolhapur_Onion.csv
Maharashtra,Sangli,Sangli-Phale-Bhajipala,Vegetables,Onion,Local,Local,550.0,2150.0,1350.0,Rs./Quintal,606.80,Metric Tonnes,2026-01-12,Daily_Price_Arrival_Report-07-11-2025_to_25-09-2026_for_Sangli_Kolhapur_Onion.csv
Maharashtra,Sangli,Sangli-Phale-Bhajipala,Vegetables,Onion,Local,Local,500.0,2000.0,1250.0,Rs./Quintal,308.30,Metric Tonnes,2026-01-13,Daily_Price_Arrival_Report-07-11-2025_to_25-09-2026_for_Sangli_Kolhapur_Onion.csv
Maharashtra,Sangli,Sangli-Phale-Bhajipala,Vegetables,Onion,Local,Local,550.0,2150.0,1350.0,Rs./Quintal,448.80,Metric Tonnes,2026-01-16,Daily_Price_Arrival_Report-07-11-2025_to_25-09-2026_for_Sangli_Kolhapur_Onion.csv
Maharashtra,Sangli,Sangli-Phale-Bhajipala,Vegetables,Onion,Local,Local,500.0,2000.0,1250.0,Rs./Quintal,504.30,Metric Tonnes,2026-01-17,Daily_Price_Arrival_Report-07-11-2025_to_25-09-2026_for_Sangli_Kolhapur_Onion.csv
Maharashtra,Sangli,Sangli-Phale-Bhajipala,Vegetables,Onion,Local,Local,500.0,2100.0,1300.0,Rs./Quintal,560.00,Metric Tonnes,2026-01-19,Daily_Price_Arrival_Report-07-11-2025_to_25-09-2026_for_Sangli_Kolhapur_Onion.csv
Maharashtra,Sangli,Sangli-Phale-Bhajipala,Vegetables,Onion,Local,Local,550.0,2150.0,1350.0,Rs./Quintal,391.90,Metric Tonnes,2026-01-20,Daily_Price_Arrival_Report-07-11-2025_to_25-09-2026_for_Sangli_Kolhapur_Onion.csv
Maharashtra,Sangli,Sangli-Phale-Bhajipala,Vegetables,Onion,Local,Local,500.0,2200.0,1350.0,Rs./Quintal,617.90,Metric Tonnes,2026-01-21,Daily_Price_Arrival_Report-07-11-2025_to_25-09-2026_for_Sangli_Kolhapur_Onion.csv
Maharashtra,Sangli,Sangli-Phale-Bhajipala,Vegetables,Onion,Local,Local,500.0,2000.0,1250.0,Rs./Quintal,325.40,Metric Tonnes,2026-01-22,Daily_Price_Arrival_Report-07-11-2025_to_25-09-2026_for_Sangli_Kolhapur_Onion.csv
Maharashtra,Sangli,Sangli-Phale-Bhajipala,Vegetables,Onion,Local,Local,500.0,2100.0,1300.0,Rs./Quintal,629.30,Metric Tonnes,2026-01-23,Daily_Price_Arrival_Report-07-11-2025_to_25-09-2026_for_Sangli_Kolhapur_Onion.csv
Maharashtra,Sangli,Sangli-Phale-Bhajipala,Vegetables,Onion,Local,Local,500.0,2000.0,1250.0,Rs./Quintal,621.70,Metric Tonnes,2026-01-24,Daily_Price_Arrival_Report-07-11-2025_to_25-09-2026_for_Sangli_Kolhapur_Onion.csv
Maharashtra,Sangli,Sangli-Phale-Bhajipala,Vegetables,Onion,Local,Local,500.0,1900.0,1200.0,Rs./Quintal,693.50,Metric Tonnes,2026-01-27,Daily_Price_Arrival_Report-07-11-2025_to_25-09-2026_for_Sangli_Kolhapur_Onion.csv
Maharashtra,Sangli,Sangli-Phale-Bhajipala,Vegetables,Onion,Local,Local,500.0,2000.0,1250.0,Rs./Quintal,656.80,Metric Tonnes,2026-01-28,Daily_Price_Arrival_Report-07-11-2025_to_25-09-2026_for_Sangli_Kolhapur_Onion.csv
Maharashtra,Sangli,Sangli-Phale-Bhajipala,Vegetables,Onion,Local,Local,500.0,1900.0,1200.0,Rs./Quintal,732.50,Metric Tonnes,2026-01-30,Daily_Price_Arrival_Report-07-11-2025_to_25-09-2026_for_Sangli_Kolhapur_Onion.csv
Maharashtra,Sangli,Sangli-Phale-Bhajipala,Vegetables,Onion,Local,Local,500.0,1800.0,1150.0,Rs./Quintal,809.70,Metric Tonnes,2026-01-31,Daily_Price_Arrival_Report-07-11-2025_to_25-09-2026_for_Sangli_Kolhapur_Onion.csv
Maharashtra,Sangli,Sangli-Phale-Bhajipala,Vegetables,Onion,Local,Local,500.0,1600.0,1050.0,Rs./Quintal,760.20,Metric Tonnes,2026-02-02,Daily_Price_Arrival_Report-07-11-2025_to_25-09-2026_for_Sangli_Kolhapur_Onion.csv
Maharashtra,Sangli,Sangli-Phale-Bhajipala,Vegetables,Onion,Local,Local,500.0,1500.0,1000.0,Rs./Quintal,520.00,Metric Tonnes,2026-02-03,Daily_Price_Arrival_Report-07-11-2025_to_25-09-2026_for_Sangli_Kolhapur_Onion.csv
Maharashtra,Sangli,Sangli-Phale-Bhajipala,Vegetables,Onion,Local,Local,400.0,1700.0,1050.0,Rs./Quintal,513.40,Metric Tonnes,2026-02-04,Daily_Price_Arrival_Report-07-11-2025_to_25-09-2026_for_Sangli_Kolhapur_Onion.csv
Maharashtra,Sangli,Sangli-Phale-Bhajipala,Vegetables,Onion,Local,Local,500.0,1500.0,1000.0,Rs./Quintal,410.10,Metric Tonnes,2026-02-05,Daily_Price_Arrival_Report-07-11-2025_to_25-09-2026_for_Sangli_Kolhapur_Onion.csv
Maharashtra,Sangli,Sangli-Phale-Bhajipala,Vegetables,Onion,Local,Local,500.0,1600.0,1050.0,Rs./Quintal,429.20,Metric Tonnes,2026-02-06,Daily_Price_Arrival_Report-07-11-2025_to_25-09-2026_for_Sangli_Kolhapur_Onion.csv
Maharashtra,Sangli,Sangli-Phale-Bhajipala,Vegetables,Onion,Local,Local,500.0,2000.0,1250.0,Rs./Quintal,271.20,Metric Tonnes,2026-02-07,Daily_Price_Arrival_Report-07-11-2025_to_25-09-2026_for_Sangli_Kolhapur_Onion.csv
Maharashtra,Sangli,Sangli-Phale-Bhajipala,Vegetables,Onion,Local,Local,500.0,1700.0,1100.0,Rs./Quintal,563.40,Metric Tonnes,2026-02-09,Daily_Price_Arrival_Report-07-11-2025_to_25-09-2026_for_Sangli_Kolhapur_Onion.csv
Maharashtra,Sangli,Sangli-Phale-Bhajipala,Vegetables,Onion,Local,Local,500.0,1600.0,1050.0,Rs./Quintal,412.50,Metric Tonnes,2026-02-10,Daily_Price_Arrival_Report-07-11-2025_to_25-09-2026_for_Sangli_Kolhapur_Onion.csv
Maharashtra,Sangli,Sangli-Phale-Bhajipala,Vegetables,Onion,Local,Local,500.0,1500.0,1000.0,Rs./Quintal,831.80,Metric Tonnes,2026-02-11,Daily_Price_Arrival_Report-07-11-2025_to_25-09-2026_for_Sangli_Kolhapur_Onion.csv
Maharashtra,Sangli,Sangli-Phale-Bhajipala,Vegetables,Onion,Local,Local,500.0,1525.0,1012.0,Rs./Quintal,348.20,Metric Tonnes,2026-02-12,Daily_Price_Arrival_Report-07-11-2025_to_25-09-2026_for_Sangli_Kolhapur_Onion.csv
Maharashtra,Sangli,Sangli-Phale-Bhajipala,Vegetables,Onion,Local,Local,500.0,1600.0,1050.0,Rs./Quintal,390.50,Metric Tonnes,2026-02-13,Daily_Price_Arrival_Report-07-11-2025_to_25-09-2026_for_Sangli_Kolhapur_Onion.csv
Maharashtra,Sangli,Sangli-Phale-Bhajipala,Vegetables,Onion,Local,Local,500.0,1600.0,1050.0,Rs./Quintal,737.20,Metric Tonnes,2026-02-14,Daily_Price_Arrival_Report-07-11-2025_to_25-09-2026_for_Sangli_Kolhapur_Onion.csv
Maharashtra,Sangli,Sangli-Phale-Bhajipala,Vegetables,Onion,Local,Local,500.0,1600.0,1050.0,Rs./Quintal,584.90,Metric Tonnes,2026-02-16,Daily_Price_Arrival_Report-07-11-2025_to_25-09-2026_for_Sangli_Kolhapur_Onion.csv
Maharashtra,Sangli,Sangli-Phale-Bhajipala,Vegetables,Onion,Local,Local,500.0,1550.0,1025.0,Rs./Quintal,469.80,Metric Tonnes,2026-02-17,Daily_Price_Arrival_Report-07-11-2025_to_25-09-2026_for_Sangli_Kolhapur_Onion.csv
Maharashtra,Sangli,Sangli-Phale-Bhajipala,Vegetables,Onion,Local,Local,500.0,1750.0,1125.0,Rs./Quintal,759.60,Metric Tonnes,2026-02-18,Daily_Price_Arrival_Report-07-11-2025_to_25-09-2026_for_Sangli_Kolhapur_Onion.csv
Maharashtra,Sangli,Sangli-Phale-Bhajipala,Vegetables,Onion,Local,Local,500.0,1700.0,1100.0,Rs./Quintal,470.50,Metric Tonnes,2026-02-19,Daily_Price_Arrival_Report-07-11-2025_to_25-09-2026_for_Sangli_Kolhapur_Onion.csv
Maharashtra,Sangli,Sangli-Phale-Bhajipala,Vegetables,Onion,Local,Local,500.0,1550.0,1025.0,Rs./Quintal,506.70,Metric Tonnes,2026-02-20,Daily_Price_Arrival_Report-07-11-2025_to_25-09-2026_for_Sangli_Kolhapur_Onion.csv
Maharashtra,Sangli,Sangli-Phale-Bhajipala,Vegetables,Onion,Local,Local,500.0,1700.0,1100.0,Rs./Quintal,699.30,Metric Tonnes,2026-02-21,Daily_Price_Arrival_Report-07-11-2025_to_25-09-2026_for_Sangli_Kolhapur_Onion.csv
Maharashtra,Sangli,Sangli-Phale-Bhajipala,Vegetables,Onion,Local,Local,500.0,1500.0,1000.0,Rs./Quintal,523.30,Metric Tonnes,2026-02-23,Daily_Price_Arrival_Report-07-11-2025_to_25-09-2026_for_Sangli_Kolhapur_Onion.csv
Maharashtra,Sangli,Sangli-Phale-Bhajipala,Vegetables,Onion,Local,Local,500.0,1500.0,1000.0,Rs./Quintal,526.10,Metric Tonnes,2026-02-24,Daily_Price_Arrival_Report-07-11-2025_to_25-09-2026_for_Sangli_Kolhapur_Onion.csv
Maharashtra,Sangli,Sangli-Phale-Bhajipala,Vegetables,Onion,Local,Local,500.0,1550.0,1025.0,Rs./Quintal,616.40,Metric Tonnes,2026-02-25,Daily_Price_Arrival_Report-07-11-2025_to_25-09-2026_for_Sangli_Kolhapur_Onion.csv
Maharashtra,Sangli,Sangli-Phale-Bhajipala,Vegetables,Onion,Local,Local,500.0,1500.0,1000.0,Rs./Quintal,359.80,Metric Tonnes,2026-02-26,Daily_Price_Arrival_Report-07-11-2025_to_25-09-2026_for_Sangli_Kolhapur_Onion.csv
Maharashtra,Sangli,Sangli-Phale-Bhajipala,Vegetables,Onion,Local,Local,500.0,1400.0,950.0,Rs./Quintal,903.40,Metric Tonnes,2026-02-27,Daily_Price_Arrival_Report-07-11-2025_to_25-09-2026_for_Sangli_Kolhapur_Onion.csv
Maharashtra,Sangli,Sangli-Phale-Bhajipala,Vegetables,Onion,Local,Local,500.0,1400.0,950.0,Rs./Quintal,601.50,Metric Tonnes,2026-02-28,Daily_Price_Arrival_Report-07-11-2025_to_25-09-2026_for_Sangli_Kolhapur_Onion.csv
Maharashtra,Sangli,Sangli-Phale-Bhajipala,Vegetables,Onion,Local,Local,500.0,1500.0,1000.0,Rs./Quintal,497.20,Metric Tonnes,2026-03-02,Daily_Price_Arrival_Report-07-11-2025_to_25-09-2026_for_Sangli_Kolhapur_Onion.csv
Maharashtra,Sangli,Sangli-Phale-Bhajipala,Vegetables,Onion,Local,Local,500.0,1400.0,950.0,Rs./Quintal,815.60,Metric Tonnes,2026-03-04,Daily_Price_Arrival_Report-07-11-2025_to_25-09-2026_for_Sangli_Kolhapur_Onion.csv
Maharashtra,Sangli,Sangli-Phale-Bhajipala,Vegetables,Onion,Local,Local,500.0,1450.0,975.0,Rs./Quintal,370.10,Metric Tonnes,2026-03-05,Daily_Price_Arrival_Report-07-11-2025_to_25-09-2026_for_Sangli_Kolhapur_Onion.csv
Maharashtra,Sangli,Sangli-Phale-Bhajipala,Vegetables,Onion,Local,Local,500.0,1500.0,1000.0,Rs./Quintal,426.50,Metric Tonnes,2026-03-06,Daily_Price_Arrival_Report-07-11-2025_to_25-09-2026_for_Sangli_Kolhapur_Onion.csv
Maharashtra,Sangli,Sangli-Phale-Bhajipala,Vegetables,Onion,Local,Local,500.0,1500.0,1000.0,Rs./Quintal,607.30,Metric Tonnes,2026-03-07,Daily_Price_Arrival_Report-07-11-2025_to_25-09-2026_for_Sangli_Kolhapur_Onion.csv
Maharashtra,Sangli,Sangli-Phale-Bhajipala,Vegetables,Onion,Local,Local,500.0,1600.0,1050.0,Rs./Quintal,539.50,Metric Tonnes,2026-03-09,Daily_Price_Arrival_Report-07-11-2025_to_25-09-2026_for_Sangli_Kolhapur_Onion.csv
Maharashtra,Sangli,Sangli-Phale-Bhajipala,Vegetables,Onion,Local,Local,500.0,1500.0,1000.0,Rs./Quintal,494.60,Metric Tonnes,2026-03-10,Daily_Price_Arrival_Report-07-11-2025_to_25-09-2026_for_Sangli_Kolhapur_Onion.csv
Maharashtra,Sangli,Sangli-Phale-Bhajipala,Vegetables,Onion,Local,Local,500.0,1600.0,1050.0,Rs./Quintal,583.50,Metric Tonnes,2026-03-11,Daily_Price_Arrival_Report-07-11-2025_to_25-09-2026_for_Sangli_Kolhapur_Onion.csv
Maharashtra,Sangli,Sangli-Phale-Bhajipala,Vegetables,Onion,Local,Local,500.0,1600.0,1050.0,Rs./Quintal,415.90,Metric Tonnes,2026-03-12,Daily_Price_Arrival_Report-07-11-2025_to_25-09-2026_for_Sangli_Kolhapur_Onion.csv
Maharashtra,Sangli,Sangli-Phale-Bhajipala,Vegetables,Onion,Local,Local,500.0,1550.0,1025.0,Rs./Quintal,602.50,Metric Tonnes,2026-03-13,Daily_Price_Arrival_Report-07-11-2025_to_25-09-2026_for_Sangli_Kolhapur_Onion.csv
Maharashtra,Sangli,Sangli-Phale-Bhajipala,Vegetables,Onion,Local,Local,500.0,1500.0,1000.0,Rs./Quintal,825.50,Metric Tonnes,2026-03-14,Daily_Price_Arrival_Report-07-11-2025_to_25-09-2026_for_Sangli_Kolhapur_Onion.csv
Maharashtra,Sangli,Sangli-Phale-Bhajipala,Vegetables,Onion,Local,Local,500.0,1400.0,950.0,Rs./Quintal,786.10,Metric Tonnes,2026-03-16,Daily_Price_Arrival_Report-07-11-2025_to_25-09-2026_for_Sangli_Kolhapur_Onion.csv
Maharashtra,Sangli,Sangli-Phale-Bhajipala,Vegetables,Onion,Local,Local,500.0,1400.0,950.0,Rs./Quintal,555.30,Metric Tonnes,2026-03-17,Daily_Price_Arrival_Report-07-11-2025_to_25-09-2026_for_Sangli_Kolhapur_Onion.csv
Maharashtra,Sangli,Sangli-Phale-Bhajipala,Vegetables,Onion,Local,Local,450.0,1400.0,925.0,Rs./Quintal,556.80,Metric Tonnes,2026-03-18,Daily_Price_Arrival_Report-07-11-2025_to_25-09-2026_for_Sangli_Kolhapur_Onion.csv
Maharashtra,Sangli,Sangli-Phale-Bhajipala,Vegetables,Onion,Local,Local,500.0,1500.0,1000.0,Rs./Quintal,248.90,Metric Tonnes,2026-03-19,Daily_Price_Arrival_Report-07-11-2025_to_25-09-2026_for_Sangli_Kolhapur_Onion.csv
Maharashtra,Sangli,Sangli-Phale-Bhajipala,Vegetables,Onion,Local,Local,500.0,1300.0,900.0,Rs./Quintal,370.10,Metric Tonnes,2026-03-20,Daily_Price_Arrival_Report-07-11-2025_to_25-09-2026_for_Sangli_Kolhapur_Onion.csv
Maharashtra,Sangli,Sangli-Phale-Bhajipala,Vegetables,Onion,Local,Local,500.0,1400.0,950.0,Rs./Quintal,539.50,Metric Tonnes,2026-03-23,Daily_Price_Arrival_Report-07-11-2025_to_25-09-2026_for_Sangli_Kolhapur_Onion.csv
Maharashtra,Sangli,Sangli-Phale-Bhajipala,Vegetables,Onion,Local,Local,500.0,1400.0,950.0,Rs./Quintal,261.90,Metric Tonnes,2026-03-24,Daily_Price_Arrival_Report-07-11-2025_to_25-09-2026_for_Sangli_Kolhapur_Onion.csv
Maharashtra,Sangli,Sangli-Phale-Bhajipala,Vegetables,Onion,Local,Local,500.0,1500.0,1000.0,Rs./Quintal,570.60,Metric Tonnes,2026-03-25,Daily_Price_Arrival_Report-07-11-2025_to_25-09-2026_for_Sangli_Kolhapur_Onion.csv
Maharashtra,Sangli,Sangli-Phale-Bhajipala,Vegetables,Onion,Local,Local,500.0,1400.0,950.0,Rs./Quintal,447.20,Metric Tonnes,2026-03-26,Daily_Price_Arrival_Report-07-11-2025_to_25-09-2026_for_Sangli_Kolhapur_Onion.csv
Maharashtra,Sangli,Sangli-Phale-Bhajipala,Vegetables,Onion,Local,Local,500.0,1300.0,900.0,Rs./Quintal,521.00,Metric Tonnes,2026-03-27,Daily_Price_Arrival_Report-07-11-2025_to_25-09-2026_for_Sangli_Kolhapur_Onion.csv
Maharashtra,Sangli,Sangli-Phale-Bhajipala,Vegetables,Onion,Local,Local,500.0,1450.0,975.0,Rs./Quintal,624.60,Metric Tonnes,2026-03-28,Daily_Price_Arrival_Report-07-11-2025_to_25-09-2026_for_Sangli_Kolhapur_Onion.csv
Maharashtra,Sangli,Sangli-Phale-Bhajipala,Vegetables,Onion,Local,Local,500.0,1400.0,950.0,Rs./Quintal,584.30,Metric Tonnes,2026-03-30,Daily_Price_Arrival_Report-07-11-2025_to_25-09-2026_for_Sangli_Kolhapur_Onion.csv
Maharashtra,Sangli,Sangli-Phale-Bhajipala,Vegetables,Onion,Local,Local,500.0,1400.0,950.0,Rs./Quintal,589.20,Metric Tonnes,2026-04-01,Daily_Price_Arrival_Report-07-11-2025_to_25-09-2026_for_Sangli_Kolhapur_Onion.csv
Maharashtra,Sangli,Sangli-Phale-Bhajipala,Vegetables,Onion,Local,Local,500.0,1300.0,850.0,Rs./Quintal,346.50,Metric Tonnes,2026-04-02,Daily_Price_Arrival_Report-07-11-2025_to_25-09-2026_for_Sangli_Kolhapur_Onion.csv
Maharashtra,Sangli,Sangli-Phale-Bhajipala,Vegetables,Onion,Local,Local,400.0,1350.0,875.0,Rs./Quintal,367.20,Metric Tonnes,2026-04-03,Daily_Price_Arrival_Report-07-11-2025_to_25-09-2026_for_Sangli_Kolhapur_Onion.csv
Maharashtra,Sangli,Sangli-Phale-Bhajipala,Vegetables,Onion,Local,Local,500.0,1400.0,950.0,Rs./Quintal,488.00,Metric Tonnes,2026-04-04,Daily_Price_Arrival_Report-07-11-2025_to_25-09-2026_for_Sangli_Kolhapur_Onion.csv
Maharashtra,Sangli,Sangli-Phale-Bhajipala,Vegetables,Onion,Local,Local,500.0,1400.0,950.0,Rs./Quintal,472.80,Metric Tonnes,2026-04-06,Daily_Price_Arrival_Report-07-11-2025_to_25-09-2026_for_Sangli_Kolhapur_Onion.csv
Maharashtra,Sangli,Sangli-Phale-Bhajipala,Vegetables,Onion,Local,Local,400.0,1300.0,850.0,Rs./Quintal,506.50,Metric Tonnes,2026-04-07,Daily_Price_Arrival_Report-07-11-2025_to_25-09-2026_for_Sangli_Kolhapur_Onion.csv
Maharashtra,Sangli,Sangli-Phale-Bhajipala,Vegetables,Onion,Local,Local,400.0,1300.0,850.0,Rs./Quintal,529.60,Metric Tonnes,2026-04-08,Daily_Price_Arrival_Report-07-11-2025_to_25-09-2026_for_Sangli_Kolhapur_Onion.csv
Maharashtra,Sangli,Sangli-Phale-Bhajipala,Vegetables,Onion,Local,Local,400.0,1300.0,850.0,Rs./Quintal,401.40,Metric Tonnes,2026-04-09,Daily_Price_Arrival_Report-07-11-2025_to_25-09-2026_for_Sangli_Kolhapur_Onion.csv
Maharashtra,Sangli,Sangli-Phale-Bhajipala,Vegetables,Onion,Local,Local,400.0,1300.0,850.0,Rs./Quintal,350.00,Metric Tonnes,2026-04-10,Daily_Price_Arrival_Report-07-11-2025_to_25-09-2026_for_Sangli_Kolhapur_Onion.csv
Maharashtra,Sangli,Sangli-Phale-Bhajipala,Vegetables,Onion,Local,Local,400.0,1300.0,850.0,Rs./Quintal,431.00,Metric Tonnes,2026-04-11,Daily_Price_Arrival_Report-07-11-2025_to_25-09-2026_for_Sangli_Kolhapur_Onion.csv
Maharashtra,Sangli,Sangli-Phale-Bhajipala,Vegetables,Onion,Local,Local,400.0,1400.0,900.0,Rs./Quintal,285.60,Metric Tonnes,2026-04-13,Daily_Price_Arrival_Report-07-11-2025_to_25-09-2026_for_Sangli_Kolhapur_Onion.csv
Maharashtra,Sangli,Sangli-Phale-Bhajipala,Vegetables,Onion,Local,Local,400.0,1300.0,850.0,Rs./Quintal,344.90,Metric Tonnes,2026-04-14,Daily_Price_Arrival_Report-07-11-2025_to_25-09-2026_for_Sangli_Kolhapur_Onion.csv
Maharashtra,Sangli,Sangli-Phale-Bhajipala,Vegetables,Onion,Local,Local,400.0,1400.0,900.0,Rs./Quintal,447.60,Metric Tonnes,2026-04-15,Daily_Price_Arrival_Report-07-11-2025_to_25-09-2026_for_Sangli_Kolhapur_Onion.csv
Maharashtra,Sangli,Sangli-Phale-Bhajipala,Vegetables,Onion,Local,Local,400.0,1400.0,900.0,Rs./Quintal,377.00,Metric Tonnes,2026-04-16,Daily_Price_Arrival_Report-07-11-2025_to_25-09-2026_for_Sangli_Kolhapur_Onion.csv
Maharashtra,Sangli,Sangli-Phale-Bhajipala,Vegetables,Onion,Local,Local,400.0,1400.0,900.0,Rs./Quintal,434.80,Metric Tonnes,2026-04-17,Daily_Price_Arrival_Report-07-11-2025_to_25-09-2026_for_Sangli_Kolhapur_Onion.csv
Maharashtra,Sangli,Sangli-Phale-Bhajipala,Vegetables,Onion,Local,Local,400.0,1400.0,900.0,Rs./Quintal,666.40,Metric Tonnes,2026-04-18,Daily_Price_Arrival_Report-07-11-2025_to_25-09-2026_for_Sangli_Kolhapur_Onion.csv
Maharashtra,Sangli,Sangli-Phale-Bhajipala,Vegetables,Onion,Local,Local,400.0,1400.0,900.0,Rs./Quintal,498.80,Metric Tonnes,2026-04-20,Daily_Price_Arrival_Report-07-11-2025_to_25-09-2026_for_Sangli_Kolhapur_Onion.csv
Maharashtra,Sangli,Sangli-Phale-Bhajipala,Vegetables,Onion,Local,Local,400.0,1400.0,900.0,Rs./Quintal,433.70,Metric Tonnes,2026-04-22,Daily_Price_Arrival_Report-07-11-2025_to_25-09-2026_for_Sangli_Kolhapur_Onion.csv
Maharashtra,Sangli,Sangli-Phale-Bhajipala,Vegetables,Onion,Local,Local,300.0,1200.0,750.0,Rs./Quintal,279.90,Metric Tonnes,2026-04-23,Daily_Price_Arrival_Report-07-11-2025_to_25-09-2026_for_Sangli_Kolhapur_Onion.csv
Maharashtra,Sangli,Sangli-Phale-Bhajipala,Vegetables,Onion,Local,Local,300.0,1150.0,725.0,Rs./Quintal,254.80,Metric Tonnes,2026-04-24,Daily_Price_Arrival_Report-07-11-2025_to_25-09-2026_for_Sangli_Kolhapur_Onion.csv
Maharashtra,Sangli,Sangli-Phale-Bhajipala,Vegetables,Onion,Local,Local,300.0,1200.0,750.0,Rs./Quintal,267.40,Metric Tonnes,2026-04-25,Daily_Price_Arrival_Report-07-11-2025_to_25-09-2026_for_Sangli_Kolhapur_Onion.csv
Maharashtra,Sangli,Sangli-Phale-Bhajipala,Vegetables,Onion,Local,Local,300.0,1300.0,800.0,Rs./Quintal,312.70,Metric Tonnes,2026-04-27,Daily_Price_Arrival_Report-07-11-2025_to_25-09-2026_for_Sangli_Kolhapur_Onion.csv
Maharashtra,Sangli,Sangli-Phale-Bhajipala,Vegetables,Onion,Local,Local,300.0,1550.0,925.0,Rs./Quintal,240.10,Metric Tonnes,2026-04-28,Daily_Price_Arrival_Report-07-11-2025_to_25-09-2026_for_Sangli_Kolhapur_Onion.csv
Maharashtra,Sangli,Sangli-Phale-Bhajipala,Vegetables,Onion,Local,Local,400.0,1600.0,1000.0,Rs./Quintal,416.40,Metric Tonnes,2026-04-29,Daily_Price_Arrival_Report-07-11-2025_to_25-09-2026_for_Sangli_Kolhapur_Onion.csv
Maharashtra,Sangli,Sangli-Phale-Bhajipala,Vegetables,Onion,Local,Local,400.0,1500.0,950.0,Rs./Quintal,387.70,Metric Tonnes,2026-04-30,Daily_Price_Arrival_Report-07-11-2025_to_25-09-2026_for_Sangli_Kolhapur_Onion.csv
Maharashtra,Sangli,Sangli-Phale-Bhajipala,Vegetables,Onion,Local,Local,400.0,1350.0,875.0,Rs./Quintal,477.60,Metric Tonnes,2026-05-04,Daily_Price_Arrival_Report-07-11-2025_to_25-09-2026_for_Sangli_Kolhapur_Onion.csv
Maharashtra,Sangli,Sangli-Phale-Bhajipala,Vegetables,Onion,Local,Local,400.0,1300.0,850.0,Rs./Quintal,428.20,Metric Tonnes,2026-05-05,Daily_Price_Arrival_Report-07-11-2025_to_25-09-2026_for_Sangli_Kolhapur_Onion.csv
Maharashtra,Sangli,Sangli-Phale-Bhajipala,Vegetables,Onion,Local,Local,400.0,1400.0,900.0,Rs./Quintal,519.60,Metric Tonnes,2026-05-06,Daily_Price_Arrival_Report-07-11-2025_to_25-09-2026_for_Sangli_Kolhapur_Onion.csv
Maharashtra,Sangli,Sangli-Phale-Bhajipala,Vegetables,Onion,Local,Local,400.0,1350.0,875.0,Rs./Quintal,443.30,Metric Tonnes,2026-05-07,Daily_Price_Arrival_Report-07-11-2025_to_25-09-2026_for_Sangli_Kolhapur_Onion.csv
Maharashtra,Sangli,Sangli-Phale-Bhajipala,Vegetables,Onion,Local,Local,400.0,1250.0,825.0,Rs./Quintal,523.70,Metric Tonnes,2026-05-08,Daily_Price_Arrival_Report-07-11-2025_to_25-09-2026_for_Sangli_Kolhapur_Onion.csv
Maharashtra,Sangli,Sangli-Phale-Bhajipala,Vegetables,Onion,Local,Local,400.0,1400.0,900.0,Rs./Quintal,417.20,Metric Tonnes,2026-05-09,Daily_Price_Arrival_Report-07-11-2025_to_25-09-2026_for_Sangli_Kolhapur_Onion.csv
Maharashtra,Sangli,Sangli-Phale-Bhajipala,Vegetables,Onion,Local,Local,400.0,1300.0,850.0,Rs./Quintal,409.60,Metric Tonnes,2026-05-11,Daily_Price_Arrival_Report-07-11-2025_to_25-09-2026_for_Sangli_Kolhapur_Onion.csv
Maharashtra,Sangli,Sangli-Phale-Bhajipala,Vegetables,Onion,Local,Local,400.0,1400.0,900.0,Rs./Quintal,261.90,Metric Tonnes,2026-05-12,Daily_Price_Arrival_Report-07-11-2025_to_25-09-2026_for_Sangli_Kolhapur_Onion.csv
Maharashtra,Sangli,Sangli-Phale-Bhajipala,Vegetables,Onion,Local,Local,400.0,1500.0,950.0,Rs./Quintal,343.50,Metric Tonnes,2026-05-13,Daily_Price_Arrival_Report-07-11-2025_to_25-09-2026_for_Sangli_Kolhapur_Onion.csv
Maharashtra,Sangli,Sangli-Phale-Bhajipala,Vegetables,Onion,Local,Local,400.0,1400.0,900.0,Rs./Quintal,241.20,Metric Tonnes,2026-05-14,Daily_Price_Arrival_Report-07-11-2025_to_25-09-2026_for_Sangli_Kolhapur_Onion.csv
Maharashtra,Sangli,Sangli-Phale-Bhajipala,Vegetables,Onion,Local,Local,400.0,1450.0,925.0,Rs./Quintal,367.80,Metric Tonnes,2026-05-15,Daily_Price_Arrival_Report-07-11-2025_to_25-09-2026_for_Sangli_Kolhapur_Onion.csv
Maharashtra,Sangli,Sangli-Phale-Bhajipala,Vegetables,Onion,Local,Local,400.0,1400.0,900.0,Rs./Quintal,337.30,Metric Tonnes,2026-05-16,Daily_Price_Arrival_Report-07-11-2025_to_25-09-2026_for_Sangli_Kolhapur_Onion.csv
Maharashtra,Sangli,Sangli-Phale-Bhajipala,Vegetables,Onion,Local,Local,400.0,1500.0,950.0,Rs./Quintal,473.20,Metric Tonnes,2026-05-18,Daily_Price_Arrival_Report-07-11-2025_to_25-09-2026_for_Sangli_Kolhapur_Onion.csv
Maharashtra,Sangli,Sangli-Phale-Bhajipala,Vegetables,Onion,Local,Local,400.0,1450.0,925.0,Rs./Quintal,284.60,Metric Tonnes,2026-05-19,Daily_Price_Arrival_Report-07-11-2025_to_25-09-2026_for_Sangli_Kolhapur_Onion.csv
Maharashtra,Sangli,Sangli-Phale-Bhajipala,Vegetables,Onion,Local,Local,400.0,1550.0,975.0,Rs./Quintal,462.50,Metric Tonnes,2026-05-20,Daily_Price_Arrival_Report-07-11-2025_to_25-09-2026_for_Sangli_Kolhapur_Onion.csv
Maharashtra,Sangli,Sangli-Phale-Bhajipala,Vegetables,Onion,Local,Local,400.0,1300.0,850.0,Rs./Quintal,344.60,Metric Tonnes,2026-05-21,Daily_Price_Arrival_Report-07-11-2025_to_25-09-2026_for_Sangli_Kolhapur_Onion.csv
Maharashtra,Sangli,Sangli-Phale-Bhajipala,Vegetables,Onion,Local,Local,400.0,1450.0,925.0,Rs./Quintal,274.60,Metric Tonnes,2026-05-22,Daily_Price_Arrival_Report-07-11-2025_to_25-09-2026_for_Sangli_Kolhapur_Onion.csv
Maharashtra,Sangli,Sangli-Phale-Bhajipala,Vegetables,Onion,Local,Local,400.0,1550.0,975.0,Rs./Quintal,362.70,Metric Tonnes,2026-05-23,Daily_Price_Arrival_Report-07-11-2025_to_25-09-2026_for_Sangli_Kolhapur_Onion.csv
Maharashtra,Sangli,Sangli-Phale-Bhajipala,Vegetables,Onion,Local,Local,400.0,1400.0,900.0,Rs./Quintal,314.50,Metric Tonnes,2026-05-25,Daily_Price_Arrival_Report-07-11-2025_to_25-09-2026_for_Sangli_Kolhapur_Onion.csv
Maharashtra,Sangli,Sangli-Phale-Bhajipala,Vegetables,Onion,Local,Local,400.0,1350.0,875.0,Rs./Quintal,197.20,Metric Tonnes,2026-05-26,Daily_Price_Arrival_Report-07-11-2025_to_25-09-2026_for_Sangli_Kolhapur_Onion.csv
Maharashtra,Sangli,Sangli-Phale-Bhajipala,Vegetables,Onion,Local,Local,400.0,1800.0,1100.0,Rs./Quintal,253.30,Metric Tonnes,2026-05-27,Daily_Price_Arrival_Report-07-11-2025_to_25-09-2026_for_Sangli_Kolhapur_Onion.csv
Maharashtra,Sangli,Sangli-Phale-Bhajipala,Vegetables,Onion,Local,Local,500.0,1800.0,1150.0,Rs./Quintal,367.20,Metric Tonnes,2026-05-29,Daily_Price_Arrival_Report-07-11-2025_to_25-09-2026_for_Sangli_Kolhapur_Onion.csv
Maharashtra,Sangli,Sangli-Phale-Bhajipala,Vegetables,Onion,Local,Local,500.0,1850.0,1175.0,Rs./Quintal,309.20,Metric Tonnes,2026-05-30,Daily_Price_Arrival_Report-07-11-2025_to_25-09-2026_for_Sangli_Kolhapur_Onion.csv
Maharashtra,Sangli,Sangli-Phale-Bhajipala,Vegetables,Onion,Local,Local,500.0,2000.0,1250.0,Rs./Quintal,329.80,Metric Tonnes,2026-06-01,Daily_Price_Arrival_Report-07-11-2025_to_25-09-2026_for_Sangli_Kolhapur_Onion.csv
Maharashtra,Sangli,Sangli-Phale-Bhajipala,Vegetables,Onion,Local,Local,500.0,1800.0,1150.0,Rs./Quintal,283.00,Metric Tonnes,2026-06-02,Daily_Price_Arrival_Report-07-11-2025_to_25-09-2026_for_Sangli_Kolhapur_Onion.csv
Maharashtra,Sangli,Sangli-Phale-Bhajipala,Vegetables,Onion,Local,Local,500.0,2050.0,1275.0,Rs./Quintal,408.00,Metric Tonnes,2026-06-03,Daily_Price_Arrival_Report-07-11-2025_to_25-09-2026_for_Sangli_Kolhapur_Onion.csv
Maharashtra,Sangli,Sangli-Phale-Bhajipala,Vegetables,Onion,Local,Local,400.0,2000.0,1200.0,Rs./Quintal,195.10,Metric Tonnes,2026-06-04,Daily_Price_Arrival_Report-07-11-2025_to_25-09-2026_for_Sangli_Kolhapur_Onion.csv
Maharashtra,Sangli,Sangli-Phale-Bhajipala,Vegetables,Onion,Local,Local,500.0,2100.0,900.0,Rs./Quintal,314.70,Metric Tonnes,2026-06-05,Daily_Price_Arrival_Report-07-11-2025_to_25-09-2026_for_Sangli_Kolhapur_Onion.csv
Maharashtra,Sangli,Sangli-Phale-Bhajipala,Vegetables,Onion,Local,Local,500.0,2000.0,1250.0,Rs./Quintal,525.80,Metric Tonnes,2026-06-06,Daily_Price_Arrival_Report-07-11-2025_to_25-09-2026_for_Sangli_Kolhapur_Onion.csv
Maharashtra,Sangli,Sangli-Phale-Bhajipala,Vegetables,Onion,Local,Local,500.0,1800.0,1150.0,Rs./Quintal,369.80,Metric Tonnes,2026-06-08,Daily_Price_Arrival_Report-07-11-2025_to_25-09-2026_for_Sangli_Kolhapur_Onion.csv
Maharashtra,Sangli,Sangli-Phale-Bhajipala,Vegetables,Onion,Local,Local,500.0,1600.0,1050.0,Rs./Quintal,133.90,Metric Tonnes,2026-06-09,Daily_Price_Arrival_Report-07-11-2025_to_25-09-2026_for_Sangli_Kolhapur_Onion.csv
Maharashtra,Sangli,Sangli-Phale-Bhajipala,Vegetables,Onion,Local,Local,500.0,1900.0,1200.0,Rs./Quintal,261.00,Metric Tonnes,2026-06-10,Daily_Price_Arrival_Report-07-11-2025_to_25-09-2026_for_Sangli_Kolhapur_Onion.csv
Maharashtra,Sangli,Sangli-Phale-Bhajipala,Vegetables,Onion,Local,Local,500.0,1800.0,1150.0,Rs./Quintal,201.80,Metric Tonnes,2026-06-11,Daily_Price_Arrival_Report-07-11-2025_to_25-09-2026_for_Sangli_Kolhapur_Onion.csv
Maharashtra,Sangli,Sangli-Phale-Bhajipala,Vegetables,Onion,Local,Local,400.0,1600.0,1000.0,Rs./Quintal,212.10,Metric Tonnes,2026-06-12,Daily_Price_Arrival_Report-07-11-2025_to_25-09-2026_for_Sangli_Kolhapur_Onion.csv
Maharashtra,Sangli,Sangli-Phale-Bhajipala,Vegetables,Onion,Local,Local,500.0,1950.0,1225.0,Rs./Quintal,231.90,Metric Tonnes,2026-06-13,Daily_Price_Arrival_Report-07-11-2025_to_25-09-2026_for_Sangli_Kolhapur_Onion.csv
Maharashtra,Sangli,Sangli-Phale-Bhajipala,Vegetables,Onion,Local,Local,500.0,1900.0,1200.0,Rs./Quintal,251.40,Metric Tonnes,2026-06-15,Daily_Price_Arrival_Report-07-11-2025_to_25-09-2026_for_Sangli_Kolhapur_Onion.csv
Maharashtra,Sangli,Sangli-Phale-Bhajipala,Vegetables,Onion,Local,Local,500.0,1700.0,1100.0,Rs./Quintal,138.30,Metric Tonnes,2026-06-16,Daily_Price_Arrival_Report-07-11-2025_to_25-09-2026_for_Sangli_Kolhapur_Onion.csv
Maharashtra,Sangli,Sangli-Phale-Bhajipala,Vegetables,Onion,Local,Local,500.0,2200.0,1350.0,Rs./Quintal,227.70,Metric Tonnes,2026-06-17,Daily_Price_Arrival_Report-07-11-2025_to_25-09-2026_for_Sangli_Kolhapur_Onion.csv
Maharashtra,Sangli,Sangli-Phale-Bhajipala,Vegetables,Onion,Local,Local,500.0,2200.0,1350.0,Rs./Quintal,221.20,Metric Tonnes,2026-06-18,Daily_Price_Arrival_Report-07-11-2025_to_25-09-2026_for_Sangli_Kolhapur_Onion.csv
Maharashtra,Sangli,Sangli-Phale-Bhajipala,Vegetables,Onion,Local,Local,500.0,2300.0,1400.0,Rs./Quintal,317.80,Metric Tonnes,2026-06-19,Daily_Price_Arrival_Report-07-11-2025_to_25-09-2026_for_Sangli_Kolhapur_Onion.csv
Maharashtra,Sangli,Sangli-Phale-Bhajipala,Vegetables,Onion,Local,Local,500.0,2500.0,1500.0,Rs./Quintal,404.20,Metric Tonnes,2026-06-20,Daily_Price_Arrival_Report-07-11-2025_to_25-09-2026_for_Sangli_Kolhapur_Onion.csv
Maharashtra,Sangli,Sangli-Phale-Bhajipala,Vegetables,Onion,Local,Local,500.0,2325.0,1412.0,Rs./Quintal,450.60,Metric Tonnes,2026-06-23,Daily_Price_Arrival_Report-07-11-2025_to_25-09-2026_for_Sangli_Kolhapur_Onion.csv
Maharashtra,Sangli,Sangli-Phale-Bhajipala,Vegetables,Onion,Local,Local,500.0,2300.0,1400.0,Rs./Quintal,297.70,Metric Tonnes,2026-06-24,Daily_Price_Arrival_Report-07-11-2025_to_25-09-2026_for_Sangli_Kolhapur_Onion.csv
Maharashtra,Sangli,Sangli-Phale-Bhajipala,Vegetables,Onion,Local,Local,500.0,3000.0,1750.0,Rs./Quintal,619.40,Metric Tonnes,2026-06-26,Daily_Price_Arrival_Report-07-11-2025_to_25-09-2026_for_Sangli_Kolhapur_Onion.csv
Maharashtra,Sangli,Sangli-Phale-Bhajipala,Vegetables,Onion,Local,Local,500.0,2800.0,1650.0,Rs./Quintal,453.80,Metric Tonnes,2026-06-27,Daily_Price_Arrival_Report-07-11-2025_to_25-09-2026_for_Sangli_Kolhapur_Onion.csv
Maharashtra,Sangli,Sangli-Phale-Bhajipala,Vegetables,Onion,Local,Local,500.0,2600.0,1550.0,Rs./Quintal,380.90,Metric Tonnes,2026-06-29,Daily_Price_Arrival_Report-07-11-2025_to_25-09-2026_for_Sangli_Kolhapur_Onion.csv
Maharashtra,Sangli,Sangli-Phale-Bhajipala,Vegetables,Onion,Local,Local,500.0,2600.0,1550.0,Rs./Quintal,147.80,Metric Tonnes,2026-06-30,Daily_Price_Arrival_Report-07-11-2025_to_25-09-2026_for_Sangli_Kolhapur_Onion.csv
Maharashtra,Sangli,Sangli-Phale-Bhajipala,Vegetables,Onion,Local,Local,700.0,2600.0,1650.0,Rs./Quintal,323.00,Metric Tonnes,2026-07-01,Daily_Price_Arrival_Report-07-11-2025_to_25-09-2026_for_Sangli_Kolhapur_Onion.csv
Maharashtra,Sangli,Sangli-Phale-Bhajipala,Vegetables,Onion,Local,Local,1000.0,2600.0,1800.0,Rs./Quintal,233.10,Metric Tonnes,2026-07-02,Daily_Price_Arrival_Report-07-11-2025_to_25-09-2026_for_Sangli_Kolhapur_Onion.csv
Maharashtra,Sangli,Sangli-Phale-Bhajipala,Vegetables,Onion,Local,Local,1000.0,2500.0,1750.0,Rs./Quintal,252.90,Metric Tonnes,2026-07-03,Daily_Price_Arrival_Report-07-11-2025_to_25-09-2026_for_Sangli_Kolhapur_Onion.csv
Maharashtra,Sangli,Sangli-Phale-Bhajipala,Vegetables,Onion,Local,Local,900.0,2700.0,1800.0,Rs./Quintal,297.00,Metric Tonnes,2026-07-04,Daily_Price_Arrival_Report-07-11-2025_to_25-09-2026_for_Sangli_Kolhapur_Onion.csv
Maharashtra,Sangli,Sangli-Phale-Bhajipala,Vegetables,Onion,Local,Local,1500.0,3000.0,2250.0,Rs./Quintal,186.00,Metric Tonnes,2026-07-06,Daily_Price_Arrival_Report-07-11-2025_to_25-09-2026_for_Sangli_Kolhapur_Onion.csv
Maharashtra,Sangli,Sangli-Phale-Bhajipala,Vegetables,Onion,Local,Local,1300.0,3000.0,2150.0,Rs./Quintal,171.60,Metric Tonnes,2026-07-07,Daily_Price_Arrival_Report-07-11-2025_to_25-09-2026_for_Sangli_Kolhapur_Onion.csv
Maharashtra,Sangli,Sangli-Phale-Bhajipala,Vegetables,Onion,Local,Local,1300.0,3000.0,2150.0,Rs./Quintal,326.00,Metric Tonnes,2026-07-08,Daily_Price_Arrival_Report-07-11-2025_to_25-09-2026_for_Sangli_Kolhapur_Onion.csv
Maharashtra,Sangli,Sangli-Phale-Bhajipala,Vegetables,Onion,Local,Local,1300.0,3000.0,2150.0,Rs./Quintal,209.30,Metric Tonnes,2026-07-09,Daily_Price_Arrival_Report-07-11-2025_to_25-09-2026_for_Sangli_Kolhapur_Onion.csv
Maharashtra,Sangli,Sangli-Phale-Bhajipala,Vegetables,Onion,Local,Local,1200.0,2900.0,2050.0,Rs./Quintal,414.90,Metric Tonnes,2026-07-10,Daily_Price_Arrival_Report-07-11-2025_to_25-09-2026_for_Sangli_Kolhapur_Onion.csv
Maharashtra,Sangli,Sangli-Phale-Bhajipala,Vegetables,Onion,Local,Local,1200.0,2500.0,1850.0,Rs./Quintal,504.20,Metric Tonnes,2026-07-11,Daily_Price_Arrival_Report-07-11-2025_to_25-09-2026_for_Sangli_Kolhapur_Onion.csv
Maharashtra,Sangli,Sangli-Phale-Bhajipala,Vegetables,Onion,Local,Local,1200.0,2500.0,1850.0,Rs./Quintal,292.60,Metric Tonnes,2026-07-13,Daily_Price_Arrival_Report-07-11-2025_to_25-09-2026_for_Sangli_Kolhapur_Onion.csv
Maharashtra,Sangli,Sangli-Phale-Bhajipala,Vegetables,Onion,Local,Local,1200.0,2550.0,1875.0,Rs./Quintal,241.70,Metric Tonnes,2026-07-14,Daily_Price_Arrival_Report-07-11-2025_to_25-09-2026_for_Sangli_Kolhapur_Onion.csv
Maharashtra,Sangli,Sangli-Phale-Bhajipala,Vegetables,Onion,Local,Local,1000.0,2600.0,1800.0,Rs./Quintal,207.50,Metric Tonnes,2026-07-15,Daily_Price_Arrival_Report-07-11-2025_to_25-09-2026_for_Sangli_Kolhapur_Onion.csv
Maharashtra,Sangli,Sangli-Phale-Bhajipala,Vegetables,Onion,Local,Local,1200.0,2650.0,1925.0,Rs./Quintal,110.80,Metric Tonnes,2026-07-16,Daily_Price_Arrival_Report-07-11-2025_to_25-09-2026_for_Sangli_Kolhapur_Onion.csv
Maharashtra,Sangli,Sangli-Phale-Bhajipala,Vegetables,Onion,Local,Local,1200.0,2700.0,1950.0,Rs./Quintal,341.60,Metric Tonnes,2026-07-18,Daily_Price_Arrival_Report-07-11-2025_to_25-09-2026_for_Sangli_Kolhapur_Onion.csv
Maharashtra,Sangli,Sangli-Phale-Bhajipala,Vegetables,Onion,Local,Local,1300.0,2700.0,1500.0,Rs./Quintal,254.20,Metric Tonnes,2026-07-20,Daily_Price_Arrival_Report-07-11-2025_to_25-09-2026_for_Sangli_Kolhapur_Onion.csv
Maharashtra,Sangli,Sangli-Phale-Bhajipala,Vegetables,Onion,Local,Local,1000.0,3000.0,2000.0,Rs./Quintal,207.00,Metric Tonnes,2026-07-21,Daily_Price_Arrival_Report-07-11-2025_to_25-09-2026_for_Sangli_Kolhapur_Onion.csv
Maharashtra,Sangli,Sangli-Phale-Bhajipala,Vegetables,Onion,Local,Local,1100.0,2700.0,1900.0,Rs./Quintal,366.60,Metric Tonnes,2026-07-22,Daily_Price_Arrival_Report-07-11-2025_to_25-09-2026_for_Sangli_Kolhapur_Onion.csv
Maharashtra,Sangli,Sangli-Phale-Bhajipala,Vegetables,Onion,Local,Local,1300.0,2700.0,2000.0,Rs./Quintal,194.00,Metric Tonnes,2026-07-23,Daily_Price_Arrival_Report-07-11-2025_to_25-09-2026_for_Sangli_Kolhapur_Onion.csv
Maharashtra,Sangli,Sangli-Phale-Bhajipala,Vegetables,Onion,Local,Local,1200.0,2600.0,1900.0,Rs./Quintal,280.00,Metric Tonnes,2026-07-27,Daily_Price_Arrival_Report-07-11-2025_to_25-09-2026_for_Sangli_Kolhapur_Onion.csv
Maharashtra,Sangli,Sangli-Phale-Bhajipala,Vegetables,Onion,Local,Local,700.0,2800.0,1750.0,Rs./Quintal,166.90,Metric Tonnes,2026-07-28,Daily_Price_Arrival_Report-07-11-2025_to_25-09-2026_for_Sangli_Kolhapur_Onion.csv
Maharashtra,Sangli,Sangli-Phale-Bhajipala,Vegetables,Onion,Local,Local,1000.0,2700.0,1850.0,Rs./Quintal,372.30,Metric Tonnes,2026-07-29,Daily_Price_Arrival_Report-07-11-2025_to_25-09-2026_for_Sangli_Kolhapur_Onion.csv
Maharashtra,Sangli,Sangli-Phale-Bhajipala,Vegetables,Onion,Local,Local,900.0,2600.0,1750.0,Rs./Quintal,197.70,Metric Tonnes,2026-07-30,Daily_Price_Arrival_Report-07-11-2025_to_25-09-2026_for_Sangli_Kolhapur_Onion.csv
Maharashtra,Sangli,Sangli-Phale-Bhajipala,Vegetables,Onion,Local,Local,800.0,2700.0,1750.0,Rs./Quintal,284.60,Metric Tonnes,2026-08-01,Daily_Price_Arrival_Report-07-11-2025_to_25-09-2026_for_Sangli_Kolhapur_Onion.csv
Maharashtra,Sangli,Sangli-Phale-Bhajipala,Vegetables,Onion,Local,Local,800.0,2700.0,1750.0,Rs./Quintal,330.00,Metric Tonnes,2026-08-03,Daily_Price_Arrival_Report-07-11-2025_to_25-09-2026_for_Sangli_Kolhapur_Onion.csv
Maharashtra,Sangli,Sangli-Phale-Bhajipala,Vegetables,Onion,Local,Local,800.0,2600.0,1700.0,Rs./Quintal,149.30,Metric Tonnes,2026-08-04,Daily_Price_Arrival_Report-07-11-2025_to_25-09-2026_for_Sangli_Kolhapur_Onion.csv
Maharashtra,Sangli,Sangli-Phale-Bhajipala,Vegetables,Onion,Local,Local,1000.0,2800.0,1900.0,Rs./Quintal,231.50,Metric Tonnes,2026-08-05,Daily_Price_Arrival_Report-07-11-2025_to_25-09-2026_for_Sangli_Kolhapur_Onion.csv
Maharashtra,Sangli,Sangli-Phale-Bhajipala,Vegetables,Onion,Local,Local,1000.0,3100.0,2050.0,Rs./Quintal,134.60,Metric Tonnes,2026-08-06,Daily_Price_Arrival_Report-07-11-2025_to_25-09-2026_for_Sangli_Kolhapur_Onion.csv
Maharashtra,Sangli,Sangli-Phale-Bhajipala,Vegetables,Onion,Local,Local,1000.0,3000.0,2000.0,Rs./Quintal,314.40,Metric Tonnes,2026-08-07,Daily_Price_Arrival_Report-07-11-2025_to_25-09-2026_for_Sangli_Kolhapur_Onion.csv
Maharashtra,Sangli,Sangli-Phale-Bhajipala,Vegetables,Onion,Local,Local,1200.0,2800.0,2000.0,Rs./Quintal,283.70,Metric Tonnes,2026-08-08,Daily_Price_Arrival_Report-07-11-2025_to_25-09-2026_for_Sangli_Kolhapur_Onion.csv
Maharashtra,Sangli,Sangli-Phale-Bhajipala,Vegetables,Onion,Local,Local,1000.0,2800.0,1900.0,Rs./Quintal,290.50,Metric Tonnes,2026-08-10,Daily_Price_Arrival_Report-07-11-2025_to_25-09-2026_for_Sangli_Kolhapur_Onion.csv
Maharashtra,Sangli,Sangli-Phale-Bhajipala,Vegetables,Onion,Local,Local,1100.0,2900.0,2000.0,Rs./Quintal,132.10,Metric Tonnes,2026-08-11,Daily_Price_Arrival_Report-07-11-2025_to_25-09-2026_for_Sangli_Kolhapur_Onion.csv
Maharashtra,Sangli,Sangli-Phale-Bhajipala,Vegetables,Onion,Local,Local,1200.0,3300.0,2250.0,Rs./Quintal,230.10,Metric Tonnes,2026-08-12,Daily_Price_Arrival_Report-07-11-2025_to_25-09-2026_for_Sangli_Kolhapur_Onion.csv
Maharashtra,Sangli,Sangli-Phale-Bhajipala,Vegetables,Onion,Local,Local,1000.0,3200.0,2100.0,Rs./Quintal,177.80,Metric Tonnes,2026-08-13,Daily_Price_Arrival_Report-07-11-2025_to_25-09-2026_for_Sangli_Kolhapur_Onion.csv
Maharashtra,Sangli,Sangli-Phale-Bhajipala,Vegetables,Onion,Local,Local,1200.0,3600.0,2400.0,Rs./Quintal,293.00,Metric Tonnes,2026-08-17,Daily_Price_Arrival_Report-07-11-2025_to_25-09-2026_for_Sangli_Kolhapur_Onion.csv
Maharashtra,Sangli,Sangli-Phale-Bhajipala,Vegetables,Onion,Local,Local,1500.0,4000.0,2750.0,Rs./Quintal,93.00,Metric Tonnes,2026-08-18,Daily_Price_Arrival_Report-07-11-2025_to_25-09-2026_for_Sangli_Kolhapur_Onion.csv
Maharashtra,Sangli,Sangli-Phale-Bhajipala,Vegetables,Onion,Local,Local,1500.0,5100.0,3300.0,Rs./Quintal,268.40,Metric Tonnes,2026-08-19,Daily_Price_Arrival_Report-07-11-2025_to_25-09-2026_for_Sangli_Kolhapur_Onion.csv
Maharashtra,Sangli,Sangli-Phale-Bhajipala,Vegetables,Onion,Local,Local,1500.0,4500.0,3000.0,Rs./Quintal,318.30,Metric Tonnes,2026-08-20,Daily_Price_Arrival_Report-07-11-2025_to_25-09-2026_for_Sangli_Kolhapur_Onion.csv
Maharashtra,Sangli,Sangli-Phale-Bhajipala,Vegetables,Onion,Local,Local,1000.0,4000.0,2500.0,Rs./Quintal,344.20,Metric Tonnes,2026-08-21,Daily_Price_Arrival_Report-07-11-2025_to_25-09-2026_for_Sangli_Kolhapur_Onion.csv
Maharashtra,Sangli,Sangli-Phale-Bhajipala,Vegetables,Onion,Local,Local,1200.0,4000.0,2600.0,Rs./Quintal,538.40,Metric Tonnes,2026-08-22,Daily_Price_Arrival_Report-07-11-2025_to_25-09-2026_for_Sangli_Kolhapur_Onion.csv
Maharashtra,Sangli,Sangli-Phale-Bhajipala,Vegetables,Onion,Local,Local,1000.0,4200.0,2600.0,Rs./Quintal,211.20,Metric Tonnes,2026-08-24,Daily_Price_Arrival_Report-07-11-2025_to_25-09-2026_for_Sangli_Kolhapur_Onion.csv
Maharashtra,Sangli,Sangli-Phale-Bhajipala,Vegetables,Onion,Local,Local,1500.0,4700.0,3100.0,Rs./Quintal,165.80,Metric Tonnes,2026-08-25,Daily_Price_Arrival_Report-07-11-2025_to_25-09-2026_for_Sangli_Kolhapur_Onion.csv
Maharashtra,Sangli,Sangli-Phale-Bhajipala,Vegetables,Onion,Local,Local,1700.0,4500.0,3100.0,Rs./Quintal,401.10,Metric Tonnes,2026-08-26,Daily_Price_Arrival_Report-07-11-2025_to_25-09-2026_for_Sangli_Kolhapur_Onion.csv
Maharashtra,Sangli,Sangli-Phale-Bhajipala,Vegetables,Onion,Local,Local,1300.0,4400.0,2850.0,Rs./Quintal,300.00,Metric Tonnes,2026-08-27,Daily_Price_Arrival_Report-07-11-2025_to_25-09-2026_for_Sangli_Kolhapur_Onion.csv
Maharashtra,Sangli,Sangli-Phale-Bhajipala,Vegetables,Onion,Local,Local,1500.0,4300.0,2900.0,Rs./Quintal,474.40,Metric Tonnes,2026-08-29,Daily_Price_Arrival_Report-07-11-2025_to_25-09-2026_for_Sangli_Kolhapur_Onion.csv
Maharashtra,Sangli,Sangli-Phale-Bhajipala,Vegetables,Onion,Local,Local,1700.0,4700.0,3200.0,Rs./Quintal,153.50,Metric Tonnes,2026-08-31,Daily_Price_Arrival_Report-07-11-2025_to_25-09-2026_for_Sangli_Kolhapur_Onion.csv
Maharashtra,Sangli,Sangli-Phale-Bhajipala,Vegetables,Onion,Local,Local,1700.0,4700.0,3200.0,Rs./Quintal,"2,465.00",Metric Tonnes,2026-09-01,Daily_Price_Arrival_Report-07-11-2025_to_25-09-2026_for_Sangli_Kolhapur_Onion.csv
Maharashtra,Sangli,Sangli-Phale-Bhajipala,Vegetables,Onion,Local,Local,1700.0,5000.0,3350.0,Rs./Quintal,298.40,Metric Tonnes,2026-09-02,Daily_Price_Arrival_Report-07-11-2025_to_25-09-2026_for_Sangli_Kolhapur_Onion.csv
Maharashtra,Sangli,Sangli-Phale-Bhajipala,Vegetables,Onion,Local,Local,1800.0,5500.0,3650.0,Rs./Quintal,"1,356.00",Metric Tonnes,2026-09-03,Daily_Price_Arrival_Report-07-11-2025_to_25-09-2026_for_Sangli_Kolhapur_Onion.csv
Maharashtra,Sangli,Sangli-Phale-Bhajipala,Vegetables,Onion,Local,Local,1800.0,5000.0,3400.0,Rs./Quintal,249.70,Metric Tonnes,2026-09-05,Daily_Price_Arrival_Report-07-11-2025_to_25-09-2026_for_Sangli_Kolhapur_Onion.csv
Maharashtra,Sangli,Sangli-Phale-Bhajipala,Vegetables,Onion,Local,Local,1800.0,5100.0,3450.0,Rs./Quintal,246.30,Metric Tonnes,2026-09-07,Daily_Price_Arrival_Report-07-11-2025_to_25-09-2026_for_Sangli_Kolhapur_Onion.csv
Maharashtra,Sangli,Sangli-Phale-Bhajipala,Vegetables,Onion,Local,Local,1800.0,4800.0,3300.0,Rs./Quintal,79.60,Metric Tonnes,2026-09-08,Daily_Price_Arrival_Report-07-11-2025_to_25-09-2026_for_Sangli_Kolhapur_Onion.csv
Maharashtra,Sangli,Sangli-Phale-Bhajipala,Vegetables,Onion,Local,Local,2000.0,5000.0,3500.0,Rs./Quintal,286.20,Metric Tonnes,2026-09-09,Daily_Price_Arrival_Report-07-11-2025_to_25-09-2026_for_Sangli_Kolhapur_Onion.csv
Maharashtra,Sangli,Sangli-Phale-Bhajipala,Vegetables,Onion,Local,Local,2000.0,5500.0,3750.0,Rs./Quintal,140.30,Metric Tonnes,2026-09-10,Daily_Price_Arrival_Report-07-11-2025_to_25-09-2026_for_Sangli_Kolhapur_Onion.csv
Maharashtra,Sangli,Sangli-Phale-Bhajipala,Vegetables,Onion,Local,Local,1500.0,5000.0,3250.0,Rs./Quintal,183.50,Metric Tonnes,2026-09-11,Daily_Price_Arrival_Report-07-11-2025_to_25-09-2026_for_Sangli_Kolhapur_Onion.csv
Maharashtra,Sangli,Sangli-Phale-Bhajipala,Vegetables,Onion,Local,Local,2000.0,5000.0,3500.0,Rs./Quintal,305.00,Metric Tonnes,2026-09-12,Daily_Price_Arrival_Report-07-11-2025_to_25-09-2026_for_Sangli_Kolhapur_Onion.csv
Maharashtra,Sangli,Sangli-Phale-Bhajipala,Vegetables,Onion,Local,Local,2200.0,4900.0,3550.0,Rs./Quintal,194.80,Metric Tonnes,2026-09-15,Daily_Price_Arrival_Report-07-11-2025_to_25-09-2026_for_Sangli_Kolhapur_Onion.csv
Maharashtra,Sangli,Sangli-Phale-Bhajipala,Vegetables,Onion,Local,Local,2200.0,5400.0,3800.0,Rs./Quintal,277.20,Metric Tonnes,2026-09-16,Daily_Price_Arrival_Report-07-11-2025_to_25-09-2026_for_Sangli_Kolhapur_Onion.csv
Maharashtra,Sangli,Sangli-Phale-Bhajipala,Vegetables,Onion,Local,Local,2100.0,5000.0,3550.0,Rs./Quintal,271.90,Metric Tonnes,2026-09-19,Daily_Price_Arrival_Report-07-11-2025_to_25-09-2026_for_Sangli_Kolhapur_Onion.csv
Maharashtra,Sangli,Sangli-Phale-Bhajipala,Vegetables,Onion,Local,Local,2000.0,4900.0,3450.0,Rs./Quintal,"2,330.00",Metric Tonnes,2026-09-21,Daily_Price_Arrival_Report-07-11-2025_to_25-09-2026_for_Sangli_Kolhapur_Onion.csv
Maharashtra,Sangli,Sangli-Phale-Bhajipala,Vegetables,Onion,Local,Local,1800.0,4800.0,3300.0,Rs./Quintal,97.30,Metric Tonnes,2026-09-22,Daily_Price_Arrival_Report-07-11-2025_to_25-09-2026_for_Sangli_Kolhapur_Onion.csv
Maharashtra,Sangli,Sangli-Phale-Bhajipala,Vegetables,Onion,Local,Local,1600.0,4900.0,3250.0,Rs./Quintal,274.40,Metric Tonnes,2026-09-23,Daily_Price_Arrival_Report-07-11-2025_to_25-09-2026_for_Sangli_Kolhapur_Onion.csv
Maharashtra,Sangli,Sangli-Phale-Bhajipala,Vegetables,Onion,Local,Local,1600.0,4800.0,3200.0,Rs./Quintal,146.50,Metric Tonnes,2026-09-24,Daily_Price_Arrival_Report-07-11-2025_to_25-09-2026_for_Sangli_Kolhapur_Onion.csv
Maharashtra,Sangli,Vita,Vegetables,Onion,Other,Local,1000.0,1500.0,1350.0,Rs./Quintal,4.00,Metric Tonnes,2025-12-08,Daily_Price_Arrival_Report-07-11-2025_to_25-09-2026_for_Sangli_Kolhapur_Onion.csv
Maharashtra,Sangli,Vita,Vegetables,Onion,Other,Local,2000.0,2700.0,2500.0,Rs./Quintal,4.00,Metric Tonnes,2025-12-15,Daily_Price_Arrival_Report-07-11-2025_to_25-09-2026_for_Sangli_Kolhapur_Onion.csv
Maharashtra,Sangli,Vita,Vegetables,Onion,Other,Local,1500.0,2200.0,1800.0,Rs./Quintal,4.00,Metric Tonnes,2025-12-29,Daily_Price_Arrival_Report-07-11-2025_to_25-09-2026_for_Sangli_Kolhapur_Onion.csv
Maharashtra,Sangli,Vita,Vegetables,Onion,Other,Local,1000.0,2000.0,1500.0,Rs./Quintal,4.00,Metric Tonnes,2026-01-05,Daily_Price_Arrival_Report-07-11-2025_to_25-09-2026_for_Sangli_Kolhapur_Onion.csv
Maharashtra,Sangli,Vita,Vegetables,Onion,Other,Local,1000.0,1800.0,1550.0,Rs./Quintal,4.00,Metric Tonnes,2026-01-12,Daily_Price_Arrival_Report-07-11-2025_to_25-09-2026_for_Sangli_Kolhapur_Onion.csv
Maharashtra,Sangli,Vita,Vegetables,Onion,Other,Local,1000.0,1800.0,1500.0,Rs./Quintal,4.00,Metric Tonnes,2026-01-19,Daily_Price_Arrival_Report-07-11-2025_to_25-09-2026_for_Sangli_Kolhapur_Onion.csv
Maharashtra,Sangli,Vita,Vegetables,Onion,Other,Local,1000.0,1600.0,1450.0,Rs./Quintal,5.00,Metric Tonnes,2026-02-02,Daily_Price_Arrival_Report-07-11-2025_to_25-09-2026_for_Sangli_Kolhapur_Onion.csv
Maharashtra,Sangli,Vita,Vegetables,Onion,Other,Local,1000.0,1700.0,1350.0,Rs./Quintal,5.00,Metric Tonnes,2026-02-09,Daily_Price_Arrival_Report-07-11-2025_to_25-09-2026_for_Sangli_Kolhapur_Onion.csv
Maharashtra,Sangli,Vita,Vegetables,Onion,Other,Local,1000.0,1600.0,1350.0,Rs./Quintal,4.00,Metric Tonnes,2026-02-12,Daily_Price_Arrival_Report-07-11-2025_to_25-09-2026_for_Sangli_Kolhapur_Onion.csv
Maharashtra,Sangli,Vita,Vegetables,Onion,Other,Local,800.0,1200.0,1000.0,Rs./Quintal,2.00,Metric Tonnes,2026-04-07,Daily_Price_Arrival_Report-07-11-2025_to_25-09-2026_for_Sangli_Kolhapur_Onion.csv
Maharashtra,Sangli,Vita,Vegetables,Onion,Other,Local,800.0,1200.0,1000.0,Rs./Quintal,5.00,Metric Tonnes,2026-04-09,Daily_Price_Arrival_Report-07-11-2025_to_25-09-2026_for_Sangli_Kolhapur_Onion.csv
Maharashtra,Sangli,Vita,Vegetables,Onion,Other,Local,800.0,1100.0,1000.0,Rs./Quintal,3.00,Metric Tonnes,2026-04-11,Daily_Price_Arrival_Report-07-11-2025_to_25-09-2026_for_Sangli_Kolhapur_Onion.csv
Maharashtra,Sangli,Vita,Vegetables,Onion,Other,Local,800.0,1200.0,1000.0,Rs./Quintal,4.00,Metric Tonnes,2026-04-13,Daily_Price_Arrival_Report-07-11-2025_to_25-09-2026_for_Sangli_Kolhapur_Onion.csv
Maharashtra,Sangli,Vita,Vegetables,Onion,Other,Local,800.0,1200.0,1000.0,Rs./Quintal,5.00,Metric Tonnes,2026-04-18,Daily_Price_Arrival_Report-07-11-2025_to_25-09-2026_for_Sangli_Kolhapur_Onion.csv
Maharashtra,Sangli,Vita,Vegetables,Onion,Other,Local,500.0,1100.0,950.0,Rs./Quintal,12.00,Metric Tonnes,2026-04-19,Daily_Price_Arrival_Report-07-11-2025_to_25-09-2026_for_Sangli_Kolhapur_Onion.csv
Maharashtra,Sangli,Vita,Vegetables,Onion,Other,Local,1000.0,1200.0,1150.0,Rs./Quintal,5.00,Metric Tonnes,2026-04-23,Daily_Price_Arrival_Report-07-11-2025_to_25-09-2026_for_Sangli_Kolhapur_Onion.csv
Maharashtra,Sangli,Vita,Vegetables,Onion,Other,Local,800.0,1200.0,1000.0,Rs./Quintal,5.00,Metric Tonnes,2026-04-27,Daily_Price_Arrival_Report-07-11-2025_to_25-09-2026_for_Sangli_Kolhapur_Onion.csv
Maharashtra,Sangli,Vita,Vegetables,Onion,Other,Local,800.0,1100.0,1000.0,Rs./Quintal,4.00,Metric Tonnes,2026-04-28,Daily_Price_Arrival_Report-07-11-2025_to_25-09-2026_for_Sangli_Kolhapur_Onion.csv
Maharashtra,Sangli,Vita,Vegetables,Onion,Other,Local,500.0,1100.0,850.0,Rs./Quintal,3.00,Metric Tonnes,2026-05-02,Daily_Price_Arrival_Report-07-11-2025_to_25-09-2026_for_Sangli_Kolhapur_Onion.csv
Maharashtra,Sangli,Vita,Vegetables,Onion,Other,Local,500.0,1200.0,1000.0,Rs./Quintal,5.00,Metric Tonnes,2026-05-04,Daily_Price_Arrival_Report-07-11-2025_to_25-09-2026_for_Sangli_Kolhapur_Onion.csv
Maharashtra,Sangli,Vita,Vegetables,Onion,Other,Local,700.0,1200.0,1000.0,Rs./Quintal,5.00,Metric Tonnes,2026-05-07,Daily_Price_Arrival_Report-07-11-2025_to_25-09-2026_for_Sangli_Kolhapur_Onion.csv
Maharashtra,Sangli,Vita,Vegetables,Onion,Other,Local,800.0,1200.0,1000.0,Rs./Quintal,2.00,Metric Tonnes,2026-05-12,Daily_Price_Arrival_Report-07-11-2025_to_25-09-2026_for_Sangli_Kolhapur_Onion.csv
Maharashtra,Sangli,Vita,Vegetables,Onion,Other,Local,800.0,1200.0,1000.0,Rs./Quintal,2.00,Metric Tonnes,2026-05-18,Daily_Price_Arrival_Report-07-11-2025_to_25-09-2026_for_Sangli_Kolhapur_Onion.csv
Maharashtra,Sangli,Vita,Vegetables,Onion,Other,Local,800.0,1300.0,1100.0,Rs./Quintal,3.00,Metric Tonnes,2026-05-19,Daily_Price_Arrival_Report-07-11-2025_to_25-09-2026_for_Sangli_Kolhapur_Onion.csv
Maharashtra,Sangli,Vita,Vegetables,Onion,Other,Local,1000.0,1300.0,1100.0,Rs./Quintal,5.00,Metric Tonnes,2026-05-21,Daily_Price_Arrival_Report-07-11-2025_to_25-09-2026_for_Sangli_Kolhapur_Onion.csv
Maharashtra,Sangli,Vita,Vegetables,Onion,Other,Local,1000.0,1400.0,1200.0,Rs./Quintal,2.00,Metric Tonnes,2026-05-25,Daily_Price_Arrival_Report-07-11-2025_to_25-09-2026_for_Sangli_Kolhapur_Onion.csv
Maharashtra,Sangli,Vita,Vegetables,Onion,Other,Local,1000.0,1600.0,1300.0,Rs./Quintal,4.00,Metric Tonnes,2026-05-28,Daily_Price_Arrival_Report-07-11-2025_to_25-09-2026_for_Sangli_Kolhapur_Onion.csv
Maharashtra,Sangli,Vita,Vegetables,Onion,Other,Local,1000.0,1800.0,1500.0,Rs./Quintal,4.00,Metric Tonnes,2026-05-30,Daily_Price_Arrival_Report-07-11-2025_to_25-09-2026_for_Sangli_Kolhapur_Onion.csv
Maharashtra,Sangli,Vita,Vegetables,Onion,Other,Local,1500.0,1800.0,1600.0,Rs./Quintal,4.00,Metric Tonnes,2026-06-01,Daily_Price_Arrival_Report-07-11-2025_to_25-09-2026_for_Sangli_Kolhapur_Onion.csv
Maharashtra,Sangli,Vita,Vegetables,Onion,Other,Local,1500.0,2000.0,1800.0,Rs./Quintal,5.00,Metric Tonnes,2026-06-04,Daily_Price_Arrival_Report-07-11-2025_to_25-09-2026_for_Sangli_Kolhapur_Onion.csv
Maharashtra,Sangli,Vita,Vegetables,Onion,Other,Local,1400.0,2000.0,1700.0,Rs./Quintal,5.00,Metric Tonnes,2026-06-08,Daily_Price_Arrival_Report-07-11-2025_to_25-09-2026_for_Sangli_Kolhapur_Onion.csv
Maharashtra,Sangli,Vita,Vegetables,Onion,Other,Local,1500.0,2000.0,1700.0,Rs./Quintal,3.00,Metric Tonnes,2026-06-11,Daily_Price_Arrival_Report-07-11-2025_to_25-09-2026_for_Sangli_Kolhapur_Onion.csv
Maharashtra,Sangli,Vita,Vegetables,Onion,Other,Local,1500.0,2000.0,1800.0,Rs./Quintal,2.00,Metric Tonnes,2026-06-12,Daily_Price_Arrival_Report-07-11-2025_to_25-09-2026_for_Sangli_Kolhapur_Onion.csv
Maharashtra,Sangli,Vita,Vegetables,Onion,Other,Local,1500.0,1800.0,1600.0,Rs./Quintal,5.00,Metric Tonnes,2026-06-14,Daily_Price_Arrival_Report-07-11-2025_to_25-09-2026_for_Sangli_Kolhapur_Onion.csv
Maharashtra,Sangli,Vita,Vegetables,Onion,Other,Local,1500.0,2000.0,1800.0,Rs./Quintal,2.00,Metric Tonnes,2026-06-15,Daily_Price_Arrival_Report-07-11-2025_to_25-09-2026_for_Sangli_Kolhapur_Onion.csv
Maharashtra,Sangli,Vita,Vegetables,Onion,Other,Local,1800.0,2000.0,1800.0,Rs./Quintal,2.00,Metric Tonnes,2026-06-18,Daily_Price_Arrival_Report-07-11-2025_to_25-09-2026_for_Sangli_Kolhapur_Onion.csv
Maharashtra,Sangli,Vita,Vegetables,Onion,Other,Local,2000.0,2200.0,2000.0,Rs./Quintal,2.00,Metric Tonnes,2026-06-19,Daily_Price_Arrival_Report-07-11-2025_to_25-09-2026_for_Sangli_Kolhapur_Onion.csv
Maharashtra,Sangli,Vita,Vegetables,Onion,Other,Local,1800.0,2200.0,1800.0,Rs./Quintal,2.00,Metric Tonnes,2026-06-21,Daily_Price_Arrival_Report-07-11-2025_to_25-09-2026_for_Sangli_Kolhapur_Onion.csv
Maharashtra,Sangli,Vita,Vegetables,Onion,Other,Local,1500.0,2000.0,1800.0,Rs./Quintal,2.00,Metric Tonnes,2026-06-22,Daily_Price_Arrival_Report-07-11-2025_to_25-09-2026_for_Sangli_Kolhapur_Onion.csv
Maharashtra,Sangli,Vita,Vegetables,Onion,Other,Local,1500.0,2000.0,1800.0,Rs./Quintal,2.00,Metric Tonnes,2026-06-23,Daily_Price_Arrival_Report-07-11-2025_to_25-09-2026_for_Sangli_Kolhapur_Onion.csv
Maharashtra,Sangli,Vita,Vegetables,Onion,Other,Local,1800.0,2200.0,2000.0,Rs./Quintal,5.00,Metric Tonnes,2026-06-25,Daily_Price_Arrival_Report-07-11-2025_to_25-09-2026_for_Sangli_Kolhapur_Onion.csv
Maharashtra,Sangli,Vita,Vegetables,Onion,Other,Local,2000.0,2800.0,2500.0,Rs./Quintal,4.00,Metric Tonnes,2026-06-29,Daily_Price_Arrival_Report-07-11-2025_to_25-09-2026_for_Sangli_Kolhapur_Onion.csv
Maharashtra,Sangli,Vita,Vegetables,Onion,Other,Local,2000.0,2800.0,2500.0,Rs./Quintal,8.00,Metric Tonnes,2026-07-02,Daily_Price_Arrival_Report-07-11-2025_to_25-09-2026_for_Sangli_Kolhapur_Onion.csv
Maharashtra,Sangli,Vita,Vegetables,Onion,Other,Local,1800.0,2800.0,2500.0,Rs./Quintal,4.00,Metric Tonnes,2026-07-06,Daily_Price_Arrival_Report-07-11-2025_to_25-09-2026_for_Sangli_Kolhapur_Onion.csv
Maharashtra,Sangli,Vita,Vegetables,Onion,Other,Local,2000.0,2800.0,2500.0,Rs./Quintal,2.00,Metric Tonnes,2026-07-07,Daily_Price_Arrival_Report-07-11-2025_to_25-09-2026_for_Sangli_Kolhapur_Onion.csv
Maharashtra,Sangli,Vita,Vegetables,Onion,Other,Local,2000.0,2800.0,2500.0,Rs./Quintal,4.00,Metric Tonnes,2026-07-09,Daily_Price_Arrival_Report-07-11-2025_to_25-09-2026_for_Sangli_Kolhapur_Onion.csv
Maharashtra,Sangli,Vita,Vegetables,Onion,Other,Local,2000.0,3000.0,2500.0,Rs./Quintal,5.00,Metric Tonnes,2026-07-11,Daily_Price_Arrival_Report-07-11-2025_to_25-09-2026_for_Sangli_Kolhapur_Onion.csv
Maharashtra,Sangli,Vita,Vegetables,Onion,Other,Local,2000.0,3000.0,2600.0,Rs./Quintal,5.00,Metric Tonnes,2026-07-13,Daily_Price_Arrival_Report-07-11-2025_to_25-09-2026_for_Sangli_Kolhapur_Onion.csv
Maharashtra,Sangli,Vita,Vegetables,Onion,Other,Local,2000.0,2800.0,2500.0,Rs./Quintal,2.00,Metric Tonnes,2026-07-14,Daily_Price_Arrival_Report-07-11-2025_to_25-09-2026_for_Sangli_Kolhapur_Onion.csv
Maharashtra,Sangli,Vita,Vegetables,Onion,Other,Local,2000.0,2800.0,2500.0,Rs./Quintal,5.00,Metric Tonnes,2026-07-16,Daily_Price_Arrival_Report-07-11-2025_to_25-09-2026_for_Sangli_Kolhapur_Onion.csv
Maharashtra,Sangli,Vita,Vegetables,Onion,Other,Local,2000.0,2800.0,2500.0,Rs./Quintal,2.00,Metric Tonnes,2026-07-17,Daily_Price_Arrival_Report-07-11-2025_to_25-09-2026_for_Sangli_Kolhapur_Onion.csv
Maharashtra,Sangli,Vita,Vegetables,Onion,Other,Local,2000.0,2800.0,2500.0,Rs./Quintal,2.00,Metric Tonnes,2026-07-19,Daily_Price_Arrival_Report-07-11-2025_to_25-09-2026_for_Sangli_Kolhapur_Onion.csv
Maharashtra,Sangli,Vita,Vegetables,Onion,Other,Local,2000.0,2800.0,2600.0,Rs./Quintal,5.00,Metric Tonnes,2026-07-20,Daily_Price_Arrival_Report-07-11-2025_to_25-09-2026_for_Sangli_Kolhapur_Onion.csv
Maharashtra,Sangli,Vita,Vegetables,Onion,Other,Local,2000.0,2800.0,2500.0,Rs./Quintal,5.00,Metric Tonnes,2026-07-23,Daily_Price_Arrival_Report-07-11-2025_to_25-09-2026_for_Sangli_Kolhapur_Onion.csv
Maharashtra,Sangli,Vita,Vegetables,Onion,Other,Local,2000.0,2800.0,2600.0,Rs./Quintal,5.00,Metric Tonnes,2026-07-27,Daily_Price_Arrival_Report-07-11-2025_to_25-09-2026_for_Sangli_Kolhapur_Onion.csv
Maharashtra,Sangli,Vita,Vegetables,Onion,Other,Local,2000.0,3000.0,2700.0,Rs./Quintal,5.00,Metric Tonnes,2026-07-30,Daily_Price_Arrival_Report-07-11-2025_to_25-09-2026_for_Sangli_Kolhapur_Onion.csv
Maharashtra,Sangli,Vita,Vegetables,Onion,Other,Local,2000.0,3000.0,2600.0,Rs./Quintal,1.50,Metric Tonnes,2026-07-31,Daily_Price_Arrival_Report-07-11-2025_to_25-09-2026_for_Sangli_Kolhapur_Onion.csv
Maharashtra,Sangli,Vita,Vegetables,Onion,Other,Local,2000.0,3000.0,2600.0,Rs./Quintal,5.00,Metric Tonnes,2026-08-01,Daily_Price_Arrival_Report-07-11-2025_to_25-09-2026_for_Sangli_Kolhapur_Onion.csv
Maharashtra,Sangli,Vita,Vegetables,Onion,Other,Local,2000.0,3000.0,2600.0,Rs./Quintal,2.00,Metric Tonnes,2026-08-04,Daily_Price_Arrival_Report-07-11-2025_to_25-09-2026_for_Sangli_Kolhapur_Onion.csv
Maharashtra,Sangli,Vita,Vegetables,Onion,Other,Local,2200.0,3000.0,2600.0,Rs./Quintal,2.00,Metric Tonnes,2026-08-09,Daily_Price_Arrival_Report-07-11-2025_to_25-09-2026_for_Sangli_Kolhapur_Onion.csv
Maharashtra,Sangli,Vita,Vegetables,Onion,Other,Local,2500.0,3000.0,2800.0,Rs./Quintal,2.00,Metric Tonnes,2026-08-13,Daily_Price_Arrival_Report-07-11-2025_to_25-09-2026_for_Sangli_Kolhapur_Onion.csv
Maharashtra,Sangli,Vita,Vegetables,Onion,Other,Local,2500.0,3000.0,2800.0,Rs./Quintal,10.00,Metric Tonnes,2026-08-15,Daily_Price_Arrival_Report-07-11-2025_to_25-09-2026_for_Sangli_Kolhapur_Onion.csv
Maharashtra,Sangli,Vita,Vegetables,Onion,Other,Local,2500.0,3000.0,2800.0,Rs./Quintal,4.00,Metric Tonnes,2026-08-17,Daily_Price_Arrival_Report-07-11-2025_to_25-09-2026_for_Sangli_Kolhapur_Onion.csv
Maharashtra,Sangli,Vita,Vegetables,Onion,Other,Local,4000.0,4500.0,4000.0,Rs./Quintal,5.00,Metric Tonnes,2026-08-20,Daily_Price_Arrival_Report-07-11-2025_to_25-09-2026_for_Sangli_Kolhapur_Onion.csv
Maharashtra,Sangli,Vita,Vegetables,Onion,Other,Local,3000.0,4000.0,3500.0,Rs./Quintal,3.00,Metric Tonnes,2026-08-22,Daily_Price_Arrival_Report-07-11-2025_to_25-09-2026_for_Sangli_Kolhapur_Onion.csv
Maharashtra,Sangli,Vita,Vegetables,Onion,Other,Local,3000.0,4000.0,3600.0,Rs./Quintal,5.00,Metric Tonnes,2026-08-23,Daily_Price_Arrival_Report-07-11-2025_to_25-09-2026_for_Sangli_Kolhapur_Onion.csv
Maharashtra,Sangli,Vita,Vegetables,Onion,Other,Local,3500.0,4000.0,3600.0,Rs./Quintal,5.00,Metric Tonnes,2026-08-24,Daily_Price_Arrival_Report-07-11-2025_to_25-09-2026_for_Sangli_Kolhapur_Onion.csv
Maharashtra,Sangli,Vita,Vegetables,Onion,Other,Local,3500.0,4500.0,3800.0,Rs./Quintal,4.00,Metric Tonnes,2026-08-27,Daily_Price_Arrival_Report-07-11-2025_to_25-09-2026_for_Sangli_Kolhapur_Onion.csv
Maharashtra,Sangli,Vita,Vegetables,Onion,Other,Local,3500.0,4000.0,3600.0,Rs./Quintal,2.00,Metric Tonnes,2026-08-29,Daily_Price_Arrival_Report-07-11-2025_to_25-09-2026_for_Sangli_Kolhapur_Onion.csv
Maharashtra,Sangli,Vita,Vegetables,Onion,Other,Local,3000.0,4500.0,3600.0,Rs./Quintal,5.00,Metric Tonnes,2026-08-30,Daily_Price_Arrival_Report-07-11-2025_to_25-09-2026_for_Sangli_Kolhapur_Onion.csv
Maharashtra,Sangli,Vita,Vegetables,Onion,Other,Local,3500.0,4500.0,3800.0,Rs./Quintal,5.00,Metric Tonnes,2026-08-31,Daily_Price_Arrival_Report-07-11-2025_to_25-09-2026_for_Sangli_Kolhapur_Onion.csv
Maharashtra,Sangli,Vita,Vegetables,Onion,Other,Local,3500.0,5000.0,4500.0,Rs./Quintal,5.00,Metric Tonnes,2026-09-03,Daily_Price_Arrival_Report-07-11-2025_to_25-09-2026_for_Sangli_Kolhapur_Onion.csv
Maharashtra,Sangli,Vita,Vegetables,Onion,Other,Local,4000.0,5000.0,4200.0,Rs./Quintal,3.00,Metric Tonnes,2026-09-04,Daily_Price_Arrival_Report-07-11-2025_to_25-09-2026_for_Sangli_Kolhapur_Onion.csv
Maharashtra,Sangli,Vita,Vegetables,Onion,Other,Local,4000.0,5000.0,4500.0,Rs./Quintal,4.00,Metric Tonnes,2026-09-06,Daily_Price_Arrival_Report-07-11-2025_to_25-09-2026_for_Sangli_Kolhapur_Onion.csv
Maharashtra,Sangli,Vita,Vegetables,Onion,Other,Local,4500.0,5500.0,4800.0,Rs./Quintal,2.00,Metric Tonnes,2026-09-07,Daily_Price_Arrival_Report-07-11-2025_to_25-09-2026_for_Sangli_Kolhapur_Onion.csv
Maharashtra,Sangli,Vita,Vegetables,Onion,Other,Local,5000.0,6000.0,5400.0,Rs./Quintal,5.00,Metric Tonnes,2026-09-10,Daily_Price_Arrival_Report-07-11-2025_to_25-09-2026_for_Sangli_Kolhapur_Onion.csv
Maharashtra,Sangli,Vita,Vegetables,Onion,Other,Local,4500.0,5500.0,5000.0,Rs./Quintal,5.00,Metric Tonnes,2026-09-12,Daily_Price_Arrival_Report-07-11-2025_to_25-09-2026_for_Sangli_Kolhapur_Onion.csv
Maharashtra,Sangli,Vita,Vegetables,Onion,Other,Local,4500.0,5500.0,5000.0,Rs./Quintal,5.00,Metric Tonnes,2026-09-14,Daily_Price_Arrival_Report-07-11-2025_to_25-09-2026_for_Sangli_Kolhapur_Onion.csv
Maharashtra,Sangli,Vita,Vegetables,Onion,Other,Local,4000.0,5000.0,4500.0,Rs./Quintal,5.00,Metric Tonnes,2026-09-17,Daily_Price_Arrival_Report-07-11-2025_to_25-09-2026_for_Sangli_Kolhapur_Onion.csv
Maharashtra,Sangli,Vita,Vegetables,Onion,Other,Local,4500.0,5500.0,5200.0,Rs./Quintal,10.00,Metric Tonnes,2026-09-24,Daily_Price_Arrival_Report-07-11-2025_to_25-09-2026_for_Sangli_Kolhapur_Onion.csv
Maharashtra,Sangli,Vita,Vegetables,Tomato,Other,Local,3500.0,4500.0,3800.0,Rs./Quintal,2.0,Metric Tonnes,2025-11-21,Daily_Price_Arrival_Report-07-11-2025_to_25-09-2026_for_Sangli_Kolhapur_Tomato.csv
Maharashtra,Sangli,Vita,Vegetables,Tomato,Other,Local,2500.0,3000.0,2800.0,Rs./Quintal,4.0,Metric Tonnes,2025-11-27,Daily_Price_Arrival_Report-07-11-2025_to_25-09-2026_for_Sangli_Kolhapur_Tomato.csv
Maharashtra,Sangli,Vita,Vegetables,Tomato,Other,Local,4000.0,4500.0,4100.0,Rs./Quintal,4.0,Metric Tonnes,2025-12-02,Daily_Price_Arrival_Report-07-11-2025_to_25-09-2026_for_Sangli_Kolhapur_Tomato.csv
Maharashtra,Sangli,Vita,Vegetables,Tomato,Other,Local,1500.0,2500.0,2000.0,Rs./Quintal,10.0,Metric Tonnes,2025-12-08,Daily_Price_Arrival_Report-07-11-2025_to_25-09-2026_for_Sangli_Kolhapur_Tomato.csv
Maharashtra,Sangli,Vita,Vegetables,Tomato,Other,Local,1500.0,2500.0,2000.0,Rs./Quintal,7.0,Metric Tonnes,2025-12-09,Daily_Price_Arrival_Report-07-11-2025_to_25-09-2026_for_Sangli_Kolhapur_Tomato.csv
Maharashtra,Sangli,Vita,Vegetables,Tomato,Other,Local,1500.0,2500.0,2000.0,Rs./Quintal,4.5,Metric Tonnes,2025-12-14,Daily_Price_Arrival_Report-07-11-2025_to_25-09-2026_for_Sangli_Kolhapur_Tomato.csv
Maharashtra,Sangli,Vita,Vegetables,Tomato,Other,Local,2000.0,4000.0,3500.0,Rs./Quintal,7.0,Metric Tonnes,2025-12-15,Daily_Price_Arrival_Report-07-11-2025_to_25-09-2026_for_Sangli_Kolhapur_Tomato.csv
Maharashtra,Sangli,Vita,Vegetables,Tomato,Other,Local,3000.0,4000.0,3500.0,Rs./Quintal,5.0,Metric Tonnes,2025-12-16,Daily_Price_Arrival_Report-07-11-2025_to_25-09-2026_for_Sangli_Kolhapur_Tomato.csv
Maharashtra,Sangli,Vita,Vegetables,Tomato,Other,Local,2000.0,4000.0,3500.0,Rs./Quintal,8.0,Metric Tonnes,2025-12-29,Daily_Price_Arrival_Report-07-11-2025_to_25-09-2026_for_Sangli_Kolhapur_Tomato.csv
Maharashtra,Sangli,Vita,Vegetables,Tomato,Other,Local,2500.0,3500.0,3000.0,Rs./Quintal,6.0,Metric Tonnes,2026-01-04,Daily_Price_Arrival_Report-07-11-2025_to_25-09-2026_for_Sangli_Kolhapur_Tomato.csv
Maharashtra,Sangli,Vita,Vegetables,Tomato,Other,Local,2500.0,3500.0,3000.0,Rs./Quintal,8.0,Metric Tonnes,2026-01-05,Daily_Price_Arrival_Report-07-11-2025_to_25-09-2026_for_Sangli_Kolhapur_Tomato.csv
Maharashtra,Sangli,Vita,Vegetables,Tomato,Other,Local,1000.0,1500.0,1350.0,Rs./Quintal,4.5,Metric Tonnes,2026-01-11,Daily_Price_Arrival_Report-07-11-2025_to_25-09-2026_for_Sangli_Kolhapur_Tomato.csv
Maharashtra,Sangli,Vita,Vegetables,Tomato,Other,Local,1000.0,1500.0,1350.0,Rs./Quintal,5.5,Metric Tonnes,2026-01-12,Daily_Price_Arrival_Report-07-11-2025_to_25-09-2026_for_Sangli_Kolhapur_Tomato.csv
Maharashtra,Sangli,Vita,Vegetables,Tomato,Other,Local,1500.0,2500.0,2000.0,Rs./Quintal,10.0,Metric Tonnes,2026-01-13,Daily_Price_Arrival_Report-07-11-2025_to_25-09-2026_for_Sangli_Kolhapur_Tomato.csv
Maharashtra,Sangli,Vita,Vegetables,Tomato,Other,Local,1500.0,2000.0,1750.0,Rs./Quintal,6.0,Metric Tonnes,2026-01-18,Daily_Price_Arrival_Report-07-11-2025_to_25-09-2026_for_Sangli_Kolhapur_Tomato.csv
Maharashtra,Sangli,Vita,Vegetables,Tomato,Other,Local,1000.0,1500.0,1350.0,Rs./Quintal,10.0,Metric Tonnes,2026-01-19,Daily_Price_Arrival_Report-07-11-2025_to_25-09-2026_for_Sangli_Kolhapur_Tomato.csv
Maharashtra,Sangli,Vita,Vegetables,Tomato,Other,Local,1000.0,1700.0,1450.0,Rs./Quintal,12.0,Metric Tonnes,2026-01-20,Daily_Price_Arrival_Report-07-11-2025_to_25-09-2026_for_Sangli_Kolhapur_Tomato.csv
Maharashtra,Sangli,Vita,Vegetables,Tomato,Other,Local,500.0,1000.0,850.0,Rs./Quintal,10.0,Metric Tonnes,2026-02-02,Daily_Price_Arrival_Report-07-11-2025_to_25-09-2026_for_Sangli_Kolhapur_Tomato.csv
Maharashtra,Sangli,Vita,Vegetables,Tomato,Other,Local,500.0,1300.0,850.0,Rs./Quintal,6.0,Metric Tonnes,2026-02-08,Daily_Price_Arrival_Report-07-11-2025_to_25-09-2026_for_Sangli_Kolhapur_Tomato.csv
Maharashtra,Sangli,Vita,Vegetables,Tomato,Other,Local,500.0,1200.0,950.0,Rs./Quintal,12.0,Metric Tonnes,2026-02-09,Daily_Price_Arrival_Report-07-11-2025_to_25-09-2026_for_Sangli_Kolhapur_Tomato.csv
Maharashtra,Sangli,Vita,Vegetables,Tomato,Other,Local,500.0,1000.0,950.0,Rs./Quintal,8.0,Metric Tonnes,2026-02-12,Daily_Price_Arrival_Report-07-11-2025_to_25-09-2026_for_Sangli_Kolhapur_Tomato.csv
Maharashtra,Sangli,Vita,Vegetables,Tomato,Other,Local,2000.0,2500.0,2200.0,Rs./Quintal,4.0,Metric Tonnes,2026-03-31,Daily_Price_Arrival_Report-07-11-2025_to_25-09-2026_for_Sangli_Kolhapur_Tomato.csv
Maharashtra,Sangli,Vita,Vegetables,Tomato,Other,Local,500.0,1000.0,750.0,Rs./Quintal,12.0,Metric Tonnes,2026-04-06,Daily_Price_Arrival_Report-07-11-2025_to_25-09-2026_for_Sangli_Kolhapur_Tomato.csv
Maharashtra,Sangli,Vita,Vegetables,Tomato,Other,Local,1000.0,1200.0,1150.0,Rs./Quintal,6.0,Metric Tonnes,2026-04-09,Daily_Price_Arrival_Report-07-11-2025_to_25-09-2026_for_Sangli_Kolhapur_Tomato.csv
Maharashtra,Sangli,Vita,Vegetables,Tomato,Other,Local,700.0,1200.0,950.0,Rs./Quintal,12.0,Metric Tonnes,2026-04-10,Daily_Price_Arrival_Report-07-11-2025_to_25-09-2026_for_Sangli_Kolhapur_Tomato.csv
Maharashtra,Sangli,Vita,Vegetables,Tomato,Other,Local,500.0,1300.0,1000.0,Rs./Quintal,4.0,Metric Tonnes,2026-04-11,Daily_Price_Arrival_Report-07-11-2025_to_25-09-2026_for_Sangli_Kolhapur_Tomato.csv
Maharashtra,Sangli,Vita,Vegetables,Tomato,Other,Local,500.0,1000.0,850.0,Rs./Quintal,6.0,Metric Tonnes,2026-04-12,Daily_Price_Arrival_Report-07-11-2025_to_25-09-2026_for_Sangli_Kolhapur_Tomato.csv
Maharashtra,Sangli,Vita,Vegetables,Tomato,Other,Local,1000.0,1500.0,1350.0,Rs./Quintal,10.0,Metric Tonnes,2026-04-13,Daily_Price_Arrival_Report-07-11-2025_to_25-09-2026_for_Sangli_Kolhapur_Tomato.csv
Maharashtra,Sangli,Vita,Vegetables,Tomato,Other,Local,800.0,1500.0,1300.0,Rs./Quintal,8.0,Metric Tonnes,2026-04-14,Daily_Price_Arrival_Report-07-11-2025_to_25-09-2026_for_Sangli_Kolhapur_Tomato.csv
Maharashtra,Sangli,Vita,Vegetables,Tomato,Other,Local,1000.0,1500.0,1200.0,Rs./Quintal,10.0,Metric Tonnes,2026-04-16,Daily_Price_Arrival_Report-07-11-2025_to_25-09-2026_for_Sangli_Kolhapur_Tomato.csv
Maharashtra,Sangli,Vita,Vegetables,Tomato,Other,Local,1200.0,1700.0,1500.0,Rs./Quintal,8.0,Metric Tonnes,2026-04-17,Daily_Price_Arrival_Report-07-11-2025_to_25-09-2026_for_Sangli_Kolhapur_Tomato.csv
Maharashtra,Sangli,Vita,Vegetables,Tomato,Other,Local,1000.0,1500.0,1250.0,Rs./Quintal,10.0,Metric Tonnes,2026-04-18,Daily_Price_Arrival_Report-07-11-2025_to_25-09-2026_for_Sangli_Kolhapur_Tomato.csv
Maharashtra,Sangli,Vita,Vegetables,Tomato,Other,Local,1000.0,1500.0,1350.0,Rs./Quintal,8.0,Metric Tonnes,2026-04-19,Daily_Price_Arrival_Report-07-11-2025_to_25-09-2026_for_Sangli_Kolhapur_Tomato.csv
Maharashtra,Sangli,Vita,Vegetables,Tomato,Other,Local,1000.0,1500.0,1250.0,Rs./Quintal,12.0,Metric Tonnes,2026-04-20,Daily_Price_Arrival_Report-07-11-2025_to_25-09-2026_for_Sangli_Kolhapur_Tomato.csv
Maharashtra,Sangli,Vita,Vegetables,Tomato,Other,Local,1500.0,2000.0,1750.0,Rs./Quintal,8.0,Metric Tonnes,2026-04-21,Daily_Price_Arrival_Report-07-11-2025_to_25-09-2026_for_Sangli_Kolhapur_Tomato.csv
Maharashtra,Sangli,Vita,Vegetables,Tomato,Other,Local,1000.0,1500.0,1350.0,Rs./Quintal,6.0,Metric Tonnes,2026-04-23,Daily_Price_Arrival_Report-07-11-2025_to_25-09-2026_for_Sangli_Kolhapur_Tomato.csv
Maharashtra,Sangli,Vita,Vegetables,Tomato,Other,Local,1000.0,1500.0,1250.0,Rs./Quintal,8.0,Metric Tonnes,2026-04-24,Daily_Price_Arrival_Report-07-11-2025_to_25-09-2026_for_Sangli_Kolhapur_Tomato.csv
Maharashtra,Sangli,Vita,Vegetables,Tomato,Other,Local,1000.0,1500.0,1350.0,Rs./Quintal,4.5,Metric Tonnes,2026-04-26,Daily_Price_Arrival_Report-07-11-2025_to_25-09-2026_for_Sangli_Kolhapur_Tomato.csv
Maharashtra,Sangli,Vita,Vegetables,Tomato,Other,Local,1000.0,1500.0,1350.0,Rs./Quintal,5.0,Metric Tonnes,2026-04-27,Daily_Price_Arrival_Report-07-11-2025_to_25-09-2026_for_Sangli_Kolhapur_Tomato.csv
Maharashtra,Sangli,Vita,Vegetables,Tomato,Other,Local,1500.0,2000.0,1800.0,Rs./Quintal,5.0,Metric Tonnes,2026-04-28,Daily_Price_Arrival_Report-07-11-2025_to_25-09-2026_for_Sangli_Kolhapur_Tomato.csv
Maharashtra,Sangli,Vita,Vegetables,Tomato,Other,Local,2000.0,2500.0,2350.0,Rs./Quintal,4.5,Metric Tonnes,2026-05-01,Daily_Price_Arrival_Report-07-11-2025_to_25-09-2026_for_Sangli_Kolhapur_Tomato.csv
Maharashtra,Sangli,Vita,Vegetables,Tomato,Other,Local,2000.0,2500.0,2350.0,Rs./Quintal,6.0,Metric Tonnes,2026-05-02,Daily_Price_Arrival_Report-07-11-2025_to_25-09-2026_for_Sangli_Kolhapur_Tomato.csv
Maharashtra,Sangli,Vita,Vegetables,Tomato,Other,Local,1000.0,2000.0,1500.0,Rs./Quintal,6.0,Metric Tonnes,2026-05-04,Daily_Price_Arrival_Report-07-11-2025_to_25-09-2026_for_Sangli_Kolhapur_Tomato.csv
Maharashtra,Sangli,Vita,Vegetables,Tomato,Other,Local,2500.0,3000.0,2500.0,Rs./Quintal,3.0,Metric Tonnes,2026-05-07,Daily_Price_Arrival_Report-07-11-2025_to_25-09-2026_for_Sangli_Kolhapur_Tomato.csv
Maharashtra,Sangli,Vita,Vegetables,Tomato,Other,Local,3000.0,3500.0,3200.0,Rs./Quintal,3.0,Metric Tonnes,2026-05-08,Daily_Price_Arrival_Report-07-11-2025_to_25-09-2026_for_Sangli_Kolhapur_Tomato.csv
Maharashtra,Sangli,Vita,Vegetables,Tomato,Other,Local,2000.0,3000.0,2500.0,Rs./Quintal,6.0,Metric Tonnes,2026-05-11,Daily_Price_Arrival_Report-07-11-2025_to_25-09-2026_for_Sangli_Kolhapur_Tomato.csv
Maharashtra,Sangli,Vita,Vegetables,Tomato,Other,Local,2500.0,3000.0,2800.0,Rs./Quintal,5.0,Metric Tonnes,2026-05-12,Daily_Price_Arrival_Report-07-11-2025_to_25-09-2026_for_Sangli_Kolhapur_Tomato.csv
Maharashtra,Sangli,Vita,Vegetables,Tomato,Other,Local,3500.0,4000.0,3750.0,Rs./Quintal,4.0,Metric Tonnes,2026-05-14,Daily_Price_Arrival_Report-07-11-2025_to_25-09-2026_for_Sangli_Kolhapur_Tomato.csv
Maharashtra,Sangli,Vita,Vegetables,Tomato,Other,Local,3500.0,4000.0,3850.0,Rs./Quintal,5.0,Metric Tonnes,2026-05-15,Daily_Price_Arrival_Report-07-11-2025_to_25-09-2026_for_Sangli_Kolhapur_Tomato.csv
Maharashtra,Sangli,Vita,Vegetables,Tomato,Other,Local,3500.0,4000.0,3750.0,Rs./Quintal,2.5,Metric Tonnes,2026-05-16,Daily_Price_Arrival_Report-07-11-2025_to_25-09-2026_for_Sangli_Kolhapur_Tomato.csv
Maharashtra,Sangli,Vita,Vegetables,Tomato,Other,Local,2500.0,3000.0,2800.0,Rs./Quintal,3.0,Metric Tonnes,2026-05-17,Daily_Price_Arrival_Report-07-11-2025_to_25-09-2026_for_Sangli_Kolhapur_Tomato.csv
Maharashtra,Sangli,Vita,Vegetables,Tomato,Other,Local,2500.0,3000.0,2800.0,Rs./Quintal,4.0,Metric Tonnes,2026-05-18,Daily_Price_Arrival_Report-07-11-2025_to_25-09-2026_for_Sangli_Kolhapur_Tomato.csv
Maharashtra,Sangli,Vita,Vegetables,Tomato,Other,Local,3000.0,3500.0,3200.0,Rs./Quintal,3.0,Metric Tonnes,2026-05-19,Daily_Price_Arrival_Report-07-11-2025_to_25-09-2026_for_Sangli_Kolhapur_Tomato.csv
Maharashtra,Sangli,Vita,Vegetables,Tomato,Other,Local,3000.0,3500.0,3300.0,Rs./Quintal,3.0,Metric Tonnes,2026-05-21,Daily_Price_Arrival_Report-07-11-2025_to_25-09-2026_for_Sangli_Kolhapur_Tomato.csv
Maharashtra,Sangli,Vita,Vegetables,Tomato,Other,Local,3000.0,3500.0,3200.0,Rs./Quintal,2.0,Metric Tonnes,2026-05-22,Daily_Price_Arrival_Report-07-11-2025_to_25-09-2026_for_Sangli_Kolhapur_Tomato.csv
Maharashtra,Sangli,Vita,Vegetables,Tomato,Other,Local,3000.0,3500.0,3200.0,Rs./Quintal,1.5,Metric Tonnes,2026-05-24,Daily_Price_Arrival_Report-07-11-2025_to_25-09-2026_for_Sangli_Kolhapur_Tomato.csv
Maharashtra,Sangli,Vita,Vegetables,Tomato,Other,Local,3000.0,3500.0,3200.0,Rs./Quintal,2.0,Metric Tonnes,2026-05-25,Daily_Price_Arrival_Report-07-11-2025_to_25-09-2026_for_Sangli_Kolhapur_Tomato.csv
Maharashtra,Sangli,Vita,Vegetables,Tomato,Other,Local,3000.0,3500.0,3200.0,Rs./Quintal,2.0,Metric Tonnes,2026-05-26,Daily_Price_Arrival_Report-07-11-2025_to_25-09-2026_for_Sangli_Kolhapur_Tomato.csv
Maharashtra,Sangli,Vita,Vegetables,Tomato,Other,Local,3000.0,3500.0,3200.0,Rs./Quintal,2.0,Metric Tonnes,2026-05-28,Daily_Price_Arrival_Report-07-11-2025_to_25-09-2026_for_Sangli_Kolhapur_Tomato.csv
Maharashtra,Sangli,Vita,Vegetables,Tomato,Other,Local,3000.0,3500.0,3200.0,Rs./Quintal,2.0,Metric Tonnes,2026-05-29,Daily_Price_Arrival_Report-07-11-2025_to_25-09-2026_for_Sangli_Kolhapur_Tomato.csv
Maharashtra,Sangli,Vita,Vegetables,Tomato,Other,Local,3500.0,4000.0,3800.0,Rs./Quintal,2.0,Metric Tonnes,2026-05-30,Daily_Price_Arrival_Report-07-11-2025_to_25-09-2026_for_Sangli_Kolhapur_Tomato.csv
Maharashtra,Sangli,Vita,Vegetables,Tomato,Other,Local,3500.0,4000.0,3800.0,Rs./Quintal,2.0,Metric Tonnes,2026-05-31,Daily_Price_Arrival_Report-07-11-2025_to_25-09-2026_for_Sangli_Kolhapur_Tomato.csv
Maharashtra,Sangli,Vita,Vegetables,Tomato,Other,Local,3500.0,4000.0,3800.0,Rs./Quintal,3.0,Metric Tonnes,2026-06-01,Daily_Price_Arrival_Report-07-11-2025_to_25-09-2026_for_Sangli_Kolhapur_Tomato.csv
Maharashtra,Sangli,Vita,Vegetables,Tomato,Other,Local,3500.0,4000.0,3800.0,Rs./Quintal,3.0,Metric Tonnes,2026-06-02,Daily_Price_Arrival_Report-07-11-2025_to_25-09-2026_for_Sangli_Kolhapur_Tomato.csv
Maharashtra,Sangli,Vita,Vegetables,Tomato,Other,Local,3500.0,4000.0,3800.0,Rs./Quintal,3.0,Metric Tonnes,2026-06-04,Daily_Price_Arrival_Report-07-11-2025_to_25-09-2026_for_Sangli_Kolhapur_Tomato.csv
Maharashtra,Sangli,Vita,Vegetables,Tomato,Other,Local,3500.0,4000.0,3800.0,Rs./Quintal,2.0,Metric Tonnes,2026-06-05,Daily_Price_Arrival_Report-07-11-2025_to_25-09-2026_for_Sangli_Kolhapur_Tomato.csv
Maharashtra,Sangli,Vita,Vegetables,Tomato,Other,Local,2000.0,2500.0,2200.0,Rs./Quintal,4.0,Metric Tonnes,2026-06-06,Daily_Price_Arrival_Report-07-11-2025_to_25-09-2026_for_Sangli_Kolhapur_Tomato.csv
Maharashtra,Sangli,Vita,Vegetables,Tomato,Other,Local,2500.0,3000.0,2750.0,Rs./Quintal,6.0,Metric Tonnes,2026-06-08,Daily_Price_Arrival_Report-07-11-2025_to_25-09-2026_for_Sangli_Kolhapur_Tomato.csv
Maharashtra,Sangli,Vita,Vegetables,Tomato,Other,Local,2500.0,3000.0,2750.0,Rs./Quintal,3.0,Metric Tonnes,2026-06-09,Daily_Price_Arrival_Report-07-11-2025_to_25-09-2026_for_Sangli_Kolhapur_Tomato.csv
Maharashtra,Sangli,Vita,Vegetables,Tomato,Other,Local,3500.0,4000.0,3800.0,Rs./Quintal,4.0,Metric Tonnes,2026-06-11,Daily_Price_Arrival_Report-07-11-2025_to_25-09-2026_for_Sangli_Kolhapur_Tomato.csv
Maharashtra,Sangli,Vita,Vegetables,Tomato,Other,Local,3500.0,4000.0,3700.0,Rs./Quintal,2.0,Metric Tonnes,2026-06-12,Daily_Price_Arrival_Report-07-11-2025_to_25-09-2026_for_Sangli_Kolhapur_Tomato.csv
Maharashtra,Sangli,Vita,Vegetables,Tomato,Other,Local,3500.0,4000.0,3500.0,Rs./Quintal,3.0,Metric Tonnes,2026-06-14,Daily_Price_Arrival_Report-07-11-2025_to_25-09-2026_for_Sangli_Kolhapur_Tomato.csv
Maharashtra,Sangli,Vita,Vegetables,Tomato,Other,Local,3500.0,4000.0,3700.0,Rs./Quintal,4.0,Metric Tonnes,2026-06-15,Daily_Price_Arrival_Report-07-11-2025_to_25-09-2026_for_Sangli_Kolhapur_Tomato.csv
Maharashtra,Sangli,Vita,Vegetables,Tomato,Other,Local,3500.0,4000.0,3800.0,Rs./Quintal,2.0,Metric Tonnes,2026-06-18,Daily_Price_Arrival_Report-07-11-2025_to_25-09-2026_for_Sangli_Kolhapur_Tomato.csv
Maharashtra,Sangli,Vita,Vegetables,Tomato,Other,Local,3500.0,4000.0,3800.0,Rs./Quintal,3.0,Metric Tonnes,2026-06-19,Daily_Price_Arrival_Report-07-11-2025_to_25-09-2026_for_Sangli_Kolhapur_Tomato.csv
Maharashtra,Sangli,Vita,Vegetables,Tomato,Other,Local,3500.0,4000.0,3800.0,Rs./Quintal,4.0,Metric Tonnes,2026-06-20,Daily_Price_Arrival_Report-07-11-2025_to_25-09-2026_for_Sangli_Kolhapur_Tomato.csv
Maharashtra,Sangli,Vita,Vegetables,Tomato,Other,Local,2500.0,3000.0,2700.0,Rs./Quintal,3.0,Metric Tonnes,2026-06-21,Daily_Price_Arrival_Report-07-11-2025_to_25-09-2026_for_Sangli_Kolhapur_Tomato.csv
Maharashtra,Sangli,Vita,Vegetables,Tomato,Other,Local,2500.0,3000.0,2800.0,Rs./Quintal,2.0,Metric Tonnes,2026-06-22,Daily_Price_Arrival_Report-07-11-2025_to_25-09-2026_for_Sangli_Kolhapur_Tomato.csv
Maharashtra,Sangli,Vita,Vegetables,Tomato,Other,Local,3000.0,3500.0,3200.0,Rs./Quintal,3.0,Metric Tonnes,2026-06-23,Daily_Price_Arrival_Report-07-11-2025_to_25-09-2026_for_Sangli_Kolhapur_Tomato.csv
Maharashtra,Sangli,Vita,Vegetables,Tomato,Other,Local,2500.0,3000.0,2750.0,Rs./Quintal,5.0,Metric Tonnes,2026-06-25,Daily_Price_Arrival_Report-07-11-2025_to_25-09-2026_for_Sangli_Kolhapur_Tomato.csv
Maharashtra,Sangli,Vita,Vegetables,Tomato,Other,Local,1500.0,2000.0,1800.0,Rs./Quintal,3.0,Metric Tonnes,2026-06-28,Daily_Price_Arrival_Report-07-11-2025_to_25-09-2026_for_Sangli_Kolhapur_Tomato.csv
Maharashtra,Sangli,Vita,Vegetables,Tomato,Other,Local,1500.0,2000.0,1800.0,Rs./Quintal,4.0,Metric Tonnes,2026-06-29,Daily_Price_Arrival_Report-07-11-2025_to_25-09-2026_for_Sangli_Kolhapur_Tomato.csv
Maharashtra,Sangli,Vita,Vegetables,Tomato,Other,Local,1800.0,2000.0,1800.0,Rs./Quintal,5.0,Metric Tonnes,2026-07-02,Daily_Price_Arrival_Report-07-11-2025_to_25-09-2026_for_Sangli_Kolhapur_Tomato.csv
Maharashtra,Sangli,Vita,Vegetables,Tomato,Other,Local,1500.0,2000.0,1800.0,Rs./Quintal,3.0,Metric Tonnes,2026-07-03,Daily_Price_Arrival_Report-07-11-2025_to_25-09-2026_for_Sangli_Kolhapur_Tomato.csv
Maharashtra,Sangli,Vita,Vegetables,Tomato,Other,Local,1500.0,2000.0,1800.0,Rs./Quintal,4.0,Metric Tonnes,2026-07-04,Daily_Price_Arrival_Report-07-11-2025_to_25-09-2026_for_Sangli_Kolhapur_Tomato.csv
Maharashtra,Sangli,Vita,Vegetables,Tomato,Other,Local,1500.0,2000.0,1800.0,Rs./Quintal,4.0,Metric Tonnes,2026-07-05,Daily_Price_Arrival_Report-07-11-2025_to_25-09-2026_for_Sangli_Kolhapur_Tomato.csv
Maharashtra,Sangli,Vita,Vegetables,Tomato,Other,Local,1500.0,2500.0,2000.0,Rs./Quintal,6.0,Metric Tonnes,2026-07-06,Daily_Price_Arrival_Report-07-11-2025_to_25-09-2026_for_Sangli_Kolhapur_Tomato.csv
Maharashtra,Sangli,Vita,Vegetables,Tomato,Other,Local,1500.0,2000.0,1700.0,Rs./Quintal,3.0,Metric Tonnes,2026-07-07,Daily_Price_Arrival_Report-07-11-2025_to_25-09-2026_for_Sangli_Kolhapur_Tomato.csv
Maharashtra,Sangli,Vita,Vegetables,Tomato,Other,Local,1500.0,2000.0,1800.0,Rs./Quintal,3.0,Metric Tonnes,2026-07-09,Daily_Price_Arrival_Report-07-11-2025_to_25-09-2026_for_Sangli_Kolhapur_Tomato.csv
Maharashtra,Sangli,Vita,Vegetables,Tomato,Other,Local,1500.0,2000.0,1800.0,Rs./Quintal,3.0,Metric Tonnes,2026-07-10,Daily_Price_Arrival_Report-07-11-2025_to_25-09-2026_for_Sangli_Kolhapur_Tomato.csv
Maharashtra,Sangli,Vita,Vegetables,Tomato,Other,Local,1500.0,2000.0,1800.0,Rs./Quintal,4.0,Metric Tonnes,2026-07-11,Daily_Price_Arrival_Report-07-11-2025_to_25-09-2026_for_Sangli_Kolhapur_Tomato.csv
Maharashtra,Sangli,Vita,Vegetables,Tomato,Other,Local,1500.0,2000.0,1700.0,Rs./Quintal,3.0,Metric Tonnes,2026-07-12,Daily_Price_Arrival_Report-07-11-2025_to_25-09-2026_for_Sangli_Kolhapur_Tomato.csv
Maharashtra,Sangli,Vita,Vegetables,Tomato,Other,Local,1500.0,2000.0,1800.0,Rs./Quintal,4.0,Metric Tonnes,2026-07-13,Daily_Price_Arrival_Report-07-11-2025_to_25-09-2026_for_Sangli_Kolhapur_Tomato.csv
Maharashtra,Sangli,Vita,Vegetables,Tomato,Other,Local,1500.0,2000.0,1800.0,Rs./Quintal,3.0,Metric Tonnes,2026-07-14,Daily_Price_Arrival_Report-07-11-2025_to_25-09-2026_for_Sangli_Kolhapur_Tomato.csv
Maharashtra,Sangli,Vita,Vegetables,Tomato,Other,Local,1500.0,2000.0,1800.0,Rs./Quintal,5.0,Metric Tonnes,2026-07-16,Daily_Price_Arrival_Report-07-11-2025_to_25-09-2026_for_Sangli_Kolhapur_Tomato.csv
Maharashtra,Sangli,Vita,Vegetables,Tomato,Other,Local,1000.0,1500.0,1000.0,Rs./Quintal,3.0,Metric Tonnes,2026-07-17,Daily_Price_Arrival_Report-07-11-2025_to_25-09-2026_for_Sangli_Kolhapur_Tomato.csv
Maharashtra,Sangli,Vita,Vegetables,Tomato,Other,Local,1000.0,1500.0,1200.0,Rs./Quintal,5.0,Metric Tonnes,2026-07-18,Daily_Price_Arrival_Report-07-11-2025_to_25-09-2026_for_Sangli_Kolhapur_Tomato.csv
Maharashtra,Sangli,Vita,Vegetables,Tomato,Other,Local,1000.0,1200.0,1000.0,Rs./Quintal,4.0,Metric Tonnes,2026-07-19,Daily_Price_Arrival_Report-07-11-2025_to_25-09-2026_for_Sangli_Kolhapur_Tomato.csv
Maharashtra,Sangli,Vita,Vegetables,Tomato,Other,Local,1000.0,1200.0,1000.0,Rs./Quintal,3.0,Metric Tonnes,2026-07-20,Daily_Price_Arrival_Report-07-11-2025_to_25-09-2026_for_Sangli_Kolhapur_Tomato.csv
Maharashtra,Sangli,Vita,Vegetables,Tomato,Other,Local,1000.0,1200.0,1000.0,Rs./Quintal,3.0,Metric Tonnes,2026-07-21,Daily_Price_Arrival_Report-07-11-2025_to_25-09-2026_for_Sangli_Kolhapur_Tomato.csv
Maharashtra,Sangli,Vita,Vegetables,Tomato,Other,Local,1000.0,1200.0,1000.0,Rs./Quintal,2.0,Metric Tonnes,2026-07-23,Daily_Price_Arrival_Report-07-11-2025_to_25-09-2026_for_Sangli_Kolhapur_Tomato.csv
Maharashtra,Sangli,Vita,Vegetables,Tomato,Other,Local,1000.0,1200.0,1000.0,Rs./Quintal,3.0,Metric Tonnes,2026-07-24,Daily_Price_Arrival_Report-07-11-2025_to_25-09-2026_for_Sangli_Kolhapur_Tomato.csv
Maharashtra,Sangli,Vita,Vegetables,Tomato,Other,Local,1000.0,1200.0,1000.0,Rs./Quintal,3.0,Metric Tonnes,2026-07-25,Daily_Price_Arrival_Report-07-11-2025_to_25-09-2026_for_Sangli_Kolhapur_Tomato.csv
Maharashtra,Sangli,Vita,Vegetables,Tomato,Other,Local,1000.0,1200.0,1000.0,Rs./Quintal,2.0,Metric Tonnes,2026-07-26,Daily_Price_Arrival_Report-07-11-2025_to_25-09-2026_for_Sangli_Kolhapur_Tomato.csv
Maharashtra,Sangli,Vita,Vegetables,Tomato,Other,Local,1000.0,1500.0,1200.0,Rs./Quintal,3.0,Metric Tonnes,2026-07-27,Daily_Price_Arrival_Report-07-11-2025_to_25-09-2026_for_Sangli_Kolhapur_Tomato.csv
Maharashtra,Sangli,Vita,Vegetables,Tomato,Other,Local,1000.0,1200.0,1000.0,Rs./Quintal,2.0,Metric Tonnes,2026-07-28,Daily_Price_Arrival_Report-07-11-2025_to_25-09-2026_for_Sangli_Kolhapur_Tomato.csv
Maharashtra,Sangli,Vita,Vegetables,Tomato,Other,Local,1000.0,1200.0,1000.0,Rs./Quintal,3.0,Metric Tonnes,2026-07-30,Daily_Price_Arrival_Report-07-11-2025_to_25-09-2026_for_Sangli_Kolhapur_Tomato.csv
Maharashtra,Sangli,Vita,Vegetables,Tomato,Other,Local,1000.0,1200.0,1000.0,Rs./Quintal,2.0,Metric Tonnes,2026-07-31,Daily_Price_Arrival_Report-07-11-2025_to_25-09-2026_for_Sangli_Kolhapur_Tomato.csv
Maharashtra,Sangli,Vita,Vegetables,Tomato,Other,Local,1000.0,1500.0,1200.0,Rs./Quintal,3.0,Metric Tonnes,2026-08-01,Daily_Price_Arrival_Report-07-11-2025_to_25-09-2026_for_Sangli_Kolhapur_Tomato.csv
Maharashtra,Sangli,Vita,Vegetables,Tomato,Other,Local,1000.0,1500.0,1200.0,Rs./Quintal,3.0,Metric Tonnes,2026-08-02,Daily_Price_Arrival_Report-07-11-2025_to_25-09-2026_for_Sangli_Kolhapur_Tomato.csv
Maharashtra,Sangli,Vita,Vegetables,Tomato,Other,Local,1000.0,1500.0,1200.0,Rs./Quintal,3.0,Metric Tonnes,2026-08-03,Daily_Price_Arrival_Report-07-11-2025_to_25-09-2026_for_Sangli_Kolhapur_Tomato.csv
Maharashtra,Sangli,Vita,Vegetables,Tomato,Other,Local,1000.0,1500.0,1200.0,Rs./Quintal,3.0,Metric Tonnes,2026-08-04,Daily_Price_Arrival_Report-07-11-2025_to_25-09-2026_for_Sangli_Kolhapur_Tomato.csv
Maharashtra,Sangli,Vita,Vegetables,Tomato,Other,Local,1000.0,1500.0,1200.0,Rs./Quintal,3.0,Metric Tonnes,2026-08-06,Daily_Price_Arrival_Report-07-11-2025_to_25-09-2026_for_Sangli_Kolhapur_Tomato.csv
Maharashtra,Sangli,Vita,Vegetables,Tomato,Other,Local,1000.0,1500.0,1200.0,Rs./Quintal,3.0,Metric Tonnes,2026-08-07,Daily_Price_Arrival_Report-07-11-2025_to_25-09-2026_for_Sangli_Kolhapur_Tomato.csv
Maharashtra,Sangli,Vita,Vegetables,Tomato,Other,Local,1000.0,2000.0,1200.0,Rs./Quintal,3.0,Metric Tonnes,2026-08-08,Daily_Price_Arrival_Report-07-11-2025_to_25-09-2026_for_Sangli_Kolhapur_Tomato.csv
Maharashtra,Sangli,Vita,Vegetables,Tomato,Other,Local,1000.0,2000.0,1200.0,Rs./Quintal,2.0,Metric Tonnes,2026-08-09,Daily_Price_Arrival_Report-07-11-2025_to_25-09-2026_for_Sangli_Kolhapur_Tomato.csv
Maharashtra,Sangli,Vita,Vegetables,Tomato,Other,Local,1000.0,1500.0,1200.0,Rs./Quintal,3.0,Metric Tonnes,2026-08-10,Daily_Price_Arrival_Report-07-11-2025_to_25-09-2026_for_Sangli_Kolhapur_Tomato.csv
Maharashtra,Sangli,Vita,Vegetables,Tomato,Other,Local,1000.0,1500.0,1200.0,Rs./Quintal,3.0,Metric Tonnes,2026-08-11,Daily_Price_Arrival_Report-07-11-2025_to_25-09-2026_for_Sangli_Kolhapur_Tomato.csv
Maharashtra,Sangli,Vita,Vegetables,Tomato,Other,Local,1000.0,1500.0,1200.0,Rs./Quintal,3.0,Metric Tonnes,2026-08-13,Daily_Price_Arrival_Report-07-11-2025_to_25-09-2026_for_Sangli_Kolhapur_Tomato.csv
Maharashtra,Sangli,Vita,Vegetables,Tomato,Other,Local,1000.0,1500.0,1200.0,Rs./Quintal,3.0,Metric Tonnes,2026-08-14,Daily_Price_Arrival_Report-07-11-2025_to_25-09-2026_for_Sangli_Kolhapur_Tomato.csv
Maharashtra,Sangli,Vita,Vegetables,Tomato,Other,Local,1000.0,1500.0,1200.0,Rs./Quintal,3.0,Metric Tonnes,2026-08-15,Daily_Price_Arrival_Report-07-11-2025_to_25-09-2026_for_Sangli_Kolhapur_Tomato.csv
Maharashtra,Sangli,Vita,Vegetables,Tomato,Other,Local,1000.0,1500.0,1000.0,Rs./Quintal,2.0,Metric Tonnes,2026-08-16,Daily_Price_Arrival_Report-07-11-2025_to_25-09-2026_for_Sangli_Kolhapur_Tomato.csv
Maharashtra,Sangli,Vita,Vegetables,Tomato,Other,Local,1000.0,1500.0,1200.0,Rs./Quintal,5.0,Metric Tonnes,2026-08-17,Daily_Price_Arrival_Report-07-11-2025_to_25-09-2026_for_Sangli_Kolhapur_Tomato.csv
Maharashtra,Sangli,Vita,Vegetables,Tomato,Other,Local,1000.0,1500.0,1200.0,Rs./Quintal,3.0,Metric Tonnes,2026-08-18,Daily_Price_Arrival_Report-07-11-2025_to_25-09-2026_for_Sangli_Kolhapur_Tomato.csv
Maharashtra,Sangli,Vita,Vegetables,Tomato,Other,Local,1500.0,2000.0,1600.0,Rs./Quintal,2.0,Metric Tonnes,2026-08-20,Daily_Price_Arrival_Report-07-11-2025_to_25-09-2026_for_Sangli_Kolhapur_Tomato.csv
Maharashtra,Sangli,Vita,Vegetables,Tomato,Other,Local,1500.0,2000.0,1600.0,Rs./Quintal,3.0,Metric Tonnes,2026-08-21,Daily_Price_Arrival_Report-07-11-2025_to_25-09-2026_for_Sangli_Kolhapur_Tomato.csv
Maharashtra,Sangli,Vita,Vegetables,Tomato,Other,Local,1500.0,2000.0,1500.0,Rs./Quintal,3.0,Metric Tonnes,2026-08-22,Daily_Price_Arrival_Report-07-11-2025_to_25-09-2026_for_Sangli_Kolhapur_Tomato.csv
Maharashtra,Sangli,Vita,Vegetables,Tomato,Other,Local,1500.0,2000.0,1500.0,Rs./Quintal,3.0,Metric Tonnes,2026-08-23,Daily_Price_Arrival_Report-07-11-2025_to_25-09-2026_for_Sangli_Kolhapur_Tomato.csv
Maharashtra,Sangli,Vita,Vegetables,Tomato,Other,Local,1000.0,1500.0,1200.0,Rs./Quintal,3.0,Metric Tonnes,2026-08-24,Daily_Price_Arrival_Report-07-11-2025_to_25-09-2026_for_Sangli_Kolhapur_Tomato.csv
Maharashtra,Sangli,Vita,Vegetables,Tomato,Other,Local,1000.0,1500.0,1200.0,Rs./Quintal,3.0,Metric Tonnes,2026-08-25,Daily_Price_Arrival_Report-07-11-2025_to_25-09-2026_for_Sangli_Kolhapur_Tomato.csv
Maharashtra,Sangli,Vita,Vegetables,Tomato,Other,Local,1000.0,1500.0,1200.0,Rs./Quintal,3.0,Metric Tonnes,2026-08-27,Daily_Price_Arrival_Report-07-11-2025_to_25-09-2026_for_Sangli_Kolhapur_Tomato.csv
Maharashtra,Sangli,Vita,Vegetables,Tomato,Other,Local,1000.0,1500.0,1200.0,Rs./Quintal,3.0,Metric Tonnes,2026-08-28,Daily_Price_Arrival_Report-07-11-2025_to_25-09-2026_for_Sangli_Kolhapur_Tomato.csv
Maharashtra,Sangli,Vita,Vegetables,Tomato,Other,Local,1000.0,1500.0,1200.0,Rs./Quintal,4.0,Metric Tonnes,2026-08-29,Daily_Price_Arrival_Report-07-11-2025_to_25-09-2026_for_Sangli_Kolhapur_Tomato.csv
Maharashtra,Sangli,Vita,Vegetables,Tomato,Other,Local,1000.0,1500.0,1200.0,Rs./Quintal,3.0,Metric Tonnes,2026-08-30,Daily_Price_Arrival_Report-07-11-2025_to_25-09-2026_for_Sangli_Kolhapur_Tomato.csv
Maharashtra,Sangli,Vita,Vegetables,Tomato,Other,Local,1000.0,1500.0,1300.0,Rs./Quintal,4.1,Metric Tonnes,2026-08-31,Daily_Price_Arrival_Report-07-11-2025_to_25-09-2026_for_Sangli_Kolhapur_Tomato.csv
Maharashtra,Sangli,Vita,Vegetables,Tomato,Other,Local,1000.0,1500.0,1200.0,Rs./Quintal,3.0,Metric Tonnes,2026-09-01,Daily_Price_Arrival_Report-07-11-2025_to_25-09-2026_for_Sangli_Kolhapur_Tomato.csv
Maharashtra,Sangli,Vita,Vegetables,Tomato,Other,Local,1000.0,2000.0,1500.0,Rs./Quintal,5.0,Metric Tonnes,2026-09-03,Daily_Price_Arrival_Report-07-11-2025_to_25-09-2026_for_Sangli_Kolhapur_Tomato.csv
Maharashtra,Sangli,Vita,Vegetables,Tomato,Other,Local,1000.0,1500.0,1200.0,Rs./Quintal,3.0,Metric Tonnes,2026-09-04,Daily_Price_Arrival_Report-07-11-2025_to_25-09-2026_for_Sangli_Kolhapur_Tomato.csv
Maharashtra,Sangli,Vita,Vegetables,Tomato,Other,Local,1000.0,1500.0,1300.0,Rs./Quintal,3.0,Metric Tonnes,2026-09-05,Daily_Price_Arrival_Report-07-11-2025_to_25-09-2026_for_Sangli_Kolhapur_Tomato.csv
Maharashtra,Sangli,Vita,Vegetables,Tomato,Other,Local,1500.0,2000.0,1800.0,Rs./Quintal,3.0,Metric Tonnes,2026-09-06,Daily_Price_Arrival_Report-07-11-2025_to_25-09-2026_for_Sangli_Kolhapur_Tomato.csv
Maharashtra,Sangli,Vita,Vegetables,Tomato,Other,Local,2000.0,2500.0,2000.0,Rs./Quintal,3.0,Metric Tonnes,2026-09-07,Daily_Price_Arrival_Report-07-11-2025_to_25-09-2026_for_Sangli_Kolhapur_Tomato.csv
Maharashtra,Sangli,Vita,Vegetables,Tomato,Other,Local,1500.0,2500.0,1800.0,Rs./Quintal,3.0,Metric Tonnes,2026-09-08,Daily_Price_Arrival_Report-07-11-2025_to_25-09-2026_for_Sangli_Kolhapur_Tomato.csv
Maharashtra,Sangli,Vita,Vegetables,Tomato,Other,Local,1500.0,2000.0,1600.0,Rs./Quintal,2.0,Metric Tonnes,2026-09-10,Daily_Price_Arrival_Report-07-11-2025_to_25-09-2026_for_Sangli_Kolhapur_Tomato.csv
Maharashtra,Sangli,Vita,Vegetables,Tomato,Other,Local,1500.0,2000.0,1600.0,Rs./Quintal,3.0,Metric Tonnes,2026-09-11,Daily_Price_Arrival_Report-07-11-2025_to_25-09-2026_for_Sangli_Kolhapur_Tomato.csv
Maharashtra,Sangli,Vita,Vegetables,Tomato,Other,Local,1500.0,2000.0,1500.0,Rs./Quintal,3.0,Metric Tonnes,2026-09-12,Daily_Price_Arrival_Report-07-11-2025_to_25-09-2026_for_Sangli_Kolhapur_Tomato.csv
Maharashtra,Sangli,Vita,Vegetables,Tomato,Other,Local,1500.0,2000.0,1500.0,Rs./Quintal,3.0,Metric Tonnes,2026-09-13,Daily_Price_Arrival_Report-07-11-2025_to_25-09-2026_for_Sangli_Kolhapur_Tomato.csv
Maharashtra,Sangli,Vita,Vegetables,Tomato,Other,Local,1500.0,2000.0,1600.0,Rs./Quintal,5.0,Metric Tonnes,2026-09-14,Daily_Price_Arrival_Report-07-11-2025_to_25-09-2026_for_Sangli_Kolhapur_Tomato.csv
Maharashtra,Sangli,Vita,Vegetables,Tomato,Other,Local,1500.0,2000.0,1700.0,Rs./Quintal,3.0,Metric Tonnes,2026-09-15,Daily_Price_Arrival_Report-07-11-2025_to_25-09-2026_for_Sangli_Kolhapur_Tomato.csv
Maharashtra,Sangli,Vita,Vegetables,Tomato,Other,Local,1000.0,1500.0,1200.0,Rs./Quintal,4.0,Metric Tonnes,2026-09-17,Daily_Price_Arrival_Report-07-11-2025_to_25-09-2026_for_Sangli_Kolhapur_Tomato.csv
Maharashtra,Sangli,Vita,Vegetables,Tomato,Other,Local,1000.0,1500.0,1300.0,Rs./Quintal,3.0,Metric Tonnes,2026-09-18,Daily_Price_Arrival_Report-07-11-2025_to_25-09-2026_for_Sangli_Kolhapur_Tomato.csv
Maharashtra,Sangli,Vita,Vegetables,Tomato,Other,Local,1000.0,1500.0,1300.0,Rs./Quintal,3.0,Metric Tonnes,2026-09-19,Daily_Price_Arrival_Report-07-11-2025_to_25-09-2026_for_Sangli_Kolhapur_Tomato.csv
Maharashtra,Sangli,Vita,Vegetables,Tomato,Other,Local,1000.0,1500.0,1300.0,Rs./Quintal,4.0,Metric Tonnes,2026-09-20,Daily_Price_Arrival_Report-07-11-2025_to_25-09-2026_for_Sangli_Kolhapur_Tomato.csv
Maharashtra,Sangli,Vita,Vegetables,Tomato,Other,Local,1000.0,1500.0,1200.0,Rs./Quintal,4.0,Metric Tonnes,2026-09-21,Daily_Price_Arrival_Report-07-11-2025_to_25-09-2026_for_Sangli_Kolhapur_Tomato.csv
Maharashtra,Sangli,Vita,Vegetables,Tomato,Other,Local,1000.0,1500.0,1200.0,Rs./Quintal,3.0,Metric Tonnes,2026-09-22,Daily_Price_Arrival_Report-07-11-2025_to_25-09-2026_for_Sangli_Kolhapur_Tomato.csv
Maharashtra,Sangli,Vita,Vegetables,Tomato,Other,Local,1500.0,2000.0,1600.0,Rs./Quintal,3.0,Metric Tonnes,2026-09-24,Daily_Price_Arrival_Report-07-11-2025_to_25-09-2026_for_Sangli_Kolhapur_Tomato.csv
Maharashtra,Sangli,Vita,Vegetables,Tomato,Other,Local,1500.0,2000.0,1600.0,Rs./Quintal,3.0,Metric Tonnes,2026-09-25,Daily_Price_Arrival_Report-07-11-2025_to_25-09-2026_for_Sangli_Kolhapur_Tomato.csv
