,,,,,,,Daily Price Arrival Report-07-11-2025 to 25-09-2026 for Maharashtra,,,,,,
State/UT,District,Market,Commodity Group,Commodity,Variety,Grade,Min Price,Max Price,Modal Price,Price Unit,Arrival Quantity,Arrival Unit,Arrival Date
Maharashtra,Kolhapur,APMC Kolhapur ,Vegetables,Onion,Other,Local,"1,000.00","5,000.00","2,800.00",Rs./Quintal,366.70,Metric Tonnes,24-09-2026
Maharashtra,Kolhapur,APMC Kolhapur ,Vegetables,Onion,Other,Local,"1,000.00","5,000.00","3,000.00",Rs./Quintal,533.80,Metric Tonnes,23-09-2026
Maharashtra,Kolhapur,APMC Kolhapur ,Vegetables,Onion,Other,Local,"1,200.00","5,000.00","3,000.00",Rs./Quintal,284.60,Metric Tonnes,22-09-2026
Maharashtra,Kolhapur,APMC Kolhapur ,Vegetables,Onion,Other,Local,"1,200.00","5,200.00","3,200.00",Rs./Quintal,543.80,Metric Tonnes,21-09-2026
Maharashtra,Kolhapur,APMC Kolhapur ,Vegetables,Onion,Other,Local,"1,200.00","5,200.00","3,200.00",Rs./Quintal,466.30,Metric Tonnes,18-09-2026
Maharashtra,Kolhapur,APMC Kolhapur ,Vegetables,Onion,Other,Local,"1,200.00","5,400.00","3,200.00",Rs./Quintal,288.30,Metric Tonnes,17-09-2026
Maharashtra,Kolhapur,APMC Kolhapur ,Vegetables,Onion,Other,Local,"1,200.00","5,200.00","3,000.00",Rs./Quintal,290.90,Metric Tonnes,16-09-2026
Maharashtra,Kolhapur,APMC Kolhapur ,Vegetables,Onion,Other,Local,"1,200.00","5,200.00","3,200.00",Rs./Quintal,280.40,Metric Tonnes,15-09-2026
Maharashtra,Kolhapur,APMC Kolhapur ,Vegetables,Onion,Other,Local,"1,200.00","5,000.00","3,000.00",Rs./Quintal,610.50,Metric Tonnes,12-09-2026
Maharashtra,Kolhapur,APMC Kolhapur ,Vegetables,Onion,Other,Local,"1,200.00","5,000.00","2,800.00",Rs./Quintal,342.30,Metric Tonnes,11-09-2026
Maharashtra,Kolhapur,APMC Kolhapur ,Vegetables,Onion,Other,Local,"1,200.00","5,000.00","2,900.00",Rs./Quintal,378.40,Metric Tonnes,10-09-2026
Maharashtra,Kolhapur,APMC Kolhapur ,Vegetables,Onion,Other,Local,"1,200.00","5,000.00","3,000.00",Rs./Quintal,526.20,Metric Tonnes,09-09-2026
Maharashtra,Kolhapur,APMC Kolhapur ,Vegetables,Onion,Other,Local,"1,200.00","5,000.00","3,000.00",Rs./Quintal,334.90,Metric Tonnes,08-09-2026
Maharashtra,Kolhapur,APMC Kolhapur ,Vegetables,Onion,Other,Local,"1,200.00","5,200.00","3,000.00",Rs./Quintal,491.70,Metric Tonnes,07-09-2026
Maharashtra,Kolhapur,APMC Kolhapur ,Vegetables,Onion,Other,Local,"1,200.00","5,300.00","3,200.00",Rs./Quintal,696.70,Metric Tonnes,05-09-2026
Maharashtra,Kolhapur,APMC Kolhapur ,Vegetables,Onion,Other,Local,"1,200.00","5,300.00","3,200.00",Rs./Quintal,500.20,Metric Tonnes,04-09-2026
Maharashtra,Kolhapur,APMC Kolhapur ,Vegetables,Onion,Other,Local,"1,200.00","5,200.00","3,000.00",Rs./Quintal,413.30,Metric Tonnes,03-09-2026
Maharashtra,Kolhapur,APMC Kolhapur ,Vegetables,Onion,Other,Local,"1,200.00","5,500.00","3,200.00",Rs./Quintal,558.50,Metric Tonnes,02-09-2026
Maharashtra,Kolhapur,APMC Kolhapur ,Vegetables,Onion,Other,Local,"1,200.00","5,000.00","3,000.00",Rs./Quintal,300.00,Metric Tonnes,01-09-2026
Maharashtra,Kolhapur,APMC Kolhapur ,Vegetables,Onion,Other,Local,"1,000.00","4,800.00","2,800.00",Rs./Quintal,274.00,Metric Tonnes,31-08-2026
Maharashtra,Kolhapur,APMC Kolhapur ,Vegetables,Onion,Other,Local,"1,000.00","4,500.00","2,400.00",Rs./Quintal,574.50,Metric Tonnes,29-08-2026
Maharashtra,Kolhapur,APMC Kolhapur ,Vegetables,Onion,Other,Local,"1,000.00","4,500.00","2,300.00",Rs./Quintal,335.10,Metric Tonnes,28-08-2026
Maharashtra,Kolhapur,APMC Kolhapur ,Vegetables,Onion,Other,Local,"1,000.00","4,500.00","2,300.00",Rs./Quintal,438.30,Metric Tonnes,27-08-2026
Maharashtra,Kolhapur,APMC Kolhapur ,Vegetables,Onion,Other,Local,"1,100.00","4,500.00","2,300.00",Rs./Quintal,520.00,Metric Tonnes,26-08-2026
Maharashtra,Kolhapur,APMC Kolhapur ,Vegetables,Onion,Other,Local,"1,100.00","4,500.00","2,300.00",Rs./Quintal,364.70,Metric Tonnes,25-08-2026
Maharashtra,Kolhapur,APMC Kolhapur ,Vegetables,Onion,Other,Local,"1,000.00","4,500.00","2,300.00",Rs./Quintal,331.90,Metric Tonnes,24-08-2026
Maharashtra,Kolhapur,APMC Kolhapur ,Vegetables,Onion,Other,Local,"1,200.00","4,200.00","2,300.00",Rs./Quintal,747.90,Metric Tonnes,22-08-2026
Maharashtra,Kolhapur,APMC Kolhapur ,Vegetables,Onion,Other,Local,"1,200.00","4,200.00","2,300.00",Rs./Quintal,732.10,Metric Tonnes,21-08-2026
Maharashtra,Kolhapur,APMC Kolhapur ,Vegetables,Onion,Other,Local,"1,100.00","4,000.00","2,200.00",Rs./Quintal,651.80,Metric Tonnes,20-08-2026
Maharashtra,Kolhapur,APMC Kolhapur ,Vegetables,Onion,Other,Local,"1,200.00","4,500.00","2,400.00",Rs./Quintal,532.50,Metric Tonnes,19-08-2026
Maharashtra,Kolhapur,APMC Kolhapur ,Vegetables,Onion,Other,Local,"1,000.00","4,200.00","2,300.00",Rs./Quintal,390.30,Metric Tonnes,18-08-2026
Maharashtra,Kolhapur,APMC Kolhapur ,Vegetables,Onion,Other,Local,"1,000.00","4,000.00","2,300.00",Rs./Quintal,618.70,Metric Tonnes,17-08-2026
Maharashtra,Kolhapur,APMC Kolhapur ,Vegetables,Onion,Other,Local,"1,000.00","4,000.00","2,300.00",Rs./Quintal,643.80,Metric Tonnes,14-08-2026
Maharashtra,Kolhapur,APMC Kolhapur ,Vegetables,Onion,Other,Local,600.00,"3,700.00","2,200.00",Rs./Quintal,311.50,Metric Tonnes,13-08-2026
Maharashtra,Kolhapur,APMC Kolhapur ,Vegetables,Onion,Other,Local,600.00,"3,200.00","2,000.00",Rs./Quintal,281.20,Metric Tonnes,12-08-2026
Maharashtra,Kolhapur,APMC Kolhapur ,Vegetables,Onion,Other,Local,600.00,"3,000.00","2,000.00",Rs./Quintal,492.60,Metric Tonnes,11-08-2026
Maharashtra,Kolhapur,APMC Kolhapur ,Vegetables,Onion,Other,Local,600.00,"2,800.00","2,000.00",Rs./Quintal,437.20,Metric Tonnes,08-08-2026
Maharashtra,Kolhapur,APMC Kolhapur ,Vegetables,Onion,Other,Local,700.00,"2,700.00","1,900.00",Rs./Quintal,370.30,Metric Tonnes,07-08-2026
Maharashtra,Kolhapur,APMC Kolhapur ,Vegetables,Onion,Other,Local,600.00,"2,700.00","1,800.00",Rs./Quintal,307.00,Metric Tonnes,06-08-2026
Maharashtra,Kolhapur,APMC Kolhapur ,Vegetables,Onion,Other,Local,600.00,"2,700.00","1,800.00",Rs./Quintal,404.20,Metric Tonnes,05-08-2026
Maharashtra,Kolhapur,APMC Kolhapur ,Vegetables,Onion,Other,Local,600.00,"3,000.00","1,900.00",Rs./Quintal,322.10,Metric Tonnes,04-08-2026
Maharashtra,Kolhapur,APMC Kolhapur ,Vegetables,Onion,Other,Local,600.00,"3,000.00","1,900.00",Rs./Quintal,517.10,Metric Tonnes,03-08-2026
Maharashtra,Kolhapur,APMC Kolhapur ,Vegetables,Onion,Other,Local,600.00,"2,800.00","1,800.00",Rs./Quintal,338.60,Metric Tonnes,01-08-2026
Maharashtra,Kolhapur,APMC Kolhapur ,Vegetables,Onion,Other,Local,600.00,"2,800.00","1,700.00",Rs./Quintal,319.80,Metric Tonnes,31-07-2026
Maharashtra,Kolhapur,APMC Kolhapur ,Vegetables,Onion,Other,Local,600.00,"2,800.00","1,700.00",Rs./Quintal,237.30,Metric Tonnes,30-07-2026
Maharashtra,Kolhapur,APMC Kolhapur ,Vegetables,Onion,Other,Local,600.00,"2,600.00","1,600.00",Rs./Quintal,437.70,Metric Tonnes,29-07-2026
Maharashtra,Kolhapur,APMC Kolhapur ,Vegetables,Onion,Other,Local,600.00,"2,700.00","1,600.00",Rs./Quintal,294.00,Metric Tonnes,28-07-2026
Maharashtra,Kolhapur,APMC Kolhapur ,Vegetables,Onion,Other,Local,600.00,"2,500.00","1,500.00",Rs./Quintal,371.60,Metric Tonnes,27-07-2026
Maharashtra,Kolhapur,APMC Kolhapur ,Vegetables,Onion,Other,Local,600.00,"2,700.00","1,600.00",Rs./Quintal,404.60,Metric Tonnes,25-07-2026
Maharashtra,Kolhapur,APMC Kolhapur ,Vegetables,Onion,Other,Local,600.00,"2,700.00","1,700.00",Rs./Quintal,406.70,Metric Tonnes,24-07-2026
Maharashtra,Kolhapur,APMC Kolhapur ,Vegetables,Onion,Other,Local,600.00,"2,600.00","1,600.00",Rs./Quintal,372.90,Metric Tonnes,23-07-2026
Maharashtra,Kolhapur,APMC Kolhapur ,Vegetables,Onion,Other,Local,600.00,"2,700.00","1,700.00",Rs./Quintal,488.50,Metric Tonnes,22-07-2026
Maharashtra,Kolhapur,APMC Kolhapur ,Vegetables,Onion,Other,Local,600.00,"2,700.00","1,700.00",Rs./Quintal,367.90,Metric Tonnes,21-07-2026
Maharashtra,Kolhapur,APMC Kolhapur ,Vegetables,Onion,Other,Local,600.00,"2,700.00","1,700.00",Rs./Quintal,404.70,Metric Tonnes,20-07-2026
Maharashtra,Kolhapur,APMC Kolhapur ,Vegetables,Onion,Other,Local,600.00,"2,800.00","1,700.00",Rs./Quintal,496.10,Metric Tonnes,18-07-2026
Maharashtra,Kolhapur,APMC Kolhapur ,Vegetables,Onion,Other,Local,600.00,"2,600.00","1,600.00",Rs./Quintal,386.80,Metric Tonnes,17-07-2026
Maharashtra,Kolhapur,APMC Kolhapur ,Vegetables,Onion,Other,Local,600.00,"2,800.00","1,700.00",Rs./Quintal,219.70,Metric Tonnes,16-07-2026
Maharashtra,Kolhapur,APMC Kolhapur ,Vegetables,Onion,Other,Local,600.00,"2,700.00","1,600.00",Rs./Quintal,204.10,Metric Tonnes,15-07-2026
Maharashtra,Kolhapur,APMC Kolhapur ,Vegetables,Onion,Other,Local,600.00,"2,700.00","1,600.00",Rs./Quintal,180.60,Metric Tonnes,14-07-2026
Maharashtra,Kolhapur,APMC Kolhapur ,Vegetables,Onion,Other,Local,600.00,"2,800.00","1,700.00",Rs./Quintal,324.50,Metric Tonnes,13-07-2026
Maharashtra,Kolhapur,APMC Kolhapur ,Vegetables,Onion,Other,Local,600.00,"2,600.00","1,600.00",Rs./Quintal,742.70,Metric Tonnes,11-07-2026
Maharashtra,Kolhapur,APMC Kolhapur ,Vegetables,Onion,Other,Local,500.00,"2,700.00","1,600.00",Rs./Quintal,602.30,Metric Tonnes,10-07-2026
Maharashtra,Kolhapur,APMC Kolhapur ,Vegetables,Onion,Other,Local,600.00,"2,800.00","1,700.00",Rs./Quintal,483.30,Metric Tonnes,09-07-2026
Maharashtra,Kolhapur,APMC Kolhapur ,Vegetables,Onion,Other,Local,600.00,"3,000.00","1,700.00",Rs./Quintal,448.50,Metric Tonnes,08-07-2026
Maharashtra,Kolhapur,APMC Kolhapur ,Vegetables,Onion,Other,Local,500.00,"3,000.00","1,600.00",Rs./Quintal,147.10,Metric Tonnes,07-07-2026
Maharashtra,Kolhapur,APMC Kolhapur ,Vegetables,Onion,Other,Local,500.00,"2,800.00","1,600.00",Rs./Quintal,194.20,Metric Tonnes,06-07-2026
Maharashtra,Kolhapur,APMC Kolhapur ,Vegetables,Onion,Other,Local,500.00,"2,700.00","1,500.00",Rs./Quintal,229.50,Metric Tonnes,04-07-2026
Maharashtra,Kolhapur,APMC Kolhapur ,Vegetables,Onion,Other,Local,500.00,"2,500.00","1,300.00",Rs./Quintal,360.00,Metric Tonnes,03-07-2026
Maharashtra,Kolhapur,APMC Kolhapur ,Vegetables,Onion,Other,Local,500.00,"2,400.00","1,300.00",Rs./Quintal,476.40,Metric Tonnes,02-07-2026
Maharashtra,Kolhapur,APMC Kolhapur ,Vegetables,Onion,Other,Local,500.00,"2,500.00","1,300.00",Rs./Quintal,576.60,Metric Tonnes,01-07-2026
Maharashtra,Kolhapur,APMC Kolhapur ,Vegetables,Onion,Other,Local,500.00,"2,800.00","1,400.00",Rs./Quintal,368.20,Metric Tonnes,30-06-2026
Maharashtra,Kolhapur,APMC Kolhapur ,Vegetables,Onion,Other,Local,500.00,"3,000.00","1,600.00",Rs./Quintal,533.20,Metric Tonnes,29-06-2026
Maharashtra,Kolhapur,APMC Kolhapur ,Vegetables,Onion,Other,Local,500.00,"3,000.00","1,500.00",Rs./Quintal,490.00,Metric Tonnes,27-06-2026
Maharashtra,Kolhapur,APMC Kolhapur ,Vegetables,Onion,Other,Local,500.00,"2,900.00","1,400.00",Rs./Quintal,221.40,Metric Tonnes,26-06-2026
Maharashtra,Kolhapur,APMC Kolhapur ,Vegetables,Onion,Other,Local,500.00,"2,300.00","1,200.00",Rs./Quintal,256.90,Metric Tonnes,24-06-2026
Maharashtra,Kolhapur,APMC Kolhapur ,Vegetables,Onion,Other,Local,500.00,"2,300.00","1,200.00",Rs./Quintal,249.20,Metric Tonnes,23-06-2026
Maharashtra,Kolhapur,APMC Kolhapur ,Vegetables,Onion,Other,Local,500.00,"2,200.00","1,200.00",Rs./Quintal,607.30,Metric Tonnes,22-06-2026
Maharashtra,Kolhapur,APMC Kolhapur ,Vegetables,Onion,Other,Local,500.00,"2,400.00","1,300.00",Rs./Quintal,579.80,Metric Tonnes,20-06-2026
Maharashtra,Kolhapur,APMC Kolhapur ,Vegetables,Onion,Other,Local,500.00,"2,500.00","1,200.00",Rs./Quintal,421.40,Metric Tonnes,19-06-2026
Maharashtra,Kolhapur,APMC Kolhapur ,Vegetables,Onion,Other,Local,500.00,"2,500.00","1,300.00",Rs./Quintal,309.70,Metric Tonnes,18-06-2026
Maharashtra,Kolhapur,APMC Kolhapur ,Vegetables,Onion,Other,Local,500.00,"2,300.00","1,300.00",Rs./Quintal,419.50,Metric Tonnes,17-06-2026
Maharashtra,Kolhapur,APMC Kolhapur ,Vegetables,Onion,Other,Local,500.00,"2,200.00","1,200.00",Rs./Quintal,158.40,Metric Tonnes,16-06-2026
Maharashtra,Kolhapur,APMC Kolhapur ,Vegetables,Onion,Other,Local,500.00,"2,100.00","1,200.00",Rs./Quintal,394.30,Metric Tonnes,15-06-2026
Maharashtra,Kolhapur,APMC Kolhapur ,Vegetables,Onion,Other,Local,500.00,"2,200.00","1,200.00",Rs./Quintal,409.90,Metric Tonnes,13-06-2026
Maharashtra,Kolhapur,APMC Kolhapur ,Vegetables,Onion,Other,Local,500.00,"2,000.00","1,000.00",Rs./Quintal,409.30,Metric Tonnes,12-06-2026
Maharashtra,Kolhapur,APMC Kolhapur ,Vegetables,Onion,Other,Local,500.00,"2,100.00","1,000.00",Rs./Quintal,336.50,Metric Tonnes,11-06-2026
Maharashtra,Kolhapur,APMC Kolhapur ,Vegetables,Onion,Other,Local,500.00,"2,200.00","1,200.00",Rs./Quintal,583.50,Metric Tonnes,10-06-2026
Maharashtra,Kolhapur,APMC Kolhapur ,Vegetables,Onion,Other,Local,500.00,"2,000.00","1,100.00",Rs./Quintal,286.00,Metric Tonnes,09-06-2026
Maharashtra,Kolhapur,APMC Kolhapur ,Vegetables,Onion,Other,Local,500.00,"2,100.00","1,200.00",Rs./Quintal,606.80,Metric Tonnes,08-06-2026
Maharashtra,Kolhapur,APMC Kolhapur ,Vegetables,Onion,Other,Local,500.00,"2,000.00","1,100.00",Rs./Quintal,393.60,Metric Tonnes,06-06-2026
Maharashtra,Kolhapur,APMC Kolhapur ,Vegetables,Onion,Other,Local,500.00,"2,000.00","1,000.00",Rs./Quintal,446.50,Metric Tonnes,05-06-2026
Maharashtra,Kolhapur,APMC Kolhapur ,Vegetables,Onion,Other,Local,500.00,"2,000.00","1,100.00",Rs./Quintal,493.50,Metric Tonnes,04-06-2026
Maharashtra,Kolhapur,APMC Kolhapur ,Vegetables,Onion,Other,Local,500.00,"2,300.00","1,200.00",Rs./Quintal,300.40,Metric Tonnes,03-06-2026
Maharashtra,Kolhapur,APMC Kolhapur ,Vegetables,Onion,Other,Local,500.00,"2,100.00","1,100.00",Rs./Quintal,576.60,Metric Tonnes,02-06-2026
Maharashtra,Kolhapur,APMC Kolhapur ,Vegetables,Onion,Other,Local,500.00,"2,300.00","1,200.00",Rs./Quintal,552.10,Metric Tonnes,01-06-2026
Maharashtra,Kolhapur,APMC Kolhapur ,Vegetables,Onion,Other,Local,500.00,"2,200.00","1,200.00",Rs./Quintal,498.00,Metric Tonnes,30-05-2026
Maharashtra,Kolhapur,APMC Kolhapur ,Vegetables,Onion,Other,Local,500.00,"2,000.00","1,200.00",Rs./Quintal,538.80,Metric Tonnes,29-05-2026
Maharashtra,Kolhapur,APMC Kolhapur ,Vegetables,Onion,Other,Local,500.00,"1,700.00","1,100.00",Rs./Quintal,512.50,Metric Tonnes,27-05-2026
Maharashtra,Kolhapur,APMC Kolhapur ,Vegetables,Onion,Other,Local,500.00,"1,700.00","1,000.00",Rs./Quintal,470.50,Metric Tonnes,26-05-2026
Maharashtra,Kolhapur,APMC Kolhapur ,Vegetables,Onion,Other,Local,500.00,"1,800.00","1,100.00",Rs./Quintal,847.20,Metric Tonnes,25-05-2026
Maharashtra,Kolhapur,APMC Kolhapur ,Vegetables,Onion,Other,Local,500.00,"1,700.00","1,100.00",Rs./Quintal,649.00,Metric Tonnes,23-05-2026
Maharashtra,Kolhapur,APMC Kolhapur ,Vegetables,Onion,Other,Local,500.00,"1,700.00","1,000.00",Rs./Quintal,549.00,Metric Tonnes,22-05-2026
Maharashtra,Kolhapur,APMC Kolhapur ,Vegetables,Onion,Other,Local,500.00,"1,600.00","1,000.00",Rs./Quintal,405.00,Metric Tonnes,21-05-2026
Maharashtra,Kolhapur,APMC Kolhapur ,Vegetables,Onion,Other,Local,500.00,"1,500.00","1,000.00",Rs./Quintal,577.90,Metric Tonnes,20-05-2026
Maharashtra,Kolhapur,APMC Kolhapur ,Vegetables,Onion,Other,Local,500.00,"1,600.00","1,000.00",Rs./Quintal,365.90,Metric Tonnes,19-05-2026
Maharashtra,Kolhapur,APMC Kolhapur ,Vegetables,Onion,Other,Local,500.00,"1,600.00","1,100.00",Rs./Quintal,646.40,Metric Tonnes,18-05-2026
Maharashtra,Kolhapur,APMC Kolhapur ,Vegetables,Onion,Other,Local,500.00,"1,600.00","1,000.00",Rs./Quintal,620.50,Metric Tonnes,16-05-2026
Maharashtra,Kolhapur,APMC Kolhapur ,Vegetables,Onion,Other,Local,500.00,"1,400.00","1,000.00",Rs./Quintal,454.80,Metric Tonnes,15-05-2026
Maharashtra,Kolhapur,APMC Kolhapur ,Vegetables,Onion,Other,Local,500.00,"1,300.00","1,000.00",Rs./Quintal,278.00,Metric Tonnes,14-05-2026
Maharashtra,Kolhapur,APMC Kolhapur ,Vegetables,Onion,Other,Local,500.00,"1,700.00","1,000.00",Rs./Quintal,501.70,Metric Tonnes,13-05-2026
Maharashtra,Kolhapur,APMC Kolhapur ,Vegetables,Onion,Other,Local,500.00,"1,300.00","1,000.00",Rs./Quintal,417.30,Metric Tonnes,12-05-2026
Maharashtra,Kolhapur,APMC Kolhapur ,Vegetables,Onion,Other,Local,500.00,"1,500.00","1,000.00",Rs./Quintal,619.10,Metric Tonnes,11-05-2026
Maharashtra,Kolhapur,APMC Kolhapur ,Vegetables,Onion,Other,Local,500.00,"1,700.00","1,000.00",Rs./Quintal,844.50,Metric Tonnes,09-05-2026
Maharashtra,Kolhapur,APMC Kolhapur ,Vegetables,Onion,Other,Local,500.00,"1,400.00","1,000.00",Rs./Quintal,661.10,Metric Tonnes,08-05-2026
Maharashtra,Kolhapur,APMC Kolhapur ,Vegetables,Onion,Other,Local,500.00,"1,200.00",900.00,Rs./Quintal,457.50,Metric Tonnes,07-05-2026
Maharashtra,Kolhapur,APMC Kolhapur ,Vegetables,Onion,Other,Local,500.00,"1,400.00","1,000.00",Rs./Quintal,782.30,Metric Tonnes,06-05-2026
Maharashtra,Kolhapur,APMC Kolhapur ,Vegetables,Onion,Other,Local,500.00,"1,500.00","1,000.00",Rs./Quintal,581.60,Metric Tonnes,05-05-2026
Maharashtra,Kolhapur,APMC Kolhapur ,Vegetables,Onion,Other,Local,500.00,"1,500.00","1,000.00",Rs./Quintal,678.70,Metric Tonnes,04-05-2026
Maharashtra,Kolhapur,APMC Kolhapur ,Vegetables,Onion,Other,Local,500.00,"1,600.00","1,000.00",Rs./Quintal,883.50,Metric Tonnes,02-05-2026
Maharashtra,Kolhapur,APMC Kolhapur ,Vegetables,Onion,Other,Local,500.00,"1,500.00","1,000.00",Rs./Quintal,476.40,Metric Tonnes,30-04-2026
Maharashtra,Kolhapur,APMC Kolhapur ,Vegetables,Onion,Other,Local,500.00,"1,400.00","1,000.00",Rs./Quintal,595.20,Metric Tonnes,29-04-2026
Maharashtra,Kolhapur,APMC Kolhapur ,Vegetables,Onion,Other,Local,500.00,"1,400.00","1,000.00",Rs./Quintal,462.30,Metric Tonnes,28-04-2026
Maharashtra,Kolhapur,APMC Kolhapur ,Vegetables,Onion,Other,Local,500.00,"1,400.00","1,000.00",Rs./Quintal,570.30,Metric Tonnes,27-04-2026
Maharashtra,Kolhapur,APMC Kolhapur ,Vegetables,Onion,Other,Local,500.00,"1,500.00","1,000.00",Rs./Quintal,608.30,Metric Tonnes,25-04-2026
Maharashtra,Kolhapur,APMC Kolhapur ,Vegetables,Onion,Other,Local,500.00,"1,300.00",900.00,Rs./Quintal,387.30,Metric Tonnes,24-04-2026
Maharashtra,Kolhapur,APMC Kolhapur ,Vegetables,Onion,Other,Local,500.00,"1,300.00",900.00,Rs./Quintal,320.10,Metric Tonnes,23-04-2026
Maharashtra,Kolhapur,APMC Kolhapur ,Vegetables,Onion,Other,Local,500.00,"1,300.00","1,000.00",Rs./Quintal,441.20,Metric Tonnes,22-04-2026
Maharashtra,Kolhapur,APMC Kolhapur ,Vegetables,Onion,Other,Local,500.00,"1,200.00",800.00,Rs./Quintal,405.40,Metric Tonnes,21-04-2026
Maharashtra,Kolhapur,APMC Kolhapur ,Vegetables,Onion,Other,Local,500.00,"1,300.00",900.00,Rs./Quintal,857.10,Metric Tonnes,18-04-2026
Maharashtra,Kolhapur,APMC Kolhapur ,Vegetables,Onion,Other,Local,500.00,"1,200.00",800.00,Rs./Quintal,632.60,Metric Tonnes,17-04-2026
Maharashtra,Kolhapur,APMC Kolhapur ,Vegetables,Onion,Other,Local,500.00,"1,100.00",800.00,Rs./Quintal,377.10,Metric Tonnes,16-04-2026
Maharashtra,Kolhapur,APMC Kolhapur ,Vegetables,Onion,Other,Local,500.00,"1,300.00",900.00,Rs./Quintal,686.40,Metric Tonnes,15-04-2026
Maharashtra,Kolhapur,APMC Kolhapur ,Vegetables,Onion,Other,Local,500.00,"1,200.00",900.00,Rs./Quintal,512.00,Metric Tonnes,14-04-2026
Maharashtra,Kolhapur,APMC Kolhapur ,Vegetables,Onion,Other,Local,500.00,"1,400.00","1,000.00",Rs./Quintal,710.20,Metric Tonnes,13-04-2026
Maharashtra,Kolhapur,APMC Kolhapur ,Vegetables,Onion,Other,Local,500.00,"1,300.00","1,000.00",Rs./Quintal,679.60,Metric Tonnes,11-04-2026
Maharashtra,Kolhapur,APMC Kolhapur ,Vegetables,Onion,Other,Local,500.00,"1,300.00",900.00,Rs./Quintal,510.60,Metric Tonnes,10-04-2026
Maharashtra,Kolhapur,APMC Kolhapur ,Vegetables,Onion,Other,Local,500.00,"1,300.00",900.00,Rs./Quintal,427.70,Metric Tonnes,09-04-2026
Maharashtra,Kolhapur,APMC Kolhapur ,Vegetables,Onion,Other,Local,500.00,"1,300.00","1,000.00",Rs./Quintal,702.00,Metric Tonnes,08-04-2026
Maharashtra,Kolhapur,APMC Kolhapur ,Vegetables,Onion,Other,Local,500.00,"1,400.00",900.00,Rs./Quintal,458.30,Metric Tonnes,07-04-2026
Maharashtra,Kolhapur,APMC Kolhapur ,Vegetables,Onion,Other,Local,500.00,"1,300.00","1,000.00",Rs./Quintal,589.00,Metric Tonnes,06-04-2026
Maharashtra,Kolhapur,APMC Kolhapur ,Vegetables,Onion,Other,Local,500.00,"1,400.00","1,000.00",Rs./Quintal,399.30,Metric Tonnes,04-04-2026
Maharashtra,Kolhapur,APMC Kolhapur ,Vegetables,Onion,Other,Local,500.00,"1,200.00",800.00,Rs./Quintal,306.00,Metric Tonnes,03-04-2026
Maharashtra,Kolhapur,APMC Kolhapur ,Vegetables,Onion,Other,Local,500.00,"1,200.00",800.00,Rs./Quintal,363.20,Metric Tonnes,02-04-2026
Maharashtra,Kolhapur,APMC Kolhapur ,Vegetables,Onion,Other,Local,500.00,"1,400.00",900.00,Rs./Quintal,588.00,Metric Tonnes,01-04-2026
Maharashtra,Kolhapur,APMC Kolhapur ,Vegetables,Onion,Other,Local,500.00,"1,200.00",800.00,Rs./Quintal,529.90,Metric Tonnes,31-03-2026
Maharashtra,Kolhapur,APMC Kolhapur ,Vegetables,Onion,Other,Local,500.00,"1,300.00","1,000.00",Rs./Quintal,"1,183.40",Metric Tonnes,30-03-2026
Maharashtra,Kolhapur,APMC Kolhapur ,Vegetables,Onion,Other,Local,500.00,"1,300.00","1,000.00",Rs./Quintal,932.30,Metric Tonnes,28-03-2026
Maharashtra,Kolhapur,APMC Kolhapur ,Vegetables,Onion,Other,Local,500.00,"1,400.00","1,000.00",Rs./Quintal,589.40,Metric Tonnes,27-03-2026
Maharashtra,Kolhapur,APMC Kolhapur ,Vegetables,Onion,Other,Local,500.00,"1,300.00","1,000.00",Rs./Quintal,439.40,Metric Tonnes,26-03-2026
Maharashtra,Kolhapur,APMC Kolhapur ,Vegetables,Onion,Other,Local,500.00,"1,300.00","1,000.00",Rs./Quintal,540.10,Metric Tonnes,25-03-2026
Maharashtra,Kolhapur,APMC Kolhapur ,Vegetables,Onion,Other,Local,500.00,"1,300.00","1,000.00",Rs./Quintal,506.30,Metric Tonnes,24-03-2026
Maharashtra,Kolhapur,APMC Kolhapur ,Vegetables,Onion,Other,Local,500.00,"1,300.00","1,000.00",Rs./Quintal,849.70,Metric Tonnes,23-03-2026
Maharashtra,Kolhapur,APMC Kolhapur ,Vegetables,Onion,Other,Local,500.00,"1,400.00",900.00,Rs./Quintal,418.30,Metric Tonnes,20-03-2026
Maharashtra,Kolhapur,APMC Kolhapur ,Vegetables,Onion,Other,Local,500.00,"1,400.00",800.00,Rs./Quintal,368.00,Metric Tonnes,19-03-2026
Maharashtra,Kolhapur,APMC Kolhapur ,Vegetables,Onion,Other,Local,500.00,"1,300.00",800.00,Rs./Quintal,788.00,Metric Tonnes,18-03-2026
Maharashtra,Kolhapur,APMC Kolhapur ,Vegetables,Onion,Other,Local,500.00,"1,300.00",900.00,Rs./Quintal,664.40,Metric Tonnes,17-03-2026
Maharashtra,Kolhapur,APMC Kolhapur ,Vegetables,Onion,Other,Local,500.00,"1,500.00","1,000.00",Rs./Quintal,937.00,Metric Tonnes,16-03-2026
Maharashtra,Kolhapur,APMC Kolhapur ,Vegetables,Onion,Other,Local,500.00,"1,400.00","1,000.00",Rs./Quintal,"1,015.30",Metric Tonnes,14-03-2026
Maharashtra,Kolhapur,APMC Kolhapur ,Vegetables,Onion,Other,Local,500.00,"1,500.00","1,000.00",Rs./Quintal,596.80,Metric Tonnes,13-03-2026
Maharashtra,Kolhapur,APMC Kolhapur ,Vegetables,Onion,Other,Local,500.00,"1,500.00","1,000.00",Rs./Quintal,641.00,Metric Tonnes,12-03-2026
Maharashtra,Kolhapur,APMC Kolhapur ,Vegetables,Onion,Other,Local,500.00,"1,500.00","1,100.00",Rs./Quintal,746.80,Metric Tonnes,11-03-2026
Maharashtra,Kolhapur,APMC Kolhapur ,Vegetables,Onion,Other,Local,500.00,"1,400.00","1,000.00",Rs./Quintal,560.40,Metric Tonnes,10-03-2026
Maharashtra,Kolhapur,APMC Kolhapur ,Vegetables,Onion,Other,Local,500.00,"1,500.00","1,100.00",Rs./Quintal,771.70,Metric Tonnes,09-03-2026
Maharashtra,Kolhapur,APMC Kolhapur ,Vegetables,Onion,Other,Local,500.00,"1,500.00","1,000.00",Rs./Quintal,872.80,Metric Tonnes,07-03-2026
Maharashtra,Kolhapur,APMC Kolhapur ,Vegetables,Onion,Other,Local,500.00,"1,500.00",900.00,Rs./Quintal,497.90,Metric Tonnes,06-03-2026
Maharashtra,Kolhapur,APMC Kolhapur ,Vegetables,Onion,Other,Local,500.00,"1,400.00",900.00,Rs./Quintal,308.00,Metric Tonnes,05-03-2026
Maharashtra,Kolhapur,APMC Kolhapur ,Vegetables,Onion,Other,Local,500.00,"1,500.00",900.00,Rs./Quintal,435.60,Metric Tonnes,04-03-2026
Maharashtra,Kolhapur,APMC Kolhapur ,Vegetables,Onion,Other,Local,500.00,"1,400.00",900.00,Rs./Quintal,576.10,Metric Tonnes,02-03-2026
Maharashtra,Kolhapur,APMC Kolhapur ,Vegetables,Onion,Other,Local,400.00,"1,500.00",900.00,Rs./Quintal,761.10,Metric Tonnes,28-02-2026
Maharashtra,Kolhapur,APMC Kolhapur ,Vegetables,Onion,Other,Local,500.00,"1,200.00",800.00,Rs./Quintal,403.60,Metric Tonnes,27-02-2026
Maharashtra,Kolhapur,APMC Kolhapur ,Vegetables,Onion,Other,Local,500.00,"1,200.00",800.00,Rs./Quintal,555.60,Metric Tonnes,26-02-2026
Maharashtra,Kolhapur,APMC Kolhapur ,Vegetables,Onion,Other,Local,500.00,"1,200.00","1,000.00",Rs./Quintal,731.60,Metric Tonnes,25-02-2026
Maharashtra,Kolhapur,APMC Kolhapur ,Vegetables,Onion,Other,Local,500.00,"1,300.00",900.00,Rs./Quintal,652.00,Metric Tonnes,24-02-2026
Maharashtra,Kolhapur,APMC Kolhapur ,Vegetables,Onion,Other,Local,500.00,"1,400.00","1,100.00",Rs./Quintal,860.50,Metric Tonnes,23-02-2026
Maharashtra,Kolhapur,APMC Kolhapur ,Vegetables,Onion,Other,Local,500.00,"1,600.00","1,000.00",Rs./Quintal,932.00,Metric Tonnes,21-02-2026
Maharashtra,Kolhapur,APMC Kolhapur ,Vegetables,Onion,Other,Local,500.00,"1,400.00","1,000.00",Rs./Quintal,892.00,Metric Tonnes,20-02-2026
Maharashtra,Kolhapur,APMC Kolhapur ,Vegetables,Onion,Other,Local,500.00,"1,600.00","1,100.00",Rs./Quintal,"1,195.00",Metric Tonnes,18-02-2026
Maharashtra,Kolhapur,APMC Kolhapur ,Vegetables,Onion,Other,Local,500.00,"1,600.00","1,000.00",Rs./Quintal,695.00,Metric Tonnes,17-02-2026
Maharashtra,Kolhapur,APMC Kolhapur ,Vegetables,Onion,Other,Local,500.00,"1,500.00","1,000.00",Rs./Quintal,740.00,Metric Tonnes,16-02-2026
Maharashtra,Kolhapur,APMC Kolhapur ,Vegetables,Onion,Other,Local,500.00,"1,700.00","1,100.00",Rs./Quintal,"1,123.00",Metric Tonnes,14-02-2026
Maharashtra,Kolhapur,APMC Kolhapur ,Vegetables,Onion,Other,Local,500.00,"1,700.00","1,000.00",Rs./Quintal,612.30,Metric Tonnes,13-02-2026
Maharashtra,Kolhapur,APMC Kolhapur ,Vegetables,Onion,Other,Local,500.00,"1,800.00","1,000.00",Rs./Quintal,599.50,Metric Tonnes,12-02-2026
Maharashtra,Kolhapur,APMC Kolhapur ,Vegetables,Onion,Other,Local,500.00,"1,700.00","1,000.00",Rs./Quintal,676.80,Metric Tonnes,11-02-2026
Maharashtra,Kolhapur,APMC Kolhapur ,Vegetables,Onion,Other,Local,500.00,"1,600.00","1,000.00",Rs./Quintal,520.00,Metric Tonnes,10-02-2026
Maharashtra,Kolhapur,APMC Kolhapur ,Vegetables,Onion,Other,Local,500.00,"1,800.00","1,000.00",Rs./Quintal,526.10,Metric Tonnes,09-02-2026
Maharashtra,Kolhapur,APMC Kolhapur ,Vegetables,Onion,Other,Local,500.00,"1,800.00","1,000.00",Rs./Quintal,822.80,Metric Tonnes,06-02-2026
Maharashtra,Kolhapur,APMC Kolhapur ,Vegetables,Onion,Other,Local,500.00,"1,700.00","1,000.00",Rs./Quintal,637.30,Metric Tonnes,05-02-2026
Maharashtra,Kolhapur,APMC Kolhapur ,Vegetables,Onion,Other,Local,500.00,"1,600.00","1,200.00",Rs./Quintal,739.00,Metric Tonnes,04-02-2026
Maharashtra,Kolhapur,APMC Kolhapur ,Vegetables,Onion,Other,Local,500.00,"1,700.00","1,200.00",Rs./Quintal,565.90,Metric Tonnes,03-02-2026
Maharashtra,Kolhapur,APMC Kolhapur ,Vegetables,Onion,Other,Local,500.00,"1,600.00","1,200.00",Rs./Quintal,647.50,Metric Tonnes,02-02-2026
Maharashtra,Kolhapur,APMC Kolhapur ,Vegetables,Onion,Other,Local,500.00,"1,600.00","1,100.00",Rs./Quintal,768.20,Metric Tonnes,31-01-2026
Maharashtra,Kolhapur,APMC Kolhapur ,Vegetables,Onion,Other,Local,500.00,"2,000.00","1,000.00",Rs./Quintal,"1,057.50",Metric Tonnes,30-01-2026
Maharashtra,Kolhapur,APMC Kolhapur ,Vegetables,Onion,Other,Local,500.00,"1,900.00","1,100.00",Rs./Quintal,961.40,Metric Tonnes,28-01-2026
Maharashtra,Kolhapur,APMC Kolhapur ,Vegetables,Onion,Other,Local,500.00,"2,000.00","1,100.00",Rs./Quintal,800.00,Metric Tonnes,27-01-2026
Maharashtra,Kolhapur,APMC Kolhapur ,Vegetables,Onion,Other,Local,500.00,"2,100.00","1,100.00",Rs./Quintal,"1,025.60",Metric Tonnes,24-01-2026
Maharashtra,Kolhapur,APMC Kolhapur ,Vegetables,Onion,Other,Local,500.00,"2,200.00","1,100.00",Rs./Quintal,635.80,Metric Tonnes,23-01-2026
Maharashtra,Kolhapur,APMC Kolhapur ,Vegetables,Onion,Other,Local,500.00,"2,000.00","1,100.00",Rs./Quintal,500.00,Metric Tonnes,22-01-2026
Maharashtra,Kolhapur,APMC Kolhapur ,Vegetables,Onion,Other,Local,300.00,"2,000.00","1,200.00",Rs./Quintal,607.00,Metric Tonnes,21-01-2026
Maharashtra,Kolhapur,APMC Kolhapur ,Vegetables,Onion,Other,Local,500.00,"2,200.00","1,000.00",Rs./Quintal,503.00,Metric Tonnes,20-01-2026
Maharashtra,Kolhapur,APMC Kolhapur ,Vegetables,Onion,Other,Local,500.00,"2,100.00","1,200.00",Rs./Quintal,741.80,Metric Tonnes,19-01-2026
Maharashtra,Kolhapur,APMC Kolhapur ,Vegetables,Onion,Other,Local,500.00,"2,100.00","1,100.00",Rs./Quintal,707.50,Metric Tonnes,17-01-2026
Maharashtra,Kolhapur,APMC Kolhapur ,Vegetables,Onion,Other,Local,500.00,"2,300.00","1,300.00",Rs./Quintal,192.50,Metric Tonnes,16-01-2026
Maharashtra,Kolhapur,APMC Kolhapur ,Vegetables,Onion,Other,Local,500.00,"2,100.00","1,200.00",Rs./Quintal,426.00,Metric Tonnes,14-01-2026
Maharashtra,Kolhapur,APMC Kolhapur ,Vegetables,Onion,Other,Local,500.00,"2,100.00","1,200.00",Rs./Quintal,450.00,Metric Tonnes,13-01-2026
Maharashtra,Kolhapur,APMC Kolhapur ,Vegetables,Onion,Other,Local,500.00,"2,000.00","1,200.00",Rs./Quintal,622.30,Metric Tonnes,12-01-2026
Maharashtra,Kolhapur,APMC Kolhapur ,Vegetables,Onion,Other,Local,500.00,"1,900.00","1,200.00",Rs./Quintal,929.30,Metric Tonnes,10-01-2026
Maharashtra,Kolhapur,APMC Kolhapur ,Vegetables,Onion,Other,Local,500.00,"2,000.00","1,200.00",Rs./Quintal,688.00,Metric Tonnes,09-01-2026
Maharashtra,Kolhapur,APMC Kolhapur ,Vegetables,Onion,Other,Local,500.00,"2,000.00","1,100.00",Rs./Quintal,492.50,Metric Tonnes,08-01-2026
Maharashtra,Kolhapur,APMC Kolhapur ,Vegetables,Onion,Other,Local,500.00,"2,100.00","1,100.00",Rs./Quintal,622.40,Metric Tonnes,07-01-2026
Maharashtra,Kolhapur,APMC Kolhapur ,Vegetables,Onion,Other,Local,500.00,"2,300.00","1,100.00",Rs./Quintal,515.00,Metric Tonnes,06-01-2026
Maharashtra,Kolhapur,APMC Kolhapur ,Vegetables,Onion,Other,Local,500.00,"2,200.00","1,100.00",Rs./Quintal,785.00,Metric Tonnes,05-01-2026
Maharashtra,Kolhapur,APMC Kolhapur ,Vegetables,Onion,Other,Local,500.00,"2,300.00","1,300.00",Rs./Quintal,888.40,Metric Tonnes,03-01-2026
Maharashtra,Kolhapur,APMC Kolhapur ,Vegetables,Onion,Other,Local,500.00,"2,200.00","1,100.00",Rs./Quintal,461.50,Metric Tonnes,02-01-2026
Maharashtra,Kolhapur,APMC Kolhapur ,Vegetables,Onion,Other,Local,500.00,"2,200.00","1,200.00",Rs./Quintal,533.80,Metric Tonnes,01-01-2026
Maharashtra,Kolhapur,APMC Kolhapur ,Vegetables,Onion,Other,Local,500.00,"2,400.00","1,300.00",Rs./Quintal,630.80,Metric Tonnes,31-12-2025
Maharashtra,Kolhapur,APMC Kolhapur ,Vegetables,Onion,Other,Local,500.00,"2,200.00","1,200.00",Rs./Quintal,613.00,Metric Tonnes,30-12-2025
Maharashtra,Kolhapur,APMC Kolhapur ,Vegetables,Onion,Other,Local,500.00,"2,500.00","1,300.00",Rs./Quintal,785.00,Metric Tonnes,29-12-2025
Maharashtra,Kolhapur,APMC Kolhapur ,Vegetables,Onion,Other,Local,500.00,"2,600.00","1,400.00",Rs./Quintal,845.00,Metric Tonnes,27-12-2025
Maharashtra,Kolhapur,APMC Kolhapur ,Vegetables,Onion,Other,Local,500.00,"2,500.00","1,300.00",Rs./Quintal,522.40,Metric Tonnes,26-12-2025
Maharashtra,Kolhapur,APMC Kolhapur ,Vegetables,Onion,Other,Local,500.00,"2,500.00","1,300.00",Rs./Quintal,445.90,Metric Tonnes,25-12-2025
Maharashtra,Kolhapur,APMC Kolhapur ,Vegetables,Onion,Other,Local,500.00,"2,500.00","1,500.00",Rs./Quintal,503.70,Metric Tonnes,24-12-2025
Maharashtra,Kolhapur,APMC Kolhapur ,Vegetables,Onion,Other,Local,500.00,"3,300.00","1,700.00",Rs./Quintal,313.30,Metric Tonnes,23-12-2025
Maharashtra,Kolhapur,APMC Kolhapur ,Vegetables,Onion,Other,Local,500.00,"2,700.00","1,400.00",Rs./Quintal,395.90,Metric Tonnes,22-12-2025
Maharashtra,Kolhapur,APMC Kolhapur ,Vegetables,Onion,Other,Local,500.00,"2,500.00","1,300.00",Rs./Quintal,509.80,Metric Tonnes,20-12-2025
Maharashtra,Kolhapur,APMC Kolhapur ,Vegetables,Onion,Other,Local,500.00,"2,500.00","1,300.00",Rs./Quintal,503.80,Metric Tonnes,19-12-2025
Maharashtra,Kolhapur,APMC Kolhapur ,Vegetables,Onion,Other,Local,500.00,"3,000.00","1,600.00",Rs./Quintal,565.00,Metric Tonnes,18-12-2025
Maharashtra,Kolhapur,APMC Kolhapur ,Vegetables,Onion,Other,Local,500.00,"4,000.00","1,800.00",Rs./Quintal,656.80,Metric Tonnes,17-12-2025
Maharashtra,Kolhapur,APMC Kolhapur ,Vegetables,Onion,Other,Local,800.00,"4,000.00","2,000.00",Rs./Quintal,472.80,Metric Tonnes,16-12-2025
Maharashtra,Kolhapur,APMC Kolhapur ,Vegetables,Onion,Other,Local,800.00,"4,000.00","1,900.00",Rs./Quintal,466.30,Metric Tonnes,15-12-2025
Maharashtra,Kolhapur,APMC Kolhapur ,Vegetables,Onion,Other,Local,800.00,"3,200.00","1,800.00",Rs./Quintal,593.40,Metric Tonnes,13-12-2025
Maharashtra,Kolhapur,APMC Kolhapur ,Vegetables,Onion,Other,Local,500.00,"2,700.00","1,400.00",Rs./Quintal,237.50,Metric Tonnes,11-12-2025
Maharashtra,Kolhapur,APMC Kolhapur ,Vegetables,Onion,Other,Local,500.00,"2,200.00","1,200.00",Rs./Quintal,367.30,Metric Tonnes,10-12-2025
Maharashtra,Kolhapur,APMC Kolhapur ,Vegetables,Onion,Other,Local,500.00,"2,200.00","1,200.00",Rs./Quintal,350.30,Metric Tonnes,09-12-2025
Maharashtra,Kolhapur,APMC Kolhapur ,Vegetables,Onion,Other,Local,500.00,"2,100.00","1,000.00",Rs./Quintal,565.10,Metric Tonnes,08-12-2025
Maharashtra,Kolhapur,APMC Kolhapur ,Vegetables,Onion,Other,Local,500.00,"2,100.00","1,100.00",Rs./Quintal,562.40,Metric Tonnes,06-12-2025
Maharashtra,Kolhapur,APMC Kolhapur ,Vegetables,Onion,Other,Local,500.00,"1,800.00","1,000.00",Rs./Quintal,419.80,Metric Tonnes,05-12-2025
Maharashtra,Kolhapur,APMC Kolhapur ,Vegetables,Onion,Other,Local,500.00,"1,800.00","1,000.00",Rs./Quintal,344.20,Metric Tonnes,04-12-2025
Maharashtra,Kolhapur,APMC Kolhapur ,Vegetables,Onion,Other,Local,500.00,"2,000.00","1,100.00",Rs./Quintal,432.10,Metric Tonnes,03-12-2025
Maharashtra,Kolhapur,APMC Kolhapur ,Vegetables,Onion,Other,Local,500.00,"1,800.00","1,000.00",Rs./Quintal,314.80,Metric Tonnes,02-12-2025
Maharashtra,Kolhapur,APMC Kolhapur ,Vegetables,Onion,Other,Local,500.00,"1,800.00","1,000.00",Rs./Quintal,479.50,Metric Tonnes,01-12-2025
Maharashtra,Kolhapur,APMC Kolhapur ,Vegetables,Onion,Other,Local,500.00,"1,900.00","1,100.00",Rs./Quintal,535.20,Metric Tonnes,29-11-2025
Maharashtra,Kolhapur,APMC Kolhapur ,Vegetables,Onion,Other,Local,500.00,"1,800.00","1,000.00",Rs./Quintal,389.40,Metric Tonnes,28-11-2025
Maharashtra,Kolhapur,APMC Kolhapur ,Vegetables,Onion,Other,Local,500.00,"1,900.00","1,000.00",Rs./Quintal,423.80,Metric Tonnes,27-11-2025
Maharashtra,Kolhapur,APMC Kolhapur ,Vegetables,Onion,Other,Local,500.00,"1,700.00",900.00,Rs./Quintal,401.90,Metric Tonnes,26-11-2025
Maharashtra,Kolhapur,APMC Kolhapur ,Vegetables,Onion,Other,Local,500.00,"1,800.00",900.00,Rs./Quintal,407.60,Metric Tonnes,25-11-2025
Maharashtra,Kolhapur,APMC Kolhapur ,Vegetables,Onion,Other,Local,500.00,"1,800.00",900.00,Rs./Quintal,534.40,Metric Tonnes,24-11-2025
Maharashtra,Kolhapur,APMC Kolhapur ,Vegetables,Onion,Other,Local,500.00,"2,000.00","1,000.00",Rs./Quintal,579.40,Metric Tonnes,22-11-2025
Maharashtra,Kolhapur,APMC Kolhapur ,Vegetables,Onion,Other,Local,500.00,"2,000.00","1,000.00",Rs./Quintal,511.30,Metric Tonnes,21-11-2025
Maharashtra,Kolhapur,APMC Kolhapur ,Vegetables,Onion,Other,Local,500.00,"2,000.00","1,000.00",Rs./Quintal,461.10,Metric Tonnes,20-11-2025
Maharashtra,Kolhapur,APMC Kolhapur ,Vegetables,Onion,Other,Local,500.00,"2,100.00","1,000.00",Rs./Quintal,434.70,Metric Tonnes,19-11-2025
Maharashtra,Kolhapur,APMC Kolhapur ,Vegetables,Onion,Other,Local,500.00,"2,000.00","1,000.00",Rs./Quintal,345.50,Metric Tonnes,18-11-2025
Maharashtra,Kolhapur,APMC Kolhapur ,Vegetables,Onion,Other,Local,500.00,"2,100.00","1,000.00",Rs./Quintal,475.40,Metric Tonnes,17-11-2025
Maharashtra,Kolhapur,APMC Kolhapur ,Vegetables,Onion,Other,Local,500.00,"2,100.00","1,000.00",Rs./Quintal,472.90,Metric Tonnes,15-11-2025
Maharashtra,Kolhapur,APMC Kolhapur ,Vegetables,Onion,Other,Local,500.00,"2,000.00","1,000.00",Rs./Quintal,425.30,Metric Tonnes,14-11-2025
Maharashtra,Kolhapur,APMC Kolhapur ,Vegetables,Onion,Other,Local,500.00,"2,000.00","1,000.00",Rs./Quintal,366.90,Metric Tonnes,13-11-2025
Maharashtra,Kolhapur,APMC Kolhapur ,Vegetables,Onion,Other,Local,500.00,"2,000.00","1,000.00",Rs./Quintal,451.90,Metric Tonnes,12-11-2025
Maharashtra,Kolhapur,APMC Kolhapur ,Vegetables,Onion,Other,Local,500.00,"1,900.00",900.00,Rs./Quintal,419.40,Metric Tonnes,11-11-2025
Maharashtra,Kolhapur,APMC Kolhapur ,Vegetables,Onion,Other,Local,500.00,"2,000.00","1,000.00",Rs./Quintal,606.30,Metric Tonnes,10-11-2025
Maharashtra,Kolhapur,APMC Kolhapur ,Vegetables,Onion,Other,Local,500.00,"2,000.00","1,000.00",Rs./Quintal,687.90,Metric Tonnes,08-11-2025
Maharashtra,Kolhapur,APMC Kolhapur ,Vegetables,Onion,Other,Local,500.00,"2,000.00","1,000.00",Rs./Quintal,395.60,Metric Tonnes,07-11-2025
Maharashtra,Kolhapur,APMC Vadgaonpeth ,Vegetables,Onion,Local,Local,"2,700.00","4,200.00","3,500.00",Rs./Quintal,27.00,Metric Tonnes,24-09-2026
Maharashtra,Kolhapur,APMC Vadgaonpeth ,Vegetables,Onion,Local,Local,"4,000.00","6,000.00","5,000.00",Rs./Quintal,3.10,Metric Tonnes,22-09-2026
Maharashtra,Kolhapur,APMC Vadgaonpeth ,Vegetables,Onion,Local,Local,"2,800.00","3,500.00","3,000.00",Rs./Quintal,26.00,Metric Tonnes,16-09-2026
Maharashtra,Kolhapur,APMC Vadgaonpeth ,Vegetables,Onion,Local,Local,"3,000.00","4,000.00","3,200.00",Rs./Quintal,26.00,Metric Tonnes,15-09-2026
Maharashtra,Kolhapur,APMC Vadgaonpeth ,Vegetables,Onion,Local,Local,"2,700.00","3,500.00","3,000.00",Rs./Quintal,33.00,Metric Tonnes,13-09-2026
Maharashtra,Kolhapur,APMC Vadgaonpeth ,Vegetables,Onion,Local,Local,"3,000.00","4,200.00","3,800.00",Rs./Quintal,27.00,Metric Tonnes,11-09-2026
Maharashtra,Kolhapur,APMC Vadgaonpeth ,Vegetables,Onion,Local,Local,"2,000.00","4,000.00","3,000.00",Rs./Quintal,16.50,Metric Tonnes,10-09-2026
Maharashtra,Kolhapur,APMC Vadgaonpeth ,Vegetables,Onion,Local,Local,"2,800.00","3,500.00","3,200.00",Rs./Quintal,27.00,Metric Tonnes,09-09-2026
Maharashtra,Kolhapur,APMC Vadgaonpeth ,Vegetables,Onion,Local,Local,"2,800.00","3,500.00","3,000.00",Rs./Quintal,25.00,Metric Tonnes,03-09-2026
Maharashtra,Kolhapur,APMC Vadgaonpeth ,Vegetables,Onion,Local,Local,"3,000.00","4,100.00","3,500.00",Rs./Quintal,30.00,Metric Tonnes,02-09-2026
Maharashtra,Kolhapur,APMC Vadgaonpeth ,Vegetables,Onion,Local,Local,"2,500.00","3,800.00","3,000.00",Rs./Quintal,28.00,Metric Tonnes,01-09-2026
Maharashtra,Kolhapur,APMC Vadgaonpeth ,Vegetables,Onion,Local,Local,"2,500.00","3,500.00","3,100.00",Rs./Quintal,28.00,Metric Tonnes,30-08-2026
Maharashtra,Kolhapur,APMC Vadgaonpeth ,Vegetables,Onion,Local,Local,"3,000.00","4,000.00","3,600.00",Rs./Quintal,25.00,Metric Tonnes,27-08-2026
Maharashtra,Kolhapur,APMC Vadgaonpeth ,Vegetables,Onion,Local,Local,"2,800.00","4,000.00","3,500.00",Rs./Quintal,28.00,Metric Tonnes,26-08-2026
Maharashtra,Kolhapur,APMC Vadgaonpeth ,Vegetables,Onion,Local,Local,"3,000.00","4,200.00","3,500.00",Rs./Quintal,28.00,Metric Tonnes,23-08-2026
Maharashtra,Kolhapur,APMC Vadgaonpeth ,Vegetables,Onion,Local,Local,"2,800.00","4,000.00","3,200.00",Rs./Quintal,23.00,Metric Tonnes,22-08-2026
Maharashtra,Kolhapur,APMC Vadgaonpeth ,Vegetables,Onion,Local,Local,"2,800.00","4,000.00","3,500.00",Rs./Quintal,31.00,Metric Tonnes,21-08-2026
Maharashtra,Kolhapur,APMC Vadgaonpeth ,Vegetables,Onion,Local,Local,"2,500.00","4,000.00","3,000.00",Rs./Quintal,29.00,Metric Tonnes,19-08-2026
Maharashtra,Kolhapur,APMC Vadgaonpeth ,Vegetables,Onion,Local,Local,"2,100.00","3,000.00","2,600.00",Rs./Quintal,27.00,Metric Tonnes,16-08-2026
Maharashtra,Kolhapur,APMC Vadgaonpeth ,Vegetables,Onion,Local,Local,"2,000.00","3,000.00","2,400.00",Rs./Quintal,26.00,Metric Tonnes,14-08-2026
Maharashtra,Kolhapur,APMC Vadgaonpeth ,Vegetables,Onion,Local,Local,"1,900.00","2,800.00","2,100.00",Rs./Quintal,25.00,Metric Tonnes,13-08-2026
Maharashtra,Kolhapur,APMC Vadgaonpeth ,Vegetables,Onion,Local,Local,"1,900.00","2,900.00","2,300.00",Rs./Quintal,33.00,Metric Tonnes,12-08-2026
Maharashtra,Kolhapur,APMC Vadgaonpeth ,Vegetables,Onion,Local,Local,"1,600.00","3,000.00","2,100.00",Rs./Quintal,31.00,Metric Tonnes,11-08-2026
Maharashtra,Kolhapur,APMC Vadgaonpeth ,Vegetables,Onion,Local,Local,"1,900.00","2,500.00","2,000.00",Rs./Quintal,21.00,Metric Tonnes,09-08-2026
Maharashtra,Kolhapur,APMC Vadgaonpeth ,Vegetables,Onion,Local,Local,"2,000.00","2,800.00","2,100.00",Rs./Quintal,27.00,Metric Tonnes,08-08-2026
Maharashtra,Kolhapur,APMC Vadgaonpeth ,Vegetables,Onion,Local,Local,"2,000.00","2,800.00","2,400.00",Rs./Quintal,26.00,Metric Tonnes,07-08-2026
Maharashtra,Kolhapur,APMC Vadgaonpeth ,Vegetables,Onion,Local,Local,"1,800.00","2,800.00","2,000.00",Rs./Quintal,21.00,Metric Tonnes,05-08-2026
Maharashtra,Kolhapur,APMC Vadgaonpeth ,Vegetables,Onion,Local,Local,"1,800.00","2,900.00","2,000.00",Rs./Quintal,32.00,Metric Tonnes,04-08-2026
Maharashtra,Kolhapur,APMC Vadgaonpeth ,Vegetables,Onion,Local,Local,"1,800.00","2,900.00","2,300.00",Rs./Quintal,26.00,Metric Tonnes,02-08-2026
Maharashtra,Kolhapur,APMC Vadgaonpeth ,Vegetables,Onion,Local,Local,"1,800.00","2,900.00","2,300.00",Rs./Quintal,27.00,Metric Tonnes,01-08-2026
Maharashtra,Kolhapur,APMC Vadgaonpeth ,Vegetables,Onion,Local,Local,"1,900.00","2,900.00","2,000.00",Rs./Quintal,29.00,Metric Tonnes,31-07-2026
Maharashtra,Kolhapur,APMC Vadgaonpeth ,Vegetables,Onion,Local,Local,"1,800.00","2,800.00","2,000.00",Rs./Quintal,28.00,Metric Tonnes,29-07-2026
Maharashtra,Kolhapur,APMC Vadgaonpeth ,Vegetables,Onion,Local,Local,"1,900.00","2,900.00","2,400.00",Rs./Quintal,37.00,Metric Tonnes,28-07-2026
Maharashtra,Kolhapur,APMC Vadgaonpeth ,Vegetables,Onion,Local,Local,"1,800.00","2,800.00","2,300.00",Rs./Quintal,27.00,Metric Tonnes,24-07-2026
Maharashtra,Kolhapur,APMC Vadgaonpeth ,Vegetables,Onion,Local,Local,"2,000.00","2,800.00","2,300.00",Rs./Quintal,27.00,Metric Tonnes,23-07-2026
Maharashtra,Kolhapur,APMC Vadgaonpeth ,Vegetables,Onion,Local,Local,"1,900.00","2,500.00","2,200.00",Rs./Quintal,28.00,Metric Tonnes,22-07-2026
Maharashtra,Kolhapur,APMC Vadgaonpeth ,Vegetables,Onion,Local,Local,"2,000.00","2,700.00","2,100.00",Rs./Quintal,29.00,Metric Tonnes,21-07-2026
Maharashtra,Kolhapur,APMC Vadgaonpeth ,Vegetables,Onion,Local,Local,"1,800.00","2,500.00","2,100.00",Rs./Quintal,26.00,Metric Tonnes,19-07-2026
Maharashtra,Kolhapur,APMC Vadgaonpeth ,Vegetables,Onion,Local,Local,"1,700.00","2,600.00","1,900.00",Rs./Quintal,29.00,Metric Tonnes,18-07-2026
Maharashtra,Kolhapur,APMC Vadgaonpeth ,Vegetables,Onion,Local,Local,"1,800.00","2,600.00","2,000.00",Rs./Quintal,27.00,Metric Tonnes,17-07-2026
Maharashtra,Kolhapur,APMC Vadgaonpeth ,Vegetables,Onion,Local,Local,"1,800.00","2,500.00","2,000.00",Rs./Quintal,27.00,Metric Tonnes,15-07-2026
Maharashtra,Kolhapur,APMC Vadgaonpeth ,Vegetables,Onion,Local,Local,"1,800.00","2,700.00","2,000.00",Rs./Quintal,28.00,Metric Tonnes,14-07-2026
Maharashtra,Kolhapur,APMC Vadgaonpeth ,Vegetables,Onion,Local,Local,"1,900.00","2,500.00","2,000.00",Rs./Quintal,10.00,Metric Tonnes,12-07-2026
Maharashtra,Kolhapur,APMC Vadgaonpeth ,Vegetables,Onion,Local,Local,"1,800.00","2,800.00","2,200.00",Rs./Quintal,27.00,Metric Tonnes,11-07-2026
Maharashtra,Kolhapur,APMC Vadgaonpeth ,Vegetables,Onion,Local,Local,"1,500.00","2,800.00","1,900.00",Rs./Quintal,50.00,Metric Tonnes,10-07-2026
Maharashtra,Kolhapur,APMC Vadgaonpeth ,Vegetables,Onion,Local,Local,"1,700.00","2,700.00","2,400.00",Rs./Quintal,33.00,Metric Tonnes,09-07-2026
Maharashtra,Kolhapur,APMC Vadgaonpeth ,Vegetables,Onion,Local,Local,"1,300.00","2,500.00","1,700.00",Rs./Quintal,27.00,Metric Tonnes,05-07-2026
Maharashtra,Kolhapur,APMC Vadgaonpeth ,Vegetables,Onion,Local,Local,"1,300.00","2,100.00","1,700.00",Rs./Quintal,31.00,Metric Tonnes,04-07-2026
Maharashtra,Kolhapur,APMC Vadgaonpeth ,Vegetables,Onion,Local,Local,"1,400.00","2,400.00","1,700.00",Rs./Quintal,34.00,Metric Tonnes,03-07-2026
Maharashtra,Kolhapur,APMC Vadgaonpeth ,Vegetables,Onion,Local,Local,"1,000.00","1,600.00","1,300.00",Rs./Quintal,27.00,Metric Tonnes,01-07-2026
Maharashtra,Kolhapur,APMC Vadgaonpeth ,Vegetables,Onion,Local,Local,"1,100.00","1,500.00","1,200.00",Rs./Quintal,25.00,Metric Tonnes,30-06-2026
Maharashtra,Kolhapur,APMC Vadgaonpeth ,Vegetables,Onion,Local,Local,"1,200.00","1,800.00","1,400.00",Rs./Quintal,27.00,Metric Tonnes,25-06-2026
Maharashtra,Kolhapur,APMC Vadgaonpeth ,Vegetables,Onion,Local,Local,"1,200.00","1,800.00","1,400.00",Rs./Quintal,25.00,Metric Tonnes,24-06-2026
Maharashtra,Kolhapur,APMC Vadgaonpeth ,Vegetables,Onion,Local,Local,"1,100.00","1,700.00","1,200.00",Rs./Quintal,27.00,Metric Tonnes,23-06-2026
Maharashtra,Kolhapur,APMC Vadgaonpeth ,Vegetables,Onion,Local,Local,"1,200.00","1,800.00","1,400.00",Rs./Quintal,27.00,Metric Tonnes,21-06-2026
Maharashtra,Kolhapur,APMC Vadgaonpeth ,Vegetables,Onion,Local,Local,"1,100.00","1,600.00","1,400.00",Rs./Quintal,30.00,Metric Tonnes,20-06-2026
Maharashtra,Kolhapur,APMC Vadgaonpeth ,Vegetables,Onion,Local,Local,"1,200.00","1,600.00","1,300.00",Rs./Quintal,26.00,Metric Tonnes,19-06-2026
Maharashtra,Kolhapur,APMC Vadgaonpeth ,Vegetables,Onion,Local,Local,"1,200.00","1,700.00","1,400.00",Rs./Quintal,32.00,Metric Tonnes,18-06-2026
Maharashtra,Kolhapur,APMC Vadgaonpeth ,Vegetables,Onion,Local,Local,"1,100.00","1,700.00","1,400.00",Rs./Quintal,34.00,Metric Tonnes,17-06-2026
Maharashtra,Kolhapur,APMC Vadgaonpeth ,Vegetables,Onion,Local,Local,"1,200.00","1,700.00","1,300.00",Rs./Quintal,31.00,Metric Tonnes,16-06-2026
Maharashtra,Kolhapur,APMC Vadgaonpeth ,Vegetables,Onion,Local,Local,"1,000.00","1,600.00","1,300.00",Rs./Quintal,27.00,Metric Tonnes,14-06-2026
Maharashtra,Kolhapur,APMC Vadgaonpeth ,Vegetables,Onion,Local,Local,"1,100.00","1,500.00","1,200.00",Rs./Quintal,24.00,Metric Tonnes,13-06-2026
Maharashtra,Kolhapur,APMC Vadgaonpeth ,Vegetables,Onion,Local,Local,"1,100.00","1,700.00","1,300.00",Rs./Quintal,26.00,Metric Tonnes,12-06-2026
Maharashtra,Kolhapur,APMC Vadgaonpeth ,Vegetables,Onion,Local,Local,"1,000.00","1,700.00","1,200.00",Rs./Quintal,25.00,Metric Tonnes,11-06-2026
Maharashtra,Kolhapur,APMC Vadgaonpeth ,Vegetables,Onion,Local,Local,"1,000.00","1,700.00","1,200.00",Rs./Quintal,26.00,Metric Tonnes,10-06-2026
Maharashtra,Kolhapur,APMC Vadgaonpeth ,Vegetables,Onion,Local,Local,"1,300.00","1,800.00","1,400.00",Rs./Quintal,26.00,Metric Tonnes,07-06-2026
Maharashtra,Kolhapur,APMC Vadgaonpeth ,Vegetables,Onion,Local,Local,"1,200.00","2,000.00","1,400.00",Rs./Quintal,28.00,Metric Tonnes,06-06-2026
Maharashtra,Kolhapur,APMC Vadgaonpeth ,Vegetables,Onion,Local,Local,"1,200.00","1,800.00","1,400.00",Rs./Quintal,26.00,Metric Tonnes,05-06-2026
Maharashtra,Kolhapur,APMC Vadgaonpeth ,Vegetables,Onion,Local,Local,"1,200.00","1,500.00","1,300.00",Rs./Quintal,27.00,Metric Tonnes,04-06-2026
Maharashtra,Kolhapur,APMC Vadgaonpeth ,Vegetables,Onion,Local,Local,"1,100.00","1,400.00","1,300.00",Rs./Quintal,31.00,Metric Tonnes,03-06-2026
Maharashtra,Kolhapur,APMC Vadgaonpeth ,Vegetables,Onion,Local,Local,"1,100.00","1,400.00","1,200.00",Rs./Quintal,25.00,Metric Tonnes,30-05-2026
Maharashtra,Kolhapur,APMC Vadgaonpeth ,Vegetables,Onion,Local,Local,"1,100.00","1,500.00","1,300.00",Rs./Quintal,32.00,Metric Tonnes,29-05-2026
Maharashtra,Kolhapur,APMC Vadgaonpeth ,Vegetables,Onion,Local,Local,"1,000.00","1,400.00","1,200.00",Rs./Quintal,26.00,Metric Tonnes,28-05-2026
Maharashtra,Kolhapur,APMC Vadgaonpeth ,Vegetables,Onion,Local,Local,900.00,"1,300.00","1,200.00",Rs./Quintal,26.00,Metric Tonnes,27-05-2026
Maharashtra,Kolhapur,APMC Vadgaonpeth ,Vegetables,Onion,Local,Local,"1,000.00","1,400.00","1,200.00",Rs./Quintal,31.00,Metric Tonnes,26-05-2026
Maharashtra,Kolhapur,APMC Vadgaonpeth ,Vegetables,Onion,Local,Local,900.00,"1,400.00","1,100.00",Rs./Quintal,26.00,Metric Tonnes,24-05-2026
Maharashtra,Kolhapur,APMC Vadgaonpeth ,Vegetables,Onion,Local,Local,900.00,"1,400.00","1,200.00",Rs./Quintal,26.00,Metric Tonnes,23-05-2026
Maharashtra,Kolhapur,APMC Vadgaonpeth ,Vegetables,Onion,Local,Local,"1,100.00","1,400.00","1,300.00",Rs./Quintal,26.00,Metric Tonnes,22-05-2026
Maharashtra,Kolhapur,APMC Vadgaonpeth ,Vegetables,Onion,Local,Local,900.00,"1,400.00","1,100.00",Rs./Quintal,27.00,Metric Tonnes,21-05-2026
Maharashtra,Kolhapur,APMC Vadgaonpeth ,Vegetables,Onion,Local,Local,"1,100.00","1,500.00","1,300.00",Rs./Quintal,30.00,Metric Tonnes,20-05-2026
Maharashtra,Kolhapur,APMC Vadgaonpeth ,Vegetables,Onion,Local,Local,800.00,"1,400.00","1,000.00",Rs./Quintal,26.00,Metric Tonnes,19-05-2026
Maharashtra,Kolhapur,APMC Vadgaonpeth ,Vegetables,Onion,Local,Local,900.00,"1,400.00","1,100.00",Rs./Quintal,31.00,Metric Tonnes,16-05-2026
Maharashtra,Kolhapur,APMC Vadgaonpeth ,Vegetables,Onion,Local,Local,"1,100.00","1,500.00","1,200.00",Rs./Quintal,26.00,Metric Tonnes,15-05-2026
Maharashtra,Kolhapur,APMC Vadgaonpeth ,Vegetables,Onion,Local,Local,"1,000.00","1,300.00","1,100.00",Rs./Quintal,26.00,Metric Tonnes,13-05-2026
Maharashtra,Kolhapur,APMC Vadgaonpeth ,Vegetables,Onion,Local,Local,"1,000.00","1,400.00","1,200.00",Rs./Quintal,45.00,Metric Tonnes,09-05-2026
Maharashtra,Kolhapur,APMC Vadgaonpeth ,Vegetables,Onion,Local,Local,"1,000.00","1,400.00","1,100.00",Rs./Quintal,50.00,Metric Tonnes,07-05-2026
Maharashtra,Kolhapur,APMC Vadgaonpeth ,Vegetables,Onion,Local,Local,900.00,"1,400.00","1,000.00",Rs./Quintal,26.00,Metric Tonnes,06-05-2026
Maharashtra,Kolhapur,APMC Vadgaonpeth ,Vegetables,Onion,Local,Local,"1,000.00","1,400.00","1,100.00",Rs./Quintal,35.00,Metric Tonnes,05-05-2026
Maharashtra,Kolhapur,APMC Vadgaonpeth ,Vegetables,Onion,Local,Local,900.00,"1,400.00","1,200.00",Rs./Quintal,33.00,Metric Tonnes,03-05-2026
Maharashtra,Kolhapur,APMC Vadgaonpeth ,Vegetables,Onion,Local,Local,800.00,"1,500.00","1,200.00",Rs./Quintal,33.00,Metric Tonnes,02-05-2026
Maharashtra,Kolhapur,APMC Vadgaonpeth ,Vegetables,Onion,Local,Local,900.00,"1,500.00","1,200.00",Rs./Quintal,31.00,Metric Tonnes,01-05-2026
Maharashtra,Kolhapur,APMC Vadgaonpeth ,Vegetables,Onion,Local,Local,900.00,"1,500.00","1,100.00",Rs./Quintal,32.00,Metric Tonnes,30-04-2026
Maharashtra,Kolhapur,APMC Vadgaonpeth ,Vegetables,Onion,Local,Local,900.00,"1,300.00","1,100.00",Rs./Quintal,90.00,Metric Tonnes,28-04-2026
Maharashtra,Kolhapur,APMC Vadgaonpeth ,Vegetables,Onion,Local,Local,900.00,"1,200.00","1,000.00",Rs./Quintal,31.00,Metric Tonnes,25-04-2026
Maharashtra,Kolhapur,APMC Vadgaonpeth ,Vegetables,Onion,Local,Local,900.00,"1,400.00","1,200.00",Rs./Quintal,31.00,Metric Tonnes,24-04-2026
Maharashtra,Kolhapur,APMC Vadgaonpeth ,Vegetables,Onion,Local,Local,900.00,"1,400.00","1,100.00",Rs./Quintal,33.00,Metric Tonnes,22-04-2026
Maharashtra,Kolhapur,APMC Vadgaonpeth ,Vegetables,Onion,Local,Local,900.00,"1,400.00","1,100.00",Rs./Quintal,30.00,Metric Tonnes,18-04-2026
Maharashtra,Kolhapur,APMC Vadgaonpeth ,Vegetables,Onion,Local,Local,900.00,"1,400.00","1,000.00",Rs./Quintal,33.00,Metric Tonnes,17-04-2026
Maharashtra,Kolhapur,APMC Vadgaonpeth ,Vegetables,Onion,Local,Local,"1,000.00","1,400.00","1,200.00",Rs./Quintal,26.00,Metric Tonnes,15-04-2026
Maharashtra,Kolhapur,APMC Vadgaonpeth ,Vegetables,Onion,Local,Local,900.00,"1,500.00","1,200.00",Rs./Quintal,26.00,Metric Tonnes,12-04-2026
Maharashtra,Kolhapur,APMC Vadgaonpeth ,Vegetables,Onion,Local,Local,800.00,"1,400.00","1,000.00",Rs./Quintal,26.00,Metric Tonnes,10-04-2026
Maharashtra,Kolhapur,APMC Vadgaonpeth ,Vegetables,Onion,Local,Local,900.00,"1,500.00","1,200.00",Rs./Quintal,27.00,Metric Tonnes,09-04-2026
Maharashtra,Kolhapur,APMC Vadgaonpeth ,Vegetables,Onion,Local,Local,900.00,"1,800.00","1,300.00",Rs./Quintal,28.00,Metric Tonnes,08-04-2026
Maharashtra,Kolhapur,APMC Vadgaonpeth ,Vegetables,Onion,Local,Local,"1,000.00","2,000.00","1,600.00",Rs./Quintal,28.00,Metric Tonnes,05-04-2026
Maharashtra,Kolhapur,APMC Vadgaonpeth ,Vegetables,Onion,Local,Local,"1,000.00","2,000.00","1,400.00",Rs./Quintal,31.00,Metric Tonnes,02-04-2026
Maharashtra,Kolhapur,APMC Vadgaonpeth ,Vegetables,Onion,Local,Local,"1,200.00","2,100.00","1,400.00",Rs./Quintal,29.00,Metric Tonnes,29-03-2026
Maharashtra,Kolhapur,APMC Vadgaonpeth ,Vegetables,Onion,Local,Local,900.00,"2,000.00","1,400.00",Rs./Quintal,22.00,Metric Tonnes,28-03-2026
Maharashtra,Kolhapur,APMC Vadgaonpeth ,Vegetables,Onion,Local,Local,900.00,"1,900.00","1,300.00",Rs./Quintal,26.00,Metric Tonnes,27-03-2026
Maharashtra,Kolhapur,APMC Vadgaonpeth ,Vegetables,Onion,Local,Local,"1,000.00","2,100.00","1,800.00",Rs./Quintal,26.00,Metric Tonnes,25-03-2026
Maharashtra,Kolhapur,APMC Vadgaonpeth ,Vegetables,Onion,Local,Local,"1,000.00","2,000.00","1,400.00",Rs./Quintal,30.00,Metric Tonnes,24-03-2026
Maharashtra,Kolhapur,APMC Vadgaonpeth ,Vegetables,Onion,Local,Local,"1,000.00","2,200.00","1,500.00",Rs./Quintal,30.00,Metric Tonnes,22-03-2026
Maharashtra,Kolhapur,APMC Vadgaonpeth ,Vegetables,Onion,Local,Local,"1,000.00","2,000.00","1,400.00",Rs./Quintal,26.00,Metric Tonnes,20-03-2026
Maharashtra,Kolhapur,APMC Vadgaonpeth ,Vegetables,Onion,Local,Local,"1,000.00","2,200.00","1,400.00",Rs./Quintal,27.00,Metric Tonnes,19-03-2026
Maharashtra,Kolhapur,APMC Vadgaonpeth ,Vegetables,Onion,Local,Local,"1,000.00","2,100.00","1,600.00",Rs./Quintal,28.00,Metric Tonnes,18-03-2026
Maharashtra,Kolhapur,APMC Vadgaonpeth ,Vegetables,Onion,Local,Local,"1,100.00","2,100.00","1,600.00",Rs./Quintal,27.00,Metric Tonnes,17-03-2026
Maharashtra,Kolhapur,APMC Vadgaonpeth ,Vegetables,Onion,Local,Local,"1,200.00","2,000.00","1,400.00",Rs./Quintal,26.00,Metric Tonnes,14-03-2026
Maharashtra,Kolhapur,APMC Vadgaonpeth ,Vegetables,Onion,Local,Local,"1,100.00","2,100.00","1,400.00",Rs./Quintal,29.00,Metric Tonnes,13-03-2026
Maharashtra,Kolhapur,APMC Vadgaonpeth ,Vegetables,Onion,Local,Local,"1,200.00","2,500.00","1,700.00",Rs./Quintal,28.00,Metric Tonnes,12-03-2026
Maharashtra,Kolhapur,APMC Vadgaonpeth ,Vegetables,Onion,Local,Local,"1,000.00","2,100.00","1,600.00",Rs./Quintal,30.00,Metric Tonnes,11-03-2026
Maharashtra,Kolhapur,APMC Vadgaonpeth ,Vegetables,Onion,Local,Local,900.00,"2,000.00","1,200.00",Rs./Quintal,25.00,Metric Tonnes,10-03-2026
Maharashtra,Kolhapur,APMC Vadgaonpeth ,Vegetables,Onion,Local,Local,"1,100.00","2,100.00","1,500.00",Rs./Quintal,26.00,Metric Tonnes,07-03-2026
Maharashtra,Kolhapur,APMC Vadgaonpeth ,Vegetables,Onion,Local,Local,900.00,"2,000.00","1,000.00",Rs./Quintal,26.00,Metric Tonnes,06-03-2026
Maharashtra,Kolhapur,APMC Vadgaonpeth ,Vegetables,Onion,Local,Local,"1,100.00","2,200.00","1,400.00",Rs./Quintal,26.00,Metric Tonnes,03-03-2026
Maharashtra,Kolhapur,APMC Vadgaonpeth ,Vegetables,Onion,Local,Local,"1,100.00","2,200.00","1,400.00",Rs./Quintal,27.00,Metric Tonnes,28-02-2026
Maharashtra,Kolhapur,APMC Vadgaonpeth ,Vegetables,Onion,Local,Local,"1,100.00","2,100.00","1,600.00",Rs./Quintal,26.00,Metric Tonnes,27-02-2026
Maharashtra,Kolhapur,APMC Vadgaonpeth ,Vegetables,Onion,Local,Local,"1,200.00","2,100.00","1,500.00",Rs./Quintal,27.00,Metric Tonnes,26-02-2026
Maharashtra,Kolhapur,APMC Vadgaonpeth ,Vegetables,Onion,Local,Local,"1,200.00","2,100.00","1,600.00",Rs./Quintal,270.00,Metric Tonnes,25-02-2026
Maharashtra,Kolhapur,APMC Vadgaonpeth ,Vegetables,Onion,Local,Local,"1,100.00","2,500.00","1,600.00",Rs./Quintal,27.00,Metric Tonnes,22-02-2026
Maharashtra,Kolhapur,APMC Vadgaonpeth ,Vegetables,Onion,Local,Local,"1,100.00","2,100.00","1,500.00",Rs./Quintal,25.00,Metric Tonnes,21-02-2026
Maharashtra,Kolhapur,APMC Vadgaonpeth ,Vegetables,Onion,Local,Local,"1,200.00","2,100.00","1,400.00",Rs./Quintal,27.00,Metric Tonnes,20-02-2026
Maharashtra,Kolhapur,APMC Vadgaonpeth ,Vegetables,Onion,Local,Local,"1,100.00","2,200.00","1,600.00",Rs./Quintal,26.00,Metric Tonnes,18-02-2026
Maharashtra,Kolhapur,APMC Vadgaonpeth ,Vegetables,Onion,Local,Local,"1,200.00","2,500.00","1,400.00",Rs./Quintal,26.00,Metric Tonnes,17-02-2026
Maharashtra,Kolhapur,APMC Vadgaonpeth ,Vegetables,Onion,Local,Local,"1,100.00","2,100.00","1,600.00",Rs./Quintal,25.00,Metric Tonnes,15-02-2026
Maharashtra,Kolhapur,APMC Vadgaonpeth ,Vegetables,Onion,Local,Local,"1,200.00","2,000.00","1,400.00",Rs./Quintal,28.00,Metric Tonnes,14-02-2026
Maharashtra,Kolhapur,APMC Vadgaonpeth ,Vegetables,Onion,Local,Local,"1,200.00","2,100.00","1,400.00",Rs./Quintal,26.00,Metric Tonnes,13-02-2026
Maharashtra,Kolhapur,APMC Vadgaonpeth ,Vegetables,Onion,Local,Local,"1,000.00","2,100.00","1,700.00",Rs./Quintal,27.00,Metric Tonnes,12-02-2026
Maharashtra,Kolhapur,APMC Vadgaonpeth ,Vegetables,Onion,Local,Local,"1,200.00","2,000.00","1,500.00",Rs./Quintal,35.00,Metric Tonnes,11-02-2026
Maharashtra,Kolhapur,APMC Vadgaonpeth ,Vegetables,Onion,Local,Local,"1,200.00","2,200.00","1,400.00",Rs./Quintal,26.00,Metric Tonnes,10-02-2026
Maharashtra,Kolhapur,APMC Vadgaonpeth ,Vegetables,Onion,Local,Local,"1,000.00","2,200.00","1,400.00",Rs./Quintal,31.00,Metric Tonnes,08-02-2026
Maharashtra,Kolhapur,APMC Vadgaonpeth ,Vegetables,Onion,Local,Local,"1,200.00","2,100.00","1,400.00",Rs./Quintal,33.00,Metric Tonnes,05-02-2026
Maharashtra,Kolhapur,APMC Vadgaonpeth ,Vegetables,Onion,Local,Local,"1,000.00","2,200.00","1,400.00",Rs./Quintal,31.00,Metric Tonnes,04-02-2026
Maharashtra,Kolhapur,APMC Vadgaonpeth ,Vegetables,Onion,Local,Local,"1,200.00","2,200.00","1,400.00",Rs./Quintal,36.00,Metric Tonnes,31-01-2026
Maharashtra,Kolhapur,APMC Vadgaonpeth ,Vegetables,Onion,Local,Local,"1,100.00","2,100.00","1,600.00",Rs./Quintal,27.00,Metric Tonnes,25-01-2026
Maharashtra,Kolhapur,APMC Vadgaonpeth ,Vegetables,Onion,Local,Local,"1,100.00","2,100.00","1,400.00",Rs./Quintal,31.00,Metric Tonnes,22-01-2026
Maharashtra,Kolhapur,APMC Vadgaonpeth ,Vegetables,Onion,Local,Local,"1,100.00","2,100.00","1,400.00",Rs./Quintal,26.00,Metric Tonnes,21-01-2026
Maharashtra,Kolhapur,APMC Vadgaonpeth ,Vegetables,Onion,Local,Local,"1,000.00","2,100.00","1,400.00",Rs./Quintal,26.00,Metric Tonnes,17-01-2026
Maharashtra,Kolhapur,APMC Vadgaonpeth ,Vegetables,Onion,Local,Local,"1,100.00","2,100.00","1,400.00",Rs./Quintal,31.00,Metric Tonnes,16-01-2026
Maharashtra,Kolhapur,APMC Vadgaonpeth ,Vegetables,Onion,Local,Local,"1,100.00","2,000.00","1,400.00",Rs./Quintal,26.00,Metric Tonnes,15-01-2026
Maharashtra,Kolhapur,APMC Vadgaonpeth ,Vegetables,Onion,Local,Local,"1,100.00","2,100.00","1,500.00",Rs./Quintal,26.00,Metric Tonnes,11-01-2026
Maharashtra,Kolhapur,APMC Vadgaonpeth ,Vegetables,Onion,Local,Local,"1,200.00","2,000.00","1,500.00",Rs./Quintal,29.00,Metric Tonnes,10-01-2026
Maharashtra,Kolhapur,APMC Vadgaonpeth ,Vegetables,Onion,Local,Local,"1,200.00","2,000.00","1,300.00",Rs./Quintal,26.00,Metric Tonnes,09-01-2026
Maharashtra,Kolhapur,APMC Vadgaonpeth ,Vegetables,Onion,Local,Local,"1,200.00","2,000.00","1,400.00",Rs./Quintal,36.00,Metric Tonnes,06-01-2026
Maharashtra,Kolhapur,APMC Vadgaonpeth ,Vegetables,Onion,Local,Local,"1,100.00","2,000.00","1,400.00",Rs./Quintal,26.00,Metric Tonnes,04-01-2026
Maharashtra,Kolhapur,APMC Vadgaonpeth ,Vegetables,Onion,Local,Local,"1,200.00","2,000.00","1,600.00",Rs./Quintal,27.00,Metric Tonnes,03-01-2026
Maharashtra,Kolhapur,APMC Vadgaonpeth ,Vegetables,Onion,Local,Local,"1,100.00","1,800.00","1,300.00",Rs./Quintal,13.00,Metric Tonnes,01-01-2026
Maharashtra,Kolhapur,APMC Vadgaonpeth ,Vegetables,Onion,Local,Local,"1,200.00","2,000.00","1,400.00",Rs./Quintal,31.00,Metric Tonnes,31-12-2025
Maharashtra,Kolhapur,APMC Vadgaonpeth ,Vegetables,Onion,Local,Local,"1,200.00","2,000.00","1,400.00",Rs./Quintal,26.00,Metric Tonnes,30-12-2025
Maharashtra,Kolhapur,APMC Vadgaonpeth ,Vegetables,Onion,Local,Local,"1,300.00","2,000.00","1,700.00",Rs./Quintal,28.00,Metric Tonnes,26-12-2025
Maharashtra,Kolhapur,APMC Vadgaonpeth ,Vegetables,Onion,Local,Local,"1,200.00","2,000.00","1,600.00",Rs./Quintal,45.00,Metric Tonnes,24-12-2025
Maharashtra,Kolhapur,APMC Vadgaonpeth ,Vegetables,Onion,Local,Local,"1,500.00","2,200.00","1,700.00",Rs./Quintal,33.00,Metric Tonnes,21-12-2025
Maharashtra,Kolhapur,APMC Vadgaonpeth ,Vegetables,Onion,Local,Local,"1,200.00","2,000.00","1,400.00",Rs./Quintal,40.00,Metric Tonnes,20-12-2025
Maharashtra,Kolhapur,APMC Vadgaonpeth ,Vegetables,Onion,Local,Local,"1,400.00","2,600.00","1,800.00",Rs./Quintal,33.00,Metric Tonnes,19-12-2025
Maharashtra,Kolhapur,APMC Vadgaonpeth ,Vegetables,Onion,Local,Local,"1,500.00","2,500.00","1,800.00",Rs./Quintal,26.00,Metric Tonnes,18-12-2025
Maharashtra,Kolhapur,APMC Vadgaonpeth ,Vegetables,Onion,Local,Local,"1,500.00","2,500.00","2,000.00",Rs./Quintal,31.00,Metric Tonnes,16-12-2025
Maharashtra,Kolhapur,APMC Vadgaonpeth ,Vegetables,Onion,Local,Local,"1,200.00","2,500.00","1,500.00",Rs./Quintal,45.00,Metric Tonnes,13-12-2025
Maharashtra,Kolhapur,APMC Vadgaonpeth ,Vegetables,Onion,Local,Local,"1,200.00","2,200.00","1,600.00",Rs./Quintal,28.00,Metric Tonnes,11-12-2025
Maharashtra,Kolhapur,APMC Vadgaonpeth ,Vegetables,Onion,Local,Local,900.00,"1,800.00","1,400.00",Rs./Quintal,30.00,Metric Tonnes,10-12-2025
Maharashtra,Kolhapur,APMC Vadgaonpeth ,Vegetables,Onion,Local,Local,"1,100.00","1,900.00","1,400.00",Rs./Quintal,25.00,Metric Tonnes,07-12-2025
Maharashtra,Kolhapur,APMC Vadgaonpeth ,Vegetables,Onion,Local,Local,"1,100.00","1,900.00","1,400.00",Rs./Quintal,35.00,Metric Tonnes,30-11-2025
Maharashtra,Kolhapur,APMC Vadgaonpeth ,Vegetables,Onion,Local,Local,"1,200.00","2,000.00","1,400.00",Rs./Quintal,26.00,Metric Tonnes,29-11-2025
Maharashtra,Kolhapur,APMC Vadgaonpeth ,Vegetables,Onion,Local,Local,"1,100.00","2,000.00","1,500.00",Rs./Quintal,30.00,Metric Tonnes,23-11-2025
Maharashtra,Kolhapur,APMC Vadgaonpeth ,Vegetables,Onion,Local,Local,"1,200.00","2,000.00","1,600.00",Rs./Quintal,45.00,Metric Tonnes,22-11-2025
Maharashtra,Kolhapur,APMC Vadgaonpeth ,Vegetables,Onion,Local,Local,"1,000.00","2,000.00","1,400.00",Rs./Quintal,26.00,Metric Tonnes,20-11-2025
Maharashtra,Kolhapur,APMC Vadgaonpeth ,Vegetables,Onion,Local,Local,900.00,"1,900.00","1,400.00",Rs./Quintal,28.00,Metric Tonnes,18-11-2025
Maharashtra,Kolhapur,APMC Vadgaonpeth ,Vegetables,Onion,Local,Local,"1,100.00","2,100.00","1,400.00",Rs./Quintal,35.00,Metric Tonnes,16-11-2025
Maharashtra,Kolhapur,APMC Vadgaonpeth ,Vegetables,Onion,Local,Local,"1,100.00","2,100.00","1,400.00",Rs./Quintal,26.00,Metric Tonnes,15-11-2025
Maharashtra,Kolhapur,APMC Vadgaonpeth ,Vegetables,Onion,Local,Local,"1,100.00","2,200.00","1,400.00",Rs./Quintal,28.00,Metric Tonnes,13-11-2025
Maharashtra,Kolhapur,APMC Vadgaonpeth ,Vegetables,Onion,Local,Local,"1,200.00","2,000.00","1,600.00",Rs./Quintal,29.00,Metric Tonnes,12-11-2025
Maharashtra,Kolhapur,APMC Vadgaonpeth ,Vegetables,Onion,Local,Local,"1,100.00","2,000.00","1,400.00",Rs./Quintal,27.00,Metric Tonnes,08-11-2025
Maharashtra,Kolhapur,APMC Vadgaonpeth ,Vegetables,Onion,Local,Local,"1,200.00","2,200.00","1,400.00",Rs./Quintal,26.00,Metric Tonnes,07-11-2025
Maharashtra,Sangli,APMC Islampur ,Vegetables,Onion,Local,Local,"3,000.00","5,000.00","4,500.00",Rs./Quintal,2.00,Metric Tonnes,24-09-2026
Maharashtra,Sangli,APMC Islampur ,Vegetables,Onion,Local,Local,"3,000.00","5,500.00","4,000.00",Rs./Quintal,2.60,Metric Tonnes,18-09-2026
Maharashtra,Sangli,APMC Islampur ,Vegetables,Onion,Local,Local,"2,500.00","5,000.00","4,000.00",Rs./Quintal,4.60,Metric Tonnes,17-09-2026
Maharashtra,Sangli,APMC Islampur ,Vegetables,Onion,Local,Local,"2,500.00","5,300.00","3,700.00",Rs./Quintal,2.00,Metric Tonnes,10-09-2026
Maharashtra,Sangli,APMC Islampur ,Vegetables,Onion,Local,Local,"3,500.00","5,000.00","4,350.00",Rs./Quintal,0.40,Metric Tonnes,06-09-2026
Maharashtra,Sangli,APMC Islampur ,Vegetables,Onion,Local,Local,"2,000.00","4,300.00","3,200.00",Rs./Quintal,3.50,Metric Tonnes,27-08-2026
Maharashtra,Sangli,APMC Islampur ,Vegetables,Onion,Local,Local,"2,000.00","4,000.00","2,600.00",Rs./Quintal,6.00,Metric Tonnes,25-08-2026
Maharashtra,Sangli,APMC Islampur ,Vegetables,Onion,Local,Local,"1,000.00","4,000.00","2,200.00",Rs./Quintal,2.50,Metric Tonnes,23-08-2026
Maharashtra,Sangli,APMC Islampur ,Vegetables,Onion,Local,Local,"1,800.00","4,500.00","2,500.00",Rs./Quintal,3.50,Metric Tonnes,20-08-2026
Maharashtra,Sangli,APMC Islampur ,Vegetables,Onion,Local,Local,"1,500.00","2,800.00","2,000.00",Rs./Quintal,7.50,Metric Tonnes,13-08-2026
Maharashtra,Sangli,APMC Islampur ,Vegetables,Onion,Local,Local,"1,500.00","2,800.00","2,100.00",Rs./Quintal,3.50,Metric Tonnes,09-08-2026
Maharashtra,Sangli,APMC Islampur ,Vegetables,Onion,Local,Local,"1,400.00","2,700.00","2,000.00",Rs./Quintal,8.70,Metric Tonnes,06-08-2026
Maharashtra,Sangli,APMC Islampur ,Vegetables,Onion,Local,Local,"1,500.00","2,700.00","2,000.00",Rs./Quintal,4.50,Metric Tonnes,04-08-2026
Maharashtra,Sangli,APMC Islampur ,Vegetables,Onion,Local,Local,"1,000.00","2,500.00","1,750.00",Rs./Quintal,4.00,Metric Tonnes,02-08-2026
Maharashtra,Sangli,APMC Islampur ,Vegetables,Onion,Local,Local,"1,000.00","2,500.00","1,750.00",Rs./Quintal,4.00,Metric Tonnes,30-07-2026
Maharashtra,Sangli,APMC Islampur ,Vegetables,Onion,Local,Local,"1,000.00","2,500.00","1,750.00",Rs./Quintal,7.50,Metric Tonnes,28-07-2026
Maharashtra,Sangli,APMC Islampur ,Vegetables,Onion,Local,Local,"1,000.00","2,500.00","1,750.00",Rs./Quintal,6.50,Metric Tonnes,23-07-2026
Maharashtra,Sangli,APMC Islampur ,Vegetables,Onion,Local,Local,"1,000.00","2,300.00","1,650.00",Rs./Quintal,4.00,Metric Tonnes,17-07-2026
Maharashtra,Sangli,APMC Islampur ,Vegetables,Onion,Local,Local,700.00,"1,000.00",850.00,Rs./Quintal,22.90,Metric Tonnes,23-04-2026
Maharashtra,Sangli,APMC Islampur ,Vegetables,Onion,Local,Local,900.00,"1,300.00","1,100.00",Rs./Quintal,11.80,Metric Tonnes,21-04-2026
Maharashtra,Sangli,APMC Islampur ,Vegetables,Onion,Local,Local,500.00,"1,200.00",850.00,Rs./Quintal,22.40,Metric Tonnes,19-04-2026
Maharashtra,Sangli,APMC Islampur ,Vegetables,Onion,Local,Local,700.00,"1,400.00","1,000.00",Rs./Quintal,26.80,Metric Tonnes,16-04-2026
Maharashtra,Sangli,APMC Islampur ,Vegetables,Onion,Local,Local,900.00,"1,300.00","1,100.00",Rs./Quintal,21.70,Metric Tonnes,14-04-2026
Maharashtra,Sangli,APMC Islampur ,Vegetables,Onion,Local,Local,900.00,"1,300.00","1,150.00",Rs./Quintal,20.80,Metric Tonnes,12-04-2026
Maharashtra,Sangli,APMC Islampur ,Vegetables,Onion,Local,Local,900.00,"1,300.00","1,100.00",Rs./Quintal,32.30,Metric Tonnes,10-04-2026
Maharashtra,Sangli,APMC Islampur ,Vegetables,Onion,Local,Local,500.00,"1,400.00",850.00,Rs./Quintal,54.50,Metric Tonnes,07-04-2026
Maharashtra,Sangli,APMC Islampur ,Vegetables,Onion,Local,Local,800.00,"1,400.00","1,100.00",Rs./Quintal,34.10,Metric Tonnes,05-04-2026
Maharashtra,Sangli,APMC Islampur ,Vegetables,Onion,Local,Local,900.00,"1,300.00","1,100.00",Rs./Quintal,24.10,Metric Tonnes,31-03-2026
Maharashtra,Sangli,APMC Islampur ,Vegetables,Onion,Local,Local,700.00,"1,300.00","1,000.00",Rs./Quintal,13.00,Metric Tonnes,27-03-2026
Maharashtra,Sangli,APMC Islampur ,Vegetables,Onion,Local,Local,400.00,"1,300.00",800.00,Rs./Quintal,41.00,Metric Tonnes,26-03-2026
Maharashtra,Sangli,APMC Islampur ,Vegetables,Onion,Local,Local,600.00,"1,400.00","1,000.00",Rs./Quintal,36.70,Metric Tonnes,24-03-2026
Maharashtra,Sangli,APMC Islampur ,Vegetables,Onion,Local,Local,900.00,"1,400.00","1,100.00",Rs./Quintal,11.50,Metric Tonnes,19-03-2026
Maharashtra,Sangli,APMC Islampur ,Vegetables,Onion,Local,Local,500.00,"1,400.00",950.00,Rs./Quintal,22.60,Metric Tonnes,17-03-2026
Maharashtra,Sangli,APMC Islampur ,Vegetables,Onion,Local,Local,500.00,"1,400.00","1,000.00",Rs./Quintal,31.40,Metric Tonnes,15-03-2026
Maharashtra,Sangli,APMC Islampur ,Vegetables,Onion,Local,Local,800.00,"1,300.00","1,000.00",Rs./Quintal,12.90,Metric Tonnes,12-03-2026
Maharashtra,Sangli,APMC Islampur ,Vegetables,Onion,Local,Local,800.00,"1,400.00","1,150.00",Rs./Quintal,24.50,Metric Tonnes,10-03-2026
Maharashtra,Sangli,APMC Islampur ,Vegetables,Onion,Local,Local,600.00,"1,300.00",950.00,Rs./Quintal,12.10,Metric Tonnes,05-03-2026
Maharashtra,Sangli,APMC Islampur ,Vegetables,Onion,Local,Local,400.00,"1,200.00",800.00,Rs./Quintal,12.90,Metric Tonnes,03-03-2026
Maharashtra,Sangli,APMC Islampur ,Vegetables,Onion,Local,Local,500.00,"1,600.00","1,100.00",Rs./Quintal,5.70,Metric Tonnes,22-02-2026
Maharashtra,Sangli,APMC Islampur ,Vegetables,Onion,Local,Local,500.00,"1,500.00","1,000.00",Rs./Quintal,6.00,Metric Tonnes,20-02-2026
Maharashtra,Sangli,APMC Islampur ,Vegetables,Onion,Local,Local,500.00,"1,500.00","1,000.00",Rs./Quintal,11.20,Metric Tonnes,19-02-2026
Maharashtra,Sangli,APMC Islampur ,Vegetables,Onion,Local,Local,500.00,"1,600.00","1,200.00",Rs./Quintal,5.00,Metric Tonnes,17-02-2026
Maharashtra,Sangli,APMC Islampur ,Vegetables,Onion,Local,Local,500.00,"1,800.00","1,200.00",Rs./Quintal,3.20,Metric Tonnes,12-02-2026
Maharashtra,Sangli,APMC Islampur ,Vegetables,Onion,Local,Local,500.00,"1,800.00","1,100.00",Rs./Quintal,10.70,Metric Tonnes,10-02-2026
Maharashtra,Sangli,APMC Islampur ,Vegetables,Onion,Local,Local,500.00,"1,700.00","1,300.00",Rs./Quintal,7.20,Metric Tonnes,03-02-2026
Maharashtra,Sangli,APMC Islampur ,Vegetables,Onion,Local,Local,500.00,"1,800.00","1,100.00",Rs./Quintal,13.20,Metric Tonnes,30-01-2026
Maharashtra,Sangli,APMC Islampur ,Vegetables,Onion,Local,Local,500.00,"2,000.00","1,300.00",Rs./Quintal,23.20,Metric Tonnes,27-01-2026
Maharashtra,Sangli,APMC Islampur ,Vegetables,Onion,Local,Local,"1,500.00","2,000.00","1,750.00",Rs./Quintal,52.00,Metric Tonnes,23-01-2026
Maharashtra,Sangli,APMC Islampur ,Vegetables,Onion,Local,Local,"1,000.00","2,000.00","1,550.00",Rs./Quintal,7.20,Metric Tonnes,22-01-2026
Maharashtra,Sangli,APMC Islampur ,Vegetables,Onion,Local,Local,500.00,"1,800.00","1,300.00",Rs./Quintal,4.00,Metric Tonnes,18-01-2026
Maharashtra,Sangli,APMC Islampur ,Vegetables,Onion,Local,Local,500.00,"1,300.00",900.00,Rs./Quintal,6.70,Metric Tonnes,09-01-2026
Maharashtra,Sangli,APMC Islampur ,Vegetables,Onion,Local,Local,500.00,"1,800.00","1,200.00",Rs./Quintal,8.20,Metric Tonnes,08-01-2026
Maharashtra,Sangli,APMC Islampur ,Vegetables,Onion,Local,Local,"1,000.00","2,000.00","1,450.00",Rs./Quintal,15.70,Metric Tonnes,30-12-2025
Maharashtra,Sangli,APMC Islampur ,Vegetables,Onion,Local,Local,"1,000.00","3,500.00","2,200.00",Rs./Quintal,10.70,Metric Tonnes,19-12-2025
Maharashtra,Sangli,APMC Islampur ,Vegetables,Onion,Local,Local,500.00,"1,800.00","1,200.00",Rs./Quintal,5.00,Metric Tonnes,16-12-2025
Maharashtra,Sangli,APMC Islampur ,Vegetables,Onion,Local,Local,500.00,"1,700.00","1,100.00",Rs./Quintal,4.70,Metric Tonnes,12-12-2025
Maharashtra,Sangli,APMC Islampur ,Vegetables,Onion,Local,Local,500.00,"1,800.00","1,100.00",Rs./Quintal,4.70,Metric Tonnes,11-12-2025
Maharashtra,Sangli,APMC Islampur ,Vegetables,Onion,Local,Local,500.00,"2,000.00","1,300.00",Rs./Quintal,4.70,Metric Tonnes,09-12-2025
Maharashtra,Sangli,APMC Islampur ,Vegetables,Onion,Local,Local,500.00,"1,800.00","1,200.00",Rs./Quintal,8.20,Metric Tonnes,07-12-2025
Maharashtra,Sangli,APMC Islampur ,Vegetables,Onion,Local,Local,500.00,"1,600.00","1,100.00",Rs./Quintal,4.70,Metric Tonnes,05-12-2025
Maharashtra,Sangli,APMC Islampur ,Vegetables,Onion,Local,Local,500.00,"1,500.00","1,000.00",Rs./Quintal,11.50,Metric Tonnes,30-11-2025
Maharashtra,Sangli,APMC Islampur ,Vegetables,Onion,Local,Local,500.00,"1,600.00","1,100.00",Rs./Quintal,5.50,Metric Tonnes,28-11-2025
Maharashtra,Sangli,APMC Islampur ,Vegetables,Onion,Local,Local,500.00,"1,800.00","1,200.00",Rs./Quintal,6.50,Metric Tonnes,27-11-2025
Maharashtra,Sangli,APMC Islampur ,Vegetables,Onion,Local,Local,500.00,"1,700.00","1,200.00",Rs./Quintal,8.00,Metric Tonnes,23-11-2025
Maharashtra,Sangli,APMC Islampur ,Vegetables,Onion,Local,Local,500.00,"1,800.00","1,100.00",Rs./Quintal,7.50,Metric Tonnes,07-11-2025
Maharashtra,Sangli,APMC Vita ,Vegetables,Onion,Other,Local,"4,500.00","5,500.00","5,200.00",Rs./Quintal,10.00,Metric Tonnes,24-09-2026
Maharashtra,Sangli,APMC Vita ,Vegetables,Onion,Other,Local,"4,000.00","5,000.00","4,500.00",Rs./Quintal,5.00,Metric Tonnes,17-09-2026
Maharashtra,Sangli,APMC Vita ,Vegetables,Onion,Other,Local,"4,500.00","5,500.00","5,000.00",Rs./Quintal,5.00,Metric Tonnes,14-09-2026
Maharashtra,Sangli,APMC Vita ,Vegetables,Onion,Other,Local,"4,500.00","5,500.00","5,000.00",Rs./Quintal,5.00,Metric Tonnes,12-09-2026
Maharashtra,Sangli,APMC Vita ,Vegetables,Onion,Other,Local,"5,000.00","6,000.00","5,400.00",Rs./Quintal,5.00,Metric Tonnes,10-09-2026
Maharashtra,Sangli,APMC Vita ,Vegetables,Onion,Other,Local,"4,500.00","5,500.00","4,800.00",Rs./Quintal,2.00,Metric Tonnes,07-09-2026
Maharashtra,Sangli,APMC Vita ,Vegetables,Onion,Other,Local,"4,000.00","5,000.00","4,500.00",Rs./Quintal,4.00,Metric Tonnes,06-09-2026
Maharashtra,Sangli,APMC Vita ,Vegetables,Onion,Other,Local,"4,000.00","5,000.00","4,200.00",Rs./Quintal,3.00,Metric Tonnes,04-09-2026
Maharashtra,Sangli,APMC Vita ,Vegetables,Onion,Other,Local,"3,500.00","5,000.00","4,500.00",Rs./Quintal,5.00,Metric Tonnes,03-09-2026
Maharashtra,Sangli,APMC Vita ,Vegetables,Onion,Other,Local,"3,500.00","4,500.00","3,800.00",Rs./Quintal,5.00,Metric Tonnes,31-08-2026
Maharashtra,Sangli,APMC Vita ,Vegetables,Onion,Other,Local,"3,000.00","4,500.00","3,600.00",Rs./Quintal,5.00,Metric Tonnes,30-08-2026
Maharashtra,Sangli,APMC Vita ,Vegetables,Onion,Other,Local,"3,500.00","4,000.00","3,600.00",Rs./Quintal,2.00,Metric Tonnes,29-08-2026
Maharashtra,Sangli,APMC Vita ,Vegetables,Onion,Other,Local,"3,500.00","4,500.00","3,800.00",Rs./Quintal,4.00,Metric Tonnes,27-08-2026
Maharashtra,Sangli,APMC Vita ,Vegetables,Onion,Other,Local,"3,500.00","4,000.00","3,600.00",Rs./Quintal,5.00,Metric Tonnes,24-08-2026
Maharashtra,Sangli,APMC Vita ,Vegetables,Onion,Other,Local,"3,000.00","4,000.00","3,600.00",Rs./Quintal,5.00,Metric Tonnes,23-08-2026
Maharashtra,Sangli,APMC Vita ,Vegetables,Onion,Other,Local,"3,000.00","4,000.00","3,500.00",Rs./Quintal,3.00,Metric Tonnes,22-08-2026
Maharashtra,Sangli,APMC Vita ,Vegetables,Onion,Other,Local,"4,000.00","4,500.00","4,000.00",Rs./Quintal,5.00,Metric Tonnes,20-08-2026
Maharashtra,Sangli,APMC Vita ,Vegetables,Onion,Other,Local,"2,500.00","3,000.00","2,800.00",Rs./Quintal,4.00,Metric Tonnes,17-08-2026
Maharashtra,Sangli,APMC Vita ,Vegetables,Onion,Other,Local,"2,500.00","3,000.00","2,800.00",Rs./Quintal,10.00,Metric Tonnes,15-08-2026
Maharashtra,Sangli,APMC Vita ,Vegetables,Onion,Other,Local,"2,500.00","3,000.00","2,800.00",Rs./Quintal,2.00,Metric Tonnes,13-08-2026
Maharashtra,Sangli,APMC Vita ,Vegetables,Onion,Other,Local,"2,200.00","3,000.00","2,600.00",Rs./Quintal,2.00,Metric Tonnes,09-08-2026
Maharashtra,Sangli,APMC Vita ,Vegetables,Onion,Other,Local,"2,000.00","3,000.00","2,600.00",Rs./Quintal,2.00,Metric Tonnes,04-08-2026
Maharashtra,Sangli,APMC Vita ,Vegetables,Onion,Other,Local,"2,000.00","3,000.00","2,600.00",Rs./Quintal,5.00,Metric Tonnes,01-08-2026
Maharashtra,Sangli,APMC Vita ,Vegetables,Onion,Other,Local,"2,000.00","3,000.00","2,600.00",Rs./Quintal,1.50,Metric Tonnes,31-07-2026
Maharashtra,Sangli,APMC Vita ,Vegetables,Onion,Other,Local,"2,000.00","3,000.00","2,700.00",Rs./Quintal,5.00,Metric Tonnes,30-07-2026
Maharashtra,Sangli,APMC Vita ,Vegetables,Onion,Other,Local,"2,000.00","2,800.00","2,600.00",Rs./Quintal,5.00,Metric Tonnes,27-07-2026
Maharashtra,Sangli,APMC Vita ,Vegetables,Onion,Other,Local,"2,000.00","2,800.00","2,500.00",Rs./Quintal,5.00,Metric Tonnes,23-07-2026
Maharashtra,Sangli,APMC Vita ,Vegetables,Onion,Other,Local,"2,000.00","2,800.00","2,600.00",Rs./Quintal,5.00,Metric Tonnes,20-07-2026
Maharashtra,Sangli,APMC Vita ,Vegetables,Onion,Other,Local,"2,000.00","2,800.00","2,500.00",Rs./Quintal,2.00,Metric Tonnes,19-07-2026
Maharashtra,Sangli,APMC Vita ,Vegetables,Onion,Other,Local,"2,000.00","2,800.00","2,500.00",Rs./Quintal,2.00,Metric Tonnes,17-07-2026
Maharashtra,Sangli,APMC Vita ,Vegetables,Onion,Other,Local,"2,000.00","2,800.00","2,500.00",Rs./Quintal,5.00,Metric Tonnes,16-07-2026
Maharashtra,Sangli,APMC Vita ,Vegetables,Onion,Other,Local,"2,000.00","2,800.00","2,500.00",Rs./Quintal,2.00,Metric Tonnes,14-07-2026
Maharashtra,Sangli,APMC Vita ,Vegetables,Onion,Other,Local,"2,000.00","3,000.00","2,600.00",Rs./Quintal,5.00,Metric Tonnes,13-07-2026
Maharashtra,Sangli,APMC Vita ,Vegetables,Onion,Other,Local,"2,000.00","3,000.00","2,500.00",Rs./Quintal,5.00,Metric Tonnes,11-07-2026
Maharashtra,Sangli,APMC Vita ,Vegetables,Onion,Other,Local,"2,000.00","2,800.00","2,500.00",Rs./Quintal,4.00,Metric Tonnes,09-07-2026
Maharashtra,Sangli,APMC Vita ,Vegetables,Onion,Other,Local,"2,000.00","2,800.00","2,500.00",Rs./Quintal,2.00,Metric Tonnes,07-07-2026
Maharashtra,Sangli,APMC Vita ,Vegetables,Onion,Other,Local,"1,800.00","2,800.00","2,500.00",Rs./Quintal,4.00,Metric Tonnes,06-07-2026
Maharashtra,Sangli,APMC Vita ,Vegetables,Onion,Other,Local,"2,000.00","2,800.00","2,500.00",Rs./Quintal,8.00,Metric Tonnes,02-07-2026
Maharashtra,Sangli,APMC Vita ,Vegetables,Onion,Other,Local,"2,000.00","2,800.00","2,500.00",Rs./Quintal,4.00,Metric Tonnes,29-06-2026
Maharashtra,Sangli,APMC Vita ,Vegetables,Onion,Other,Local,"1,800.00","2,200.00","2,000.00",Rs./Quintal,5.00,Metric Tonnes,25-06-2026
Maharashtra,Sangli,APMC Vita ,Vegetables,Onion,Other,Local,"1,500.00","2,000.00","1,800.00",Rs./Quintal,2.00,Metric Tonnes,23-06-2026
Maharashtra,Sangli,APMC Vita ,Vegetables,Onion,Other,Local,"1,500.00","2,000.00","1,800.00",Rs./Quintal,2.00,Metric Tonnes,22-06-2026
Maharashtra,Sangli,APMC Vita ,Vegetables,Onion,Other,Local,"1,800.00","2,200.00","1,800.00",Rs./Quintal,2.00,Metric Tonnes,21-06-2026
Maharashtra,Sangli,APMC Vita ,Vegetables,Onion,Other,Local,"2,000.00","2,200.00","2,000.00",Rs./Quintal,2.00,Metric Tonnes,19-06-2026
Maharashtra,Sangli,APMC Vita ,Vegetables,Onion,Other,Local,"1,800.00","2,000.00","1,800.00",Rs./Quintal,2.00,Metric Tonnes,18-06-2026
Maharashtra,Sangli,APMC Vita ,Vegetables,Onion,Other,Local,"1,500.00","2,000.00","1,800.00",Rs./Quintal,2.00,Metric Tonnes,15-06-2026
Maharashtra,Sangli,APMC Vita ,Vegetables,Onion,Other,Local,"1,500.00","1,800.00","1,600.00",Rs./Quintal,5.00,Metric Tonnes,14-06-2026
Maharashtra,Sangli,APMC Vita ,Vegetables,Onion,Other,Local,"1,500.00","2,000.00","1,800.00",Rs./Quintal,2.00,Metric Tonnes,12-06-2026
Maharashtra,Sangli,APMC Vita ,Vegetables,Onion,Other,Local,"1,500.00","2,000.00","1,700.00",Rs./Quintal,3.00,Metric Tonnes,11-06-2026
Maharashtra,Sangli,APMC Vita ,Vegetables,Onion,Other,Local,"1,400.00","2,000.00","1,700.00",Rs./Quintal,5.00,Metric Tonnes,08-06-2026
Maharashtra,Sangli,APMC Vita ,Vegetables,Onion,Other,Local,"1,500.00","2,000.00","1,800.00",Rs./Quintal,5.00,Metric Tonnes,04-06-2026
Maharashtra,Sangli,APMC Vita ,Vegetables,Onion,Other,Local,"1,500.00","1,800.00","1,600.00",Rs./Quintal,4.00,Metric Tonnes,01-06-2026
Maharashtra,Sangli,APMC Vita ,Vegetables,Onion,Other,Local,"1,000.00","1,800.00","1,500.00",Rs./Quintal,4.00,Metric Tonnes,30-05-2026
Maharashtra,Sangli,APMC Vita ,Vegetables,Onion,Other,Local,"1,000.00","1,600.00","1,300.00",Rs./Quintal,4.00,Metric Tonnes,28-05-2026
Maharashtra,Sangli,APMC Vita ,Vegetables,Onion,Other,Local,"1,000.00","1,400.00","1,200.00",Rs./Quintal,2.00,Metric Tonnes,25-05-2026
Maharashtra,Sangli,APMC Vita ,Vegetables,Onion,Other,Local,"1,000.00","1,300.00","1,100.00",Rs./Quintal,5.00,Metric Tonnes,21-05-2026
Maharashtra,Sangli,APMC Vita ,Vegetables,Onion,Other,Local,800.00,"1,300.00","1,100.00",Rs./Quintal,3.00,Metric Tonnes,19-05-2026
Maharashtra,Sangli,APMC Vita ,Vegetables,Onion,Other,Local,800.00,"1,200.00","1,000.00",Rs./Quintal,2.00,Metric Tonnes,18-05-2026
Maharashtra,Sangli,APMC Vita ,Vegetables,Onion,Other,Local,800.00,"1,200.00","1,000.00",Rs./Quintal,2.00,Metric Tonnes,12-05-2026
Maharashtra,Sangli,APMC Vita ,Vegetables,Onion,Other,Local,700.00,"1,200.00","1,000.00",Rs./Quintal,5.00,Metric Tonnes,07-05-2026
Maharashtra,Sangli,APMC Vita ,Vegetables,Onion,Other,Local,500.00,"1,200.00","1,000.00",Rs./Quintal,5.00,Metric Tonnes,04-05-2026
Maharashtra,Sangli,APMC Vita ,Vegetables,Onion,Other,Local,500.00,"1,100.00",850.00,Rs./Quintal,3.00,Metric Tonnes,02-05-2026
Maharashtra,Sangli,APMC Vita ,Vegetables,Onion,Other,Local,800.00,"1,100.00","1,000.00",Rs./Quintal,4.00,Metric Tonnes,28-04-2026
Maharashtra,Sangli,APMC Vita ,Vegetables,Onion,Other,Local,800.00,"1,200.00","1,000.00",Rs./Quintal,5.00,Metric Tonnes,27-04-2026
Maharashtra,Sangli,APMC Vita ,Vegetables,Onion,Other,Local,"1,000.00","1,200.00","1,150.00",Rs./Quintal,5.00,Metric Tonnes,23-04-2026
Maharashtra,Sangli,APMC Vita ,Vegetables,Onion,Other,Local,500.00,"1,100.00",950.00,Rs./Quintal,12.00,Metric Tonnes,19-04-2026
Maharashtra,Sangli,APMC Vita ,Vegetables,Onion,Other,Local,800.00,"1,200.00","1,000.00",Rs./Quintal,5.00,Metric Tonnes,18-04-2026
Maharashtra,Sangli,APMC Vita ,Vegetables,Onion,Other,Local,800.00,"1,200.00","1,000.00",Rs./Quintal,4.00,Metric Tonnes,13-04-2026
Maharashtra,Sangli,APMC Vita ,Vegetables,Onion,Other,Local,800.00,"1,100.00","1,000.00",Rs./Quintal,3.00,Metric Tonnes,11-04-2026
Maharashtra,Sangli,APMC Vita ,Vegetables,Onion,Other,Local,800.00,"1,200.00","1,000.00",Rs./Quintal,5.00,Metric Tonnes,09-04-2026
Maharashtra,Sangli,APMC Vita ,Vegetables,Onion,Other,Local,800.00,"1,200.00","1,000.00",Rs./Quintal,2.00,Metric Tonnes,07-04-2026
Maharashtra,Sangli,APMC Vita ,Vegetables,Onion,Other,Local,"1,000.00","1,600.00","1,350.00",Rs./Quintal,4.00,Metric Tonnes,12-02-2026
Maharashtra,Sangli,APMC Vita ,Vegetables,Onion,Other,Local,"1,000.00","1,700.00","1,350.00",Rs./Quintal,5.00,Metric Tonnes,09-02-2026
Maharashtra,Sangli,APMC Vita ,Vegetables,Onion,Other,Local,"1,000.00","1,600.00","1,450.00",Rs./Quintal,5.00,Metric Tonnes,02-02-2026
Maharashtra,Sangli,APMC Vita ,Vegetables,Onion,Other,Local,"1,000.00","1,800.00","1,500.00",Rs./Quintal,4.00,Metric Tonnes,19-01-2026
Maharashtra,Sangli,APMC Vita ,Vegetables,Onion,Other,Local,"1,000.00","1,800.00","1,550.00",Rs./Quintal,4.00,Metric Tonnes,12-01-2026
Maharashtra,Sangli,APMC Vita ,Vegetables,Onion,Other,Local,"1,000.00","2,000.00","1,500.00",Rs./Quintal,4.00,Metric Tonnes,05-01-2026
Maharashtra,Sangli,APMC Vita ,Vegetables,Onion,Other,Local,"1,500.00","2,200.00","1,800.00",Rs./Quintal,4.00,Metric Tonnes,29-12-2025
Maharashtra,Sangli,APMC Vita ,Vegetables,Onion,Other,Local,"2,000.00","2,700.00","2,500.00",Rs./Quintal,4.00,Metric Tonnes,15-12-2025
Maharashtra,Sangli,APMC Vita ,Vegetables,Onion,Other,Local,"1,000.00","1,500.00","1,350.00",Rs./Quintal,4.00,Metric Tonnes,08-12-2025
Maharashtra,Sangli,"Sangli(Phale, Bhajipala Market) ",Vegetables,Onion,Local,Local,"1,600.00","4,800.00","3,200.00",Rs./Quintal,146.50,Metric Tonnes,24-09-2026
Maharashtra,Sangli,"Sangli(Phale, Bhajipala Market) ",Vegetables,Onion,Local,Local,"1,600.00","4,900.00","3,250.00",Rs./Quintal,274.40,Metric Tonnes,23-09-2026
Maharashtra,Sangli,"Sangli(Phale, Bhajipala Market) ",Vegetables,Onion,Local,Local,"1,800.00","4,800.00","3,300.00",Rs./Quintal,97.30,Metric Tonnes,22-09-2026
Maharashtra,Sangli,"Sangli(Phale, Bhajipala Market) ",Vegetables,Onion,Local,Local,"2,000.00","4,900.00","3,450.00",Rs./Quintal,"2,330.00",Metric Tonnes,21-09-2026
Maharashtra,Sangli,"Sangli(Phale, Bhajipala Market) ",Vegetables,Onion,Local,Local,"2,100.00","5,000.00","3,550.00",Rs./Quintal,271.90,Metric Tonnes,19-09-2026
Maharashtra,Sangli,"Sangli(Phale, Bhajipala Market) ",Vegetables,Onion,Local,Local,"2,200.00","5,400.00","3,800.00",Rs./Quintal,277.20,Metric Tonnes,16-09-2026
Maharashtra,Sangli,"Sangli(Phale, Bhajipala Market) ",Vegetables,Onion,Local,Local,"2,200.00","4,900.00","3,550.00",Rs./Quintal,194.80,Metric Tonnes,15-09-2026
Maharashtra,Sangli,"Sangli(Phale, Bhajipala Market) ",Vegetables,Onion,Local,Local,"2,000.00","5,000.00","3,500.00",Rs./Quintal,305.00,Metric Tonnes,12-09-2026
Maharashtra,Sangli,"Sangli(Phale, Bhajipala Market) ",Vegetables,Onion,Local,Local,"1,500.00","5,000.00","3,250.00",Rs./Quintal,183.50,Metric Tonnes,11-09-2026
Maharashtra,Sangli,"Sangli(Phale, Bhajipala Market) ",Vegetables,Onion,Local,Local,"2,000.00","5,500.00","3,750.00",Rs./Quintal,140.30,Metric Tonnes,10-09-2026
Maharashtra,Sangli,"Sangli(Phale, Bhajipala Market) ",Vegetables,Onion,Local,Local,"2,000.00","5,000.00","3,500.00",Rs./Quintal,286.20,Metric Tonnes,09-09-2026
Maharashtra,Sangli,"Sangli(Phale, Bhajipala Market) ",Vegetables,Onion,Local,Local,"1,800.00","4,800.00","3,300.00",Rs./Quintal,79.60,Metric Tonnes,08-09-2026
Maharashtra,Sangli,"Sangli(Phale, Bhajipala Market) ",Vegetables,Onion,Local,Local,"1,800.00","5,100.00","3,450.00",Rs./Quintal,246.30,Metric Tonnes,07-09-2026
Maharashtra,Sangli,"Sangli(Phale, Bhajipala Market) ",Vegetables,Onion,Local,Local,"1,800.00","5,000.00","3,400.00",Rs./Quintal,249.70,Metric Tonnes,05-09-2026
Maharashtra,Sangli,"Sangli(Phale, Bhajipala Market) ",Vegetables,Onion,Local,Local,"1,800.00","5,500.00","3,650.00",Rs./Quintal,"1,356.00",Metric Tonnes,03-09-2026
Maharashtra,Sangli,"Sangli(Phale, Bhajipala Market) ",Vegetables,Onion,Local,Local,"1,700.00","5,000.00","3,350.00",Rs./Quintal,298.40,Metric Tonnes,02-09-2026
Maharashtra,Sangli,"Sangli(Phale, Bhajipala Market) ",Vegetables,Onion,Local,Local,"1,700.00","4,700.00","3,200.00",Rs./Quintal,"2,465.00",Metric Tonnes,01-09-2026
Maharashtra,Sangli,"Sangli(Phale, Bhajipala Market) ",Vegetables,Onion,Local,Local,"1,700.00","4,700.00","3,200.00",Rs./Quintal,153.50,Metric Tonnes,31-08-2026
Maharashtra,Sangli,"Sangli(Phale, Bhajipala Market) ",Vegetables,Onion,Local,Local,"1,500.00","4,300.00","2,900.00",Rs./Quintal,474.40,Metric Tonnes,29-08-2026
Maharashtra,Sangli,"Sangli(Phale, Bhajipala Market) ",Vegetables,Onion,Local,Local,"1,300.00","4,400.00","2,850.00",Rs./Quintal,300.00,Metric Tonnes,27-08-2026
Maharashtra,Sangli,"Sangli(Phale, Bhajipala Market) ",Vegetables,Onion,Local,Local,"1,700.00","4,500.00","3,100.00",Rs./Quintal,401.10,Metric Tonnes,26-08-2026
Maharashtra,Sangli,"Sangli(Phale, Bhajipala Market) ",Vegetables,Onion,Local,Local,"1,500.00","4,700.00","3,100.00",Rs./Quintal,165.80,Metric Tonnes,25-08-2026
Maharashtra,Sangli,"Sangli(Phale, Bhajipala Market) ",Vegetables,Onion,Local,Local,"1,000.00","4,200.00","2,600.00",Rs./Quintal,211.20,Metric Tonnes,24-08-2026
Maharashtra,Sangli,"Sangli(Phale, Bhajipala Market) ",Vegetables,Onion,Local,Local,"1,200.00","4,000.00","2,600.00",Rs./Quintal,538.40,Metric Tonnes,22-08-2026
Maharashtra,Sangli,"Sangli(Phale, Bhajipala Market) ",Vegetables,Onion,Local,Local,"1,000.00","4,000.00","2,500.00",Rs./Quintal,344.20,Metric Tonnes,21-08-2026
Maharashtra,Sangli,"Sangli(Phale, Bhajipala Market) ",Vegetables,Onion,Local,Local,"1,500.00","4,500.00","3,000.00",Rs./Quintal,318.30,Metric Tonnes,20-08-2026
Maharashtra,Sangli,"Sangli(Phale, Bhajipala Market) ",Vegetables,Onion,Local,Local,"1,500.00","5,100.00","3,300.00",Rs./Quintal,268.40,Metric Tonnes,19-08-2026
Maharashtra,Sangli,"Sangli(Phale, Bhajipala Market) ",Vegetables,Onion,Local,Local,"1,500.00","4,000.00","2,750.00",Rs./Quintal,93.00,Metric Tonnes,18-08-2026
Maharashtra,Sangli,"Sangli(Phale, Bhajipala Market) ",Vegetables,Onion,Local,Local,"1,200.00","3,600.00","2,400.00",Rs./Quintal,293.00,Metric Tonnes,17-08-2026
Maharashtra,Sangli,"Sangli(Phale, Bhajipala Market) ",Vegetables,Onion,Local,Local,"1,000.00","3,200.00","2,100.00",Rs./Quintal,177.80,Metric Tonnes,13-08-2026
Maharashtra,Sangli,"Sangli(Phale, Bhajipala Market) ",Vegetables,Onion,Local,Local,"1,200.00","3,300.00","2,250.00",Rs./Quintal,230.10,Metric Tonnes,12-08-2026
Maharashtra,Sangli,"Sangli(Phale, Bhajipala Market) ",Vegetables,Onion,Local,Local,"1,100.00","2,900.00","2,000.00",Rs./Quintal,132.10,Metric Tonnes,11-08-2026
Maharashtra,Sangli,"Sangli(Phale, Bhajipala Market) ",Vegetables,Onion,Local,Local,"1,000.00","2,800.00","1,900.00",Rs./Quintal,290.50,Metric Tonnes,10-08-2026
Maharashtra,Sangli,"Sangli(Phale, Bhajipala Market) ",Vegetables,Onion,Local,Local,"1,200.00","2,800.00","2,000.00",Rs./Quintal,283.70,Metric Tonnes,08-08-2026
Maharashtra,Sangli,"Sangli(Phale, Bhajipala Market) ",Vegetables,Onion,Local,Local,"1,000.00","3,000.00","2,000.00",Rs./Quintal,314.40,Metric Tonnes,07-08-2026
Maharashtra,Sangli,"Sangli(Phale, Bhajipala Market) ",Vegetables,Onion,Local,Local,"1,000.00","3,100.00","2,050.00",Rs./Quintal,134.60,Metric Tonnes,06-08-2026
Maharashtra,Sangli,"Sangli(Phale, Bhajipala Market) ",Vegetables,Onion,Local,Local,"1,000.00","2,800.00","1,900.00",Rs./Quintal,231.50,Metric Tonnes,05-08-2026
Maharashtra,Sangli,"Sangli(Phale, Bhajipala Market) ",Vegetables,Onion,Local,Local,800.00,"2,600.00","1,700.00",Rs./Quintal,149.30,Metric Tonnes,04-08-2026
Maharashtra,Sangli,"Sangli(Phale, Bhajipala Market) ",Vegetables,Onion,Local,Local,800.00,"2,700.00","1,750.00",Rs./Quintal,330.00,Metric Tonnes,03-08-2026
Maharashtra,Sangli,"Sangli(Phale, Bhajipala Market) ",Vegetables,Onion,Local,Local,800.00,"2,700.00","1,750.00",Rs./Quintal,284.60,Metric Tonnes,01-08-2026
Maharashtra,Sangli,"Sangli(Phale, Bhajipala Market) ",Vegetables,Onion,Local,Local,900.00,"2,600.00","1,750.00",Rs./Quintal,197.70,Metric Tonnes,30-07-2026
Maharashtra,Sangli,"Sangli(Phale, Bhajipala Market) ",Vegetables,Onion,Local,Local,"1,000.00","2,700.00","1,850.00",Rs./Quintal,372.30,Metric Tonnes,29-07-2026
Maharashtra,Sangli,"Sangli(Phale, Bhajipala Market) ",Vegetables,Onion,Local,Local,700.00,"2,800.00","1,750.00",Rs./Quintal,166.90,Metric Tonnes,28-07-2026
Maharashtra,Sangli,"Sangli(Phale, Bhajipala Market) ",Vegetables,Onion,Local,Local,"1,200.00","2,600.00","1,900.00",Rs./Quintal,280.00,Metric Tonnes,27-07-2026
Maharashtra,Sangli,"Sangli(Phale, Bhajipala Market) ",Vegetables,Onion,Local,Local,"1,300.00","2,700.00","2,000.00",Rs./Quintal,194.00,Metric Tonnes,23-07-2026
Maharashtra,Sangli,"Sangli(Phale, Bhajipala Market) ",Vegetables,Onion,Local,Local,"1,100.00","2,700.00","1,900.00",Rs./Quintal,366.60,Metric Tonnes,22-07-2026
Maharashtra,Sangli,"Sangli(Phale, Bhajipala Market) ",Vegetables,Onion,Local,Local,"1,000.00","3,000.00","2,000.00",Rs./Quintal,207.00,Metric Tonnes,21-07-2026
Maharashtra,Sangli,"Sangli(Phale, Bhajipala Market) ",Vegetables,Onion,Local,Local,"1,300.00","2,700.00","1,500.00",Rs./Quintal,254.20,Metric Tonnes,20-07-2026
Maharashtra,Sangli,"Sangli(Phale, Bhajipala Market) ",Vegetables,Onion,Local,Local,"1,200.00","2,700.00","1,950.00",Rs./Quintal,341.60,Metric Tonnes,18-07-2026
Maharashtra,Sangli,"Sangli(Phale, Bhajipala Market) ",Vegetables,Onion,Local,Local,"1,200.00","2,650.00","1,925.00",Rs./Quintal,110.80,Metric Tonnes,16-07-2026
Maharashtra,Sangli,"Sangli(Phale, Bhajipala Market) ",Vegetables,Onion,Local,Local,"1,000.00","2,600.00","1,800.00",Rs./Quintal,207.50,Metric Tonnes,15-07-2026
Maharashtra,Sangli,"Sangli(Phale, Bhajipala Market) ",Vegetables,Onion,Local,Local,"1,200.00","2,550.00","1,875.00",Rs./Quintal,241.70,Metric Tonnes,14-07-2026
Maharashtra,Sangli,"Sangli(Phale, Bhajipala Market) ",Vegetables,Onion,Local,Local,"1,200.00","2,500.00","1,850.00",Rs./Quintal,292.60,Metric Tonnes,13-07-2026
Maharashtra,Sangli,"Sangli(Phale, Bhajipala Market) ",Vegetables,Onion,Local,Local,"1,200.00","2,500.00","1,850.00",Rs./Quintal,504.20,Metric Tonnes,11-07-2026
Maharashtra,Sangli,"Sangli(Phale, Bhajipala Market) ",Vegetables,Onion,Local,Local,"1,200.00","2,900.00","2,050.00",Rs./Quintal,414.90,Metric Tonnes,10-07-2026
Maharashtra,Sangli,"Sangli(Phale, Bhajipala Market) ",Vegetables,Onion,Local,Local,"1,300.00","3,000.00","2,150.00",Rs./Quintal,209.30,Metric Tonnes,09-07-2026
Maharashtra,Sangli,"Sangli(Phale, Bhajipala Market) ",Vegetables,Onion,Local,Local,"1,300.00","3,000.00","2,150.00",Rs./Quintal,326.00,Metric Tonnes,08-07-2026
Maharashtra,Sangli,"Sangli(Phale, Bhajipala Market) ",Vegetables,Onion,Local,Local,"1,300.00","3,000.00","2,150.00",Rs./Quintal,171.60,Metric Tonnes,07-07-2026
Maharashtra,Sangli,"Sangli(Phale, Bhajipala Market) ",Vegetables,Onion,Local,Local,"1,500.00","3,000.00","2,250.00",Rs./Quintal,186.00,Metric Tonnes,06-07-2026
Maharashtra,Sangli,"Sangli(Phale, Bhajipala Market) ",Vegetables,Onion,Local,Local,900.00,"2,700.00","1,800.00",Rs./Quintal,297.00,Metric Tonnes,04-07-2026
Maharashtra,Sangli,"Sangli(Phale, Bhajipala Market) ",Vegetables,Onion,Local,Local,"1,000.00","2,500.00","1,750.00",Rs./Quintal,252.90,Metric Tonnes,03-07-2026
Maharashtra,Sangli,"Sangli(Phale, Bhajipala Market) ",Vegetables,Onion,Local,Local,"1,000.00","2,600.00","1,800.00",Rs./Quintal,233.10,Metric Tonnes,02-07-2026
Maharashtra,Sangli,"Sangli(Phale, Bhajipala Market) ",Vegetables,Onion,Local,Local,700.00,"2,600.00","1,650.00",Rs./Quintal,323.00,Metric Tonnes,01-07-2026
Maharashtra,Sangli,"Sangli(Phale, Bhajipala Market) ",Vegetables,Onion,Local,Local,500.00,"2,600.00","1,550.00",Rs./Quintal,147.80,Metric Tonnes,30-06-2026
Maharashtra,Sangli,"Sangli(Phale, Bhajipala Market) ",Vegetables,Onion,Local,Local,500.00,"2,600.00","1,550.00",Rs./Quintal,380.90,Metric Tonnes,29-06-2026
Maharashtra,Sangli,"Sangli(Phale, Bhajipala Market) ",Vegetables,Onion,Local,Local,500.00,"2,800.00","1,650.00",Rs./Quintal,453.80,Metric Tonnes,27-06-2026
Maharashtra,Sangli,"Sangli(Phale, Bhajipala Market) ",Vegetables,Onion,Local,Local,500.00,"3,000.00","1,750.00",Rs./Quintal,619.40,Metric Tonnes,26-06-2026
Maharashtra,Sangli,"Sangli(Phale, Bhajipala Market) ",Vegetables,Onion,Local,Local,500.00,"2,300.00","1,400.00",Rs./Quintal,297.70,Metric Tonnes,24-06-2026
Maharashtra,Sangli,"Sangli(Phale, Bhajipala Market) ",Vegetables,Onion,Local,Local,500.00,"2,325.00","1,412.00",Rs./Quintal,450.60,Metric Tonnes,23-06-2026
Maharashtra,Sangli,"Sangli(Phale, Bhajipala Market) ",Vegetables,Onion,Local,Local,500.00,"2,500.00","1,500.00",Rs./Quintal,404.20,Metric Tonnes,20-06-2026
Maharashtra,Sangli,"Sangli(Phale, Bhajipala Market) ",Vegetables,Onion,Local,Local,500.00,"2,300.00","1,400.00",Rs./Quintal,317.80,Metric Tonnes,19-06-2026
Maharashtra,Sangli,"Sangli(Phale, Bhajipala Market) ",Vegetables,Onion,Local,Local,500.00,"2,200.00","1,350.00",Rs./Quintal,221.20,Metric Tonnes,18-06-2026
Maharashtra,Sangli,"Sangli(Phale, Bhajipala Market) ",Vegetables,Onion,Local,Local,500.00,"2,200.00","1,350.00",Rs./Quintal,227.70,Metric Tonnes,17-06-2026
Maharashtra,Sangli,"Sangli(Phale, Bhajipala Market) ",Vegetables,Onion,Local,Local,500.00,"1,700.00","1,100.00",Rs./Quintal,138.30,Metric Tonnes,16-06-2026
Maharashtra,Sangli,"Sangli(Phale, Bhajipala Market) ",Vegetables,Onion,Local,Local,500.00,"1,900.00","1,200.00",Rs./Quintal,251.40,Metric Tonnes,15-06-2026
Maharashtra,Sangli,"Sangli(Phale, Bhajipala Market) ",Vegetables,Onion,Local,Local,500.00,"1,950.00","1,225.00",Rs./Quintal,231.90,Metric Tonnes,13-06-2026
Maharashtra,Sangli,"Sangli(Phale, Bhajipala Market) ",Vegetables,Onion,Local,Local,400.00,"1,600.00","1,000.00",Rs./Quintal,212.10,Metric Tonnes,12-06-2026
Maharashtra,Sangli,"Sangli(Phale, Bhajipala Market) ",Vegetables,Onion,Local,Local,500.00,"1,800.00","1,150.00",Rs./Quintal,201.80,Metric Tonnes,11-06-2026
Maharashtra,Sangli,"Sangli(Phale, Bhajipala Market) ",Vegetables,Onion,Local,Local,500.00,"1,900.00","1,200.00",Rs./Quintal,261.00,Metric Tonnes,10-06-2026
Maharashtra,Sangli,"Sangli(Phale, Bhajipala Market) ",Vegetables,Onion,Local,Local,500.00,"1,600.00","1,050.00",Rs./Quintal,133.90,Metric Tonnes,09-06-2026
Maharashtra,Sangli,"Sangli(Phale, Bhajipala Market) ",Vegetables,Onion,Local,Local,500.00,"1,800.00","1,150.00",Rs./Quintal,369.80,Metric Tonnes,08-06-2026
Maharashtra,Sangli,"Sangli(Phale, Bhajipala Market) ",Vegetables,Onion,Local,Local,500.00,"2,000.00","1,250.00",Rs./Quintal,525.80,Metric Tonnes,06-06-2026
Maharashtra,Sangli,"Sangli(Phale, Bhajipala Market) ",Vegetables,Onion,Local,Local,500.00,"2,100.00",900.00,Rs./Quintal,314.70,Metric Tonnes,05-06-2026
Maharashtra,Sangli,"Sangli(Phale, Bhajipala Market) ",Vegetables,Onion,Local,Local,400.00,"2,000.00","1,200.00",Rs./Quintal,195.10,Metric Tonnes,04-06-2026
Maharashtra,Sangli,"Sangli(Phale, Bhajipala Market) ",Vegetables,Onion,Local,Local,500.00,"2,050.00","1,275.00",Rs./Quintal,408.00,Metric Tonnes,03-06-2026
Maharashtra,Sangli,"Sangli(Phale, Bhajipala Market) ",Vegetables,Onion,Local,Local,500.00,"1,800.00","1,150.00",Rs./Quintal,283.00,Metric Tonnes,02-06-2026
Maharashtra,Sangli,"Sangli(Phale, Bhajipala Market) ",Vegetables,Onion,Local,Local,500.00,"2,000.00","1,250.00",Rs./Quintal,329.80,Metric Tonnes,01-06-2026
Maharashtra,Sangli,"Sangli(Phale, Bhajipala Market) ",Vegetables,Onion,Local,Local,500.00,"1,850.00","1,175.00",Rs./Quintal,309.20,Metric Tonnes,30-05-2026
Maharashtra,Sangli,"Sangli(Phale, Bhajipala Market) ",Vegetables,Onion,Local,Local,500.00,"1,800.00","1,150.00",Rs./Quintal,367.20,Metric Tonnes,29-05-2026
Maharashtra,Sangli,"Sangli(Phale, Bhajipala Market) ",Vegetables,Onion,Local,Local,400.00,"1,800.00","1,100.00",Rs./Quintal,253.30,Metric Tonnes,27-05-2026
Maharashtra,Sangli,"Sangli(Phale, Bhajipala Market) ",Vegetables,Onion,Local,Local,400.00,"1,350.00",875.00,Rs./Quintal,197.20,Metric Tonnes,26-05-2026
Maharashtra,Sangli,"Sangli(Phale, Bhajipala Market) ",Vegetables,Onion,Local,Local,400.00,"1,400.00",900.00,Rs./Quintal,314.50,Metric Tonnes,25-05-2026
Maharashtra,Sangli,"Sangli(Phale, Bhajipala Market) ",Vegetables,Onion,Local,Local,400.00,"1,550.00",975.00,Rs./Quintal,362.70,Metric Tonnes,23-05-2026
Maharashtra,Sangli,"Sangli(Phale, Bhajipala Market) ",Vegetables,Onion,Local,Local,400.00,"1,450.00",925.00,Rs./Quintal,274.60,Metric Tonnes,22-05-2026
Maharashtra,Sangli,"Sangli(Phale, Bhajipala Market) ",Vegetables,Onion,Local,Local,400.00,"1,300.00",850.00,Rs./Quintal,344.60,Metric Tonnes,21-05-2026
Maharashtra,Sangli,"Sangli(Phale, Bhajipala Market) ",Vegetables,Onion,Local,Local,400.00,"1,550.00",975.00,Rs./Quintal,462.50,Metric Tonnes,20-05-2026
Maharashtra,Sangli,"Sangli(Phale, Bhajipala Market) ",Vegetables,Onion,Local,Local,400.00,"1,450.00",925.00,Rs./Quintal,284.60,Metric Tonnes,19-05-2026
Maharashtra,Sangli,"Sangli(Phale, Bhajipala Market) ",Vegetables,Onion,Local,Local,400.00,"1,500.00",950.00,Rs./Quintal,473.20,Metric Tonnes,18-05-2026
Maharashtra,Sangli,"Sangli(Phale, Bhajipala Market) ",Vegetables,Onion,Local,Local,400.00,"1,400.00",900.00,Rs./Quintal,337.30,Metric Tonnes,16-05-2026
Maharashtra,Sangli,"Sangli(Phale, Bhajipala Market) ",Vegetables,Onion,Local,Local,400.00,"1,450.00",925.00,Rs./Quintal,367.80,Metric Tonnes,15-05-2026
Maharashtra,Sangli,"Sangli(Phale, Bhajipala Market) ",Vegetables,Onion,Local,Local,400.00,"1,400.00",900.00,Rs./Quintal,241.20,Metric Tonnes,14-05-2026
Maharashtra,Sangli,"Sangli(Phale, Bhajipala Market) ",Vegetables,Onion,Local,Local,400.00,"1,500.00",950.00,Rs./Quintal,343.50,Metric Tonnes,13-05-2026
Maharashtra,Sangli,"Sangli(Phale, Bhajipala Market) ",Vegetables,Onion,Local,Local,400.00,"1,400.00",900.00,Rs./Quintal,261.90,Metric Tonnes,12-05-2026
Maharashtra,Sangli,"Sangli(Phale, Bhajipala Market) ",Vegetables,Onion,Local,Local,400.00,"1,300.00",850.00,Rs./Quintal,409.60,Metric Tonnes,11-05-2026
Maharashtra,Sangli,"Sangli(Phale, Bhajipala Market) ",Vegetables,Onion,Local,Local,400.00,"1,400.00",900.00,Rs./Quintal,417.20,Metric Tonnes,09-05-2026
Maharashtra,Sangli,"Sangli(Phale, Bhajipala Market) ",Vegetables,Onion,Local,Local,400.00,"1,250.00",825.00,Rs./Quintal,523.70,Metric Tonnes,08-05-2026
Maharashtra,Sangli,"Sangli(Phale, Bhajipala Market) ",Vegetables,Onion,Local,Local,400.00,"1,350.00",875.00,Rs./Quintal,443.30,Metric Tonnes,07-05-2026
Maharashtra,Sangli,"Sangli(Phale, Bhajipala Market) ",Vegetables,Onion,Local,Local,400.00,"1,400.00",900.00,Rs./Quintal,519.60,Metric Tonnes,06-05-2026
Maharashtra,Sangli,"Sangli(Phale, Bhajipala Market) ",Vegetables,Onion,Local,Local,400.00,"1,300.00",850.00,Rs./Quintal,428.20,Metric Tonnes,05-05-2026
Maharashtra,Sangli,"Sangli(Phale, Bhajipala Market) ",Vegetables,Onion,Local,Local,400.00,"1,350.00",875.00,Rs./Quintal,477.60,Metric Tonnes,04-05-2026
Maharashtra,Sangli,"Sangli(Phale, Bhajipala Market) ",Vegetables,Onion,Local,Local,400.00,"1,500.00",950.00,Rs./Quintal,387.70,Metric Tonnes,30-04-2026
Maharashtra,Sangli,"Sangli(Phale, Bhajipala Market) ",Vegetables,Onion,Local,Local,400.00,"1,600.00","1,000.00",Rs./Quintal,416.40,Metric Tonnes,29-04-2026
Maharashtra,Sangli,"Sangli(Phale, Bhajipala Market) ",Vegetables,Onion,Local,Local,300.00,"1,550.00",925.00,Rs./Quintal,240.10,Metric Tonnes,28-04-2026
Maharashtra,Sangli,"Sangli(Phale, Bhajipala Market) ",Vegetables,Onion,Local,Local,300.00,"1,300.00",800.00,Rs./Quintal,312.70,Metric Tonnes,27-04-2026
Maharashtra,Sangli,"Sangli(Phale, Bhajipala Market) ",Vegetables,Onion,Local,Local,300.00,"1,200.00",750.00,Rs./Quintal,267.40,Metric Tonnes,25-04-2026
Maharashtra,Sangli,"Sangli(Phale, Bhajipala Market) ",Vegetables,Onion,Local,Local,300.00,"1,150.00",725.00,Rs./Quintal,254.80,Metric Tonnes,24-04-2026
Maharashtra,Sangli,"Sangli(Phale, Bhajipala Market) ",Vegetables,Onion,Local,Local,300.00,"1,200.00",750.00,Rs./Quintal,279.90,Metric Tonnes,23-04-2026
Maharashtra,Sangli,"Sangli(Phale, Bhajipala Market) ",Vegetables,Onion,Local,Local,400.00,"1,400.00",900.00,Rs./Quintal,433.70,Metric Tonnes,22-04-2026
Maharashtra,Sangli,"Sangli(Phale, Bhajipala Market) ",Vegetables,Onion,Local,Local,400.00,"1,400.00",900.00,Rs./Quintal,498.80,Metric Tonnes,20-04-2026
Maharashtra,Sangli,"Sangli(Phale, Bhajipala Market) ",Vegetables,Onion,Local,Local,400.00,"1,400.00",900.00,Rs./Quintal,666.40,Metric Tonnes,18-04-2026
Maharashtra,Sangli,"Sangli(Phale, Bhajipala Market) ",Vegetables,Onion,Local,Local,400.00,"1,400.00",900.00,Rs./Quintal,434.80,Metric Tonnes,17-04-2026
Maharashtra,Sangli,"Sangli(Phale, Bhajipala Market) ",Vegetables,Onion,Local,Local,400.00,"1,400.00",900.00,Rs./Quintal,377.00,Metric Tonnes,16-04-2026
Maharashtra,Sangli,"Sangli(Phale, Bhajipala Market) ",Vegetables,Onion,Local,Local,400.00,"1,400.00",900.00,Rs./Quintal,447.60,Metric Tonnes,15-04-2026
Maharashtra,Sangli,"Sangli(Phale, Bhajipala Market) ",Vegetables,Onion,Local,Local,400.00,"1,300.00",850.00,Rs./Quintal,344.90,Metric Tonnes,14-04-2026
Maharashtra,Sangli,"Sangli(Phale, Bhajipala Market) ",Vegetables,Onion,Local,Local,400.00,"1,400.00",900.00,Rs./Quintal,285.60,Metric Tonnes,13-04-2026
Maharashtra,Sangli,"Sangli(Phale, Bhajipala Market) ",Vegetables,Onion,Local,Local,400.00,"1,300.00",850.00,Rs./Quintal,431.00,Metric Tonnes,11-04-2026
Maharashtra,Sangli,"Sangli(Phale, Bhajipala Market) ",Vegetables,Onion,Local,Local,400.00,"1,300.00",850.00,Rs./Quintal,350.00,Metric Tonnes,10-04-2026
Maharashtra,Sangli,"Sangli(Phale, Bhajipala Market) ",Vegetables,Onion,Local,Local,400.00,"1,300.00",850.00,Rs./Quintal,401.40,Metric Tonnes,09-04-2026
Maharashtra,Sangli,"Sangli(Phale, Bhajipala Market) ",Vegetables,Onion,Local,Local,400.00,"1,300.00",850.00,Rs./Quintal,529.60,Metric Tonnes,08-04-2026
Maharashtra,Sangli,"Sangli(Phale, Bhajipala Market) ",Vegetables,Onion,Local,Local,400.00,"1,300.00",850.00,Rs./Quintal,506.50,Metric Tonnes,07-04-2026
Maharashtra,Sangli,"Sangli(Phale, Bhajipala Market) ",Vegetables,Onion,Local,Local,500.00,"1,400.00",950.00,Rs./Quintal,472.80,Metric Tonnes,06-04-2026
Maharashtra,Sangli,"Sangli(Phale, Bhajipala Market) ",Vegetables,Onion,Local,Local,500.00,"1,400.00",950.00,Rs./Quintal,488.00,Metric Tonnes,04-04-2026
Maharashtra,Sangli,"Sangli(Phale, Bhajipala Market) ",Vegetables,Onion,Local,Local,400.00,"1,350.00",875.00,Rs./Quintal,367.20,Metric Tonnes,03-04-2026
Maharashtra,Sangli,"Sangli(Phale, Bhajipala Market) ",Vegetables,Onion,Local,Local,500.00,"1,300.00",850.00,Rs./Quintal,346.50,Metric Tonnes,02-04-2026
Maharashtra,Sangli,"Sangli(Phale, Bhajipala Market) ",Vegetables,Onion,Local,Local,500.00,"1,400.00",950.00,Rs./Quintal,589.20,Metric Tonnes,01-04-2026
Maharashtra,Sangli,"Sangli(Phale, Bhajipala Market) ",Vegetables,Onion,Local,Local,500.00,"1,400.00",950.00,Rs./Quintal,584.30,Metric Tonnes,30-03-2026
Maharashtra,Sangli,"Sangli(Phale, Bhajipala Market) ",Vegetables,Onion,Local,Local,500.00,"1,450.00",975.00,Rs./Quintal,624.60,Metric Tonnes,28-03-2026
Maharashtra,Sangli,"Sangli(Phale, Bhajipala Market) ",Vegetables,Onion,Local,Local,500.00,"1,300.00",900.00,Rs./Quintal,521.00,Metric Tonnes,27-03-2026
Maharashtra,Sangli,"Sangli(Phale, Bhajipala Market) ",Vegetables,Onion,Local,Local,500.00,"1,400.00",950.00,Rs./Quintal,447.20,Metric Tonnes,26-03-2026
Maharashtra,Sangli,"Sangli(Phale, Bhajipala Market) ",Vegetables,Onion,Local,Local,500.00,"1,500.00","1,000.00",Rs./Quintal,570.60,Metric Tonnes,25-03-2026
Maharashtra,Sangli,"Sangli(Phale, Bhajipala Market) ",Vegetables,Onion,Local,Local,500.00,"1,400.00",950.00,Rs./Quintal,261.90,Metric Tonnes,24-03-2026
Maharashtra,Sangli,"Sangli(Phale, Bhajipala Market) ",Vegetables,Onion,Local,Local,500.00,"1,400.00",950.00,Rs./Quintal,539.50,Metric Tonnes,23-03-2026
Maharashtra,Sangli,"Sangli(Phale, Bhajipala Market) ",Vegetables,Onion,Local,Local,500.00,"1,300.00",900.00,Rs./Quintal,370.10,Metric Tonnes,20-03-2026
Maharashtra,Sangli,"Sangli(Phale, Bhajipala Market) ",Vegetables,Onion,Local,Local,500.00,"1,500.00","1,000.00",Rs./Quintal,248.90,Metric Tonnes,19-03-2026
Maharashtra,Sangli,"Sangli(Phale, Bhajipala Market) ",Vegetables,Onion,Local,Local,450.00,"1,400.00",925.00,Rs./Quintal,556.80,Metric Tonnes,18-03-2026
Maharashtra,Sangli,"Sangli(Phale, Bhajipala Market) ",Vegetables,Onion,Local,Local,500.00,"1,400.00",950.00,Rs./Quintal,555.30,Metric Tonnes,17-03-2026
Maharashtra,Sangli,"Sangli(Phale, Bhajipala Market) ",Vegetables,Onion,Local,Local,500.00,"1,400.00",950.00,Rs./Quintal,786.10,Metric Tonnes,16-03-2026
Maharashtra,Sangli,"Sangli(Phale, Bhajipala Market) ",Vegetables,Onion,Local,Local,500.00,"1,500.00","1,000.00",Rs./Quintal,825.50,Metric Tonnes,14-03-2026
Maharashtra,Sangli,"Sangli(Phale, Bhajipala Market) ",Vegetables,Onion,Local,Local,500.00,"1,550.00","1,025.00",Rs./Quintal,602.50,Metric Tonnes,13-03-2026
Maharashtra,Sangli,"Sangli(Phale, Bhajipala Market) ",Vegetables,Onion,Local,Local,500.00,"1,600.00","1,050.00",Rs./Quintal,415.90,Metric Tonnes,12-03-2026
Maharashtra,Sangli,"Sangli(Phale, Bhajipala Market) ",Vegetables,Onion,Local,Local,500.00,"1,600.00","1,050.00",Rs./Quintal,583.50,Metric Tonnes,11-03-2026
Maharashtra,Sangli,"Sangli(Phale, Bhajipala Market) ",Vegetables,Onion,Local,Local,500.00,"1,500.00","1,000.00",Rs./Quintal,494.60,Metric Tonnes,10-03-2026
Maharashtra,Sangli,"Sangli(Phale, Bhajipala Market) ",Vegetables,Onion,Local,Local,500.00,"1,600.00","1,050.00",Rs./Quintal,539.50,Metric Tonnes,09-03-2026
Maharashtra,Sangli,"Sangli(Phale, Bhajipala Market) ",Vegetables,Onion,Local,Local,500.00,"1,500.00","1,000.00",Rs./Quintal,607.30,Metric Tonnes,07-03-2026
Maharashtra,Sangli,"Sangli(Phale, Bhajipala Market) ",Vegetables,Onion,Local,Local,500.00,"1,500.00","1,000.00",Rs./Quintal,426.50,Metric Tonnes,06-03-2026
Maharashtra,Sangli,"Sangli(Phale, Bhajipala Market) ",Vegetables,Onion,Local,Local,500.00,"1,450.00",975.00,Rs./Quintal,370.10,Metric Tonnes,05-03-2026
Maharashtra,Sangli,"Sangli(Phale, Bhajipala Market) ",Vegetables,Onion,Local,Local,500.00,"1,400.00",950.00,Rs./Quintal,815.60,Metric Tonnes,04-03-2026
Maharashtra,Sangli,"Sangli(Phale, Bhajipala Market) ",Vegetables,Onion,Local,Local,500.00,"1,500.00","1,000.00",Rs./Quintal,497.20,Metric Tonnes,02-03-2026
Maharashtra,Sangli,"Sangli(Phale, Bhajipala Market) ",Vegetables,Onion,Local,Local,500.00,"1,400.00",950.00,Rs./Quintal,601.50,Metric Tonnes,28-02-2026
Maharashtra,Sangli,"Sangli(Phale, Bhajipala Market) ",Vegetables,Onion,Local,Local,500.00,"1,400.00",950.00,Rs./Quintal,903.40,Metric Tonnes,27-02-2026
Maharashtra,Sangli,"Sangli(Phale, Bhajipala Market) ",Vegetables,Onion,Local,Local,500.00,"1,500.00","1,000.00",Rs./Quintal,359.80,Metric Tonnes,26-02-2026
Maharashtra,Sangli,"Sangli(Phale, Bhajipala Market) ",Vegetables,Onion,Local,Local,500.00,"1,550.00","1,025.00",Rs./Quintal,616.40,Metric Tonnes,25-02-2026
Maharashtra,Sangli,"Sangli(Phale, Bhajipala Market) ",Vegetables,Onion,Local,Local,500.00,"1,500.00","1,000.00",Rs./Quintal,526.10,Metric Tonnes,24-02-2026
Maharashtra,Sangli,"Sangli(Phale, Bhajipala Market) ",Vegetables,Onion,Local,Local,500.00,"1,500.00","1,000.00",Rs./Quintal,523.30,Metric Tonnes,23-02-2026
Maharashtra,Sangli,"Sangli(Phale, Bhajipala Market) ",Vegetables,Onion,Local,Local,500.00,"1,700.00","1,100.00",Rs./Quintal,699.30,Metric Tonnes,21-02-2026
Maharashtra,Sangli,"Sangli(Phale, Bhajipala Market) ",Vegetables,Onion,Local,Local,500.00,"1,550.00","1,025.00",Rs./Quintal,506.70,Metric Tonnes,20-02-2026
Maharashtra,Sangli,"Sangli(Phale, Bhajipala Market) ",Vegetables,Onion,Local,Local,500.00,"1,700.00","1,100.00",Rs./Quintal,470.50,Metric Tonnes,19-02-2026
Maharashtra,Sangli,"Sangli(Phale, Bhajipala Market) ",Vegetables,Onion,Local,Local,500.00,"1,750.00","1,125.00",Rs./Quintal,759.60,Metric Tonnes,18-02-2026
Maharashtra,Sangli,"Sangli(Phale, Bhajipala Market) ",Vegetables,Onion,Local,Local,500.00,"1,550.00","1,025.00",Rs./Quintal,469.80,Metric Tonnes,17-02-2026
Maharashtra,Sangli,"Sangli(Phale, Bhajipala Market) ",Vegetables,Onion,Local,Local,500.00,"1,600.00","1,050.00",Rs./Quintal,584.90,Metric Tonnes,16-02-2026
Maharashtra,Sangli,"Sangli(Phale, Bhajipala Market) ",Vegetables,Onion,Local,Local,500.00,"1,600.00","1,050.00",Rs./Quintal,737.20,Metric Tonnes,14-02-2026
Maharashtra,Sangli,"Sangli(Phale, Bhajipala Market) ",Vegetables,Onion,Local,Local,500.00,"1,600.00","1,050.00",Rs./Quintal,390.50,Metric Tonnes,13-02-2026
Maharashtra,Sangli,"Sangli(Phale, Bhajipala Market) ",Vegetables,Onion,Local,Local,500.00,"1,525.00","1,012.00",Rs./Quintal,348.20,Metric Tonnes,12-02-2026
Maharashtra,Sangli,"Sangli(Phale, Bhajipala Market) ",Vegetables,Onion,Local,Local,500.00,"1,500.00","1,000.00",Rs./Quintal,831.80,Metric Tonnes,11-02-2026
Maharashtra,Sangli,"Sangli(Phale, Bhajipala Market) ",Vegetables,Onion,Local,Local,500.00,"1,600.00","1,050.00",Rs./Quintal,412.50,Metric Tonnes,10-02-2026
Maharashtra,Sangli,"Sangli(Phale, Bhajipala Market) ",Vegetables,Onion,Local,Local,500.00,"1,700.00","1,100.00",Rs./Quintal,563.40,Metric Tonnes,09-02-2026
Maharashtra,Sangli,"Sangli(Phale, Bhajipala Market) ",Vegetables,Onion,Local,Local,500.00,"2,000.00","1,250.00",Rs./Quintal,271.20,Metric Tonnes,07-02-2026
Maharashtra,Sangli,"Sangli(Phale, Bhajipala Market) ",Vegetables,Onion,Local,Local,500.00,"1,600.00","1,050.00",Rs./Quintal,429.20,Metric Tonnes,06-02-2026
Maharashtra,Sangli,"Sangli(Phale, Bhajipala Market) ",Vegetables,Onion,Local,Local,500.00,"1,500.00","1,000.00",Rs./Quintal,410.10,Metric Tonnes,05-02-2026
Maharashtra,Sangli,"Sangli(Phale, Bhajipala Market) ",Vegetables,Onion,Local,Local,400.00,"1,700.00","1,050.00",Rs./Quintal,513.40,Metric Tonnes,04-02-2026
Maharashtra,Sangli,"Sangli(Phale, Bhajipala Market) ",Vegetables,Onion,Local,Local,500.00,"1,500.00","1,000.00",Rs./Quintal,520.00,Metric Tonnes,03-02-2026
Maharashtra,Sangli,"Sangli(Phale, Bhajipala Market) ",Vegetables,Onion,Local,Local,500.00,"1,600.00","1,050.00",Rs./Quintal,760.20,Metric Tonnes,02-02-2026
Maharashtra,Sangli,"Sangli(Phale, Bhajipala Market) ",Vegetables,Onion,Local,Local,500.00,"1,800.00","1,150.00",Rs./Quintal,809.70,Metric Tonnes,31-01-2026
Maharashtra,Sangli,"Sangli(Phale, Bhajipala Market) ",Vegetables,Onion,Local,Local,500.00,"1,900.00","1,200.00",Rs./Quintal,732.50,Metric Tonnes,30-01-2026
Maharashtra,Sangli,"Sangli(Phale, Bhajipala Market) ",Vegetables,Onion,Local,Local,500.00,"2,000.00","1,250.00",Rs./Quintal,656.80,Metric Tonnes,28-01-2026
Maharashtra,Sangli,"Sangli(Phale, Bhajipala Market) ",Vegetables,Onion,Local,Local,500.00,"1,900.00","1,200.00",Rs./Quintal,693.50,Metric Tonnes,27-01-2026
Maharashtra,Sangli,"Sangli(Phale, Bhajipala Market) ",Vegetables,Onion,Local,Local,500.00,"2,000.00","1,250.00",Rs./Quintal,621.70,Metric Tonnes,24-01-2026
Maharashtra,Sangli,"Sangli(Phale, Bhajipala Market) ",Vegetables,Onion,Local,Local,500.00,"2,100.00","1,300.00",Rs./Quintal,629.30,Metric Tonnes,23-01-2026
Maharashtra,Sangli,"Sangli(Phale, Bhajipala Market) ",Vegetables,Onion,Local,Local,500.00,"2,000.00","1,250.00",Rs./Quintal,325.40,Metric Tonnes,22-01-2026
Maharashtra,Sangli,"Sangli(Phale, Bhajipala Market) ",Vegetables,Onion,Local,Local,500.00,"2,200.00","1,350.00",Rs./Quintal,617.90,Metric Tonnes,21-01-2026
Maharashtra,Sangli,"Sangli(Phale, Bhajipala Market) ",Vegetables,Onion,Local,Local,550.00,"2,150.00","1,350.00",Rs./Quintal,391.90,Metric Tonnes,20-01-2026
Maharashtra,Sangli,"Sangli(Phale, Bhajipala Market) ",Vegetables,Onion,Local,Local,500.00,"2,100.00","1,300.00",Rs./Quintal,560.00,Metric Tonnes,19-01-2026
Maharashtra,Sangli,"Sangli(Phale, Bhajipala Market) ",Vegetables,Onion,Local,Local,500.00,"2,000.00","1,250.00",Rs./Quintal,504.30,Metric Tonnes,17-01-2026
Maharashtra,Sangli,"Sangli(Phale, Bhajipala Market) ",Vegetables,Onion,Local,Local,550.00,"2,150.00","1,350.00",Rs./Quintal,448.80,Metric Tonnes,16-01-2026
Maharashtra,Sangli,"Sangli(Phale, Bhajipala Market) ",Vegetables,Onion,Local,Local,500.00,"2,000.00","1,250.00",Rs./Quintal,308.30,Metric Tonnes,13-01-2026
Maharashtra,Sangli,"Sangli(Phale, Bhajipala Market) ",Vegetables,Onion,Local,Local,550.00,"2,150.00","1,350.00",Rs./Quintal,606.80,Metric Tonnes,12-01-2026
Maharashtra,Sangli,"Sangli(Phale, Bhajipala Market) ",Vegetables,Onion,Local,Local,600.00,"2,000.00","1,300.00",Rs./Quintal,637.90,Metric Tonnes,10-01-2026
Maharashtra,Sangli,"Sangli(Phale, Bhajipala Market) ",Vegetables,Onion,Local,Local,500.00,"2,000.00","1,250.00",Rs./Quintal,435.80,Metric Tonnes,09-01-2026
Maharashtra,Sangli,"Sangli(Phale, Bhajipala Market) ",Vegetables,Onion,Local,Local,500.00,"2,000.00","1,500.00",Rs./Quintal,395.50,Metric Tonnes,08-01-2026
Maharashtra,Sangli,"Sangli(Phale, Bhajipala Market) ",Vegetables,Onion,Local,Local,600.00,"2,000.00","1,300.00",Rs./Quintal,708.70,Metric Tonnes,07-01-2026
Maharashtra,Sangli,"Sangli(Phale, Bhajipala Market) ",Vegetables,Onion,Local,Local,600.00,"2,200.00","1,400.00",Rs./Quintal,543.60,Metric Tonnes,06-01-2026
Maharashtra,Sangli,"Sangli(Phale, Bhajipala Market) ",Vegetables,Onion,Local,Local,600.00,"2,500.00","1,550.00",Rs./Quintal,617.50,Metric Tonnes,05-01-2026
Maharashtra,Sangli,"Sangli(Phale, Bhajipala Market) ",Vegetables,Onion,Local,Local,600.00,"2,200.00","1,400.00",Rs./Quintal,766.70,Metric Tonnes,03-01-2026
Maharashtra,Sangli,"Sangli(Phale, Bhajipala Market) ",Vegetables,Onion,Local,Local,500.00,"2,500.00","1,500.00",Rs./Quintal,432.50,Metric Tonnes,02-01-2026
Maharashtra,Sangli,"Sangli(Phale, Bhajipala Market) ",Vegetables,Onion,Local,Local,500.00,"2,000.00","1,250.00",Rs./Quintal,333.40,Metric Tonnes,01-01-2026
Maharashtra,Sangli,"Sangli(Phale, Bhajipala Market) ",Vegetables,Onion,Local,Local,600.00,"2,800.00","1,700.00",Rs./Quintal,529.00,Metric Tonnes,31-12-2025
Maharashtra,Sangli,"Sangli(Phale, Bhajipala Market) ",Vegetables,Onion,Local,Local,600.00,"2,450.00","1,525.00",Rs./Quintal,348.60,Metric Tonnes,30-12-2025
Maharashtra,Sangli,"Sangli(Phale, Bhajipala Market) ",Vegetables,Onion,Local,Local,700.00,"2,700.00","1,700.00",Rs./Quintal,425.60,Metric Tonnes,29-12-2025
Maharashtra,Sangli,"Sangli(Phale, Bhajipala Market) ",Vegetables,Onion,Local,Local,600.00,"2,400.00","1,500.00",Rs./Quintal,570.60,Metric Tonnes,27-12-2025
Maharashtra,Sangli,"Sangli(Phale, Bhajipala Market) ",Vegetables,Onion,Local,Local,500.00,"2,500.00","1,500.00",Rs./Quintal,418.80,Metric Tonnes,26-12-2025
Maharashtra,Sangli,"Sangli(Phale, Bhajipala Market) ",Vegetables,Onion,Local,Local,500.00,"2,000.00","1,250.00",Rs./Quintal,262.10,Metric Tonnes,25-12-2025
Maharashtra,Sangli,"Sangli(Phale, Bhajipala Market) ",Vegetables,Onion,Local,Local,600.00,"2,400.00","1,500.00",Rs./Quintal,549.30,Metric Tonnes,24-12-2025
Maharashtra,Sangli,"Sangli(Phale, Bhajipala Market) ",Vegetables,Onion,Local,Local,600.00,"2,600.00","1,600.00",Rs./Quintal,266.20,Metric Tonnes,23-12-2025
Maharashtra,Sangli,"Sangli(Phale, Bhajipala Market) ",Vegetables,Onion,Local,Local,700.00,"2,500.00","1,600.00",Rs./Quintal,346.50,Metric Tonnes,22-12-2025
Maharashtra,Sangli,"Sangli(Phale, Bhajipala Market) ",Vegetables,Onion,Local,Local,700.00,"2,200.00","1,450.00",Rs./Quintal,530.10,Metric Tonnes,20-12-2025
Maharashtra,Sangli,"Sangli(Phale, Bhajipala Market) ",Vegetables,Onion,Local,Local,500.00,"2,800.00","1,650.00",Rs./Quintal,463.50,Metric Tonnes,19-12-2025
Maharashtra,Sangli,"Sangli(Phale, Bhajipala Market) ",Vegetables,Onion,Local,Local,700.00,"3,300.00","2,000.00",Rs./Quintal,226.80,Metric Tonnes,18-12-2025
Maharashtra,Sangli,"Sangli(Phale, Bhajipala Market) ",Vegetables,Onion,Local,Local,700.00,"3,300.00","2,000.00",Rs./Quintal,487.10,Metric Tonnes,17-12-2025
Maharashtra,Sangli,"Sangli(Phale, Bhajipala Market) ",Vegetables,Onion,Local,Local,"1,000.00","3,500.00","2,250.00",Rs./Quintal,117.70,Metric Tonnes,16-12-2025
Maharashtra,Sangli,"Sangli(Phale, Bhajipala Market) ",Vegetables,Onion,Local,Local,800.00,"3,000.00","1,900.00",Rs./Quintal,336.40,Metric Tonnes,15-12-2025
Maharashtra,Sangli,"Sangli(Phale, Bhajipala Market) ",Vegetables,Onion,Local,Local,800.00,"3,000.00","1,900.00",Rs./Quintal,255.80,Metric Tonnes,13-12-2025
Maharashtra,Sangli,"Sangli(Phale, Bhajipala Market) ",Vegetables,Onion,Local,Local,500.00,"2,500.00","1,500.00",Rs./Quintal,120.10,Metric Tonnes,12-12-2025
Maharashtra,Sangli,"Sangli(Phale, Bhajipala Market) ",Vegetables,Onion,Local,Local,500.00,"2,300.00","1,400.00",Rs./Quintal,147.70,Metric Tonnes,11-12-2025
Maharashtra,Sangli,"Sangli(Phale, Bhajipala Market) ",Vegetables,Onion,Local,Local,600.00,"2,400.00","1,500.00",Rs./Quintal,237.10,Metric Tonnes,10-12-2025
Maharashtra,Sangli,"Sangli(Phale, Bhajipala Market) ",Vegetables,Onion,Local,Local,500.00,"2,250.00","1,375.00",Rs./Quintal,273.80,Metric Tonnes,08-12-2025
Maharashtra,Sangli,"Sangli(Phale, Bhajipala Market) ",Vegetables,Onion,Local,Local,500.00,"1,800.00","1,150.00",Rs./Quintal,312.60,Metric Tonnes,06-12-2025
Maharashtra,Sangli,"Sangli(Phale, Bhajipala Market) ",Vegetables,Onion,Local,Local,500.00,"1,900.00","1,200.00",Rs./Quintal,198.10,Metric Tonnes,05-12-2025
Maharashtra,Sangli,"Sangli(Phale, Bhajipala Market) ",Vegetables,Onion,Local,Local,500.00,"1,800.00","1,150.00",Rs./Quintal,321.80,Metric Tonnes,03-12-2025
Maharashtra,Sangli,"Sangli(Phale, Bhajipala Market) ",Vegetables,Onion,Local,Local,500.00,"1,800.00","1,150.00",Rs./Quintal,216.40,Metric Tonnes,02-12-2025
Maharashtra,Sangli,"Sangli(Phale, Bhajipala Market) ",Vegetables,Onion,Local,Local,500.00,"2,200.00","1,350.00",Rs./Quintal,373.90,Metric Tonnes,01-12-2025
Maharashtra,Sangli,"Sangli(Phale, Bhajipala Market) ",Vegetables,Onion,Local,Local,500.00,"2,000.00","1,250.00",Rs./Quintal,344.00,Metric Tonnes,29-11-2025
Maharashtra,Sangli,"Sangli(Phale, Bhajipala Market) ",Vegetables,Onion,Local,Local,500.00,"1,900.00","1,200.00",Rs./Quintal,183.20,Metric Tonnes,28-11-2025
Maharashtra,Sangli,"Sangli(Phale, Bhajipala Market) ",Vegetables,Onion,Local,Local,500.00,"1,800.00","1,150.00",Rs./Quintal,197.20,Metric Tonnes,27-11-2025
Maharashtra,Sangli,"Sangli(Phale, Bhajipala Market) ",Vegetables,Onion,Local,Local,500.00,"1,700.00","1,100.00",Rs./Quintal,256.80,Metric Tonnes,26-11-2025
Maharashtra,Sangli,"Sangli(Phale, Bhajipala Market) ",Vegetables,Onion,Local,Local,500.00,"1,900.00","1,200.00",Rs./Quintal,186.40,Metric Tonnes,25-11-2025
Maharashtra,Sangli,"Sangli(Phale, Bhajipala Market) ",Vegetables,Onion,Local,Local,500.00,"2,000.00","1,250.00",Rs./Quintal,440.40,Metric Tonnes,24-11-2025
Maharashtra,Sangli,"Sangli(Phale, Bhajipala Market) ",Vegetables,Onion,Local,Local,500.00,"1,900.00","1,200.00",Rs./Quintal,431.20,Metric Tonnes,22-11-2025
Maharashtra,Sangli,"Sangli(Phale, Bhajipala Market) ",Vegetables,Onion,Local,Local,500.00,"2,000.00","1,250.00",Rs./Quintal,253.80,Metric Tonnes,21-11-2025
Maharashtra,Sangli,"Sangli(Phale, Bhajipala Market) ",Vegetables,Onion,Local,Local,500.00,"2,100.00","1,300.00",Rs./Quintal,219.90,Metric Tonnes,20-11-2025
Maharashtra,Sangli,"Sangli(Phale, Bhajipala Market) ",Vegetables,Onion,Local,Local,500.00,"2,000.00","1,250.00",Rs./Quintal,343.10,Metric Tonnes,19-11-2025
Maharashtra,Sangli,"Sangli(Phale, Bhajipala Market) ",Vegetables,Onion,Local,Local,500.00,"1,900.00","1,200.00",Rs./Quintal,204.20,Metric Tonnes,18-11-2025
Maharashtra,Sangli,"Sangli(Phale, Bhajipala Market) ",Vegetables,Onion,Local,Local,500.00,"1,800.00","1,150.00",Rs./Quintal,325.00,Metric Tonnes,17-11-2025
Maharashtra,Sangli,"Sangli(Phale, Bhajipala Market) ",Vegetables,Onion,Local,Local,500.00,"2,000.00","1,250.00",Rs./Quintal,413.70,Metric Tonnes,15-11-2025
Maharashtra,Sangli,"Sangli(Phale, Bhajipala Market) ",Vegetables,Onion,Local,Local,500.00,"1,900.00","1,200.00",Rs./Quintal,173.50,Metric Tonnes,13-11-2025
Maharashtra,Sangli,"Sangli(Phale, Bhajipala Market) ",Vegetables,Onion,Local,Local,500.00,"1,800.00","1,150.00",Rs./Quintal,354.10,Metric Tonnes,12-11-2025
Maharashtra,Sangli,"Sangli(Phale, Bhajipala Market) ",Vegetables,Onion,Local,Local,500.00,"2,000.00","1,250.00",Rs./Quintal,183.50,Metric Tonnes,11-11-2025
Maharashtra,Sangli,"Sangli(Phale, Bhajipala Market) ",Vegetables,Onion,Local,Local,500.00,"2,000.00","1,250.00",Rs./Quintal,377.70,Metric Tonnes,10-11-2025
Maharashtra,Sangli,"Sangli(Phale, Bhajipala Market) ",Vegetables,Onion,Local,Local,500.00,"1,800.00","1,150.00",Rs./Quintal,426.30,Metric Tonnes,08-11-2025
Maharashtra,Sangli,"Sangli(Phale, Bhajipala Market) ",Vegetables,Onion,Local,Local,400.00,"1,700.00","1,050.00",Rs./Quintal,291.40,Metric Tonnes,07-11-2025

